scenario,zone,rating_mw,capacity_mw,dwellings,peak_import_mw,peak_hour,utilisation,reinforcement_mw,reverse_capacity_mw,peak_reverse_mw,reverse_utilisation,today_peak_mw,today_peak_full_year_mw,today_fixed_peak_mw,plan_fixed_peak_mw,plan_fixed_mwh,heat_pump_dwellings,resistive_dwellings,fossil_dwellings,retrofit_dwellings,pv_mw,fabric_tes_mwh,lon,lat
primary_shalford_dh_td,SUB:SPN-R000000848207-000-055Z,0.0475,0.0475,5.0,0.0309594976825684,2021-12-13 19:00:00,0.6517788011826638,7.098101218065685e-09,0.0475,0.0055233001000181,0.1162800021056454,0.0119812226338632,0.011970909385146,0.0004354930315494,0.0024253192411524,6.924016282225238,4.999991673548607,0.0,0.0,2.999988495960146,0.0172252188879398,0.213354209653994,-0.5547817575008412,51.21786658324174
primary_shalford_dh_td,SUB:SPN-S000000171669,0.95,0.95,12.0,0.023106263005815,2021-12-13 07:00:00,0.0243223819551493,6.1023320192500535e-09,0.95,0.0070778613003159,0.007450380316122,0.0408658498720782,0.0415330306089393,0.0003610174116613,0.003132790567764,8.943768115942028,11.999972287923764,0.0,0.0,6.999982572890609,0.0236367298527351,0.1856249702777765,-0.5755525411869266,51.23538761791187
primary_shalford_dh_td,SUB:SPN-S000000171677,0.76,0.76,139.0,0.3909493197325987,2021-12-13 08:00:00,0.5144069951820159,6.598406680803322e-09,0.76,0.1281465729847732,0.16861391182207,0.2731113225135606,0.2846729752954262,0.0088870593619976,0.0482583753873359,137.77228633080026,138.99992084689916,0.0,0.0,103.99988122446516,0.3708938529988987,3.401229142067635,-0.5782094472421958,51.228242525128856
primary_shalford_dh_td,SUB:SPN-S000000171678,0.475,0.475,77.0,0.2506307707064307,2021-12-13 08:00:00,0.5276437207017662,6.392744989530826e-09,0.475,0.06899621796989,0.1452551957260842,0.1330712313671501,0.1363081357545663,0.0066713384880701,0.036033260389299,102.870944741533,76.99993892937056,0.0,0.0,28.99998718539817,0.2094869522781517,2.080187398357781,-0.5807648068086371,51.22621612272075
primary_shalford_dh_td,SUB:SPN-S000000171679,0.29925,0.29925,44.0,0.2254046143048803,2021-12-13 06:00:00,0.7532317778086902,6.366738490733155e-09,0.29925,0.0623100120886591,0.2082205917749677,0.1236514329565457,0.1235503269322795,0.0042693597549098,0.0230223748525098,65.72631578947367,43.99990687626653,0.0,0.0,43.999906876266536,0.1809029451289265,2.3680417899259285,-0.5895823213493921,51.22817527626467
primary_shalford_dh_td,SUB:SPN-S000000171680,0.29925,0.29925,52.0,0.2924727847695083,2021-12-13 00:00:00,0.9773526423152892,6.708589864367056e-09,0.29925,0.0731634314794725,0.2444893282522055,0.1132386461712512,0.1139294117138977,0.0050456069830752,0.0272082611893298,77.67655502392343,51.99992719213821,0.0,0.0,39.999947170760464,0.2144404920069936,2.998500156474473,-0.5826461353207177,51.22997538341138
primary_shalford_dh_td,SUB:SPN-S000000171681,0.29925,0.29925,88.0,0.3414565256818029,2021-12-13 20:00:00,1.0000000033030254,0.0422065245539633,0.29925,0.1704523124899149,0.5695983708936172,0.1872750470909384,0.187072835042406,0.0085387195098196,0.0460447497050197,131.45263157894735,87.99991525678118,0.0,0.0,76.99995631050506,0.4268177990115095,3.86547927027032,-0.5828614103483678,51.22766270699951
primary_shalford_dh_td,SUB:SPN-S000000171683,0.19,0.19,37.0,0.1145297375330569,2021-12-13 19:00:00,0.6027880715568307,6.531746844908901e-09,0.19,0.0304288230486608,0.1601517002561097,0.1455949746368173,0.1455911218138685,0.0021100674266743,0.0114863174429948,32.7921568627451,36.99994472258272,0.0,0.0,36.99993538606364,0.0931788282689552,0.7217083208569494,-0.5785053745799854,51.22541577252783
primary_shalford_dh_td,SUB:SPN-S000000171923,0.19,0.19,24.0,0.1466527203684155,2021-12-13 01:00:00,0.771856396375925,6.5517236459605455e-09,0.19,0.0328012060780089,0.172637926726363,0.0783541417121099,0.0782778274015298,0.0032224909314657,0.0176858526202586,50.491139240506335,23.999972200760578,0.0,0.0,23.999972200760578,0.0995426339951779,1.3266458853808918,-0.5645505305848437,51.22120492785615
primary_shalford_dh_td,SUB:SPN-S000000171924,0.475,0.475,58.0,0.2879633108267981,2021-12-13 20:00:00,0.6062385406574332,6.622009461655333e-09,0.475,0.0646370227001772,0.1360779425266888,0.1296250201470953,0.1294405938965268,0.0077876864177088,0.0427408104989582,122.02025316455696,57.99994255107012,0.0,0.0,57.99994255107011,0.1987114595171139,2.172666715752586,-0.5711360247897219,51.22527868306462
primary_shalford_dh_td,SUB:SPN-S000000171925,0.475,0.475,68.0,0.4094507616932589,2021-12-13 01:00:00,0.8620015917120847,6.531332202749398e-09,0.475,0.0993037091545978,0.2090604403254692,0.1823853536196942,0.1821691297397173,0.0091303909724862,0.0501099157573993,143.05822784810124,67.99992742206145,0.0,0.0,55.99994473678888,0.2898208855517973,4.007291817675879,-0.5662646724934896,51.22754468566985
primary_shalford_dh_td,SUB:SPN-S000000171926,0.29925,0.29925,48.0,0.2699580086987437,2021-12-13 07:00:00,0.902115296872076,6.772720743264721e-09,0.29925,0.0704805980355763,0.2355241371280746,0.1471917740798156,0.1470413796850501,0.0063506381645957,0.0348680118852899,99.54429005719388,47.999928299488666,0.0,0.0,47.99992829948866,0.2062348879165446,2.72452096723558,-0.5624046160713664,51.22930774157992
primary_shalford_dh_td,SUB:SPN-S000000171927,0.475,0.475,67.0,0.3154346157682067,2021-12-13 01:00:00,0.6640728663094008,6.431886622653404e-09,0.475,0.0827270838668219,0.1741622818248882,0.2011606659909489,0.2010438466440181,0.0049328793412759,0.0308150640688681,87.97357549073564,66.99990288779927,0.0,0.0,56.99992346841849,0.2436241893285906,3.0671459849207223,-0.5697591736279171,51.23162579341958
primary_shalford_dh_td,SUB:SPN-S000000171928,0.475,0.475,40.0,0.2272582092395394,2021-12-13 01:00:00,0.4784383286974854,6.496623848064201e-09,0.475,0.0595349207856916,0.1253366753382981,0.0838910959502366,0.0859142188075006,0.0047457041920737,0.0266213531625817,76.00099798202166,39.99998163068773,0.0,0.0,25.999956517785417,0.1782427075703035,2.4712084048372613,-0.5720172362521695,51.22882177580002
primary_shalford_dh_td,SUB:SPN-S000000171929,0.475,0.475,85.0,0.2031179529619523,2021-12-13 00:00:00,0.4276167373735643,6.3363032241984354e-09,0.475,0.0669016783447982,0.1408456386206278,0.1298479429016741,0.1336069397240635,0.0030781350217975,0.0245698230809807,70.144108114719,84.99989636711393,0.0,0.0,59.99980115383779,0.2009612404931207,1.7740208808573754,-0.5729923349652412,51.23231728273908
primary_shalford_dh_td,SUB:SPN-S000000171935,0.285,0.285,2.0,0.0150201380722967,2021-12-13 17:00:00,0.0527022376112507,6.699721315767947e-09,0.285,0.0032420112047272,0.0113754779113236,0.0039810343546883,0.0039769090552014,0.0001741972126197,0.0009701276964609,2.769606512890095,1.9999956958367733,0.0,0.0,1.1636760326165914e-05,0.0090478264999304,0.1030625222050999,-0.5334082526594622,51.2174844637847
primary_shalford_dh_td,SUB:SPN-S000000171968,0.285,0.285,51.0,0.2715599508854862,2021-12-13 01:00:00,0.9528419106489476,6.6648371775035625e-09,0.285,0.0663517275481749,0.2328130791164033,0.1199268634460127,0.11976469553603,0.0068477932293646,0.0375824368180495,107.29367088607592,50.99994065008502,0.0,0.0,39.99996553357419,0.2047975307655597,2.6998543174554053,-0.5678682880671916,51.22161462511488
primary_shalford_dh_td,SUB:SPN-S000000171969,0.475,0.475,50.0,0.1327057220559361,2021-12-13 19:00:00,0.279380463409999,6.930286251764584e-09,0.475,0.0374438297937799,0.0788291153553262,0.1467186359572583,0.1634098760135876,0.0015042392152555,0.0130532940323501,37.26570048309179,49.99991536384106,0.0,0.0,19.99997410030246,0.1147199722400381,1.1062083182541844,-0.5733328289637385,51.234246902141
primary_shalford_dh_td,SUB:SPN-S000000171971,0.475,0.475,97.0,0.3233773623327912,2021-12-13 06:00:00,0.6807944375466761,6.607163320172804e-09,0.475,0.0850694914478223,0.1790936662059418,0.2382934653657326,0.2416425379961225,0.0050019375010482,0.0348402833267013,99.46512811104994,96.99986992970096,0.0,0.0,80.99989682558476,0.2701913680071624,2.671666689737912,-0.5702848239398803,51.23460074012952
primary_shalford_dh_td,SUB:SPN-S000000171972,0.475,0.475,87.0,0.3182979681930477,2021-12-13 20:00:00,0.6701009766241551,6.411830685957714e-09,0.475,0.0730459276990997,0.1537809004191573,0.1529615369778653,0.1528576087278425,0.0043885326444792,0.03080209058464,87.93653763835381,86.99990698128741,0.0,0.0,62.99993097694556,0.2301253606890982,2.148916750574154,-0.5677057226822504,51.23578156549588
primary_shalford_dh_td,SUB:SPN-S000000171973,0.475,0.475,65.0,0.2867430270227423,2021-12-13 18:00:00,0.6036695224447431,6.3966941762204155e-09,0.475,0.073531500269892,0.1548031584629305,0.1181917997774005,0.1217924613181177,0.0082066512501898,0.0455199609538815,129.954418149575,64.99992336506955,0.0,0.0,36.00001116349525,0.224981112129506,2.408562634292396,-0.5656482570499244,51.2338785525333
primary_shalford_dh_td,SUB:SPN-S000000171974,0.475,0.475,65.0,0.3493646083593535,2021-12-13 01:00:00,0.7355044285423407,6.528501540553965e-09,0.475,0.1016260133367511,0.2139495017615814,0.1691815809024488,0.1689748963112944,0.008727579606053,0.047899184179867,136.74683544303792,64.99994518085194,0.0,0.0,18.000003003687176,0.2861221073215938,4.134500103301583,-0.5650647706988926,51.23095443718792
primary_shalford_dh_td,SUB:SPN-S000000171975,0.475,0.475,182.0,0.4750000027333046,2021-12-13 20:00:00,0.9999999917199052,6.666349806102418e-09,0.475,0.1431603926839244,0.3013903003872094,0.2364860912942397,0.2360748462106444,0.017365465827075,0.09696305824,276.81873076185235,181.99977995813904,0.0,0.0,137.99878124095045,0.4536484797416918,3.967854226258925,-0.5610138910037717,51.23429075331972
primary_shalford_dh_td,SUB:SPN-S000000171976,0.285,0.285,109.0,0.2528499827283063,2021-12-13 21:00:00,0.8871928987115474,7.4341390349186845e-09,0.285,0.0765355052376584,0.2685456324128368,0.1180163862473738,0.1240432090814384,0.010956075411982,0.0606792064631452,173.23237552170104,100.99985184793144,0.0,0.0,98.99987640380078,0.2445915118333056,1.8130025887815904,-0.5580418402045144,51.233182938257
primary_shalford_dh_td,SUB:SPN-S000000171979,0.29925,0.29925,1.0,0.006014926872346,2021-12-13 19:00:00,0.0201000058193187,6.5131758266322874e-09,0.29925,0.0014338163927526,0.0047913663918218,0.0016164885703358,0.0017778414338121,0.0001342704554777,0.0007369105258441,2.103797468354431,0.9999980876309722,0.0,0.0,0.9999969360295572,0.0038168275681191,0.0295833510093348,-0.5714593483444055,51.22061967243043
primary_shalford_dh_td,SUB:SPN-S000000173991,0.95,0.95,13.0,0.020970430844847,2021-12-13 19:00:00,0.0220741375847857,6.310576316949852e-09,0.95,0.0072558369684748,0.0076377231247103,0.0679763408103667,0.0773999380291627,0.0003911021959664,0.003393856448411,9.689082125603864,12.999970509498166,0.0,0.0,0.0,0.0217790849846805,0.1508333318167005,-0.5727780823073412,51.23518054506168
primary_shalford_dh_td,SUB:SPN-S000000174958,0.95,0.95,7.0,0.0341233758925238,2021-12-13 07:00:00,0.0359193428066024,6.2988788114975476e-09,0.95,0.0069578185439553,0.007324019519953,0.0185367563561844,0.0194548963254903,0.0003163438864133,0.0017735478136188,5.06328145608019,6.999989820737548,0.0,0.0,6.999989820737548,0.0201834211736142,0.2256666938332699,-0.5788337359976681,51.236609634254215
primary_shalford_dh_td,SUB:SPN-S000000175044,0.095,0.095,3.0,0.0291974985615895,2021-12-13 00:00:00,0.3073420681407965,6.7944288944473414e-09,0.095,0.0052090211825582,0.0548318019216659,0.0080599667666981,0.0086997247956289,0.000291092710562,0.0015697073763074,4.481339712918661,2.999992683151208,0.0,2.191425846704047e-06,1.999995092159866,0.0154466712678689,0.3059166688378889,-0.5918083599984634,51.222500727203375
primary_shalford_dh_td,SUB:SPN-S000000175337,0.475,0.475,19.0,0.0673036518140344,2021-11-22 07:00:00,0.1416918967007127,6.219098469464081e-09,0.475,0.0129487625397733,0.0272605527153123,0.0652694590636196,0.0673755985199199,0.000571610901797,0.004960251732293,14.16096618357488,5.999978635855842,12.999986314719036,0.0,5.999978635855842,0.0390299354777993,0.1827082707288181,-0.573326067454393,51.23503152088092
primary_shalford_dh_td,SUB:SPN-S000000181539,1.9,1.9,272.0,0.3892959763126637,2021-12-13 07:00:00,0.2048926183161534,7.379339905771755e-09,1.9,0.1851808250240237,0.0974635921179072,0.4201080752397449,0.5156003020755163,0.0131044332465385,0.0703730464634518,200.90720894590453,271.9998847654268,0.0,0.0,12.99998450183875,0.4626538913802273,3.418604083014889,-0.5821622397328987,51.24047003244749
primary_guildford_33_6_6kv_dh_td,SUB:SPN-S000000171105,0.29925,0.29925,23.0,0.1216389269042728,2021-01-20 06:00:00,0.4064792132204091,5.4979602126457895e-08,0.29925,0.0197106972634447,0.0658669916907091,0.0315850561093639,0.0315844042821976,0.0006731829095837,0.0057421823171929,16.573379646265025,1.0000731654038757,21.99989032438163,1.0534400399593746e-05,0.0002517216961434,0.049640870178578,0.2554168467945462,-0.5720739197079413,51.23639376404991
primary_guildford_33_6_6kv_dh_td,SUB:SPN-S000000171629,1.9,1.9,10.0,0.0247240597126291,2021-12-14 18:00:00,0.0130126626155187,5.710925364875082e-08,1.9,0.0106948191964527,0.0056288522086593,0.0368183742314109,0.0386546850379414,0.0003008478430511,0.0025822910102713,7.453140096618359,9.999842880702788,0.0001231022079217,2.435855280124102e-05,4.000167182375777,0.0261454285728912,0.1606249784246305,-0.5722485361451093,51.23545892350992
primary_guildford_33_6_6kv_dh_td,SUB:SPN-S000000171700,0.475,0.475,132.0,0.3939401121145638,2021-12-14 18:00:00,0.8293475054760063,5.6687287919188937e-08,0.475,0.156440910191045,0.3293492846127264,0.1678969950345772,0.1725294633031452,0.0120415022268126,0.0690690941044176,199.35074422640497,131.99955107568158,0.0,0.0,78.99987148583455,0.4503585591474708,2.883896585070505,-0.5733127812992017,51.26035495406931
primary_guildford_33_6_6kv_dh_td,SUB:SPN-S000000171702,0.76,0.76,4.0,0.0202110498591865,2021-12-14 18:00:00,0.0265934846865215,5.630816185490066e-08,0.76,0.0072204564850072,0.0095006006381674,0.0065991533303282,0.0068408856454632,0.0003918957666069,0.002382312232059,6.875951141369642,4.000003385813103,0.0,0.0,3.000248424891188,0.0182436379443635,0.1435003495589267,-0.5722950715368904,51.26217189651528
primary_guildford_33_6_6kv_dh_td,SUB:SPN-S000000171719,0.95,0.95,263.0,0.7183466057165239,2021-01-20 18:00:00,0.756154272417328,6.205091211151395e-08,0.95,0.263337169760348,0.2771970208003664,0.2641134530578293,0.2783800061880637,0.0200553083188303,0.1155598166820813,333.534640303997,262.99877434938924,4.304687088630519e-05,3.062186784798238e-05,75.99990114023653,0.7195473065145189,4.162957300797696,-0.575805026636144,51.254870380972925
primary_guildford_33_6_6kv_dh_td,SUB:SPN-S000000171720,0.29925,0.29925,149.0,0.2992501298153091,2021-12-14 19:00:00,1.000000024125816,1.2259565566530114e-07,0.29925,0.1723684745733638,0.5760015858759023,0.2158160846279026,0.2312698269464159,0.0133728974701274,0.0827661227249857,238.88380723534908,148.9994386736958,0.0,0.0,77.00012730109445,0.4952161337081802,2.850541442553181,-0.5756780834086388,51.25181034463932
primary_guildford_33_6_6kv_dh_td,SUB:SPN-S000000171721,0.475,0.475,124.0,0.3607107255391247,2021-01-20 18:00:00,0.7593909109022471,5.644070365127224e-08,0.475,0.1324555467011297,0.2788537825286941,0.1363362494000707,0.1401055943153936,0.010337140411379,0.0587201204626373,169.48100835945667,123.99951551242962,4.899595819851094e-05,1.4102128320317388e-05,57.99964153328763,0.3852330131352512,2.259729161997527,-0.5762032949562155,51.25835565880832
primary_guildford_33_6_6kv_dh_td,SUB:SPN-S000000171722,0.76,0.76,181.0,0.5316075711968765,2021-01-20 18:00:00,0.6994835928542348,5.808236034756294e-08,0.76,0.2153691222096709,0.2833804239600933,0.2395772500275684,0.2495345306545343,0.0145892877890864,0.0873031981155443,251.97894576940604,180.99949420759364,7.211881396688798e-06,1.0867790360334875e-06,77.99994324862865,0.6027544081092,3.984083963607692,-0.5804074003489117,51.25893209568856
primary_guildford_33_6_6kv_dh_td,SUB:SPN-S000000171723,0.29925,0.29925,145.0,0.2992500409687955,2021-12-14 20:00:00,0.999999953938825,5.47526046657238e-08,0.29925,0.1467243538867081,0.4903069469898349,0.1962977505991956,0.1961550155902629,0.0119338519945094,0.0718826475059526,207.47136563876649,144.9994674195837,6.464248366434542e-06,9.534274280216156e-06,64.99972238321907,0.4262421989686596,2.5330625867441565,-0.5780279355333604,51.26204205359576
primary_guildford_33_6_6kv_dh_td,SUB:SPN-S000000171740,0.29925,0.29925,70.0,0.1477849015600809,2021-01-20 18:00:00,0.4938508767061185,5.4076597389644806e-08,0.29925,0.0666008193396631,0.2225591289545971,0.0987820238724742,0.1013396218991004,0.0029254137193524,0.0267916026188103,77.3272907416972,33.99994340534031,0.0,0.0,65.9993494569179,0.1704953802769157,0.5705311806857383,-0.5838287870355082,51.25345595605569
primary_guildford_33_6_6kv_dh_td,SUB:SPN-S000000171741,0.29925,0.3196003595489302,268.0,0.4331793135873286,2021-12-14 18:00:00,1.0000000126014088,0.1135789485797289,0.3196003595489302,0.259749920906369,0.8127335065360021,0.3148063541556962,0.3280330245681985,0.020521661453001,0.1208414995570828,348.7789029594134,262.9991604627858,0.0,0.0,106.99989391994524,0.7460777003107238,3.913271546969973,-0.5804298781343122,51.25283824839299
primary_guildford_33_6_6kv_dh_td,SUB:SPN-S000000171743,0.76,0.76,145.0,0.3994696692075252,2021-12-14 18:00:00,0.5256179441356063,6.024235806587012e-08,0.76,0.1777969146649829,0.2339433087697144,0.1731304076694195,0.1730060590568019,0.0103965940086927,0.0597517691672113,172.4586054990126,144.99956298718536,1.930144439900093e-05,1.3524273349821276e-05,76.9998797372267,0.4305853099984882,2.478061683969753,-0.5805904488552914,51.25680095038345
primary_guildford_33_6_6kv_dh_td,SUB:SPN-S000000171802,0.95,0.95,69.0,0.1213503133617842,2021-12-14 17:00:00,0.1277371636993091,6.143427884819637e-08,0.95,0.0664300005655787,0.0699263163848197,0.2801956827222737,0.2801936745426428,0.0020739734041092,0.0177980992702289,51.36978240907095,68.99959073957274,0.0002709996676838,1.68475921361583e-05,7.000822167438213,0.1669845100932215,0.9242703684310868,-0.5697981826207031,51.23691619313329
primary_guildford_33_6_6kv_dh_td,SUB:SPN-S000000171806,0.475,0.475,171.0,0.4749997960980898,2021-01-20 18:00:00,0.9999994479349372,5.8329026762407236e-08,0.475,0.176178568070722,0.3709022485699412,0.3283732316639685,0.3382701015720578,0.0055851981296223,0.0476239051523061,137.4545454545454,144.6846568890584,0.0,0.0,65.00017367531628,0.4535921302053133,2.492169928251468,-0.5687014069589995,51.239651344756
primary_guildford_33_6_6kv_dh_td,SUB:SPN-S000000174239,0.475,0.5409173286151489,311.0,0.5409173778371995,2021-12-14 20:00:00,0.9999999733903366,6.361568035870876e-08,0.5409173286151489,0.2795795417055651,0.5168618694863073,0.5328035686859216,0.5327934869941372,0.0104119971676149,0.0886181382903036,255.7741932075029,236.8374412690301,0.0001664699520644,0.0,160.9998974570713,0.7884702244376373,3.745284297827072,-0.5693962753638038,51.24161089003269
primary_guildford_33_6_6kv_dh_td,SUB:SPN-S000000174948,1.71,1.71,60.0,0.1152897428795336,2021-12-14 17:00:00,0.0674208997507205,6.386449268303472e-08,1.71,0.0576045391038583,0.0336868649730165,0.2342443731306804,0.2342426253073692,0.0018050870583066,0.0154937460616278,44.71884057971014,56.99965202330206,2.999968275021061,1.691846143658498e-05,9.000322001636082,0.1436606000157042,0.7766020964442353,-0.5687122151688715,51.23706083588603
primary_guildford_33_6_6kv_dh_td,SUB:SPN-S000000175003,0.475,0.5054500193453483,248.0,0.505449882657584,2021-12-14 18:00:00,0.999999615220748,5.77989383216556e-08,0.5054500193453483,0.2484751764430976,0.4915919812703127,0.497868269055168,0.5031689341605863,0.0080828048659523,0.0688097258329338,198.60214228483548,247.99860435430423,0.0005092926443144,4.4038997509447554e-05,106.9997167296434,0.6053279380273164,3.3402291722862545,-0.5652956122610523,51.24023208193044
primary_guildford_33_6_6kv_dh_td,SUB:SPN-S000000175250,0.475,0.475,2.0,0.0121377198007498,2021-12-14 17:00:00,0.0255530913946441,5.4329780821560986e-08,0.475,0.0038079826109186,0.0080168054966708,0.004077936612181,0.0042039183836053,6.016956861022055e-05,0.0005164582020542,1.4906280193236716,2.0000002703673387,4.991412181509837e-06,0.0,0.9999950908878872,0.0090333606597615,0.115396246761756,-0.5739149020626179,51.23605846067998
primary_guildford_33_6_6kv_dh_td,SUB:SPN-S000000175255,0.29925,0.29925,47.0,0.1743624170272324,2021-01-20 18:00:00,0.5826646128945107,5.4265437544667795e-08,0.29925,0.06215883141962,0.2077153932151045,0.0587085519305618,0.0610715349384087,0.0040218117196109,0.0237735140860567,68.61632959551463,46.99987193165622,4.260559268418395e-05,3.100262327927977e-05,28.999848056091015,0.1482067597239823,0.8614165983736609,-0.5729226033701923,51.2613432062005
primary_guildford_b_dh_td,SUB:SPN-R000000852116-000-001Z,0.095,0.1280596637199268,100.0,0.181923367673245,2021-11-22 20:00:00,1.0000000122347985,0.0538637017275225,0.1280596637199268,0.0715240422222745,0.5585212403704365,0.1261387687641279,0.1296774363870716,0.0040836395745297,0.0507454099635356,145.27868852459017,92.99981094460904,0.0,0.0,67.9999097142339,0.2373402646626436,2.122703297407848,-0.5980946998382484,51.26045236943198
primary_guildford_b_dh_td,SUB:SPN-S000000171605,0.76,0.76,7.0,0.0197660521863858,2021-01-20 18:00:00,0.0260079631256378,8.109096315442378e-09,0.76,0.0048165997158988,0.00633763120513,0.0063340146112618,0.0069507580601014,0.0002832006627438,0.0016092201517716,4.607025411061285,5.999996986301057,0.9999940025474162,0.0,1.000054641771679,0.0127236663381535,0.1038750040795478,-0.5803556810413482,51.24437549242065
primary_guildford_b_dh_td,SUB:SPN-S000000171606,1.235,1.235,163.0,0.2377086046522752,2021-12-14 08:00:00,0.1924766015891263,8.778750664910623e-09,1.235,0.0757398317002914,0.0613277989476043,0.138736287214966,0.1518645955868159,0.0065945297181773,0.037471840676969,107.27787742899852,162.99993418554263,0.0,0.0,28.000017503535563,0.2505054873533757,2.2400625358967936,-0.5805335362845193,51.24168284444968
primary_guildford_b_dh_td,SUB:SPN-S000000171630,0.475,0.475,118.0,0.2765607211914648,2021-12-19 15:00:00,0.582233087924226,7.604269839073692e-09,0.475,0.0731211901423567,0.1539393476681194,0.1807630962714899,0.1941787809789593,0.0064045658074846,0.047102809925889,134.85031368893135,117.99976542514814,0.0,0.0,83.9998992980949,0.2418536220290335,2.196166700328056,-0.6028757891139961,51.24260144429549
primary_guildford_b_dh_td,SUB:SPN-S000000171631,0.475,0.475,199.0,0.367952037417835,2021-01-20 20:00:00,0.774635855380152,7.890498188421273e-09,0.475,0.1007376477057862,0.2120792583279709,0.2099130974631896,0.2194241299331186,0.0092320423363168,0.0684225019798588,195.88631484794277,182.999613437158,0.0,0.0,152.99970838512695,0.3417771657994082,2.7247531773021976,-0.6039220801452874,51.24465549776554
primary_guildford_b_dh_td,SUB:SPN-S000000171632,0.475,0.475,99.0,0.1991452554276889,2021-01-20 20:00:00,0.4192531622604728,7.999854679235588e-09,0.475,0.0532679009196514,0.1121429493045293,0.0955708808927485,0.0987614787272803,0.0039851229438536,0.0322188052933544,92.23899821109124,98.99986977242855,0.0,0.0,85.99993420367507,0.1699361458645184,1.5150209273803623,-0.6062374506990102,51.24424207262334
primary_guildford_b_dh_td,SUB:SPN-S000000171633,0.475,0.475,133.0,0.2703580982912829,2021-12-14 06:00:00,0.5691749341057541,8.066148677022658e-09,0.475,0.0666459539442562,0.140307271461592,0.1722453795142801,0.1793028852171656,0.005710002559144,0.046160480290309,132.15252459405002,132.9997625470726,1.3364534210593086e-05,0.0,55.00003791524741,0.2372724356297151,2.4244584004260283,-0.610667393995527,51.24397150979449
primary_guildford_b_dh_td,SUB:SPN-S000000171634,0.475,0.475,133.0,0.2775570998647853,2021-12-14 20:00:00,0.5843307269527342,7.807627333677163e-09,0.475,0.071819601870841,0.1511991618333495,0.1478755621633647,0.1577528185057098,0.0055515595482817,0.0438764364297971,125.61355098389988,132.99979870097235,0.0,0.0,43.99992483655832,0.2471352743885637,2.532916734147336,-0.6062990947700589,51.24725057628504
primary_guildford_b_dh_td,SUB:SPN-S000000171635,0.475,0.475,148.0,0.3014453913116374,2021-11-22 18:00:00,0.6346218662676016,7.617964196492841e-09,0.475,0.0830435325354942,0.174828489548409,0.1826930721914289,0.1889324423384593,0.0061752665832458,0.0500239485381644,143.21322152423846,147.9997784035535,0.0,0.0,60.999879604678064,0.2698673683634211,2.1200625229952736,-0.6097998217387832,51.24655179303186
primary_guildford_b_dh_td,SUB:SPN-S000000171636,0.475,0.475,155.0,0.3241296272953887,2021-12-14 20:00:00,0.6823781520081469,7.461433078293177e-09,0.475,0.085339656680333,0.1796624351164907,0.1717928234581472,0.1826069755055929,0.0075538357672976,0.060551988628397,173.3538757852317,154.99979115988424,0.0,0.0,67.99983711081258,0.2838235573559146,2.468770890995702,-0.6134319990603669,51.245731419159085
primary_guildford_b_dh_td,SUB:SPN-S000000171637,0.475,0.475,155.0,0.3423535390262403,2021-12-14 20:00:00,0.7207442808450325,7.80422410217754e-09,0.475,0.0822200846544047,0.1730949150619047,0.1800918064387574,0.1920631386646463,0.0076976468842133,0.0616323356393987,176.446793884082,154.99979019561638,0.0,0.0,59.99989153884326,0.280204823748664,2.539354245530105,-0.6121647105737886,51.248608454427504
primary_guildford_b_dh_td,SUB:SPN-S000000171647,0.475,0.475,119.0,0.2383280537950981,2021-12-14 20:00:00,0.5017432626752379,8.020755753561933e-09,0.475,0.0636096017722166,0.1339149510994035,0.1567807147102215,0.1636212547143919,0.0059728976462687,0.0477916873408811,136.82249614791988,118.99976365464217,0.0,0.0,48.99983066508885,0.2195361330372107,2.027958393798587,-0.6153515288139648,51.24680958032442
primary_guildford_b_dh_td,SUB:SPN-S000000171648,0.475,0.475,69.0,0.1570096199358756,2021-12-14 00:00:00,0.3305465628682354,7.785480499354922e-09,0.475,0.0374499868781326,0.078842077638174,0.086005450673527,0.0885493432930445,0.0034632767864919,0.0277111464413512,79.33405238828968,68.99989212171278,0.0,0.0,34.999943605660384,0.135724862928783,1.4788541722215056,-0.6173066034625742,51.24482653425548
primary_guildford_b_dh_td,SUB:SPN-S000000171724,0.76,0.76,127.0,0.2950082337733861,2021-12-14 00:00:00,0.388168724331943,8.452791722440427e-09,0.76,0.0780470708044518,0.102693514216384,0.1555098311668501,0.1574918125583704,0.0104524082986393,0.0634729581595941,181.71629955947137,126.99978714605436,0.0,0.0,44.99996550053614,0.2757328935324301,2.7664584261019223,-0.5804670841098213,51.262232878985806
primary_guildford_b_dh_td,SUB:SPN-S000000171725,0.29925,0.29925,115.0,0.2535079396390082,2021-01-08 19:00:00,0.8471443054655546,7.352278629220699e-09,0.29925,0.067771404678141,0.2264708594089927,0.1725579563450134,0.1832726153806046,0.0086270884563291,0.0576505365350087,165.04732835074915,111.99973562066832,0.0,0.0,50.99998602956002,0.2438189865474057,2.513500187631525,-0.5829089894112331,51.26408772571502
primary_guildford_b_dh_td,SUB:SPN-S000000171730,0.475,0.475,149.0,0.2968733724111027,2021-11-22 18:00:00,0.6249965628252453,8.110622431709788e-09,0.475,0.0724519110831008,0.1525303391223176,0.1264416942716707,0.1323531372468417,0.007522780752884,0.0538858909321599,154.26955009780485,148.9997335015119,0.0,0.0,58.999942566467,0.2530164092020941,2.084312526356602,-0.599564830811322,51.24525659878792
primary_guildford_b_dh_td,SUB:SPN-S000000171731,0.475,0.475,139.0,0.3183382908106524,2021-11-22 19:00:00,0.6701858645375139,7.69239346494239e-09,0.475,0.0809142486980115,0.170345786732656,0.1474170059913915,0.1572203545744873,0.0072495599905039,0.0587987246972704,168.3344684194314,138.99972509186608,0.0,0.0,88.99984044952521,0.2800596700000176,2.559104261785907,-0.5968134533840103,51.24565150181866
primary_guildford_b_dh_td,SUB:SPN-S000000171732,0.76,0.76,147.0,0.3157988246769443,2021-12-14 20:00:00,0.4155247647566394,8.331388922072443e-09,0.76,0.0872277575968751,0.1147733652590463,0.1452511838826561,0.1547268654885478,0.0072156772383341,0.0551459382922256,157.87693110193436,146.99978736745834,0.0,0.0,71.99988351292787,0.2841435368356522,2.2231667231182217,-0.6005596248885624,51.24757357095062
primary_guildford_b_dh_td,SUB:SPN-S000000171733,0.29925,0.428223233363555,182.0,0.4282232350026828,2021-12-19 06:00:00,0.9999999861975182,7.549671262476795e-09,0.428223233363555,0.1051588460681258,0.2455701556455429,0.4217998848631017,0.4605231923857649,0.0085662650930726,0.0762339191826706,218.24956794922568,149.24639171969628,24.999964358138698,0.0,100.99968302859985,0.3557071670791064,2.7964771641098904,-0.5999809645576584,51.25076659883082
primary_guildford_b_dh_td,SUB:SPN-S000000171734,0.475,0.475,147.0,0.3115434899706345,2021-01-20 17:00:00,0.655881021179303,7.48682371080181e-09,0.475,0.0772110758546063,0.1625496333781186,0.1807471576588364,0.1946392615302121,0.0069584212649756,0.0738742444206246,211.49407114624503,124.99976124170864,0.0,0.0,92.99981546792895,0.2854544795972582,2.5756587281324217,-0.6024073502845967,51.252549024275496
primary_guildford_b_dh_td,SUB:SPN-S000000171742,0.29925,0.29925,104.0,0.2246882788547383,2021-01-20 19:00:00,0.7508380067288759,7.113547979495658e-09,0.29925,0.0601395777013162,0.2009676781998872,0.1430520435586964,0.1476594880404897,0.0039797383168145,0.0411527803479471,117.81601453976566,87.9997692363154,0.0,0.0,42.9999146995609,0.1810754696329388,1.3655217364810022,-0.5850484996594159,51.25518688380849
primary_guildford_b_dh_td,SUB:SPN-S000000171744,0.475,0.475,268.0,0.4749999553299631,2021-01-20 18:00:00,0.9999998889505818,8.078437658288968e-09,0.475,0.1466506309346067,0.3087381703886457,0.353708227911039,0.3721313317120325,0.0102559529366898,0.100986160193938,289.11259013675925,152.9996031615708,0.0,0.0,162.9997265089366,0.492537702760863,2.688649937505236,-0.5883096266642439,51.2545859480188
primary_guildford_b_dh_td,SUB:SPN-S000000171745,0.475,0.475,149.0,0.2690732058178381,2021-11-22 19:00:00,0.5664698979905617,7.542009598835646e-09,0.475,0.0771664512234247,0.1624556867861574,0.1966207388607999,0.196506167862723,0.0057780810825982,0.0614785324545267,176.0064717937655,76.9996833820658,0.0,0.0,57.000049976901664,0.273147161139891,1.5145267969347298,-0.5877507907354276,51.256723084114654
primary_guildford_b_dh_td,SUB:SPN-S000000171746,0.29925,0.29925,209.0,0.3436914827736655,2021-11-22 20:00:00,1.0000000066673465,0.0444414804821553,0.29925,0.1387334555833717,0.4636038615985688,0.2918856672200042,0.2917077528076312,0.0085455296988531,0.0929423736788662,266.0840885142255,200.23671012948324,0.0,0.0,116.23683536275897,0.4633907052824998,4.10669129363813,-0.5874881772857222,51.25930638061141
primary_guildford_b_dh_td,SUB:SPN-S000000171749,0.29925,0.29925,117.0,0.2776100538531216,2021-01-20 17:00:00,0.9276860393517108,7.0898146847763585e-09,0.29925,0.079566025519015,0.2658847970560235,0.1515625795610875,0.1514606013645655,0.0048981850058698,0.0566669794672659,162.23150952115574,100.99972474883651,0.0,0.0,65.99989759756,0.274698212622445,2.6257591884296945,-0.5923951100880284,51.26181489928653
primary_guildford_b_dh_td,SUB:SPN-S000000171773,0.29925,0.29925,119.0,0.2044480360897571,2021-01-20 18:00:00,0.6832014411772095,7.0513275121109035e-09,0.29925,0.0598935911765439,0.2001456680920432,0.1375849750897826,0.1455694105619722,0.0051037037549345,0.0552945854626318,158.3024920735574,37.99982098763532,0.0,0.0,88.99977497209495,0.2036756249186215,0.7395279804699094,-0.5911466615849917,51.25188082335868
primary_guildford_b_dh_td,SUB:SPN-S000000171774,0.76,0.76,198.0,0.3712925608753541,2021-12-14 06:00:00,0.4885428378425117,8.423100101724648e-09,0.76,0.103856932306828,0.1366538582984579,0.2297699817036965,0.2296032081866837,0.008010413679282,0.0815600427105367,233.4976907174596,157.99957532626664,0.0,0.0,80.99989166156394,0.3755200137040433,3.1661132477564,-0.5936736972721773,51.255528844016894
primary_guildford_b_dh_td,SUB:SPN-S000000171775,0.29925,0.29925,160.0,0.2992500118410595,2021-01-08 19:00:00,1.000000002089572,1.1215755021837809e-08,0.29925,0.1110303387668425,0.3710287009752466,0.1980099230904693,0.2030054770558201,0.0064502322151012,0.0771201870945531,220.78685831720657,90.99987575656218,0.0,0.0,89.99985864054096,0.3371522725423129,2.13205384983666,-0.5954836621333599,51.25756529796441
primary_guildford_b_dh_td,SUB:SPN-S000000171780,0.475,0.475,295.0,0.4750000163940358,2021-11-22 20:00:00,1.0000000018451884,1.5517571273560314e-08,0.475,0.1816396500843111,0.382399263335392,0.331815855533334,0.3438077134707579,0.0138378298696097,0.1367713835347481,391.5618622827167,185.9996890977454,0.0,0.0,161.99971870215825,0.5901550598668514,3.435605551798606,-0.5972195463566372,51.25392964798617
primary_guildford_b_dh_td,SUB:SPN-S000000171781,0.29925,0.29925,112.0,0.2883472427093209,2021-01-20 17:00:00,0.9635663683814336,7.234765758208668e-09,0.29925,0.0746462454505395,0.2494444292415692,0.1436081131263595,0.1513235533325637,0.0045736763234732,0.0568348591591599,162.71213114754102,100.99977121637777,0.0,0.0,66.99992467967034,0.2540954999392454,2.4432919260832064,-0.5991754848118797,51.2582307990477
primary_guildford_b_dh_td,SUB:SPN-S000000171789,0.475,0.475,151.0,0.3591642025565611,2021-12-14 20:00:00,0.756135151339058,7.499332122207382e-09,0.475,0.0961791473262486,0.2024824154236814,0.1785551378844009,0.180569718808531,0.0073987418406,0.1029034020462969,294.60144877629523,150.99968651680223,0.0,0.0,105.99991968444104,0.3416626089339089,3.0811876769819624,-0.5945035660387545,51.24758196593583
primary_guildford_b_dh_td,SUB:SPN-S000000171790,0.29925,0.29925,142.0,0.2992500176481229,2021-12-14 20:00:00,1.000000003298824,1.6660949797334645e-08,0.29925,0.0854543100333892,0.2855616041216015,0.1913065175755806,0.1960085297751627,0.0065565312316175,0.1034283144311844,296.10421686746986,126.99981777050098,0.0,0.0,91.99993645008036,0.317746638860284,3.051105614114685,-0.5913901938894822,51.248514666233945
primary_guildford_b_dh_td,SUB:SPN-S000000171791,0.7125,0.7125,2.0,0.0046117234852228,2021-11-22 07:00:00,0.0064725942953575,7.690978064886005e-09,0.7125,0.0010421586992019,0.0014626788760728,0.0009215981902136,0.0009204799330741,5.6416142723457744e-05,0.0004809328932478,1.3768595041322311,6.40256922860289e-06,1.9999901042757515,0.0,1.9999619676372071,0.0025539955009137,0.008500019496647,-0.5749397629027956,51.23702527731773
primary_guildford_b_dh_td,SUB:SPN-S000000171792,0.95,0.95,50.0,0.1438380134870483,2021-12-19 06:00:00,0.1514084338117593,9.021142157640523e-09,0.95,0.0233710216046953,0.0246010753733635,0.1639942943837354,0.1640934060643905,0.0014104035680864,0.0120233223311955,34.42148760330579,23.99994653170722,18.99993020713606,0.0,13.999993887010302,0.079647430597408,0.5264182396159394,-0.5739643452427443,51.2373870709055
primary_guildford_b_dh_td,SUB:SPN-S000000171794,0.7125,0.7125,42.0,0.0794445249015402,2021-12-14 07:00:00,0.1115010862829333,8.295436992089324e-09,0.7125,0.0270656528233251,0.037986881155544,0.0714998315634429,0.0714978303552532,0.0012466705243241,0.0107552842742244,30.79123008743561,41.999886059044734,0.0,0.0,15.999984595437244,0.0757190199020395,0.644270735782425,-0.5713695298819204,51.23645727955376
primary_guildford_b_dh_td,SUB:SPN-S000000171795,0.475,0.475,187.0,0.4688465416434537,2021-01-20 18:00:00,0.9870453352759048,7.484356220749232e-09,0.475,0.1056275403405448,0.2223737691379892,0.2501287615643121,0.2548474940076277,0.006675874199928,0.0597489164902563,171.05476603119587,126.99977622267996,0.0,0.0,99.99958459303284,0.3580125285672333,2.4782907210235967,-0.5736093071426503,51.244721880815966
primary_guildford_b_dh_td,SUB:SPN-S000000171796,0.7125,0.7125,105.0,0.2078314357347443,2021-01-20 18:00:00,0.2916932396156587,8.600088138559435e-09,0.7125,0.0556968824540633,0.0781710630934222,0.134033866749509,0.1402133481247595,0.004079944851008,0.0350750668099824,100.4161698511893,47.99983103179814,0.0,0.0,37.99995010099054,0.1839528147256815,0.9754595288669332,-0.5706852571374565,51.24344910296502
primary_guildford_b_dh_td,SUB:SPN-S000000171797,0.7125,0.7125,377.0,0.6821141403989234,2021-01-20 18:00:00,0.9573531684864516,8.202121136430986e-09,0.7125,0.1992342959356879,0.2796270820150006,0.4688265517946807,0.4750576946147854,0.0124668937328493,0.1099834986433015,314.8710090967137,173.06906033759333,0.0,0.0,231.9998097604596,0.6185824265553057,2.7728386483179603,-0.5729122952824205,51.241747968689474
primary_guildford_b_dh_td,SUB:SPN-S000000171798,0.76,0.76,196.0,0.3103115126603482,2021-01-20 18:00:00,0.4083046172984097,8.605234179513789e-09,0.76,0.1042135965837214,0.1371231533996334,0.3964631860256242,0.396453860566544,0.0058093780651813,0.0496708385520147,142.20230535015224,109.99987578535924,0.0,0.0,80.99988546666202,0.3164872142291259,1.726418834471705,-0.5719047962688414,51.23986685832299
primary_guildford_b_dh_td,SUB:SPN-S000000171825,0.95,0.95,2.0,0.0100189954848941,2021-12-14 07:00:00,0.0105463109443723,8.319533082038581e-09,0.95,0.0019758118006459,0.0020798018954168,0.0042597349727887,0.0047713282934219,8.091447506966016e-05,0.0004597771862204,1.316292974588939,2.0000007438912304,0.0,0.0,0.9999945795473714,0.0057351362178686,0.1587500430377232,-0.582721213052079,51.244344761744586
primary_guildford_b_dh_td,SUB:SPN-S000000171826,0.475,0.475,2.0,0.0084731162858943,2021-11-22 17:00:00,0.0178381392625252,7.635039797162793e-09,0.475,0.0016443240391979,0.003461734819364,0.0034146937197577,0.0036350122010794,8.091447506966016e-05,0.0004597771862204,1.316292974588939,1.9999986314922245,0.0,0.0,0.9999962374522112,0.0048040895947122,0.0711875216267511,-0.5827222394261927,51.24651912140143
primary_guildford_b_dh_td,SUB:SPN-S000000171827,0.475,0.475,1.0,0.0056713241602296,2021-12-14 07:00:00,0.0119396296262622,7.349900496915421e-09,0.475,0.0012115391849238,0.002550608810366,0.0024758991678305,0.0026642877255814,7.276592425890353e-05,0.0003475284068961,0.9949367088607592,0.9999994184075692,0.0,0.0,0.999998290134476,0.0032306203595546,0.0757083966619941,-0.5857187460729962,51.245564322962885
primary_guildford_b_dh_td,SUB:SPN-S000000171828,0.475,0.475,229.0,0.3951278161873148,2021-11-22 18:00:00,0.8318480208856867,7.533363707184526e-09,0.475,0.1197860616210004,0.2521811823600008,0.2771462202184501,0.2778745865009536,0.0095565305824723,0.0891727158989119,255.2919609335872,165.99969275116317,0.0,0.0,159.99985613287998,0.4166565181459828,2.8967748680174576,-0.5860996685812756,51.251747595227535
primary_guildford_b_dh_td,SUB:SPN-S000000171829,0.475,0.475,65.0,0.1647607332923952,2021-01-20 18:00:00,0.3468646962233357,7.456252565920399e-09,0.475,0.0409533507328744,0.086217580490262,0.1597614579500261,0.1597561092529823,0.0033320186187471,0.0273599029501168,78.32847978978282,46.00009399097483,0.0,0.0,64.99988654052572,0.1251181693492826,0.945373571661796,-0.5847591180226703,51.249019852082846
primary_guildford_b_dh_td,SUB:SPN-S000000171830,0.475,0.475,134.0,0.2823991784511145,2021-12-19 15:00:00,0.5945245758927228,8.245363394416942e-09,0.475,0.07382148444179,0.1554136514564,0.2702713549349567,0.2736195647110347,0.0056865046023918,0.0574051522236066,164.34481927710846,133.9996986872658,0.0,0.0,86.99983143392198,0.2618843940594312,2.5366459132360024,-0.5869324996563048,51.2496126668624
primary_guildford_b_dh_td,SUB:SPN-S000000171831,0.29925,0.29925,90.0,0.2701925400464472,2021-01-20 18:00:00,0.9028990258822176,7.2557322832353804e-09,0.29925,0.0675101642922648,0.2255978756633745,0.1100770759504471,0.1174615682886004,0.0041555479637012,0.0655531570338492,187.671686746988,76.99988334689924,0.0,0.0,57.99981522572084,0.2285501411617652,1.9297865440165205,-0.5923849614293502,51.250593642121295
primary_guildford_b_dh_td,SUB:SPN-S000000171832,0.475,0.475,214.0,0.4749999641202966,2021-12-14 20:00:00,0.9999999092812364,7.211710047760658e-09,0.475,0.1318400457676831,0.2775579910898593,0.2512033505457561,0.2566042645035661,0.0099244669270583,0.1190307541718324,340.77233532259885,213.9996062490272,0.0,0.0,129.9998112417861,0.454880915631643,3.8874999704892823,-0.596264398710225,51.25012961693501
primary_guildford_b_dh_td,SUB:SPN-S000000171833,0.475,0.475,185.0,0.3226550402583998,2021-11-22 18:00:00,0.67927375761914,7.93392691140529e-09,0.475,0.0985370548023647,0.2074464311628731,0.2872165721519814,0.3091122343420684,0.008055457766239,0.0938848143683104,268.7821955444585,130.99971120728975,0.0,0.0,113.99982078035951,0.3467956826092391,2.073010671795723,-0.59274048189369,51.25306327247957
primary_guildford_b_dh_td,SUB:SPN-S000000171847,0.475,0.475,21.0,0.0627934893309089,2021-01-20 18:00:00,0.1321968175560162,7.502459383506074e-09,0.475,0.0133219727086837,0.028046258334071,0.0336959986941706,0.0343317729297525,0.0007496971026657,0.0067097713705635,19.209358752166377,6.999985978066734,0.0,0.0,14.999980605331698,0.0403187088234273,0.264537949941482,-0.5781822519020852,51.24605089942601
primary_guildford_b_dh_td,SUB:SPN-S000000173197,0.29925,0.3488882912547972,186.0,0.3488882888130853,2021-11-22 19:00:00,0.9999999724248044,7.178951175038698e-09,0.3488882912547972,0.1026159975165215,0.294122789697118,0.3436549668859752,0.3436429240088395,0.0075022179254233,0.0880099795313005,251.96317090690667,141.99955655971212,0.0,0.0,106.99977467669038,0.3579085260419503,2.514728391128121,-0.5934084037172878,51.25845814004627
primary_guildford_b_dh_td,SUB:SPN-S000000173931,0.475,0.475,232.0,0.4750000079906382,2021-11-22 20:00:00,1.0000000009535324,7.537710390066274e-09,0.475,0.1369024532497813,0.2882156910521712,0.2930063093497226,0.2927882649169779,0.0109964863111575,0.1176424920610714,336.79788918205804,231.99950461326588,0.0,0.0,111.99980419560548,0.4827300082270392,4.546645990471324,-0.5869875052215682,51.26483295305121
primary_guildford_b_dh_td,SUB:SPN-S000000173932,0.29925,0.29925,16.0,0.0495394399985323,2021-01-20 19:00:00,0.1655453257826469,7.599581711891516e-09,0.29925,0.0114494085453443,0.0382603460161883,0.0193980071051673,0.0197153607483913,0.0007267862663843,0.0054549068774034,15.616815742397137,15.999977247205424,0.0,0.0,3.0000123832039733,0.0332760134117141,0.3320416566872263,-0.605180967470013,51.249072316433136
primary_guildford_b_dh_td,SUB:SPN-S000000174160,0.285,0.285,80.0,0.1749477443323653,2021-12-14 20:00:00,0.6138517180686702,7.628543148779832e-09,0.285,0.0435892155020167,0.1529446157965499,0.0940632912764389,0.1054146968135874,0.0040153933756428,0.0321288654392478,91.98151001540832,79.99977832191533,0.0,0.0,28.999914960485302,0.146969920960029,1.5635208980703534,-0.614595499236413,51.24387122766651
primary_guildford_b_dh_td,SUB:SPN-S000000174232,0.475,0.475,94.0,0.1984352408357644,2021-11-22 18:00:00,0.4177583948069379,7.905212633996561e-09,0.475,0.0539196032913767,0.1135149542976352,0.1016075486370631,0.1066171091450062,0.0040040341000035,0.0323933397554506,92.7386717337586,93.9997848906841,0.0,0.0,36.99995520278932,0.1874734805245587,1.5916666716938814,-0.6071266854823615,51.24892466344999
primary_guildford_b_dh_td,SUB:SPN-S000000174234,0.285,0.285,120.0,0.2850000077863958,2021-11-22 20:00:00,1.0000000007630696,7.568920985952441e-09,0.285,0.0982245131708441,0.3446474146345408,0.1748531426653976,0.1813988225311795,0.0056878377471504,0.0608495648591749,174.20580474934036,119.99976680866324,0.0,0.0,55.99990441123628,0.3013206420293036,3.1348334246945275,-0.5907507328823621,51.26568944475424
primary_guildford_b_dh_td,SUB:SPN-S000000174670,0.76,0.76,1.0,0.0032276282812661,2021-01-20 17:00:00,0.0042468792748251,7.628921798403857e-09,0.76,0.0008583870678231,0.0011294566681883,0.0013064003908135,0.0013569857600777,7.276592425890353e-05,0.0003475284068961,0.9949367088607592,1.0000007347688848,0.0,0.0,7.256750431597722e-05,0.0023398427981443,0.0189583593490542,-0.5909327757089564,51.24601040506322
primary_guildford_b_dh_td,SUB:SPN-S000000174751,0.29925,0.3673199518646275,215.0,0.3182209845810983,2021-12-14 07:00:00,0.8663318626671153,7.48837799017659e-09,0.3673199518646275,0.0916837909905085,0.2496019901045229,0.3618101525866581,0.3618000382885911,0.0063007923610093,0.0538366192896582,154.12849064810786,162.99990241859842,0.0,0.0,54.9999322131884,0.3057280531179493,2.0762383593179026,-0.5711551528819064,51.23855287594986
primary_guildford_b_dh_td,SUB:SPN-S000000174785,0.29925,0.3620560797648101,185.0,0.3620560529990304,2021-11-22 18:00:00,0.9999999058310726,7.328653699031525e-09,0.3620560797648101,0.1095670777224824,0.3026246038836214,0.3566252385683379,0.3647985400242278,0.0083815769834805,0.0938318349806196,268.6305212163156,181.999626239126,0.0,0.0,73.99982128288332,0.3260675624407841,2.53858334351698,-0.5950048576836635,51.26297004744676
primary_guildford_b_dh_td,SUB:SPN-S000000174812,0.475,0.475,4.0,0.0081548273143154,2021-11-22 18:00:00,0.0171680572359791,7.410585473683446e-09,0.475,0.0021551576963109,0.0045371740974968,0.0031189761066824,0.0031814077388947,0.0002007696687821,0.0016064432719623,4.599075500770415,3.999988203967868,3.6428369487218447e-06,3.153136934892993e-06,0.999904008323702,0.006239971547849,0.0424374962110694,-0.6092524077010277,51.25113619209507
primary_guildford_b_dh_td,SUB:SPN-S000000174842,0.475,0.475,124.0,0.3575535820085233,2021-01-20 17:00:00,0.7527443712079007,7.552059754921621e-09,0.475,0.0825332093588297,0.1737541249659574,0.1517451722627761,0.1555923072718466,0.0058774323387221,0.062877883687814,180.0126649076517,123.999697284348,0.0,0.0,46.99999845299445,0.2794409246852475,2.7234376795309188,-0.5922114359410452,51.26401550896143
primary_guildford_b_dh_td,SUB:SPN-S000000174889,0.95,0.95,1.0,0.0046251363011384,2021-12-14 07:00:00,0.0048685644847244,8.349530039532638e-09,0.95,0.0009485822627006,0.000998507644948,0.0018867159127867,0.001937291707511,5.879594047680351e-05,0.0004368672329243,1.2507042253521126,0.9999985914931568,0.0,0.0,9.815235886909012e-06,0.0024901408513034,0.0406041790018694,-0.6132008031095754,51.24141715359174
primary_guildford_b_dh_td,SUB:SPN-S000000174894,0.95,0.95,12.0,0.0494743255228898,2021-01-20 18:00:00,0.0520782369231057,8.562874035170275e-09,0.95,0.0101097851174875,0.0106418790710395,0.0400093368993368,0.0421277308921954,0.0005943279964093,0.0044245155359933,12.666915389740176,11.999981400410334,0.0,0.0,9.999941139585925,0.0280067746024664,0.2975000453287905,-0.5880600978288881,51.24638971325948
primary_guildford_b_dh_td,SUB:SPN-S000000174930,0.475,0.475,151.0,0.2700754971122978,2021-01-08 19:00:00,0.5685799844332883,7.925860900913796e-09,0.475,0.0908424145600163,0.1912471885474028,0.3943723487408002,0.394243332773099,0.0065065743935242,0.0726082022305159,207.86952758402032,109.99985349269916,0.0,0.0,70.99995342821927,0.2908515942176549,1.8523357531909768,-0.5880855529320221,51.25044344370468
primary_guildford_b_dh_td,SUB:SPN-S000000175026,0.475,0.5006984336124086,189.0,0.3181761298805687,2021-12-14 07:00:00,0.6354645898744439,8.048100783516311e-09,0.5006984336124086,0.0850488877245181,0.1698605028797725,0.4931879571082224,0.4952416429483606,0.0076341687279097,0.0434595219513489,124.4199693634264,188.99989588716412,0.0,0.0,6.000122328435639,0.2897243948109602,2.604583303472385,-0.5803864423944182,51.2396598258457
primary_guildford_b_dh_td,SUB:SPN-S000000175067,0.29925,0.29925,7.0,0.0292092680958346,2021-01-20 17:00:00,0.0976082451969057,7.383193649026816e-09,0.29925,0.0062134453046737,0.0207633928309898,0.00802370227426,0.0088326000502999,0.0005093614698123,0.0024326988482729,6.964556962025315,6.999976283277438,4.173985687959508e-06,3.521271596498556e-06,6.9999560169427255,0.0162928892068064,0.2306875004449271,-0.5922884033963638,51.24590689076505
primary_guildford_b_dh_td,SUB:SPN-S000000175224,0.76,0.76,173.0,0.3963772264166859,2021-01-20 17:00:00,0.5215489767380588,7.853071176722521e-09,0.76,0.1082737165648099,0.1424654165326446,0.2142397783250116,0.2208983029145635,0.0078446728642768,0.0872005729301634,249.6459262619063,144.66895404689683,0.0,0.0,100.99982942815032,0.3622766285743229,3.353687089004396,-0.6004613735676317,51.25623832437945
primary_guildford_b_dh_td,SUB:SPN-S000000175228,0.475,0.475,140.0,0.3521471486693913,2021-12-14 07:00:00,0.7413624059443658,7.885236050364713e-09,0.475,0.0940240808042782,0.1979454332721646,0.1692253132638539,0.173070885560351,0.0088303826901708,0.066389553323689,190.0661999879308,139.99969826957636,0.0,0.0,36.00000730245059,0.3168998910069588,3.040145839105444,-0.5843767692561318,51.261617108313175
primary_guildford_b_dh_td,SUB:SPN-S000000175257,0.29925,0.29925,177.0,0.2992500091525195,2021-11-22 20:00:00,1.0000000025412252,8.392057789035511e-09,0.29925,0.1118677950375284,0.373827218170521,0.1855926289275319,0.192565858664045,0.0068521341440891,0.0728525490696023,208.5690664852352,160.99971966277303,0.0,0.0,71.99986834748104,0.3580868039824954,2.8513364207563963,-0.5917809676960609,51.256474782907965
primary_guildford_b_dh_td,SUB:SPN-S000000175336,0.76,0.76,8.0,0.034324138719888,2021-01-20 17:00:00,0.0451633399245777,8.352103928760096e-09,0.76,0.0070110195709521,0.0092250257512528,0.0252526043200138,0.0253205441780997,0.0004187463841268,0.0032833993737923,9.40002170185985,7.9999919615876,0.0,0.0,7.999982072025012,0.0201433554455767,0.2839375500444212,-0.6130378563556431,51.24249048373969
primary_guildford_b_dh_td,SUB:SPN-S000000181195,0.29925,0.29925,136.0,0.3200836727189629,2021-12-14 17:00:00,1.0000000066137984,0.020833670601994,0.29925,0.1660864382087271,0.5550089831536411,0.2517109022637921,0.251584692454306,0.0060620703003497,0.065282458250601,186.8967050443322,135.999731097887,0.0,0.0,53.99993363503421,0.470565388645679,4.274812526855173,-0.5903732438393504,51.26345471852961
primary_guildford_b_dh_td,SUB:SPN-S000000181196,0.475,0.475,194.0,0.4161943167060702,2021-12-14 07:00:00,0.8761985463109053,8.22689136718116e-09,0.475,0.118719019106851,0.2499347770670549,0.2736730203267074,0.2736599004905498,0.0081731191716549,0.0885799045121945,253.59480525257808,185.00024465182503,0.0,0.0,14.00017282028514,0.3725732820243118,3.812465897068688,-0.5858344507685104,51.26239856835649
primary_guildford_b_dh_td,SUB:SPN-S000000181225,0.95,0.95,98.0,0.2659179824882821,2021-01-20 17:00:00,0.2799136633515806,8.232111428994543e-09,0.95,0.0605452483215185,0.0637318403384405,0.1444792242228576,0.1496577653670476,0.004006994787022,0.0435806345479851,124.76670179135932,97.99979116280934,0.0,0.0,58.99993118076286,0.213594453337117,2.342729311410672,-0.5900552823589013,51.26031347969364
primary_guildford_b_dh_td,SUB:SPN-S000000181226,0.95,0.95,66.0,0.1477696038334617,2021-12-14 07:00:00,0.1555469498916597,9.2344141923066e-09,0.95,0.0423390918017175,0.0445674650544395,0.0862168876567382,0.0862125557687589,0.0026985883259536,0.0293502232670103,84.02655426765017,65.99984108323301,0.0,0.0,9.000079306107935,0.122957566047517,1.1398957916270562,-0.5896004338977078,51.25964724676016
primary_guildford_b_dh_td,SUB:SPN-S000000181252,0.475,0.475,149.0,0.3177494475616434,2021-11-22 18:00:00,0.668946194226574,7.92892001404283e-09,0.475,0.0822706703419326,0.173201411246174,0.149953591170558,0.161826241594016,0.007910867143398,0.0565129365653033,161.79050114641336,148.99974002108073,0.0,0.0,75.99995611529485,0.2885525719752221,2.5584167198205647,-0.5994162257688723,51.24398864985076
primary_guildford_a_dh_td,SUB:SPN-R000000852112-000-063Z,0.0475,0.0475,7.0,0.0207055026156537,2021-01-20 18:00:00,0.4359051676644683,1.640630136433762e-08,0.0475,0.0091219785184868,0.1920416530207762,0.0063462077094589,0.007128355960409,0.0004115715833376,0.0029830440293885,8.75492957746479,6.99997717887662,4.275571927716482e-06,2.5561936360557237e-06,6.999959109233744,0.0195172322833166,0.1023958443476883,-0.6148370455461488,51.23397081958654
primary_guildford_a_dh_td,SUB:SPN-R000000852112-000-073Z,0.0475,0.0475,7.0,0.0253861802328147,2021-01-20 18:00:00,0.534445716390466,1.6286532750092606e-08,0.0475,0.0109812029718409,0.2311832204598089,0.0076573658969525,0.0080707807691446,0.0006792163246447,0.0035628017675455,10.456459330143542,6.999997716321773,0.0,0.0,6.000034962655842,0.0225233899597534,0.1229793013221671,-0.593145706446904,51.23062581317349
primary_guildford_a_dh_td,SUB:SPN-S000000171608,0.475,0.475,115.0,0.4009168964819669,2021-01-20 18:00:00,0.8440355390963606,1.8258941598771143e-08,0.475,0.1842096426439246,0.3878097739872098,0.1745317910281675,0.1779564455866733,0.0083680812897739,0.0389852480266655,114.41772151898728,114.99974693400468,0.0,0.0,73.00015719011971,0.3894278290140526,2.332416898909894,-0.5853375879938791,51.23878760083429
primary_guildford_a_dh_td,SUB:SPN-S000000171609,0.29925,0.29925,67.0,0.2491084079634311,2021-01-20 18:00:00,0.8324424162031132,1.79167342269144e-08,0.29925,0.1269116623687696,0.4240991223684866,0.1076417891235804,0.1132779534817548,0.0048753169253465,0.022713144502492,66.66075949367087,66.99977878935368,0.0,0.0,44.00006243539236,0.2471573641763663,1.6427916406519083,-0.5842456761873994,51.23965768339848
primary_guildford_a_dh_td,SUB:SPN-S000000171610,0.95,0.95,229.0,0.5125152282311718,2021-01-20 18:00:00,0.5394897022305605,2.059750037300535e-08,0.95,0.248160595885716,0.2612216798797011,0.2736235895647415,0.2847611510486076,0.0102339679971982,0.0547955190219232,160.8192522374222,135.00006951712723,0.0,0.0,165.99957980710886,0.5475646870727907,2.5134522643196133,-0.5854030008736636,51.237722047793135
primary_guildford_a_dh_td,SUB:SPN-S000000171611,0.475,0.475,80.0,0.2755631552269478,2021-01-20 18:00:00,0.5801329349249718,1.919833474687085e-08,0.475,0.1153712136453817,0.2428867655692247,0.0927326020405475,0.0986353431655494,0.0047036752381442,0.0340919317644403,100.05633802816902,79.99980485909359,0.0,0.0,59.999966949390455,0.2726103078405331,1.7602294541782346,-0.5989444251685285,51.24080921210666
primary_guildford_a_dh_td,SUB:SPN-S000000171612,0.475,0.475,14.0,0.0489283373337806,2021-01-20 18:00:00,0.1030070217261822,1.955055163999936e-08,0.475,0.0229516315125133,0.0483192242368701,0.0163886759270677,0.016905878898873,0.0008231431666752,0.005966088058777,17.50985915492958,13.999976280648546,0.0,0.0,9.000017423349,0.046951566592659,0.2766666445799055,-0.6058033714108783,51.23945887193364
primary_guildford_a_dh_td,SUB:SPN-S000000171613,0.475,0.475,81.0,0.3806526607387704,2021-01-20 18:00:00,0.8013739913400024,1.8533505569766552e-08,0.475,0.1517245362280062,0.3194200762694869,0.1221384266660053,0.1283790201668407,0.0066899967996256,0.0402344766110635,118.08407983445696,80.9997979845918,0.0,0.0,53.99994176105411,0.343057587231056,2.5573130254359278,-0.6009897232177484,51.23697198666573
primary_guildford_a_dh_td,SUB:SPN-S000000171614,0.285,0.285,97.0,0.2850000316966836,2021-12-14 20:00:00,1.0000000188421192,2.6326679156560956e-08,0.285,0.1976208536572448,0.6934065040605082,0.1680734349327124,0.1752908754875122,0.0104749308701692,0.0554266659595808,162.67160404241972,96.9997428134614,0.0,0.0,58.999838816265225,0.4426417319168695,3.49497971382493,-0.6024398301380592,51.23217775584382
primary_guildford_a_dh_td,SUB:SPN-S000000171615,0.29925,0.29925,34.0,0.1443585383178842,2021-01-20 18:00:00,0.4824011013950941,1.8087442888814042e-08,0.29925,0.0546110142476023,0.1824929465249869,0.0532917783686504,0.0546450973482432,0.0036794689278562,0.0194725954559205,57.15007898894154,33.99992733456352,0.0,0.0,21.000042100536813,0.1290438541768076,0.8638128457322964,-0.6121945826079177,51.23111019961913
primary_guildford_a_dh_td,SUB:SPN-S000000171616,0.475,0.475,106.0,0.336866305825259,2021-01-20 18:00:00,0.7091921945435921,1.8918782450192733e-08,0.475,0.1472031156304221,0.3099012960640467,0.1474863461782578,0.1481354808779888,0.0062323696905411,0.0451718095878834,132.57464788732392,105.99961724232446,0.0,5.099168828236611e-06,56.99993361081162,0.3390609577872288,1.9576460765455788,-0.5985486631027599,51.23945492453624
primary_guildford_a_dh_td,SUB:SPN-S000000171617,0.475,0.475,139.0,0.4623331058709276,2021-01-20 18:00:00,0.9733328170546878,1.8256808588015e-08,0.475,0.2075899081782212,0.4370313856383606,0.1560322264192093,0.1608136656053149,0.0100818849009886,0.0620810588435384,182.20156756487347,138.99961779110973,0.0,0.0,82.99986567855879,0.4673828663435047,2.5632711846180225,-0.5953480975559606,51.23980893804026
primary_guildford_a_dh_td,SUB:SPN-S000000171618,0.475,0.475,178.0,0.4750000038223137,2021-12-14 20:00:00,0.9999999700377996,1.8054359473311396e-08,0.475,0.2709823906208924,0.5704892434124051,0.2301025202995603,0.2463415256509371,0.0179573541594532,0.0883248794613902,259.22450088041285,171.9995060584747,0.0,0.0,97.99972180663129,0.6037486107698352,4.1116953005858345,-0.5935270961604932,51.236474621778605
primary_guildford_a_dh_td,SUB:SPN-S000000171619,0.475,0.475,285.0,0.4750000287606266,2021-12-14 20:00:00,1.0000000092562376,2.4363913529470546e-08,0.475,0.3429993214644024,0.7221038346618998,0.4103525411450153,0.4228469603273772,0.0207832894126235,0.0993067199063153,291.4550810458628,262.3690969465256,0.0,0.0,124.0000252038638,0.7961218665929751,4.314051061540972,-0.5888811288711313,51.2373437763708
primary_guildford_a_dh_td,SUB:SPN-S000000171621,0.475,0.475,177.0,0.4749998522643689,2021-01-20 18:00:00,0.9999996508545036,1.810848615507245e-08,0.475,0.2115671474343898,0.445404520914505,0.2145544017522877,0.2234452427397512,0.0078761491948351,0.0428521942129479,125.7668136568222,134.99962505800167,0.0,0.0,116.9995413940538,0.4903695124166406,2.7280623216664,-0.586580087631267,51.236063867725655
primary_guildford_a_dh_td,SUB:SPN-S000000171622,0.285,0.285,64.0,0.2849999733769158,2021-12-14 06:00:00,0.9999998434036425,1.8006880591250165e-08,0.285,0.1316719360904714,0.4620067932998997,0.1087101829569199,0.1156562881564389,0.006352286616072,0.0315696769650148,92.65377778170853,63.99986607009679,0.0,0.0,42.99998260951846,0.2922268653756951,2.5712504869561235,-0.5898274303314767,51.23355816931475
primary_guildford_a_dh_td,SUB:SPN-S000000171623,0.475,0.475,99.0,0.4749999032091537,2021-01-20 18:00:00,0.9999997574481186,1.8421301867878362e-08,0.475,0.2023197742552159,0.4259363668530861,0.2167521055832385,0.2248204821906696,0.009606059448547,0.0503881964267161,147.88421052631577,98.99977768149084,0.0,0.0,66.00010082895034,0.4556158514252422,3.521729966559745,-0.5858988895692661,51.23247778198309
primary_guildford_a_dh_td,SUB:SPN-S000000171624,0.475,0.475,110.0,0.4749998478335588,2021-01-20 18:00:00,0.9999996406791242,1.8510981546652062e-08,0.475,0.2037642168017877,0.4289772985300795,0.1666274000563938,0.1728941552912966,0.0111288763778041,0.0549127668244256,161.1633625636219,109.99971362667196,0.0,0.0,64.99983904516863,0.4605239929719208,3.519834105138761,-0.5943213626746973,51.23438858833637
primary_guildford_a_dh_td,SUB:SPN-S000000171625,0.285,0.285,139.0,0.2876493246022482,2021-12-14 20:00:00,1.0000000235606696,0.0026493178250376,0.285,0.2294495910135994,0.8050862842582437,0.1943336414450875,0.1995564640691638,0.0148548334774949,0.0776506935444744,227.89685533489268,129.45091689398828,0.0,0.0,78.99987481014023,0.5232951374973321,3.3565604708107344,-0.5983367223144612,51.23352757682884
primary_guildford_a_dh_td,SUB:SPN-S000000171626,0.475,0.475,110.0,0.4101494445136115,2021-12-14 18:00:00,0.863472481278866,1.8421143232971644e-08,0.475,0.1758705293271635,0.3702537459519232,0.120797695032756,0.12492507288979,0.011657045508999,0.0622667022903261,182.7464121220212,90.9999742468789,18.99969106031753,0.0,99.9995492824967,0.3756062275675087,2.2035001414377824,-0.6006197406071385,51.23419602844342
primary_guildford_a_dh_td,SUB:SPN-S000000171674,0.76,0.76,153.0,0.6185565829545906,2021-01-20 18:00:00,0.8138902187224216,2.05501304404008e-08,0.76,0.2630194474543842,0.3460782203347161,0.1922371555680414,0.1987398876502781,0.0145657138596059,0.076423711246228,224.2957875973356,152.9997352451912,0.0,0.0,110.00007925346203,0.5895523126345511,3.653167287368137,-0.5801716346606851,51.23391775346145
primary_guildford_a_dh_td,SUB:SPN-S000000171675,0.475,0.475,144.0,0.4749997136832081,2021-01-20 18:00:00,0.999999359155479,1.808436720216348e-08,0.475,0.2358100868536829,0.4964422881130166,0.3781359011261357,0.3781386676261758,0.0084921686882768,0.0449337840264401,131.87606717328077,143.99963699443856,0.0,0.0,67.99988962537307,0.467144071500815,3.22460463509254,-0.5788744634419781,51.23164454141872
primary_guildford_a_dh_td,SUB:SPN-S000000171685,0.475,0.475,66.0,0.1102890159338562,2021-01-20 18:00:00,0.2321873926889876,1.8978580670367923e-08,0.475,0.0666105616330029,0.1402327613326377,0.0667932111334803,0.0705210543215598,0.0021189651995092,0.0152647270917013,44.80041507615907,22.99981433997064,0.0,0.0,34.000098410778094,0.139164861487272,0.3484995240320524,-0.5785929118846621,51.2402967851385
primary_guildford_a_dh_td,SUB:SPN-S000000171686,0.475,0.475,144.0,0.3166240383533064,2021-01-20 18:00:00,0.666576896395889,1.885042697433195e-08,0.475,0.1519296356622275,0.3198518645520581,0.1820669351995784,0.1849376495432699,0.0041443719734586,0.0346258052159153,101.62320208545196,87.99976235395087,0.0,0.0,79.99981624943322,0.3407441064954994,1.549405591798168,-0.576473484907825,51.24003981529365
primary_guildford_a_dh_td,SUB:SPN-S000000171689,0.95,0.95,11.0,0.0329611704016207,2021-01-20 18:00:00,0.0346959680861517,2.074525076865157e-08,0.95,0.0162136983488644,0.0170670508935415,0.0108504057176755,0.0113653982135198,0.0004450296128831,0.0024667336558415,7.239611360239163,10.999977075849984,0.0,0.0,8.000016569684266,0.0325724646579628,0.2072084033344332,-0.5796310178605456,51.23614587637396
primary_guildford_a_dh_td,SUB:SPN-S000000171695,0.475,0.475,156.0,0.4749999319668555,2021-01-20 18:00:00,0.99999981809914,1.8369767399897585e-08,0.475,0.2099730377382717,0.4420485005016248,0.3464301462817717,0.3587211008703618,0.0161312757994749,0.1018423567752141,298.8969162995594,155.9995148150227,0.0,0.0,76.000035008017,0.5003879817226315,2.6688750571226505,-0.5714306519291863,51.25257859271811
primary_guildford_a_dh_td,SUB:SPN-S000000171696,0.29925,0.29925,126.0,0.299250016066817,2021-12-02 19:00:00,0.9999999898587272,1.9101593158646413e-08,0.29925,0.1803574844847276,0.6026983608512201,0.1394356224419605,0.1436680722038789,0.0119185579727517,0.0686918934194032,201.60369190154623,125.99966347245184,0.0,0.0,80.9998238625281,0.4174745290293475,2.3951041940472635,-0.5726568808159724,51.2570157014139
primary_guildford_a_dh_td,SUB:SPN-S000000171697,0.285,0.285,101.0,0.2849999651763828,2021-01-20 18:00:00,0.9999998140976122,1.815856677102716e-08,0.285,0.1619331372084236,0.5681864463453461,0.1152287175743719,0.1152703073953472,0.0103353335750697,0.064593808598916,189.5762314777734,100.9997844068139,0.0,0.0,12.000139372020364,0.3269929497138706,1.5501042504388227,-0.5699370065833581,51.25660827884681
primary_guildford_a_dh_td,SUB:SPN-S000000171698,0.475,0.475,141.0,0.4419795292666756,2021-01-20 18:00:00,0.9304831843979638,1.7923637041579917e-08,0.475,0.1954816251501851,0.411540263474074,0.1607406279088858,0.1607952774790661,0.0135807638576533,0.0796980031470546,233.90549993325325,140.99950724057052,0.0,0.0,43.99986630371565,0.45327402377993,2.4522497909205745,-0.5680138988241997,51.25841881614962
primary_guildford_a_dh_td,SUB:SPN-S000000171699,0.95,0.95,8.0,0.031153806029964,2021-12-14 18:00:00,0.0327934793223598,2.0544395672862584e-08,0.95,0.0152591655570866,0.0160622795337753,0.0097645854161445,0.0103217605852226,0.0008163815678986,0.0050884260571483,14.934010812975572,7.999991917458606,0.0,0.0,6.9999811195694015,0.0304171595633524,0.1645833988456085,-0.565490479409883,51.26048273959804
primary_guildford_a_dh_td,SUB:SPN-S000000171717,0.475,0.475,127.0,0.2857039178344074,2021-01-20 18:00:00,0.6014819088924498,1.847186697008196e-08,0.475,0.154322668983809,0.3248898294395979,0.239297822745256,0.2392992997514858,0.0045338824780259,0.0395825984078084,116.17088388214904,96.9995717611444,0.0,0.0,31.000085038410734,0.3174609661594268,1.4129652942261108,-0.5777039452961167,51.24730578564284
primary_guildford_a_dh_td,SUB:SPN-S000000171834,0.475,0.7539887984567714,229.0,0.7539886283285766,2021-12-14 06:00:00,0.999999749446828,1.8786095137786033e-08,0.7539887984567714,0.2506598215229482,0.3324450204512148,0.7426789664799198,0.7748962972196264,0.0084216414370189,0.0729623865972465,214.13715324664284,45.99995487912409,105.99969390113442,0.0,65.00011124871588,0.5735097404193333,2.190772233319451,-0.5723111528807298,51.246495904994326
primary_guildford_a_dh_td,SUB:SPN-S000000172024,0.475,0.475,32.0,0.1424307570193937,2021-01-20 18:00:00,0.2998542134676871,1.8749919557881482e-08,0.475,0.0554899909901134,0.1168210336633968,0.0458694167500639,0.045883352128074,0.0034630295791588,0.0183271486643957,53.78830963665087,31.999914806144652,0.0,0.0,19.00004849607091,0.1299916764160787,0.8360003067296459,-0.615351789033225,51.22850859637997
primary_guildford_a_dh_td,SUB:SPN-S000000172025,0.475,0.475,92.0,0.4254666971438327,2021-01-20 18:00:00,0.8957193274267624,1.8550588400882813e-08,0.475,0.172283750064994,0.362702631715777,0.1676929170458651,0.1680103984404993,0.0099450212692536,0.0526268006954534,154.4542854335321,91.99966106345909,0.0,0.0,57.99980924738369,0.3916127657433156,2.833896324489226,-0.6112038719881935,51.23048758290832
primary_guildford_a_dh_td,SUB:SPN-S000000173973,0.19,0.19,33.0,0.1680136058900874,2021-01-20 18:00:00,0.8842820525194631,1.7993568193986556e-08,0.19,0.0763409740313302,0.4017946001648962,0.0447084234005005,0.0464830921104593,0.003514122783993,0.0183040020920945,53.720376810832434,32.99994830743138,0.0,0.0,32.99987256024347,0.14741730773053,0.9848127591540302,-0.5934278650531593,51.23291426032811
primary_guildford_a_dh_td,SUB:SPN-S000000173976,0.76,0.76,7.0,0.0619229331047163,2021-01-20 18:00:00,0.0814775414280195,1.9875679544549222e-08,0.76,0.0211551959738624,0.0278357841761347,0.0135023129893275,0.0143678765554721,0.0007238392986943,0.0045698493424775,13.412041116005874,6.999988526183305,0.0,0.0,3.615049344973406e-05,0.0432286695868789,0.4146668907717132,-0.5672393942171583,51.26290282634043
primary_guildford_a_dh_td,SUB:SPN-S000000174043,0.76,0.76,229.0,0.5507205316730356,2021-01-20 18:00:00,0.7246322600165052,1.9403623643511843e-08,0.76,0.2592334522171567,0.3410966476541536,0.36049489355282,0.3605503875152569,0.0137906006743438,0.0741307630971795,217.5662189513736,145.99967922103352,0.0,0.0,131.99983057152042,0.5659222056258804,2.690510680632633,-0.5835780676507151,51.23521632404756
primary_guildford_a_dh_td,SUB:SPN-S000000174077,0.29925,0.29925,139.0,0.2992500241500949,2021-12-14 20:00:00,1.000000010115033,2.1123171030747278e-08,0.29925,0.2071529767743933,0.6922405238910386,0.2080810912219261,0.2183558709516058,0.012993533030791,0.0629597243118758,184.78036097913667,138.99974074538522,0.0,0.0,81.99761966484283,0.4777516646467273,2.756312948910524,-0.5907714226657593,51.24003906128964
primary_guildford_a_dh_td,SUB:SPN-S000000174088,0.95,0.95,178.0,0.5330248098323653,2021-01-20 06:00:00,0.5610787350615979,2.0538734867251466e-08,0.95,0.1998842497734611,0.2104044734457485,0.4934164689853029,0.4934185391200187,0.0063545754416427,0.055477972571574,162.82218370883885,73.99972536559007,72.99988933690118,0.0,78.99980539904544,0.4237915126891461,1.834932473941432,-0.5770735125272197,51.24452178515854
primary_guildford_a_dh_td,SUB:SPN-S000000174089,0.29925,0.29925,84.0,0.2992500007220227,2021-12-14 20:00:00,0.9999999424027824,1.795799111261628e-08,0.29925,0.1528844484000886,0.5108920581456596,0.1344694514232353,0.1374962148581639,0.0078548592984942,0.0444444090263673,130.43980152637792,83.99975989081568,0.0,0.0,53.99987827004075,0.3509966333006753,2.645750509622107,-0.5969754136583084,51.23807421690532
primary_guildford_a_dh_td,SUB:SPN-S000000174167,0.76,0.76,21.0,0.1053809976347848,2021-01-20 06:00:00,0.1386592038177338,1.971241040158843e-08,0.76,0.0208496240845632,0.0274337159007411,0.0272811941659793,0.028391580186173,0.0008496019882314,0.0047092187975156,13.82107623318386,1.00004077768297,19.99990406397999,0.0,1.0001508756016837,0.0502588248141452,0.217500088255131,-0.5775652907548897,51.23745487756454
primary_guildford_a_dh_td,SUB:SPN-S000000174198,0.285,0.285,76.0,0.2848178815952241,2021-01-20 18:00:00,0.9993609240824683,1.824337953835573e-08,0.285,0.1341396176232707,0.4706653249939323,0.1316370627392436,0.1369938855583834,0.007858826671539,0.0496155071468992,145.61644640234945,75.99973661632107,0.0,0.0,16.000048645565357,0.2684578929188174,1.550145958974978,-0.5701724693398754,51.25395802382246
primary_guildford_a_dh_td,SUB:SPN-S000000174301,0.76,0.76,245.0,0.3883670172831171,2021-01-20 18:00:00,0.5110092199323772,1.983234353241853e-08,0.76,0.2358866597167678,0.3103771838378524,0.6169639027806816,0.6286098599206635,0.0084017754526908,0.0627196794401706,184.0758537957003,110.94086912096486,45.99998622282498,0.0,90.00009832609932,0.510488173327689,1.8094916205420477,-0.5769345443182277,51.24166256262752
primary_guildford_a_dh_td,SUB:SPN-S000000174543,0.95,0.95,51.0,0.1199219713231086,2021-12-19 06:00:00,0.1262336512912675,2.0568243575907604e-08,0.95,0.0498634853024849,0.0524878792657736,0.0293235581228239,0.030076989328969,0.0020322017545871,0.0115257753014857,33.82697341912004,29.00003183688588,21.999897173609,0.0,23.999980770734187,0.1027422311774945,0.3368126997126545,-0.5769735731557942,51.23595820920465
primary_guildford_a_dh_td,SUB:SPN-S000000174710,0.76,0.76,12.0,0.078609871479043,2021-01-20 18:00:00,0.1034340387311865,1.975501703893005e-08,0.76,0.0276392820949244,0.03636747644069,0.0330306803230167,0.0363444857990068,0.0006843461924349,0.0036237356723119,10.635294117647058,11.999985872000176,0.0,0.0,10.999998703935546,0.0542980338800895,0.4778336208619068,-0.576787602636824,51.23212252983305
primary_guildford_a_dh_td,SUB:SPN-S000000174720,0.29925,0.29925,114.0,0.2521131592405326,2021-01-20 18:00:00,0.8424833541925003,1.8396122426240026e-08,0.29925,0.1300691698541582,0.4346505258284318,0.1359344654184995,0.1385881520251081,0.0065012888281317,0.0344254888869633,101.03529411764706,90.99983089729614,0.0,0.0,52.00001335068822,0.2857961190695662,1.325480951648157,-0.5769719844042377,51.23221036200712
primary_guildford_a_dh_td,SUB:SPN-S000000174793,0.475,0.475,126.0,0.1900339657732006,2021-01-20 18:00:00,0.4000714909482971,1.8928515805136535e-08,0.475,0.1177884927411512,0.2479757741918974,0.2445075239692248,0.2445086818291085,0.0035542169915778,0.0295554232237199,86.74214876033056,83.37552853741066,0.0004648087745724,0.0,41.00002916909787,0.2696085550517293,1.1612154769507292,-0.5748461258649692,51.23864415715205
primary_guildford_a_dh_td,SUB:SPN-S000000174828,0.95,0.95,13.0,0.0618396664087206,2021-01-20 18:00:00,0.0650943842725227,2.0736413598995737e-08,0.95,0.0252026473217478,0.026529102443945,0.0154549057533074,0.0165725774921734,0.0007643472261984,0.0055399389117215,16.259154929577466,12.999995998028968,0.0,0.0,0.0002247245940793,0.0498700543975616,0.391562614649481,-0.6139786680125286,51.23990363334117
primary_guildford_a_dh_td,SUB:SPN-S000000174977,0.76,0.76,1.0,0.0066885100033561,2021-01-20 18:00:00,0.0088006708293377,1.9664344693843436e-08,0.76,0.0021888298677046,0.0028800392996113,0.0016047896758799,0.0017648035919969,5.879594047680351e-05,0.0004261491470555,1.2507042253521126,1.000001765869264,0.0,0.0,0.9999990695928288,0.0042691082062989,0.0306251321941246,-0.6153722633330494,51.240517969863525
primary_guildford_a_dh_td,SUB:SPN-S000000174989,0.76,0.76,49.0,0.1275435441582088,2021-01-20 18:00:00,0.167820448418512,2.0022230533624857e-08,0.76,0.0600395234388221,0.0789993729458185,0.23723167224838,0.2372325663909217,0.002744698783605,0.0145637322863646,42.7430669128638,48.99985234832775,0.0,0.0,12.999972968582757,0.1249452353295123,0.7825831240220449,-0.5783408978108254,51.23551171224829
primary_guildford_a_dh_td,SUB:SPN-S000000175025,0.475,0.475,7.0,0.0163311499731828,2021-01-20 18:00:00,0.0343813669814732,1.9108693576660468e-08,0.475,0.0080814606041166,0.0170136012718245,0.0324208113800739,0.0341528482943766,0.0002498990342219,0.0021817180224776,6.40311958405546,6.99993397795505,4.670497449967036e-05,6.716362434628031e-06,0.0001286659422124,0.0165077214733981,0.0725832402516647,-0.577877021945701,51.24815054390668
primary_guildford_a_dh_td,SUB:SPN-S000000175216,0.76,0.76,13.0,0.0643244656776769,2021-12-14 06:00:00,0.0846374525983068,2.012068750454396e-08,0.76,0.0221741155580792,0.0291764678395779,0.0412945171183442,0.0412946445279942,0.0003911021959664,0.0033013353596166,9.689082125603862,8.00062860226911,4.999352607989951,1.1698862621110588e-05,5.000021193937165,0.045251179104018,0.3233750033779522,-0.573935972912838,51.23482502230885
primary_guildford_a_dh_td,SUB:SPN-S000000175297,0.95,0.95,98.0,0.2043670829177613,2021-01-20 18:00:00,0.2151232405383455,2.0482831394773216e-08,0.95,0.119634514451024,0.1259310678431832,0.3052006343747628,0.305201666616306,0.0031686134771617,0.0226470462813483,66.46676796501501,87.99979231539017,9.99996900977531,0.0,46.99976081878316,0.2400510870627303,1.2218959039010078,-0.5792255951672134,51.23841572565794
primary_guildford_a_dh_td,SUB:SPN-S000000181145,0.475,0.5157095072865933,224.0,0.5157094525212437,2021-01-20 18:00:00,0.9999998579457606,1.8493374877387623e-08,0.5157095072865933,0.2899835113576479,0.5623001074449777,0.5079738646772943,0.5079780262232607,0.0127744622587852,0.0676430658831561,198.5254901960785,191.99991272472508,31.999597248090947,0.0,141.99973743229356,0.5795236445335531,2.701791773876974,-0.5785612655278036,51.23380697062873
primary_guildford_a_dh_td,SUB:SPN-S000000181236,0.76,0.76,59.0,0.1278141520494972,2021-12-14 17:00:00,0.16817651134187,2.0393311838216743e-08,0.76,0.0734730527718972,0.0966750694367068,0.5134268502387129,0.5134275364069614,0.0021062918598703,0.0183887661894543,53.96915077989601,58.9998483399776,0.0,0.0,0.999996978481462,0.1503977434793957,0.8403960601266658,-0.5789594419837589,51.245186054503016
primary_guildford_a_dh_td,SUB:SPN-S000000181316,0.29925,0.29925,119.0,0.2992499615703565,2021-01-20 18:00:00,0.99999981156119,1.7960673762332302e-08,0.29925,0.1675729941544878,0.559976588653259,0.255302197273661,0.2553059582427039,0.0115448339351594,0.0682893154242974,200.42216659991988,118.99959656711786,5.427710399217977e-05,0.0,51.99999442628139,0.3691282272131095,1.9723958924023468,-0.567642929543498,51.25898831950035
primary_merrow_dh_td,SUB:SPN-R000000843506-000-002Z,0.0475,0.0475,13.0,0.0475000145498707,2021-12-13 21:00:00,1.000000003376912,1.4389467416576702e-08,0.0475,0.0067724832447795,0.1425785946269381,0.01787452578932,0.0193653495562305,0.0005676587451457,0.0056946134923597,16.24825737265416,12.999978302550126,0.0,0.0,7.00001536830552,0.0266647969505733,0.4258334338198762,-0.5515098865396744,51.26450352556616
primary_merrow_dh_td,SUB:SPN-R000000843508-000-011Z,0.095,0.095,23.0,0.138557847279644,2021-12-13 21:00:00,1.0000000227987322,0.0435578441207008,0.095,0.0212726201721003,0.2239223176010562,0.0483094860916626,0.051656279841102,0.0020032679451276,0.011162805951044,31.850474898236094,22.999972318902508,0.0,0.0,12.000244685932875,0.0790221148970155,1.594854239965193,-0.5385548430898726,51.23499080747922
primary_merrow_dh_td,SUB:SPN-R000000843508-000-016Z,0.095,0.095,10.0,0.0842637226915225,2021-12-13 07:00:00,0.8869864438705313,1.1864693259269988e-08,0.095,0.0073749740188541,0.077631305461623,0.0222419791642594,0.0245727765518541,0.0008709860630989,0.0048533938917582,13.84803256445048,9.999981773280323,0.0,0.0,9.999981773280323,0.0280599188294412,0.8277710609253818,-0.5312237493774533,51.23175480213702
primary_merrow_dh_td,SUB:SPN-S000000171705,0.475,0.475,174.0,0.472477323148813,2021-12-13 07:00:00,0.9946890761939536,1.2020525148823452e-08,0.475,0.0392750772232549,0.0826843731015893,0.3255320487751648,0.3318572049214065,0.0076910120731693,0.0639074123317737,182.34496247728845,173.99974501786377,0.0,0.0,111.9998675297128,0.2768562202617903,3.850771147852205,-0.5586728214515678,51.24031638864756
primary_merrow_dh_td,SUB:SPN-S000000171706,0.7125,0.7125,116.0,0.34578368200699,2021-01-20 05:00:00,0.4853104221103027,1.2885359507758552e-08,0.7125,0.0246248998798931,0.0345612629893236,0.3549578812502458,0.3566018693817876,0.0055227997262368,0.0465114745799754,132.70969325153374,104.99984260741016,10.99993465623719,0.0,93.9998286591618,0.1861981056718549,2.785187823871172,-0.5617707598015899,51.24226888332549
primary_merrow_dh_td,SUB:SPN-S000000171708,0.475,0.475,46.0,0.1993235401465302,2021-12-13 07:00:00,0.4196284947826803,1.2212605095886048e-08,0.475,0.0153087251956139,0.0322288951486609,0.0572932694344655,0.0599987080419033,0.002160179023305,0.0182057270667376,51.9458150115948,45.999965807432034,0.0,0.0,22.0000413335554,0.0801900126943538,1.4445834597472298,-0.5650061424111069,51.24127135447584
primary_merrow_dh_td,SUB:SPN-S000000171709,0.475,0.475,105.0,0.3189726782999865,2021-12-13 21:00:00,0.6715214110116803,1.2016650916985408e-08,0.475,0.0229958358011563,0.0484122858971713,0.1835982434363469,0.1885719772641801,0.005734726789118,0.046421168051201,132.4520245398773,104.99986227107868,0.0,0.0,39.00010687216715,0.1871283648092473,2.6426043571497084,-0.5555042010624976,51.24680293446011
primary_merrow_dh_td,SUB:SPN-S000000171710,0.76,0.9439176236943184,121.0,0.5657039179880213,2021-01-20 05:00:00,0.5993149151885595,1.2345219545529092e-08,0.9439176236943184,0.0616003605037027,0.0652603139907594,0.9297588593389038,0.9791071011166704,0.0061446640455438,0.0507703304769769,144.86134969325155,120.99981936555557,0.0,0.0,107.99984514602336,0.2764844145617201,5.226437806842632,-0.5589212178393876,51.244929609286665
primary_merrow_dh_td,SUB:SPN-S000000171711,0.29925,0.29925,69.0,0.2992499859262776,2021-12-13 16:00:00,0.999999913167376,1.1910941479965046e-08,0.29925,0.0301736453464602,0.1008308950591821,0.1351545903816524,0.1367428210568129,0.0045205034319757,0.0349301207135553,99.66498905908097,68.99989465969752,0.0,0.0,50.99990293791757,0.154677059420626,2.885333684155273,-0.5478341998235081,51.24291867729362
primary_merrow_dh_td,SUB:SPN-S000000171712,0.475,0.475,166.0,0.4735915483449304,2021-12-13 21:00:00,0.9970348132195022,1.2101550291437988e-08,0.475,0.0308217622303598,0.064887920484968,0.2311289319310948,0.2308343330078375,0.012141760023586,0.0898306648494499,256.3109444370176,165.99962480325993,0.0,0.0,117.99974463821498,0.2910872979976792,4.221375237800242,-0.5413692140389779,51.24058021821186
primary_merrow_dh_td,SUB:SPN-S000000171713,0.475,0.475,98.0,0.3109373027337914,2021-12-13 17:00:00,0.6546048314110846,1.1936249033205945e-08,0.475,0.0231669984848005,0.0487726283890536,0.1497660601549355,0.1495768373886234,0.0077987298601035,0.0580248555515586,165.56045257114212,97.99980252873748,0.0,0.0,59.99964302603542,0.1878990100655024,2.5375417936503197,-0.5371183280233043,51.24071965378618
primary_merrow_dh_td,SUB:SPN-S000000171714,0.475,0.475,94.0,0.3716768575018672,2021-12-13 18:00:00,0.7824775745547989,1.2253817945446231e-08,0.475,0.0236145717627038,0.0497148879214817,0.1331875300096843,0.1432874407428003,0.0059793249940374,0.0465332350940862,132.77178182599243,93.9998044494264,0.0,0.0,75.99983557840463,0.1908501156851247,3.3134794408817423,-0.5507337843405825,51.24091028929863
primary_merrow_dh_td,SUB:SPN-S000000171715,0.95,0.95,109.0,0.3624753761774495,2021-01-20 06:00:00,0.3815530225267096,1.2520082667079476e-08,0.95,0.0254807269134748,0.0268218178036577,0.3003496280193234,0.3003397221161328,0.0054401861293117,0.0451785647064658,128.90654441476153,108.99976711008092,0.0,0.0,95.99768167339629,0.2116285148527732,3.855916881805285,-0.554991889009003,51.24268763556172
primary_merrow_dh_td,SUB:SPN-S000000171716,0.29925,0.29925,115.0,0.2992500076917599,2021-01-10 15:00:00,0.9999999815160288,1.3223088515764404e-08,0.29925,0.0249630124642144,0.0834185880174249,0.2822681128911283,0.2916419236597082,0.0074983639865766,0.0580063225643828,165.50757299539544,114.9996326097155,0.0,0.0,63.999875685572704,0.2166734025993395,3.280666872439664,-0.5502847763399686,51.24337409153853
primary_merrow_dh_td,SUB:SPN-S000000171804,1.9,1.9,212.0,0.4666335381684716,2021-12-13 07:00:00,0.2455965971887748,1.4290912461586709e-08,1.9,0.066269226930526,0.0348785404897505,0.8037840285317832,0.928567845625308,0.0064991023465551,0.0563412643188853,160.756715900423,211.9997080824328,0.0,0.0,57.99997219204667,0.2986689674581774,3.4777917942985623,-0.5674189744847411,51.23808457203516
primary_merrow_dh_td,SUB:SPN-S000000171807,0.475,0.4899359194938373,152.0,0.4601117115868048,2021-12-13 19:00:00,0.9391262855646236,1.2083432361112713e-08,0.4899359194938373,0.0313794862721186,0.0640481438971395,0.4825868807014298,0.4984941051535217,0.0053297529222664,0.0451706815550418,128.88405167255567,151.9998002579622,0.0,0.0,94.99986393759208,0.2115260416115269,2.8283334325617906,-0.5633256397798956,51.23856118193391
primary_merrow_dh_td,SUB:SPN-S000000171808,0.475,0.475,131.0,0.4323108150548276,2021-12-13 07:00:00,0.910128008322448,1.2197915841035815e-08,0.475,0.0302065057633155,0.0635926437122432,0.3184890061678356,0.3184790571288814,0.0053181818513798,0.0441643706128161,126.012777053455,130.99986772574505,0.0,0.0,97.99946163176294,0.2076766879620681,2.9108123496328338,-0.5611105181651986,51.23811245960913
primary_merrow_dh_td,SUB:SPN-S000000171810,0.475,0.475,151.0,0.4211044134689605,2021-12-13 07:00:00,0.886535584371625,1.2286521657901625e-08,0.475,0.0490797721481355,0.103325836101338,0.3383126355141868,0.3416560085091863,0.0076128099586271,0.0612288336560995,174.7022601633123,150.9997656231664,0.0,0.0,105.99982223718683,0.2633566480143983,3.287791833177053,-0.5561437964041113,51.23816398415951
primary_merrow_dh_td,SUB:SPN-S000000171811,0.475,0.475,95.0,0.3637416843359456,2021-01-20 17:00:00,0.7657719469567122,1.2446926702435175e-08,0.475,0.0339402786207779,0.0714532181490061,0.1362181868919543,0.1381514815660658,0.0056509471359832,0.0447234705206457,127.60803882348202,94.999879364228,0.0,0.0,27.00007062393755,0.1982704676993886,3.13977099966359,-0.5533017272186312,51.2394233510922
primary_merrow_dh_td,SUB:SPN-S000000171812,0.76,0.76,160.0,0.4730213519099148,2021-12-13 20:00:00,0.6223965054987955,1.2421069449156197e-08,0.76,0.038144726408481,0.0501904294848435,0.362935375091925,0.3629231741070469,0.0065219421339444,0.0489093373776833,139.5514379869303,159.99978951408482,0.0,0.0,106.99986486175372,0.2299892770627678,3.0066876938656955,-0.5635507730489108,51.23604052998907
primary_merrow_dh_td,SUB:SPN-S000000171813,0.475,0.475,199.0,0.4749999060519457,2021-12-13 18:00:00,0.9999997762424276,1.2336795386431296e-08,0.475,0.0509368788600402,0.1072355344421899,0.4207962645007796,0.4205867077345455,0.0086367863765435,0.0688678688884047,196.49847349715805,198.9996240801005,0.0,0.0,78.99990980109406,0.2864403572453796,3.443791859070528,-0.5597021654400558,51.236751347291055
primary_merrow_dh_td,SUB:SPN-S000000171814,0.475,0.475,164.0,0.4749999640691412,2021-12-13 06:00:00,0.9999998991565944,1.1969760065714398e-08,0.475,0.0471633476514202,0.0992912582135162,0.349855096709905,0.3521973912673022,0.0116335689326299,0.0711478728473902,203.00393540181048,163.9996922713818,0.0,0.0,91.99985885319502,0.3150524891784582,4.957000199867841,-0.5561046063258412,51.23575494485009
primary_merrow_dh_td,SUB:SPN-S000000171815,0.285,0.285,122.0,0.3102204910294049,2021-12-13 20:00:00,1.000000010142755,0.0252204878829145,0.285,0.0571311475224359,0.2004601667453892,0.2221897986009057,0.2329894306788433,0.0097194992894728,0.0600889637423174,171.449906029827,105.9998361383862,0.0,0.0,121.99967864736226,0.2705336610290699,3.568000187916541,-0.5486819324014597,51.236684979514045
primary_merrow_dh_td,SUB:SPN-S000000171816,0.475,0.475,50.0,0.2868854379564047,2021-01-20 17:00:00,0.603969327738005,1.2055003492287124e-08,0.475,0.0209539953522276,0.0441136744257424,0.1157675222261301,0.115663428433017,0.0042901781240424,0.0243296521918533,69.41901344679033,49.99994912837599,0.0,0.0,24.0009136430381,0.1190680254728394,2.603729395390088,-0.5444590141492572,51.23663712881768
primary_merrow_dh_td,SUB:SPN-S000000171817,0.19,0.19,25.0,0.1748362289021197,2021-12-13 16:00:00,0.9201906207882484,1.1902264833595077e-08,0.19,0.0143532077942156,0.0755431989169242,0.0461342314425901,0.0492346908635395,0.0021774651577474,0.0121334847293957,34.620081411126186,24.999956530033227,0.0,0.0,13.999982657833977,0.0628155306782934,1.4753960472313603,-0.5422864355806909,51.23469210921142
primary_merrow_dh_td,SUB:SPN-S000000171821,0.285,0.285,32.0,0.2645193642008671,2021-01-20 17:00:00,0.9281380812592492,1.1896916264188409e-08,0.285,0.0204932102261672,0.0719060007935691,0.1122629495644242,0.1121953240324782,0.0027871554019167,0.0155308604536265,44.313704206241525,31.99992363880885,0.0,0.0,12.999983696858692,0.0984713077554752,2.3726668190440283,-0.5402568015012539,51.232161755049205
primary_merrow_dh_td,SUB:SPN-S000000171822,0.19,0.19,18.0,0.1060004600941,2021-12-13 07:00:00,0.5578971241257988,1.1669173434496452e-08,0.19,0.0094999389843601,0.0499996788650533,0.0688576091138095,0.0688546761840748,0.0015677749135781,0.0087361090051649,24.92645861601086,17.99994568812058,0.0,0.0,17.99992639431732,0.040236756566311,0.8414584693348331,-0.5391049597915015,51.225936581166216
primary_merrow_dh_td,SUB:SPN-S000000171836,0.475,0.5490135918079971,144.0,0.4561963071006076,2021-12-13 18:00:00,0.830938074837188,1.211187816973969e-08,0.5490135918079971,0.0429736259999116,0.0782742479259794,0.5407783879308772,0.6041469799012227,0.0108219529206772,0.0810302421387083,231.2009815950921,143.9998137991485,0.0,0.0,89.99988243260775,0.2653340553773698,4.142771178169761,-0.5515109999083865,51.25162802213285
primary_merrow_dh_td,SUB:SPN-S000000171837,0.285,0.285,78.0,0.2977723307611338,2021-12-13 20:00:00,1.0000000109378688,0.0127723275041391,0.285,0.050114380909707,0.1758399330165159,0.1455897392662356,0.1462751532940696,0.005988145071982,0.0443919627152714,126.66215827338128,77.99988520657269,0.0,0.0,40.99997031076692,0.2172326844390792,3.6773962174080266,-0.5558096092295122,51.25378457670601
primary_merrow_dh_td,SUB:SPN-S000000171838,0.285,0.285,82.0,0.2285530444461233,2021-12-13 21:00:00,0.8019404739367056,1.168934926066104e-08,0.285,0.0209688836550172,0.0735750303684815,0.2702698361596076,0.2702606975899745,0.0048849517419707,0.0368437829279402,105.1251798561151,81.99981045754409,0.0,0.0,45.99987396344009,0.1433716242654484,2.057520980165557,-0.547820192933229,51.25680608208352
primary_merrow_dh_td,SUB:SPN-S000000171839,0.475,0.475,153.0,0.4749999817386175,2021-12-13 16:00:00,0.9999999359706178,1.2152574891003671e-08,0.475,0.0515683563616852,0.1085649607614426,0.2910824579796434,0.2908682547648424,0.0088282876313262,0.0685422969542758,195.5695295774105,152.9997563108762,0.0,0.0,71.99986438347909,0.3107200824387519,4.80327113353672,-0.5504713489408423,51.258975078987206
primary_merrow_dh_td,SUB:SPN-S000000171840,0.475,0.475,124.0,0.3441852534195307,2021-12-13 17:00:00,0.7246005148212963,1.22542212337739e-08,0.475,0.0342080064303854,0.0720168556429168,0.3567558865769068,0.3567430011848064,0.0070764805617493,0.0645858236627174,184.2806516903469,123.99979145605356,0.0,0.0,40.000010302522085,0.2342247305299842,2.728604320020666,-0.5450625575275693,51.25802480724554
primary_merrow_dh_td,SUB:SPN-S000000171845,0.19,0.19,54.0,0.2180350636837636,2021-12-13 21:00:00,1.0000000145261077,0.0280350605165628,0.19,0.0293443749261864,0.1544440785588758,0.1342287423282918,0.1341298882775249,0.004074224537211,0.030480259591941,86.96834355828223,53.999909391067774,0.0,0.0,43.99994048276681,0.1461940133785289,2.47189609556324,-0.5552079153513242,51.250402937496176
primary_merrow_dh_td,SUB:SPN-S000000171846,0.475,0.5309357987849762,105.0,0.2023417731221626,2021-01-20 20:00:00,0.3811040221744854,1.2303162977683441e-08,0.5309357987849762,0.0305504242909023,0.0575407127581444,0.5229717618032016,0.6328500244886073,0.0049990859590936,0.0421009037146329,120.12515337423314,104.99988718603204,0.0,0.0,13.000016287595733,0.1509132999153198,1.5667082510760426,-0.5543068379985446,51.248519680106845
primary_merrow_dh_td,SUB:SPN-S000000171848,0.475,0.475,51.0,0.1754608448154826,2021-12-13 16:00:00,0.36939124277487,1.2175219369437012e-08,0.475,0.0184984357461867,0.03894407525513,0.0732064850490188,0.0771735873170393,0.0039152364873493,0.0287859452108533,82.13401087336203,50.99992908170114,0.0,0.0,14.000183784362225,0.1005585310861175,1.573229396846959,-0.5455399173926232,51.25113544977184
primary_merrow_dh_td,SUB:SPN-S000000171849,0.475,0.475,85.0,0.2512694435911803,2021-12-13 19:00:00,0.528988288642566,1.2261068177523718e-08,0.475,0.0203199016427878,0.042778740300606,0.1127845933969593,0.1126509940339872,0.0055062367050633,0.0458136089717657,130.71849577536997,84.9998166721831,0.0,4.979204110574757e-06,30.99995790222369,0.128624328273326,1.553000135815612,-0.5441509293620934,51.25241314492122
primary_merrow_dh_td,SUB:SPN-S000000171850,0.475,0.475,137.0,0.4319367067509196,2021-12-13 16:00:00,0.9093404119642576,1.2171346513172853e-08,0.475,0.0539176201691264,0.1135107793034242,0.1892973754750089,0.2019307223702865,0.0077944660154299,0.0720397902627749,205.54881465301295,136.99973700571925,0.0,0.0,58.99986258741346,0.2715655351043474,4.213229512307795,-0.5449132504252475,51.25513262041033
primary_merrow_dh_td,SUB:SPN-S000000171851,0.475,0.475,180.0,0.4749999519967917,2021-12-13 20:00:00,0.9999998737631014,1.1959320104092674e-08,0.475,0.0469643453026036,0.0988723059002181,0.2050075263019083,0.2192911414537338,0.0100879110038039,0.0990214861264767,282.5348189415041,179.9996684583788,0.0,0.0,60.999952096107904,0.3137613205030676,4.28112524112336,-0.5398924332405044,51.25805696374113
primary_merrow_dh_td,SUB:SPN-S000000171852,0.285,0.285,93.0,0.284999923837476,2021-12-13 21:00:00,0.9999996914650062,1.1769952904427212e-08,0.285,0.0242475211792987,0.08507902168175,0.1226492739491648,0.1257691105345733,0.005021844764776,0.0494529167312022,141.10241545893717,92.99980006147652,0.0,0.0,16.000369458868313,0.1778207845104068,2.6092917544489502,-0.5333084593409183,51.25598319736934
primary_merrow_dh_td,SUB:SPN-S000000171853,0.475,0.475,59.0,0.1733783286339574,2021-12-13 20:00:00,0.3650069981592998,1.2351242779453225e-08,0.475,0.0188693623569983,0.0397249733831544,0.0687491174016426,0.0732522786164389,0.0033065930512468,0.0324570426747896,92.60863509749302,58.99984636815867,0.0,0.0,21.00001502374706,0.1087759094454958,1.385416806119432,-0.5359168144004723,51.261115818979526
primary_merrow_dh_td,SUB:SPN-S000000171854,0.475,0.475,103.0,0.3348274166891162,2021-12-13 16:00:00,0.7048998067719129,1.2019378490537532e-08,0.475,0.0365859517281006,0.0770230562696855,0.1724441921013143,0.1789180474557954,0.0053393006075987,0.0527397686913126,150.4806843555602,102.99979054326168,0.0,0.0,58.99989834145647,0.2021072598454279,3.121166987777741,-0.5387777011967939,51.26233666061855
primary_merrow_dh_td,SUB:SPN-S000000171855,0.285,0.2990096167974123,93.0,0.2990095327126941,2021-12-13 07:00:00,0.999999679877602,1.1634961070178976e-08,0.2990096167974123,0.023542212281257,0.0787339635875575,0.2945244725454511,0.2945163197519064,0.0043580127555115,0.043428121045542,123.91205986244188,79.9998255400245,12.999933218313092,0.0,38.99993957216363,0.1626240971896937,2.034333472709936,-0.5375367192354865,51.26525048610589
primary_merrow_dh_td,SUB:SPN-S000000171856,0.475,0.475,127.0,0.4534925236512893,2021-12-13 04:00:00,0.954721078163466,1.2070167136427272e-08,0.475,0.037765635874623,0.0795066018413117,0.2407326659719347,0.2407220272161779,0.0058426587043543,0.0583217255640212,166.40750222169115,99.99980317549216,26.99989330260115,0.0,86.99978599694118,0.2370832634307481,3.198562663348546,-0.5418214114954777,51.261652372116
primary_merrow_dh_td,SUB:SPN-S000000171857,0.475,0.475,136.0,0.3263281308731919,2021-12-13 21:00:00,0.6870065737551427,1.2138892763824144e-08,0.475,0.033055139730145,0.0695897678529368,0.1702457431250441,0.1700527357212387,0.0079547119652394,0.0665238933513051,189.8104835478668,135.99978624167605,0.0,0.0,71.99992236897037,0.2307736539578772,2.6631252365553126,-0.5413249095494883,51.250615098472615
primary_merrow_dh_td,SUB:SPN-S000000171858,0.475,0.475,82.0,0.3008317463085144,2021-12-13 16:00:00,0.6333299761411397,1.2065547775526234e-08,0.475,0.0255634774057414,0.0538178471699819,0.117871975922113,0.1247971416500504,0.0056191941938977,0.0431785641449658,123.20000719106665,81.99981990114614,0.0,0.0,44.99996953782183,0.1708206668417549,2.786104479714776,-0.5413570310871562,51.24889960802541
primary_merrow_dh_td,SUB:SPN-S000000171859,0.7125,0.7125,165.0,0.453233376767636,2021-12-13 18:00:00,0.6361170086331959,1.2759419766688734e-08,0.7125,0.0375928441290604,0.052761886496927,0.2092230574675973,0.2096279057174177,0.0085574288455175,0.0773015724880177,220.56208850369796,164.9996625906291,0.0,0.0,49.99995320160348,0.2567933611828472,2.917000121816816,-0.5374264811739402,51.25047407665291
primary_merrow_dh_td,SUB:SPN-S000000171860,0.95,0.95,132.0,0.3806635521859131,2021-12-13 20:00:00,0.4006984705856101,1.2801604757975489e-08,0.95,0.0276425969630107,0.0290974704873797,0.1875833070872055,0.187399424262755,0.0075786465960255,0.0646651003744587,184.50684938010403,131.99975674244592,0.0,0.0,52.000008301366165,0.2241558471009296,2.5853749769387733,-0.5345890424279305,51.24752881190784
primary_merrow_dh_td,SUB:SPN-S000000171861,0.475,0.475,86.0,0.286764478288378,2021-12-13 16:00:00,0.603714675539699,1.226907552009349e-08,0.475,0.0219083657663206,0.0461228752975171,0.2016860494788841,0.2015492798765499,0.0056368966719275,0.0463938252830722,132.37400829971753,85.99987875283648,0.0,0.0,51.87731745696307,0.1598063130001107,2.7162503031256544,-0.5310781515175237,51.24616809136268
primary_merrow_dh_td,SUB:SPN-S000000171862,0.475,0.475,104.0,0.3543748855209364,2021-01-20 17:00:00,0.746052371747194,1.1984439137883052e-08,0.475,0.0430874251778272,0.0907103687954258,0.2029056923464702,0.2027141023579187,0.0082909515919462,0.0617399877340136,176.1607196401799,103.99980243301952,0.0,0.0,59.99997322811584,0.2294189700832235,3.8482504287405135,-0.5345024526842126,51.24448145018595
primary_merrow_dh_td,SUB:SPN-S000000171863,0.475,0.475,125.0,0.4312603527131592,2021-12-13 07:00:00,0.9079165089681268,1.20642139421234e-08,0.475,0.0299462634343973,0.063044765125047,0.1944059212197558,0.1966047939430462,0.0099650860480123,0.0742067160264587,211.7316341829086,124.9997895737984,0.0,0.0,83.99988093487524,0.24202309509592,3.777583553598197,-0.5325596543267869,51.24101151032634
primary_merrow_dh_td,SUB:SPN-S000000171864,0.475,0.475,176.0,0.4749998847982435,2021-12-13 21:00:00,0.9999997316192576,1.227909955066223e-08,0.475,0.043499874702194,0.0915786835835665,0.2143606143031497,0.224180697466079,0.0137876331286852,0.1018018844345167,290.46803993501635,175.9997192950413,0.0,0.0,103.999917296539,0.321867294306357,4.205729572913537,-0.5389733691356883,51.24302484722608
primary_merrow_dh_td,SUB:SPN-S000000171865,0.285,0.285,119.0,0.3539782084565429,2021-12-13 20:00:00,1.0000000090753665,0.068978205244061,0.285,0.0551936350314153,0.1936618773032118,0.1952934863007135,0.1950797784374034,0.008807871945948,0.065028742570597,185.5444179529913,118.99980794748404,0.0,0.0,77.99991435130374,0.287677952362646,3.830292056299031,-0.5425658649762621,51.24255307648173
primary_merrow_dh_td,SUB:SPN-S000000171866,0.285,0.285,37.0,0.2123132513035316,2021-12-13 18:00:00,0.7449587455968474,1.1824050984095109e-08,0.285,0.0167671053846314,0.058831948718005,0.0908082552012624,0.090736686642025,0.0029496654702116,0.0219651879438317,62.67256371814093,36.9999435191983,0.0,0.0,36.99993695345679,0.0854037715565915,1.9807502316921248,-0.527869695969095,51.244654472805706
primary_merrow_dh_td,SUB:SPN-S000000171867,0.285,0.285,55.0,0.2757615541072504,2021-12-13 18:00:00,0.967584360805206,1.1655590123017717e-08,0.285,0.0206351290823371,0.0724039616924111,0.1331489188180711,0.1330425331219074,0.0043846378611254,0.0326509550516418,93.16191904047976,54.99990305674013,0.0,0.0,25.00002955130529,0.126713149732306,2.315875312494994,-0.5260834429268637,51.24404177205273
primary_merrow_dh_td,SUB:SPN-S000000171868,0.19,0.19,36.0,0.190000003313419,2021-12-13 15:00:00,0.9999999533033456,1.2185783961976302e-08,0.19,0.0181956996365803,0.095766840192528,0.0898548062964778,0.0929573040576377,0.0028773226997533,0.0212632198765842,60.66966082765944,35.999962542347404,0.0,0.0,30.99998619015028,0.0922322220170634,2.0711669090640097,-0.5269992541907145,51.2413874372385
primary_merrow_dh_td,SUB:SPN-S000000171869,0.475,0.475,45.0,0.1779777584285281,2021-12-13 17:00:00,0.3746900082322255,1.2058557604426816e-08,0.475,0.0172308530934112,0.0362754801966553,0.0927607019127315,0.0926970772610476,0.0027533218784231,0.0235257262189615,67.12519734607834,44.99992585117181,0.0,0.0,44.99527722513613,0.0884844315488161,1.3686460076823033,-0.5285776652357058,51.24632110481683
primary_merrow_dh_td,SUB:SPN-S000000171870,0.475,0.475,133.0,0.3330505263587728,2021-12-13 21:00:00,0.7011589846582239,1.2331178426751112e-08,0.475,0.0347920558427788,0.0732464333532186,0.1306847676970388,0.1321958295016849,0.0063670360333509,0.0626261014614546,178.68903941538846,132.9998133510831,0.0,0.0,30.000012680406364,0.2020885102209068,2.5140627989613744,-0.5304062502028635,51.24818845387829
primary_merrow_dh_td,SUB:SPN-S000000171871,0.475,0.475,103.0,0.361783334761334,2021-12-13 16:00:00,0.7616491064325771,1.2086746744306085e-08,0.475,0.0470048953714743,0.0989576744662617,0.1629529069929418,0.1683370626015859,0.0079069426780702,0.0577363379993891,164.73723472668806,102.99982284924738,0.0,0.0,45.999922229620594,0.2168865300518028,3.2845003792420537,-0.5455506498114848,51.24916143835845
primary_merrow_dh_td,SUB:SPN-S000000171872,0.475,0.475,107.0,0.3684735714819498,2021-12-13 20:00:00,0.7757338147789201,1.2197435009371197e-08,0.475,0.0429345130097271,0.0903884484415309,0.1885414273713734,0.1897863580604279,0.0085166357228378,0.0630014467341838,179.76,106.99980197168809,0.0,0.0,47.999906548781006,0.2197885272762904,3.577021209345898,-0.5485884670123792,51.24774618398243
primary_merrow_dh_td,SUB:SPN-S000000171873,0.475,0.475,106.0,0.2963093979181876,2021-12-13 07:00:00,0.6238092425290127,1.2370619317839974e-08,0.475,0.027674869414817,0.0582628829785622,0.1567578017487809,0.1675116645286099,0.0076626308825469,0.0578715767922072,165.1231072210066,105.99982534651436,0.0,0.0,84.99987055219952,0.1822637074198509,2.1608335037774737,-0.5502749685500403,51.245540905485726
primary_merrow_dh_td,SUB:SPN-S000000171874,0.76,0.76,186.0,0.5505621969581789,2021-01-20 16:00:00,0.7244239311792147,1.2785297827538632e-08,0.76,0.0596122595500872,0.0784371836185358,0.3255037925711336,0.3622120840673871,0.0121857049035868,0.0941594558365405,268.6621444201313,185.99966083364592,0.0,0.0,86.99997068031466,0.3777748538883718,5.309645824904274,-0.546227455676496,51.24119955831236
primary_merrow_dh_td,SUB:SPN-S000000171875,0.475,0.475,128.0,0.3906413051665201,2021-12-13 16:00:00,0.8224027266925034,1.2144391913620156e-08,0.475,0.036272664179796,0.0763635035364126,0.2519598463084668,0.2583691462748138,0.009498195966279,0.071320534884086,203.4965864332604,127.99969221384562,0.0,0.0,73.99989698316733,0.2490905600767831,3.5381461140716017,-0.5467875816676957,51.245940983556935
primary_merrow_dh_td,SUB:SPN-S000000171877,0.475,0.475,76.0,0.3519655438924571,2021-12-13 16:00:00,0.7409800736095894,1.2048774969344702e-08,0.475,0.0299745425131108,0.0631043000276017,0.1338966792451748,0.1385401307225993,0.005783986142461,0.0421575792521866,120.28686386119458,75.9998842186028,0.0,0.0,51.99992217056651,0.175366629075121,3.276229477272643,-0.5418124740796616,51.24649624163485
primary_merrow_dh_td,SUB:SPN-S000000171878,0.475,0.475,36.0,0.2079160367506707,2021-12-13 17:00:00,0.4377179608281463,1.2239162446144357e-08,0.475,0.0182109886821406,0.0383389235413486,0.0740879407109085,0.0740232581477815,0.0026658622866465,0.0199768913280104,56.99942098591048,35.999921384264006,0.0,0.0,24.999954509367,0.0871929747554808,1.74343774250181,-0.5387479373063498,51.2464335042787
primary_merrow_dh_td,SUB:SPN-S000000171879,0.475,0.475,33.0,0.1357478301364398,2021-12-13 17:00:00,0.2857848983320173,1.1997595700355024e-08,0.475,0.0150769982940537,0.031741049040113,0.0729366817250305,0.0728931480959684,0.0017942186318359,0.0176580146100488,50.3830446893545,32.99994946891152,0.0,0.0,32.99973727430783,0.0680630429942765,0.978979287601126,-0.5319416763679269,51.25749055086825
primary_merrow_dh_td,SUB:SPN-S000000171885,0.285,0.285,79.0,0.2371941660423282,2021-12-13 20:00:00,0.8322601971362267,1.1845458561094536e-08,0.285,0.0210700869721358,0.0739301297267926,0.0859194998880006,0.0887715353520086,0.0052005143310717,0.0401286091261996,114.49766871165646,78.99985474001653,0.0,0.0,66.99982645324995,0.1409451020230518,1.7043540545159226,-0.5524836023869095,51.24724769915234
primary_merrow_dh_td,SUB:SPN-S000000171886,0.475,0.475,62.0,0.1832873003702549,2021-12-13 07:00:00,0.3858679909333083,1.2120553087720578e-08,0.475,0.0205983915268073,0.0433650347932786,0.1416174686833789,0.1449951073339777,0.0048389198839207,0.0359419984522177,102.5521472392638,61.99988390933846,0.0,0.0,22.00035069290313,0.1216350839164742,1.8801460385793332,-0.5512830992249481,51.246254008235546
primary_merrow_dh_td,SUB:SPN-S000000171887,0.475,0.475,84.0,0.2197679667475629,2021-01-20 20:00:00,0.4626693918853974,1.2107995938277184e-08,0.475,0.0201356220403252,0.04239078324279,0.1126381861073837,0.1125393468612026,0.0046075714737011,0.0444088053592792,126.7102148473772,83.9997521304671,0.0,0.0,38.00002468434499,0.133652552471312,1.581937472272026,-0.541400405257492,51.2541370424439
primary_merrow_dh_td,SUB:SPN-S000000171888,0.7125,0.7125,195.0,0.4334830927568693,2021-12-13 19:00:00,0.6083973120505285,1.3019235273827252e-08,0.7125,0.0237066539535425,0.0332724967769018,0.2689133176102459,0.2686629718302858,0.0103178869412865,0.0923960208763806,263.6305922118813,194.99954570695743,2.802689250146093e-05,2.9035402665503067e-06,42.00088716597746,0.2468594972527827,2.5162080807711518,-0.5410987137937789,51.25273508841863
primary_merrow_dh_td,SUB:SPN-S000000171891,0.285,0.285,3.0,0.0105274422648845,2021-12-13 07:00:00,0.0369383924141248,1.1555969894430488e-08,0.285,0.0011673974804236,0.0040961315102583,0.0027786056489902,0.002773079014705,0.0002391620651522,0.001780961184635,5.081559220389805,2.0000024988389717,0.9999985159137184,0.0,5.3966774968169455e-05,0.0043711659961175,0.0364167422626249,-0.5043968292244697,51.25240721970978
primary_merrow_dh_td,SUB:SPN-S000000173929,0.285,0.285,84.0,0.2801594933625127,2021-12-13 17:00:00,0.9830157253019892,1.1852756302786218e-08,0.285,0.0207360168957682,0.0727579540202396,0.1123105549858827,0.1133195104735811,0.0044106223769216,0.0435202946434383,124.17505582232444,83.99980073586792,0.0,0.0,48.00008010034435,0.1555983647717568,2.088104312735225,-0.5384786263733077,51.26096390578545
primary_merrow_dh_td,SUB:SPN-S000000173993,0.475,0.475,74.0,0.1912067745889502,2021-12-13 06:00:00,0.4025405675784018,1.2394301976076996e-08,0.475,0.0283318401345515,0.0596459792306348,0.2258774439596498,0.225865865082252,0.0063589606116625,0.0359986917764271,102.7139084763174,73.99987345371396,0.0,0.0,58.99982748801445,0.1354143215485286,1.6132918836809913,-0.551111432753693,51.23632353608685
primary_merrow_dh_td,SUB:SPN-S000000174080,0.29925,0.3252754555418733,165.0,0.3252754714162953,2021-12-13 20:00:00,1.0000000046313955,1.4367942530970994e-08,0.3252754555418733,0.0328780573641191,0.101077584563975,0.3203963237087452,0.3222348681616207,0.0094477775959855,0.0632864413667678,180.57316601140047,164.9996769571213,0.0,0.0,79.99989657195121,0.2493454859961679,2.6241666111807294,-0.5616027041642705,51.2360590243742
primary_merrow_dh_td,SUB:SPN-S000000174155,0.29925,0.29925,122.0,0.299250017522164,2021-11-22 20:00:00,1.00000000110604,1.719118150719724e-08,0.29925,0.0264312289950015,0.0883249089223108,0.1678120758843534,0.1722075325436492,0.0059641249508616,0.0575018399415195,164.06814896647566,121.99969411683784,0.0,0.0,65.99990326159462,0.2270858750669922,3.3014584890492413,-0.5308191521651712,51.25004731234343
primary_merrow_dh_td,SUB:SPN-S000000174201,0.29925,0.29925,96.0,0.2992499521967815,2021-12-13 07:00:00,0.9999997997009156,1.2136284904590244e-08,0.29925,0.0218387951992945,0.0729784300728304,0.228159603251226,0.2314430797387464,0.0063541482707231,0.0485357460857977,138.4854819794008,95.99980862413062,0.0,0.0,33.999950232235385,0.1740260654355149,2.881146026155983,-0.552911884166337,51.23776453559155
primary_merrow_dh_td,SUB:SPN-S000000174619,0.285,0.285,89.0,0.2850000086103555,2021-11-22 19:00:00,0.9999999814781676,1.3889078007848744e-08,0.285,0.040593036640787,0.1424317075115334,0.1726179643458281,0.1725150899394096,0.0042399216585443,0.0419200453492941,119.60911602209944,88.99982661129765,0.0,0.0,31.999949599994054,0.2033480929738245,3.26714610091974,-0.5267803460115876,51.24897497044158
primary_merrow_dh_td,SUB:SPN-S000000174640,0.29925,0.29925,199.0,0.4575133898776445,2021-12-13 20:00:00,1.0000000068334896,0.1582633867512315,0.29925,0.0861195754751812,0.2877847133673557,0.2714880221540185,0.2722663005150892,0.0102496844246652,0.1010808830786633,288.41082997482226,198.9996502670581,0.0,0.0,64.00029608621729,0.4361363345682623,5.288562780748537,-0.52833482842875,51.252000055904674
primary_merrow_dh_td,SUB:SPN-S000000174673,0.475,0.475,208.0,0.4749999926806936,2021-12-13 19:00:00,0.9999999592732188,1.2025915163267193e-08,0.475,0.031123437506372,0.0655230263292043,0.2537782941920106,0.2583793982398189,0.0112713686516648,0.1109079075664741,316.4499626217616,207.99960931098676,0.0,0.0,40.00008014426336,0.3050710892917036,3.6189998516881934,-0.5376216875105032,51.254731629680194
primary_merrow_dh_td,SUB:SPN-S000000174692,0.475,0.475,133.0,0.3300596624052131,2021-12-13 19:00:00,0.6948624292825751,1.2226866244172305e-08,0.475,0.0240391734637745,0.0506087862395253,0.137766048304252,0.1415785559273104,0.0067048708764191,0.0661674848952268,188.7935547726444,132.99974717148532,0.0,0.0,47.999846476124056,0.2121195797969291,2.479708314989976,-0.5360563918191279,51.252463298906896
primary_merrow_dh_td,SUB:SPN-S000000174722,0.285,0.285,210.0,0.409212003943718,2021-12-13 20:00:00,1.000000007816179,0.1242120007452437,0.285,0.0788063993200896,0.2765136818248759,0.230475659346251,0.2441211050204909,0.0102884367858882,0.1012597909282801,288.92130198323184,209.99959787329144,0.0,0.0,74.99992368262194,0.4151224418867638,4.150124913379548,-0.5343390178663364,51.25147636786643
primary_merrow_dh_td,SUB:SPN-S000000174777,0.29925,0.3570332754185091,145.0,0.3570332228438749,2021-12-13 17:00:00,0.9999998187314516,1.2144271559851768e-08,0.3570332754185091,0.0294528084125384,0.0824931748392758,0.3516777762872315,0.3514681894819593,0.0086380244217775,0.0651505917628211,185.89208633093523,144.99922334247623,0.0004463601250759,0.0,36.00034493131936,0.2406636629137852,2.943645887097363,-0.5504707995971215,51.25643283217795
primary_merrow_dh_td,SUB:SPN-S000000174792,0.29925,0.6797645803698769,239.0,0.5248746828223582,2021-12-13 21:00:00,0.7721418395584421,1.2004127375105318e-08,0.6797645803698769,0.04621961475945,0.0679935614390217,0.6695681116643287,0.6695414760772274,0.0142378471503781,0.1073861478021672,306.40143884892086,238.9996453435103,0.0,0.0,57.99976665581922,0.3690869489199232,4.396729168120801,-0.5537619789217786,51.25597455458855
primary_merrow_dh_td,SUB:SPN-S000000174852,0.29925,0.29925,128.0,0.2992500135120636,2021-11-22 20:00:00,1.000000001148699,1.3168315394863444e-08,0.29925,0.0280959860087361,0.0938880067125687,0.2280363986589103,0.2278489550853224,0.0077254012448644,0.0582096672299563,166.08776978417262,127.9997427105643,0.0,0.0,69.99966017972193,0.2180631437105185,2.932083346502566,-0.5508290251118653,51.254186588849095
primary_merrow_dh_td,SUB:SPN-S000000174899,0.29925,0.4885455343400982,153.0,0.4091505146724505,2021-12-13 18:00:00,0.8374869400673061,1.1981577443923795e-08,0.4885455343400982,0.0326786312808631,0.0668896325600515,0.4812173513249967,0.4812043470817339,0.0069513176930966,0.0672127633150752,191.77601404131383,152.99971412475992,0.0,0.0,54.99987734162993,0.2216864905147405,2.483770816120056,-0.5486572066239714,51.262929435295206
primary_merrow_dh_td,SUB:SPN-S000000174914,0.475,0.475,9.0,0.0594809198023031,2021-12-13 20:00:00,0.1252229859104659,1.1937359941293488e-08,0.475,0.0077205292922717,0.0162537458784668,0.0152118811763258,0.0161560827579837,0.0009306505268927,0.0060436152534335,17.244052863436124,8.999986982663419,0.0,0.0,4.000019233832063,0.025576704111505,0.3875001160808643,-0.5624048139103396,51.261802811604944
primary_merrow_dh_td,SUB:SPN-S000000174925,0.76,0.76,129.0,0.4205777239833684,2021-12-13 07:00:00,0.5533917327521906,1.2814979447814945e-08,0.76,0.036444241149234,0.0479529488805711,0.5516454055628632,0.5516348677219352,0.0056329213941386,0.0565080877318771,161.23270777479894,93.99982555114669,34.99989718883123,0.0,49.99988833524468,0.1874190368835915,1.4857704157442508,-0.5453446223623362,51.26455600053833
primary_merrow_dh_td,SUB:SPN-S000000174940,0.29925,0.29925,74.0,0.2077195167335468,2021-12-13 17:00:00,0.6941336957074201,1.1947412213141448e-08,0.29925,0.0262775704435167,0.0878114300535229,0.241802223432157,0.2526450632614497,0.0041362235248233,0.0335730164797422,95.79280723285189,73.99987707310534,0.0,0.0,12.000004350246943,0.1307171225769055,1.533979328419045,-0.5464656119752884,51.259159207560494
primary_merrow_dh_td,SUB:SPN-S000000174949,0.475,0.5074902003542261,203.0,0.4466856895612454,2021-12-13 21:00:00,0.8801858219735517,1.1837203376052091e-08,0.5074902003542261,0.0383096091195079,0.0754883721750055,0.4998778473489127,0.4996627725484602,0.0088642096357375,0.0889235799191554,253.7227882037534,202.99952728250108,0.0,0.0,48.99994597465742,0.3197370794485711,3.639125022361678,-0.5427544325273594,51.26413934336853
primary_merrow_dh_td,SUB:SPN-S000000175001,0.76,0.76,45.0,0.1620187836413262,2021-12-13 08:00:00,0.2131826066326715,1.2198442614531436e-08,0.76,0.0143359420811229,0.0188630816856881,0.1771346099622063,0.1771311136295902,0.0018689375678115,0.0155539373303659,44.37954871581574,23.00025280294843,21.99939769251386,0.0002715573899629,44.99992205285225,0.065413551466386,0.7212894822701743,-0.5627613952815935,51.24161783807848
primary_merrow_dh_td,SUB:SPN-S000000175036,0.475,0.475,54.0,0.2865963905373098,2021-12-13 17:00:00,0.6033608065913176,1.2275298337059372e-08,0.475,0.0198594180708591,0.0418093012018087,0.0813007048598099,0.0839350688041806,0.0029159098634183,0.0287145968116658,81.93043478260867,53.99992228961078,0.0,0.0,18.99996935314642,0.1166531826020665,2.0553334602636344,-0.5320916845747391,51.25677539890021
primary_merrow_dh_td,SUB:SPN-S000000181331,0.76,0.76,6.0,0.058237118669427,2021-12-13 17:00:00,0.0766277865295947,1.1835590473632802e-08,0.76,0.0069224854334285,0.0091085334650375,0.0127275221485258,0.0141775401739108,0.0006204336845951,0.0040290768356223,11.496035242290748,5.999994199635543,0.0,0.0,3.000026362076113,0.0216021034252168,0.4629376316664348,-0.5624694866132717,51.260645217166
primary_merrow_dh_td,SUB:SPN-S000000181361,0.29925,0.29925,101.0,0.2120226212480698,2021-12-13 19:00:00,0.7085133257325418,1.2028858696853638e-08,0.29925,0.0220551543546824,0.0737014347691978,0.1255530016686344,0.1327461550097833,0.0060097735397386,0.0455823669038371,130.05870022644837,100.99989724398804,0.0,0.0,36.99992280129001,0.1403061682758642,1.4257291410236088,-0.5462486887528265,51.2579432242332
