length,lhd,built,wkt
203.3617521,1343.949869,False,"LINESTRING (496681.828979 150580.31134, 496653.975942 150554.532043, 496591.592287 150401.337317)"
95.4417966,1265.472825,False,"LINESTRING (496614.163786 150352.351913, 496587.786361 150347.051095, 496568.815363 150369.505362, 496591.592287 150401.337317)"
29.50295693,436.8375695,False,"LINESTRING (496591.592287 150401.337317, 496614.443947 150382.676501)"
30.32588203,282.4979663,False,"LINESTRING (496614.443947 150382.676501, 496614.163786 150352.351913)"
244.2847648,1766.024993,False,"LINESTRING (496841.088911 150320.237693, 496785.054647 150316.127913, 496749.755648 150345.328284, 496710.939014 150328.018864, 496614.163786 150352.351913)"
194.0918019,1712.674089,False,"LINESTRING (496776.172121 150489.987383, 496614.443947 150382.676501)"
87.71435664,1265.334482,False,"LINESTRING (496718.749064 150655.181958, 496687.266222 150621.742872, 496681.828979 150580.31134)"
130.6102819,1280.894563,False,"LINESTRING (496681.828979 150580.31134, 496776.172121 150489.987383)"
338.9986891,1743.841552,False,"LINESTRING (496933.604368 150842.511509, 496915.391444 150861.016899, 496862.726194 150870.995472, 496718.749064 150655.181958)"
48.31796774,782.7522921,False,"LINESTRING (496718.749064 150655.181958, 496758.994434 150628.443667)"
277.3357569,2209.974678,False,"LINESTRING (496933.604368 150842.511509, 496886.581112 150766.750586, 496758.994434 150628.443667)"
174.4132238,1984.608692,False,"LINESTRING (496758.994434 150628.443667, 496786.690856 150603.888667, 496875.11738 150624.183794, 496891.37303 150580.432538)"
36.62109909,428.2503908,False,"LINESTRING (496811.599655 150499.260718, 496776.172121 150489.987383)"
92.22646729,1489.43144,False,"LINESTRING (496876.100712 150560.793465, 496827.565064 150530.305751, 496811.599655 150499.260718)"
184.8793668,1550.508339,False,"LINESTRING (496811.599655 150499.260718, 496837.646372 150443.763834, 496841.088911 150320.237693)"
60.40542551,1503.110014,False,"LINESTRING (496901.153463 150313.829494, 496841.088911 150320.237693)"
24.87844242,540.7090916,False,"LINESTRING (496891.37303 150580.432538, 496876.100712 150560.793465)"
253.6463274,1372.481926,False,"LINESTRING (496876.100712 150560.793465, 496912.109255 150460.598364, 496901.153463 150313.829494)"
90.50978871,958.4598664,False,"LINESTRING (496891.37303 150580.432538, 496981.880242 150579.749605)"
153.1124854,1661.967666,False,"LINESTRING (496901.153463 150313.829494, 497008.283547 150287.831983, 497048.505557 150302.674195)"
142.4429258,0,False,"LINESTRING (496931.776202 150939.081304, 496890.448532 150960.530111, 496907.671998 150986.299782, 496941.21785 150957.394917, 496931.776202 150939.081304)"
121.0471849,0,False,"LINESTRING (496931.776202 150939.081304, 496977.882203 150895.41494, 496975.273722 150837.92899)"
41.9205745,587.8259135,False,"LINESTRING (496933.604368 150842.511509, 496975.273722 150837.92899)"
0.7739175588,0,False,"LINESTRING (496956.880659 149795.795832, 496956.529021 149795.106413)"
1072.830155,230.8958215,False,"LINESTRING (496956.529021 149795.106413, 496824.360113 149765.747898, 496755.625943 149796.825359, 496672.196708 150000.042196, 496676.813804 150063.415717, 496697.991651 150093.263099, 496824.780381 150138.53753, 496896.406197 150122.096488, 496950.165934 149936.066558, 496956.880659 149795.795832)"
94.74501999,0,False,"LINESTRING (496956.529021 149795.106413, 496991.304125 149706.974064)"
533.3090495,196.5914512,False,"LINESTRING (497464.70382 149905.399971, 497440.39203 149885.740268, 497324.483792 149862.061275, 497103.097178 149866.270029, 496956.880659 149795.795832)"
27.29496552,419.7477366,False,"LINESTRING (496975.273722 150837.92899, 496998.68729 150823.899735)"
59.94393366,1182.087922,False,"LINESTRING (496999.745043 150636.969567, 496981.880242 150579.749605)"
261.347291,1764.100934,False,"LINESTRING (496981.880242 150579.749605, 496991.868825 150556.743056, 496979.845874 150389.453838, 497024.928786 150337.820673)"
243.0623548,138.7586326,False,"LINESTRING (496991.304125 149706.974064, 497040.908081 149708.647894, 497040.40116 149638.191402, 496982.34538 149642.869107, 496991.304125 149706.974064)"
110.9244735,1001.492245,False,"LINESTRING (497083.210035 150895.73388, 496998.68729 150823.899735)"
191.5358279,1943.662469,False,"LINESTRING (496998.68729 150823.899735, 496982.224913 150676.744548, 496999.745043 150636.969567)"
66.94823111,1112.665694,False,"LINESTRING (496999.745043 150636.969567, 497065.890013 150626.629901)"
270.3256724,1711.676127,False,"LINESTRING (497122.094177 150590.080174, 497024.928786 150337.820673)"
42.32185099,1119.232711,False,"LINESTRING (497024.928786 150337.820673, 497048.505557 150302.674195)"
3.01887972,0,False,"LINESTRING (497048.505557 150302.674195, 497051.509475 150302.374007)"
141.2675072,2172.127237,False,"LINESTRING (497051.509475 150302.374007, 497099.709834 150299.221379, 497090.236378 150265.863984, 497059.734597 150278.462898, 497051.509475 150302.374007)"
291.9492737,1377.393391,False,"LINESTRING (497196.478918 150760.780471, 497172.121822 150787.153285, 497103.42527 150805.811882, 497085.799807 150772.06613, 497065.890013 150626.629901)"
67.04319979,1421.784764,False,"LINESTRING (497065.890013 150626.629901, 497122.094177 150590.080174)"
163.0310735,379.6331501,False,"LINESTRING (497139.029723 151028.381987, 497078.986509 150983.996011, 497083.210035 150895.73388)"
362.6438175,1905.511598,True,"LINESTRING (497083.210035 150895.73388, 497182.479361 150878.572931, 497356.034471 150779.14713, 497384.39311 150753.627657, 497386.896616 150730.025581)"
186.2033324,1499.199807,False,"LINESTRING (497196.478918 150760.780471, 497122.094177 150590.080174)"
214.657317,0,False,"LINESTRING (497272.509583 151178.885135, 497216.176589 151164.590755, 497139.029723 151028.381987)"
282.4514478,510.6824593,False,"LINESTRING (497139.029723 151028.381987, 497298.032464 150894.265221, 497330.022264 150875.410254, 497364.811349 150888.880955)"
895.1238879,246.8507466,False,"LINESTRING (497729.217299 149570.006154, 497662.017063 149384.997775, 497593.963783 149285.074045, 497486.127007 149194.792614, 497245.313528 149054.132458, 497150.231512 148979.142246, 497142.817373 148943.124434)"
1130.588396,2196.505827,True,"LINESTRING (497142.817373 148943.124434, 497134.455763 148894.796969, 497103.278351 148873.231387, 497090.100915 148840.779898, 497307.378871 148843.50983, 497404.391463 148793.233745, 497599.71289 148820.462306, 497788.942396 148869.7063, 498014.134556 148978.373976, 498040.38916 149007.570279)"
805.9461642,1896.003812,True,"LINESTRING (497940.65283 149047.949286, 497711.830451 148997.308367, 497142.817373 148943.124434)"
199.1563751,1951.973668,True,"LINESTRING (497196.478918 150760.780471, 497298.648712 150719.320394, 497386.896616 150730.025581)"
11.83795906,0,False,"LINESTRING (497279.982089 151188.06658, 497272.509583 151178.885135)"
323.8144395,131.7513822,False,"LINESTRING (497272.509583 151178.885135, 497283.787416 151092.162167, 497268.593246 151020.105389, 497364.811349 150888.880955)"
63.54198477,0,False,"LINESTRING (497342.857623 151197.245418, 497279.982089 151188.06658)"
149.5651866,0,False,"LINESTRING (497305.605897 151301.023534, 497259.976394 151288.278284, 497279.982089 151188.06658)"
250.5904283,0,False,"LINESTRING (497305.605897 151301.023534, 497318.576633 151371.991393, 497344.628622 151399.627799, 497409.108762 151363.208367, 497410.398667 151296.808333)"
42.50261969,0,False,"LINESTRING (497305.605897 151301.023534, 497345.710341 151286.948512)"
89.74844297,0,False,"LINESTRING (497345.710341 151286.948512, 497342.857623 151197.245418)"
133.0121811,0,False,"LINESTRING (497342.857623 151197.245418, 497448.960701 151117.030848)"
65.43543038,0,False,"LINESTRING (497345.710341 151286.948512, 497410.398667 151296.808333)"
100.6121352,1368.562546,False,"LINESTRING (497364.811349 150888.880955, 497435.876309 150817.658955)"
182.1762762,1895.801184,True,"LINESTRING (497386.896616 150730.025581, 497442.744818 150630.287311, 497497.770323 150590.562706)"
203.0484625,76.94714752,False,"LINESTRING (497410.398667 151296.808333, 497584.971392 151314.531816, 497610.962014 151305.309384)"
274.4708254,2662.374039,True,"LINESTRING (497497.770323 150590.562706, 497485.33681 150523.985897, 497427.932757 150425.335104, 497416.952053 150333.382241)"
58.70589336,2929.535523,True,"LINESTRING (497416.952053 150333.382241, 497425.289386 150275.271392)"
96.725186,1362.137469,True,"LINESTRING (497416.952053 150333.382241, 497482.301528 150329.408546, 497506.05977 150309.100383)"
378.2738083,465.9481998,False,"LINESTRING (497425.289386 150275.271392, 497409.870568 150240.843187, 497427.698341 150066.366495, 497464.70382 149905.399971)"
94.92736587,966.1808179,False,"LINESTRING (497506.05977 150309.100383, 497459.034634 150270.490038, 497425.289386 150275.271392)"
80.24968043,727.4421491,False,"LINESTRING (497461.215027 150893.803296, 497435.876309 150817.658955)"
195.247814,1968.744193,False,"LINESTRING (497435.876309 150817.658955, 497499.970859 150724.66272, 497530.674608 150648.300747)"
355.6580101,147.3409807,False,"LINESTRING (497448.960701 151117.030848, 497495.30955 151111.516795, 497552.135871 151072.438985, 497565.186527 151009.911974, 497561.400666 150981.785859, 497499.604498 150955.160111, 497490.674165 150908.41562, 497461.215027 150893.803296)"
242.6603065,0,False,"LINESTRING (497448.960701 151117.030848, 497421.22504 150931.135742, 497461.215027 150893.803296)"
162.423201,48.71840938,False,"LINESTRING (497623.081115 149941.426745, 497464.70382 149905.399971)"
70.58870437,1273.872368,False,"LINESTRING (497530.674608 150648.300747, 497523.142338 150611.126331, 497497.770323 150590.562706)"
132.4398035,2511.646734,True,"LINESTRING (497506.05977 150309.100383, 497548.908627 150334.387048, 497630.30029 150319.814006)"
105.1285832,1051.854754,False,"LINESTRING (497635.762623 150645.38046, 497530.674608 150648.300747)"
139.3655862,3480.471853,True,"LINESTRING (497687.595943 151421.713884, 497610.962014 151305.309384)"
281.6948213,1012.87627,False,"LINESTRING (497610.962014 151305.309384, 497803.935964 151185.695308, 497832.954537 151139.378596)"
28.80987469,0,False,"LINESTRING (497631.286477 149969.043424, 497623.081115 149941.426745)"
77.23003196,0,False,"LINESTRING (497623.081115 149941.426745, 497644.338835 149925.690998, 497694.732914 149931.954928)"
61.87994405,1261.749686,True,"LINESTRING (497641.319287 150380.704968, 497630.30029 150319.814006)"
370.8610239,2149.840368,True,"LINESTRING (497985.149161 150383.064227, 497838.604091 150312.972245, 497630.30029 150319.814006)"
77.21137607,0,False,"LINESTRING (497631.286477 149969.043424, 497666.06003 149971.543296, 497701.794228 149948.818265)"
177.3776902,1193.943837,False,"LINESTRING (497719.143563 150065.804879, 497614.97875 150036.170362, 497631.286477 149969.043424)"
136.6011733,1790.899698,True,"LINESTRING (497743.607454 150719.564177, 497683.0376 150701.535507, 497635.762623 150645.38046)"
267.2990973,2596.465932,True,"LINESTRING (497635.762623 150645.38046, 497625.198014 150434.611381, 497641.319287 150380.704968)"
208.6160103,1666.439692,False,"LINESTRING (497791.88524 150475.32895, 497779.069152 150422.138811, 497738.942935 150382.705081, 497641.319287 150380.704968)"
154.7382999,4635.419936,True,"LINESTRING (497736.454099 151565.720657, 497707.525991 151522.448348, 497687.595943 151421.713884)"
101.7350063,1737.474705,True,"LINESTRING (497687.595943 151421.713884, 497779.453361 151377.984875)"
18.28207617,0,False,"LINESTRING (497701.794228 149948.818265, 497694.732914 149931.954928)"
66.32653652,0,False,"LINESTRING (497694.732914 149931.954928, 497732.07664 149877.140189)"
145.3895935,0,False,"LINESTRING (497837.770898 149979.726929, 497795.566723 149989.26094, 497701.794228 149948.818265)"
404.698516,2922.649709,False,"LINESTRING (497864.268818 150100.998389, 497904.67355 150163.026158, 497900.993263 150200.42446, 497740.726492 150172.450007, 497703.773501 150153.199937, 497719.143563 150065.804879)"
154.6918292,2329.476624,False,"LINESTRING (497864.268818 150100.998389, 497805.172841 150066.038874, 497719.143563 150065.804879)"
257.967507,575.1848429,False,"LINESTRING (497767.095943 149825.177553, 497729.217299 149570.006154)"
49.47145882,322.24641,False,"LINESTRING (497729.217299 149570.006154, 497778.494726 149565.628894)"
64.20330819,0,False,"LINESTRING (497732.07664 149877.140189, 497794.458805 149892.323416)"
62.66152803,0,False,"LINESTRING (497732.07664 149877.140189, 497767.095943 149825.177553)"
110.0541336,3326.353931,True,"LINESTRING (497767.394616 151671.335981, 497736.454099 151565.720657)"
270.1074193,2293.265404,True,"LINESTRING (498003.363912 151554.563167, 497869.78435 151540.175773, 497736.454099 151565.720657)"
271.6103329,1117.61212,False,"LINESTRING (497881.199951 150908.170674, 497783.949282 150880.855185, 497762.217919 150855.494826, 497743.607454 150719.564177)"
132.0641465,1592.491267,False,"LINESTRING (497743.607454 150719.564177, 497810.82669 150605.886944)"
75.98615843,0,False,"LINESTRING (497794.458805 149892.323416, 497794.119011 149862.069414, 497767.095943 149825.177553)"
91.53242678,1530.987486,True,"LINESTRING (497800.510019 151754.058636, 497773.781022 151715.452344, 497767.394616 151671.335981)"
438.1014197,2458.302922,True,"LINESTRING (498197.834255 151705.323961, 497854.657024 151648.378878, 497767.394616 151671.335981)"
192.6018768,2096.132222,True,"LINESTRING (497901.904718 149690.056064, 497820.353686 149664.134151, 497778.494726 149565.628894)"
144.7722616,1914.171934,True,"LINESTRING (497778.494726 149565.628894, 497800.472197 149422.534525)"
185.3199843,2368.303675,True,"LINESTRING (497931.211362 151440.246897, 497824.020456 151442.13569, 497779.453361 151377.984875)"
260.8550535,2945.980879,True,"LINESTRING (497779.453361 151377.984875, 497763.198115 151329.709936, 497778.109526 151310.144144, 497871.883991 151283.050148, 497959.465069 151278.361336)"
94.62246092,1365.479176,False,"LINESTRING (497867.350268 150532.411694, 497791.88524 150475.32895)"
188.0617941,1825.559528,False,"LINESTRING (497810.82669 150605.886944, 497735.275481 150551.805601, 497791.88524 150475.32895)"
97.54645813,0,False,"LINESTRING (497837.770898 149979.726929, 497794.458805 149892.323416)"
104.9938909,1619.884724,False,"LINESTRING (497902.737193 149446.316613, 497800.472197 149422.534525)"
115.9577439,2184.925228,True,"LINESTRING (497800.472197 149422.534525, 497795.138011 149353.859106, 497822.462198 149315.525187)"
319.9767978,4554.708373,True,"LINESTRING (498054.173129 151862.331008, 497828.241438 151837.350255, 497799.709846 151798.593234, 497800.510019 151754.058636)"
374.7189397,2524.889723,True,"LINESTRING (497800.510019 151754.058636, 497856.239152 151746.486031, 498172.417643 151784.685337)"
86.05799395,1389.574571,False,"LINESTRING (497810.82669 150605.886944, 497867.541188 150541.161029)"
114.9156257,1798.275898,True,"LINESTRING (497926.670608 149363.962862, 497822.462198 149315.525187)"
169.6075165,2608.80537,True,"LINESTRING (497822.462198 149315.525187, 497897.79468 149163.565565)"
164.8315107,1720.714679,False,"LINESTRING (497832.954537 151139.378596, 497798.655771 151092.409389, 497883.984882 151028.394628)"
13.97038586,0,False,"LINESTRING (497832.954537 151139.378596, 497846.584898 151136.315113)"
85.90458863,0,False,"LINESTRING (497903.766342 150034.719653, 497837.770898 149979.726929)"
252.324463,1875.382967,False,"LINESTRING (497846.584898 151136.315113, 497878.494069 151178.319877, 497922.373594 151192.99888, 497993.560096 151161.824731, 498005.097707 151087.119204)"
126.3747005,1173.9375,False,"LINESTRING (497846.584898 151136.315113, 497960.704058 151082.025315)"
58.57056384,0,False,"LINESTRING (497864.268818 150100.998389, 497907.829138 150061.844725)"
8.75141787,0,False,"LINESTRING (497867.541188 150541.161029, 497867.350268 150532.411694)"
85.71675045,1275.106667,False,"LINESTRING (497867.350268 150532.411694, 497898.812646 150484.646739, 497926.160086 150476.550084)"
69.33682569,1685.266074,False,"LINESTRING (497903.400823 150600.50479, 497867.541188 150541.161029)"
123.1002903,2001.668717,False,"LINESTRING (497883.984882 151028.394628, 497869.365838 150962.732723, 497881.199951 150908.170674)"
165.2637255,1410.593881,False,"LINESTRING (497945.498192 151019.990677, 497954.899338 150933.004402, 497881.199951 150908.170674)"
62.08473047,606.0588444,False,"LINESTRING (497883.984882 151028.394628, 497945.498192 151019.990677)"
62.0322869,1458.401818,True,"LINESTRING (497954.264062 149189.240717, 497897.79468 149163.565565)"
123.3042772,1465.407397,True,"LINESTRING (497897.79468 149163.565565, 497940.65283 149047.949286)"
97.27801233,1604.576371,False,"LINESTRING (497901.904718 149690.056064, 497996.059457 149714.507991)"
235.9793379,2012.972849,True,"LINESTRING (497901.904718 149690.056064, 497906.37679 149454.119105)"
8.609619218,0,False,"LINESTRING (497906.37679 149454.119105, 497902.737193 149446.316613)"
85.76099802,1122.479941,False,"LINESTRING (497902.737193 149446.316613, 497926.670608 149363.962862)"
164.64403,2487.050395,False,"LINESTRING (497961.169596 150712.494926, 497931.113176 150719.279369, 497903.459809 150701.413688, 497903.400823 150600.50479)"
56.70409978,365.0529694,False,"LINESTRING (497903.400823 150600.50479, 497959.716103 150593.875747)"
27.42764678,0,False,"LINESTRING (497907.829138 150061.844725, 497903.766342 150034.719653)"
23.44458812,0,False,"LINESTRING (497903.766342 150034.719653, 497921.827251 150019.771333)"
103.1353211,1356.237597,False,"LINESTRING (498007.622629 149473.770429, 497906.37679 149454.119105)"
155.5072791,211.7199927,False,"LINESTRING (498022.929036 150166.413016, 497907.829138 150061.844725)"
142.9755322,144.1715214,False,"LINESTRING (498057.429935 150065.091468, 497921.827251 150019.771333)"
10.53441512,0,False,"LINESTRING (497921.827251 150019.771333, 497925.393946 150009.859089)"
482.5901481,2384.064417,False,"LINESTRING (498108.943992 149920.342669, 498055.884648 149826.892843, 497929.036651 149794.784619, 497889.004071 149829.643308, 497875.857421 149884.387345, 497925.393946 150009.859089)"
209.7275517,2500.844528,True,"LINESTRING (497925.393946 150009.859089, 498022.239207 149958.777156, 498085.311429 149947.780733, 498108.943992 149920.342669)"
125.8789871,1471.214571,False,"LINESTRING (497959.716103 150593.875747, 497951.222242 150511.17597, 497926.160086 150476.550084)"
114.6536597,1297.638474,False,"LINESTRING (497926.160086 150476.550084, 497936.522461 150432.277533, 497985.149161 150383.064227)"
67.65645992,986.7498252,False,"LINESTRING (497994.079155 149369.749434, 497926.670608 149363.962862)"
84.28070714,1422.543831,False,"LINESTRING (498013.574653 151458.122183, 497931.211362 151440.246897)"
164.332611,2507.572888,True,"LINESTRING (497931.211362 151440.246897, 497959.465069 151278.361336)"
16.51580979,272.5873001,False,"LINESTRING (497940.65283 149047.949286, 497956.974363 149045.423517)"
4.006135986,0,False,"LINESTRING (497948.396779 151022.756056, 497945.498192 151019.990677)"
60.5335784,227.65877,False,"LINESTRING (497960.704058 151082.025315, 497948.396779 151022.756056)"
98.05853728,696.8286688,False,"LINESTRING (497948.396779 151022.756056, 498046.255837 151029.007578)"
188.7328636,2230.168037,True,"LINESTRING (497994.079155 149369.749434, 497951.870643 149265.030053, 497954.264062 149189.240717)"
123.8376311,2167.006891,True,"LINESTRING (497954.264062 149189.240717, 498008.042384 149184.388337, 498019.412506 149115.479243)"
51.29575829,1222.24531,False,"LINESTRING (497994.054374 149080.86823, 497956.974363 149045.423517)"
63.07518789,729.9383726,False,"LINESTRING (497956.974363 149045.423517, 498018.209962 149030.301324)"
92.14369895,1598.492373,True,"LINESTRING (497959.465069 151278.361336, 498050.090081 151261.700949)"
4.200463573,0,False,"LINESTRING (497962.382766 150597.121174, 497959.716103 150593.875747)"
44.68493881,404.3644342,False,"LINESTRING (498005.097707 151087.119204, 497960.704058 151082.025315)"
110.9823375,1519.683256,False,"LINESTRING (498070.747669 150730.093935, 497961.169596 150712.494926)"
61.09600072,1537.46561,False,"LINESTRING (497961.169596 150712.494926, 497976.362025 150653.317976)"
45.74384051,881.1240935,False,"LINESTRING (498007.987462 150600.686385, 497962.382766 150597.121174)"
57.90941373,1465.633902,False,"LINESTRING (497976.362025 150653.317976, 497962.382766 150597.121174)"
31.10419813,0,False,"LINESTRING (497976.362025 150653.317976, 498006.87795 150647.297223)"
105.7422237,1456.362413,True,"LINESTRING (498070.319481 150445.733474, 497985.149161 150383.064227)"
42.90637607,2015.248267,True,"LINESTRING (498019.412506 149115.479243, 497994.054374 149080.86823)"
36.74428606,408.0362311,False,"LINESTRING (497994.054374 149080.86823, 498021.051683 149055.942583)"
36.70375712,2016.2786,True,"LINESTRING (498022.107432 149393.447144, 497994.079155 149369.749434)"
173.9469942,1477.300606,False,"LINESTRING (498156.78678 149781.023286, 497996.059457 149714.507991)"
241.0151047,2148.330083,True,"LINESTRING (497996.059457 149714.507991, 498007.622629 149473.770429)"
231.0992952,2038.595572,True,"LINESTRING (498228.348409 151607.372831, 498003.363912 151554.563167)"
96.98001163,1032.903568,False,"LINESTRING (498003.363912 151554.563167, 498013.574653 151458.122183)"
55.14081447,226.8011476,False,"LINESTRING (498005.097707 151087.119204, 498055.65801 151065.115451)"
70.25804404,1025.548049,False,"LINESTRING (498074.720322 150665.562088, 498006.87795 150647.297223)"
46.62404054,786.7186021,False,"LINESTRING (498006.87795 150647.297223, 498007.987462 150600.686385)"
81.6188678,1269.890196,True,"LINESTRING (498007.622629 149473.770429, 498022.107432 149393.447144)"
50.84322041,478.3331938,False,"LINESTRING (498007.987462 150600.686385, 498058.486426 150594.779807)"
148.5378238,1941.074621,True,"LINESTRING (498013.574653 151458.122183, 498055.31049 151315.568316)"
25.79824737,0,False,"LINESTRING (498021.051683 149055.942583, 498018.209962 149030.301324)"
31.75873384,598.6699625,False,"LINESTRING (498018.209962 149030.301324, 498040.38916 149007.570279)"
58.24751955,1377.84408,False,"LINESTRING (498019.412506 149115.479243, 498077.105233 149107.459092)"
72.49432183,472.3680301,False,"LINESTRING (498080.237088 149097.805628, 498021.051683 149055.942583)"
285.7192884,2038.973299,True,"LINESTRING (498249.920469 149555.294672, 498148.579008 149504.319048, 498076.704058 149417.748744, 498022.107432 149393.447144)"
287.1072526,498.9633619,False,"LINESTRING (498070.319481 150445.733474, 498077.758916 150403.597363, 498053.369082 150253.506405, 498022.929036 150166.413016)"
50.26792722,0,False,"LINESTRING (498022.929036 150166.413016, 498056.262289 150128.786446)"
297.599172,260.773575,False,"LINESTRING (498311.809028 149125.570922, 498104.433919 149021.361162, 498040.38916 149007.570279)"
37.31191965,572.0960005,False,"LINESTRING (498055.65801 151065.115451, 498046.255837 151029.007578)"
307.4144376,1399.075474,False,"LINESTRING (498046.255837 151029.007578, 498067.066214 151007.699985, 498070.747669 150730.093935)"
54.11973689,1432.52729,True,"LINESTRING (498055.31049 151315.568316, 498050.090081 151261.700949)"
187.7283562,1675.820352,True,"LINESTRING (498050.090081 151261.700949, 498081.758337 151076.66296)"
185.9580948,4898.426181,True,"LINESTRING (498130.962083 151974.690677, 498047.156795 151963.496476, 498054.173129 151862.331008)"
92.94710189,1439.980347,True,"LINESTRING (498146.526219 151872.822454, 498054.173129 151862.331008)"
261.604651,1926.835009,True,"LINESTRING (498228.8666 151456.397335, 498223.767741 151372.891406, 498055.31049 151315.568316)"
28.54070819,888.5904243,False,"LINESTRING (498081.758337 151076.66296, 498055.65801 151065.115451)"
72.04137915,0,False,"LINESTRING (498128.261197 150131.259814, 498056.262289 150128.786446)"
63.70568005,0,False,"LINESTRING (498056.262289 150128.786446, 498057.429935 150065.091468)"
145.1256487,1212.122058,False,"LINESTRING (498150.032097 152406.463419, 498137.389759 152346.683595, 498085.8404 152351.95304, 498056.281914 152339.166332)"
247.9803944,1011.753371,False,"LINESTRING (498101.781352 152539.058412, 498011.262277 152455.695283, 498056.281914 152339.166332)"
225.1593411,3777.054045,True,"LINESTRING (498056.281914 152339.166332, 498133.557296 152127.682895)"
65.23714711,168.0484277,False,"LINESTRING (498057.429935 150065.091468, 498121.939364 150055.374522)"
72.62004282,923.2299706,False,"LINESTRING (498074.720322 150665.562088, 498058.486426 150594.779807)"
91.86900771,1237.39227,False,"LINESTRING (498058.486426 150594.779807, 498062.386943 150546.840316, 498095.776804 150518.537908)"
77.12691381,2013.927335,True,"LINESTRING (498095.776804 150518.537908, 498070.319481 150445.733474)"
64.65401203,1410.245043,False,"LINESTRING (498070.747669 150730.093935, 498074.720322 150665.562088)"
65.60191599,1254.23166,False,"LINESTRING (498125.436687 149151.817653, 498077.105233 149107.459092)"
10.14878723,3204.717891,False,"LINESTRING (498077.105233 149107.459092, 498080.237088 149097.805628)"
156.3562582,1032.219636,False,"LINESTRING (498213.045863 149151.387051, 498196.576957 149119.101821, 498125.299549 149095.753706, 498080.237088 149097.805628)"
71.95475534,3202.845995,True,"LINESTRING (498081.758337 151076.66296, 498153.013075 151066.650507)"
160.9096198,1426.341074,True,"LINESTRING (498178.601935 150656.494072, 498095.776804 150518.537908)"
130.6910759,579.5192937,False,"LINESTRING (498165.013189 152642.12967, 498122.607478 152618.54182, 498101.781352 152539.058412)"
89.6765071,2037.902745,False,"LINESTRING (498101.781352 152539.058412, 498162.202852 152472.792898)"
53.59953685,794.484477,True,"LINESTRING (498162.035255 149912.978691, 498108.943992 149920.342669)"
76.14816524,0,False,"LINESTRING (498128.261197 150131.259814, 498121.939364 150055.374522)"
147.9332725,554.7095568,False,"LINESTRING (498121.939364 150055.374522, 498162.035255 149912.978691)"
140.8082213,2287.245709,True,"LINESTRING (498183.509127 149277.26869, 498151.836224 149239.218018, 498125.436687 149151.817653)"
87.61023504,1399.242907,False,"LINESTRING (498213.045863 149151.387051, 498125.436687 149151.817653)"
1611.303353,513.6705006,False,"LINESTRING (498128.261197 150131.259814, 498155.204262 150170.864141, 498135.167042 150304.106908, 498143.356844 150342.605564, 498280.927861 150429.581786, 498671.651942 150437.256519, 498710.426921 150362.409721, 498685.135646 150300.022706, 498684.813451 150236.92254, 498881.872558 150222.756456, 498922.196319 150189.298494, 498993.666525 149929.066917, 498952.974692 149836.411475)"
153.0142282,3340.009657,True,"LINESTRING (498133.557296 152127.682895, 498130.962083 151974.690677)"
37.8516821,1321.579312,False,"LINESTRING (498130.962083 151974.690677, 498149.662797 151941.781208)"
146.3437775,2104.565054,True,"LINESTRING (498245.823216 152216.463432, 498162.824402 152135.268295, 498133.557296 152127.682895)"
69.03005077,2453.149,True,"LINESTRING (498149.662797 151941.781208, 498146.526219 151872.822454)"
91.8614022,2271.574296,True,"LINESTRING (498146.526219 151872.822454, 498172.417643 151784.685337)"
194.35807,2772.465275,True,"LINESTRING (498149.662797 151941.781208, 498210.241556 151960.735294, 498241.945749 151930.04969, 498263.902149 151846.11268)"
50.85288215,641.9891778,False,"LINESTRING (498198.236488 152422.66071, 498150.032097 152406.463419)"
64.78078501,1753.235932,False,"LINESTRING (498162.378539 152470.056779, 498150.032097 152406.463419)"
400.3652337,3742.705095,True,"LINESTRING (498153.013075 151066.650507, 498228.728812 151074.909261, 498359.915282 151036.423919, 498402.376225 151045.276484, 498536.644677 150992.93076)"
159.7517119,2906.003287,True,"LINESTRING (498153.013075 151066.650507, 498160.238498 150907.062278)"
101.9823455,1524.087323,True,"LINESTRING (498188.441053 149875.535349, 498161.51206 149829.06299, 498156.78678 149781.023286)"
244.1870008,2405.054316,True,"LINESTRING (498156.78678 149781.023286, 498249.920469 149555.294672)"
174.3609918,3071.317698,True,"LINESTRING (498160.238498 150907.062278, 498280.395596 150865.11744, 498310.174966 150828.63517)"
141.9629467,2926.841191,True,"LINESTRING (498160.238498 150907.062278, 498161.994772 150765.110196)"
163.6294971,1999.450013,True,"LINESTRING (498310.174966 150828.63517, 498280.144919 150802.80123, 498161.994772 150765.110196)"
114.1441478,1590.90066,True,"LINESTRING (498161.994772 150765.110196, 498158.023771 150692.856554, 498178.601935 150656.494072)"
27.68307518,0,True,"LINESTRING (498162.035255 149912.978691, 498181.991659 149893.792901)"
77.72827065,666.5271151,False,"LINESTRING (498234.904102 152500.292212, 498162.202852 152472.792898)"
2.741754283,4807.505939,False,"LINESTRING (498162.202852 152472.792898, 498162.378539 152470.056779)"
59.43214461,1309.863551,False,"LINESTRING (498162.378539 152470.056779, 498198.236488 152422.66071)"
91.74257953,393.3506142,False,"LINESTRING (498217.128717 152707.859362, 498174.797254 152684.312918, 498165.013189 152642.12967)"
85.36317519,1181.024485,False,"LINESTRING (498165.013189 152642.12967, 498176.147071 152630.038253, 498245.067151 152630.975827)"
54.89350451,1477.788688,True,"LINESTRING (498172.417643 151784.685337, 498199.31892 151736.835382)"
17.97010881,0,False,"LINESTRING (498196.183416 150660.211109, 498178.601935 150656.494072)"
225.6120407,1131.983024,False,"LINESTRING (498362.754165 149930.346545, 498252.353395 149974.177137, 498181.991659 149893.792901)"
19.3631836,0,True,"LINESTRING (498181.991659 149893.792901, 498188.441053 149875.535349)"
278.3926359,2443.900852,True,"LINESTRING (498276.878819 149539.536797, 498183.509127 149277.26869)"
195.2194564,2360.425587,True,"LINESTRING (498363.038969 149301.629057, 498270.541354 149257.018791, 498210.033323 149259.419601, 498183.509127 149277.26869)"
44.15044494,532.3615658,False,"LINESTRING (498185.09171 151462.143711, 498228.8666 151456.397335)"
266.346082,1998.422489,False,"LINESTRING (498185.09171 151462.143711, 498175.796555 151440.986497, 498107.313349 151418.994154, 498096.993932 151487.33456, 498171.380687 151486.327933, 498185.09171 151462.143711)"
183.224867,1944.326695,True,"LINESTRING (498188.441053 149875.535349, 498343.841063 149778.46739)"
430.2932911,47.13296819,False,"LINESTRING (498596.36634 150768.093863, 498355.724424 150757.287436, 498214.414749 150684.746423, 498196.183416 150660.211109)"
152.5309364,587.6053877,False,"LINESTRING (498196.183416 150660.211109, 498345.822606 150630.651013)"
31.54637694,494.3515393,False,"LINESTRING (498199.31892 151736.835382, 498197.834255 151705.323961)"
102.5940421,2071.562788,True,"LINESTRING (498197.834255 151705.323961, 498228.348409 151607.372831)"
49.16979219,1124.348864,False,"LINESTRING (498198.236488 152422.66071, 498246.437006 152412.945847)"
153.3101118,1876.347207,True,"LINESTRING (498263.902149 151846.11268, 498272.419739 151783.615039, 498251.704932 151756.148979, 498199.31892 151736.835382)"
108.4668919,1334.19514,False,"LINESTRING (498213.045863 149151.387051, 498250.168429 149159.652632, 498311.809028 149125.570922)"
178.2710791,1434.517597,False,"LINESTRING (498359.493971 152757.944097, 498227.732985 152753.05116, 498217.128717 152707.859362)"
49.23524537,1406.289325,False,"LINESTRING (498217.128717 152707.859362, 498250.491225 152671.650904)"
14.05970465,0,False,"LINESTRING (498228.348409 151607.372831, 498240.279613 151599.934978)"
9.538010369,0,False,"LINESTRING (498237.330061 151460.795455, 498228.8666 151456.397335)"
121.9876916,1200.317819,False,"LINESTRING (498253.819429 152617.796366, 498235.27096 152581.662982, 498234.904102 152500.292212)"
88.10445673,709.9300344,False,"LINESTRING (498234.904102 152500.292212, 498246.437006 152412.945847)"
59.70679949,1353.681669,False,"LINESTRING (498263.988496 151514.220447, 498237.330061 151460.795455)"
53.28747674,912.859887,False,"LINESTRING (498237.330061 151460.795455, 498290.574765 151462.930096)"
151.2387818,3291.331721,True,"LINESTRING (498240.279613 151599.934978, 498389.296554 151625.763651)"
88.93307571,2171.880354,True,"LINESTRING (498240.279613 151599.934978, 498263.988496 151514.220447)"
41.03513709,1269.156233,False,"LINESTRING (498250.491225 152671.650904, 498245.067151 152630.975827)"
15.82088975,0,False,"LINESTRING (498245.067151 152630.975827, 498253.819429 152617.796366)"
157.2910277,2216.375627,True,"LINESTRING (498341.423651 152341.367492, 498245.823216 152216.463432)"
92.64935562,1020.406449,False,"LINESTRING (498245.823216 152216.463432, 498311.724467 152151.341023)"
119.7965695,1541.404739,False,"LINESTRING (498246.437006 152412.945847, 498283.761707 152365.006197, 498339.901923 152346.730129)"
31.22600221,0,True,"LINESTRING (498249.920469 149555.294672, 498276.878819 149539.536797)"
122.8496928,1453.035786,False,"LINESTRING (498250.491225 152671.650904, 498287.90832 152689.709371, 498366.090344 152667.399941)"
33.51997081,900.2991134,False,"LINESTRING (498285.714689 152607.487108, 498253.819429 152617.796366)"
136.7668944,2495.53813,True,"LINESTRING (498263.902149 151846.11268, 498350.495035 151853.879629, 498387.308225 151820.302004)"
57.77135776,1687.237479,True,"LINESTRING (498263.988496 151514.220447, 498290.574765 151462.930096)"
71.69793108,1381.322982,True,"LINESTRING (498276.878819 149539.536797, 498348.295935 149545.876266)"
72.77894905,1099.75482,False,"LINESTRING (498285.714689 152607.487108, 498321.622261 152628.716559, 498352.621004 152626.686846)"
133.8478078,1494.070044,False,"LINESTRING (498352.621004 152626.686846, 498357.363443 152576.608614, 498334.857629 152572.055875, 498285.714689 152607.487108)"
54.87825944,2248.650035,True,"LINESTRING (498290.574765 151462.930096, 498335.485865 151431.392555)"
173.8713657,3476.512636,True,"LINESTRING (498483.891726 150835.965871, 498310.174966 150828.63517)"
451.4267827,2635.144935,False,"LINESTRING (498311.724467 152151.341023, 498266.815993 152078.913437, 498344.260334 152041.340811, 498363.785167 152054.165627, 498401.900416 152196.068949, 498378.498589 152204.09206, 498311.724467 152151.341023)"
227.842005,834.0999283,False,"LINESTRING (498520.388737 149217.257805, 498311.809028 149125.570922)"
195.5350377,2793.934051,True,"LINESTRING (498423.063647 151606.21842, 498335.485865 151431.392555)"
91.93500045,2483.830955,True,"LINESTRING (498335.485865 151431.392555, 498366.958981 151376.851569, 498392.342084 151362.900086)"
83.46919934,1047.524125,False,"LINESTRING (498349.524339 152429.642832, 498339.901923 152346.730129)"
5.574363537,0,False,"LINESTRING (498339.901923 152346.730129, 498341.423651 152341.367492)"
237.59432,1923.615009,False,"LINESTRING (498341.423651 152341.367492, 498505.701667 152270.338809, 498548.237317 152230.004601)"
3.812135343,0,False,"LINESTRING (498347.507898 149779.50984, 498343.841063 149778.46739)"
290.4933644,1895.306632,True,"LINESTRING (498343.841063 149778.46739, 498325.137105 149709.927771, 498341.590275 149641.866432, 498425.966655 149654.086659, 498477.525944 149692.28739)"
222.8752687,0,False,"LINESTRING (498562.503595 150656.761328, 498411.721087 150659.8111, 498345.822606 150630.651013)"
284.3508911,44.26924759,False,"LINESTRING (498562.503595 150656.761328, 498560.389714 150624.335574, 498522.734873 150595.77585, 498372.724193 150594.800786, 498348.522143 150601.235392, 498345.822606 150630.651013)"
104.65149,1644.314859,False,"LINESTRING (498430.22776 149838.87022, 498359.739929 149800.764121, 498347.507898 149779.50984)"
156.5645172,1512.207263,False,"LINESTRING (498347.507898 149779.50984, 498477.525944 149692.28739)"
105.024512,2115.706093,True,"LINESTRING (498447.786002 149570.760472, 498376.439519 149563.738112, 498348.295935 149545.876266)"
244.6917578,2023.075908,True,"LINESTRING (498348.295935 149545.876266, 498363.038969 149301.629057)"
44.0764285,499.677509,False,"LINESTRING (498365.157406 152470.853737, 498349.524339 152429.642832)"
110.6154797,1282.614335,False,"LINESTRING (498365.157406 152470.853737, 498332.837651 152479.672314, 498319.091909 152459.959504, 498320.676034 152436.608328, 498349.524339 152429.642832)"
42.88332086,1466.327671,False,"LINESTRING (498366.090344 152667.399941, 498352.621004 152626.686846)"
192.8306902,2658.202382,True,"LINESTRING (498517.21426 152830.830585, 498482.962544 152771.351501, 498359.493971 152757.944097)"
89.78563569,880.7867694,False,"LINESTRING (498359.493971 152757.944097, 498366.717558 152668.449516)"
161.4963089,727.0878249,False,"LINESTRING (498362.754165 149930.346545, 498406.109125 149935.06392, 498519.498309 149902.816836)"
126.3451038,1397.679805,False,"LINESTRING (498362.754165 149930.346545, 498360.160696 149899.108219, 498412.031947 149868.499468, 498430.22776 149838.87022)"
118.8800716,1804.743193,True,"LINESTRING (498479.474476 149325.613304, 498363.038969 149301.629057)"
171.5132257,1911.065451,False,"LINESTRING (498495.216304 152533.70056, 498464.433295 152468.384376, 498365.157406 152470.853737)"
1.222703123,0,False,"LINESTRING (498366.717558 152668.449516, 498366.090344 152667.399941)"
69.15039518,1025.576207,False,"LINESTRING (498366.717558 152668.449516, 498416.114047 152676.18954, 498427.59128 152660.858494)"
114.6526253,2118.172168,True,"LINESTRING (498387.308225 151820.302004, 498435.235479 151819.087167, 498490.772314 151782.129339)"
112.6431315,1607.803313,False,"LINESTRING (498387.308225 151820.302004, 498379.770574 151773.799242, 498414.734265 151718.372064)"
98.81237034,1251.199618,False,"LINESTRING (498414.734265 151718.372064, 498393.746059 151684.905614, 498389.296554 151625.763651)"
39.01579916,1382.183658,False,"LINESTRING (498389.296554 151625.763651, 498423.063647 151606.21842)"
182.0795199,3001.150268,True,"LINESTRING (498549.781468 151442.942541, 498492.831406 151436.927867, 498392.342084 151362.900086)"
107.6738477,2600.148561,True,"LINESTRING (498392.342084 151362.900086, 498461.690814 151280.532549)"
36.8298773,497.9381237,False,"LINESTRING (498414.734265 151718.372064, 498451.296154 151722.806939)"
245.0801447,2564.965027,True,"LINESTRING (498661.350581 151561.606404, 498608.626339 151587.01247, 498423.063647 151606.21842)"
41.52089471,576.0714013,False,"LINESTRING (498468.64411 152654.641594, 498427.59128 152660.858494)"
102.967265,1234.567122,False,"LINESTRING (498427.59128 152660.858494, 498429.287607 152599.576917, 498470.791284 152595.945801)"
38.39935476,1739.013596,False,"LINESTRING (498468.539344 149841.465016, 498430.22776 149838.87022)"
109.337906,1574.604877,True,"LINESTRING (498554.905373 149592.67435, 498447.786002 149570.760472)"
229.7966372,1740.27786,False,"LINESTRING (498447.786002 149570.760472, 498494.904533 149345.846403)"
75.42277649,1026.851617,False,"LINESTRING (498490.772314 151782.129339, 498458.918383 151756.482429, 498451.296154 151722.806939)"
116.5482661,2184.519843,True,"LINESTRING (498490.772314 151782.129339, 498500.997557 151716.475613, 498451.296154 151722.806939)"
142.5690887,2175.576787,True,"LINESTRING (498564.384493 151379.426196, 498461.690814 151280.532549)"
85.62613543,2426.653953,True,"LINESTRING (498461.690814 151280.532549, 498518.623764 151216.575734)"
79.75501187,1446.153631,False,"LINESTRING (498519.498309 149902.816836, 498468.539344 149841.465016)"
151.4275055,1453.62627,False,"LINESTRING (498468.539344 149841.465016, 498491.698144 149744.283529, 498481.953417 149693.688721)"
73.09267906,1731.308821,False,"LINESTRING (498468.64411 152654.641594, 498502.991324 152666.652394, 498535.756465 152650.106219)"
58.73505345,1188.727955,False,"LINESTRING (498468.64411 152654.641594, 498470.791284 152595.945801)"
66.86592304,1651.618567,False,"LINESTRING (498470.791284 152595.945801, 498495.216304 152533.70056)"
4.643947126,0,True,"LINESTRING (498481.953417 149693.688721, 498477.525944 149692.28739)"
25.44533229,755.8557217,False,"LINESTRING (498494.904533 149345.846403, 498479.474476 149325.613304)"
115.8226707,1049.639067,False,"LINESTRING (498479.474476 149325.613304, 498520.388737 149217.257805)"
127.3746821,2367.252228,True,"LINESTRING (498481.953417 149693.688721, 498584.820021 149618.570339)"
165.5924221,2757.028336,True,"LINESTRING (498536.644677 150992.93076, 498483.891726 150835.965871)"
133.2231953,2528.178364,True,"LINESTRING (498483.891726 150835.965871, 498558.075766 150820.533722, 498597.627228 150778.864774)"
142.9251715,1960.284512,True,"LINESTRING (498626.130791 149402.479201, 498494.904533 149345.846403)"
42.26912745,787.0756273,False,"LINESTRING (498495.216304 152533.70056, 498536.642352 152542.100661)"
1643.444619,48.5376867,False,"LINESTRING (498517.21426 152830.830585, 498512.942769 152898.631836, 498867.129099 152995.948404, 499038.818086 152988.966862, 499148.448831 152957.057111, 499364.458089 152979.759464, 499439.878931 152972.316816, 499501.567719 152840.680611, 499598.089708 152714.43354, 499636.56981 152564.069789, 499654.546643 152395.326594)"
86.52538231,1692.555365,True,"LINESTRING (498517.21426 152830.830585, 498602.158581 152814.365343)"
80.72614446,1821.404961,True,"LINESTRING (498586.302881 151260.578546, 498518.623764 151216.575734)"
285.2731581,3616.586316,True,"LINESTRING (498518.623764 151216.575734, 498541.2193 151129.308285, 498566.905897 151112.294679, 498624.550726 151005.509054, 498627.798883 150962.665353)"
85.50704871,925.5260379,False,"LINESTRING (498548.237317 152230.004601, 498518.723323 152149.752626)"
191.5483109,1606.691275,False,"LINESTRING (498518.723323 152149.752626, 498486.027201 152058.791229, 498568.6235 152012.08166)"
151.528503,0,False,"LINESTRING (498618.902235 152207.176455, 498576.77773 152128.123562, 498518.723323 152149.752626)"
120.8484466,1284.683456,False,"LINESTRING (498519.498309 149902.816836, 498640.03589 149911.479322)"
73.89847427,667.5915909,False,"LINESTRING (498593.034027 149230.809422, 498520.388737 149217.257805)"
75.88877317,714.1240757,False,"LINESTRING (498535.756465 152650.106219, 498553.426655 152576.303304)"
63.01525853,1249.919493,False,"LINESTRING (498596.453739 152667.040318, 498535.756465 152650.106219)"
38.0989976,611.6171414,False,"LINESTRING (498553.426655 152576.303304, 498536.642352 152542.100661)"
37.66120948,645.412092,False,"LINESTRING (498536.642352 152542.100661, 498564.814826 152517.107094)"
96.04730108,1803.757087,True,"LINESTRING (498536.644677 150992.93076, 498627.798883 150962.665353)"
44.84764663,0,False,"LINESTRING (498548.237317 152230.004601, 498591.484842 152241.877384)"
152.8063401,3253.726251,True,"LINESTRING (498658.194308 151544.166407, 498567.935821 151482.40968, 498549.781468 151442.942541)"
65.17341772,1384.582904,False,"LINESTRING (498549.781468 151442.942541, 498564.384493 151379.426196)"
99.63493144,1851.368765,False,"LINESTRING (498553.426655 152576.303304, 498590.745309 152567.664662, 498582.043278 152527.258254, 498564.814826 152517.107094)"
39.56625305,663.0650612,True,"LINESTRING (498584.820021 149618.570339, 498554.905373 149592.67435)"
203.0942016,1726.922764,False,"LINESTRING (498554.905373 149592.67435, 498626.130791 149402.479201)"
109.4215527,68.14927972,False,"LINESTRING (498602.09843 150758.767824, 498562.503595 150656.761328)"
98.95960501,2251.383279,True,"LINESTRING (498564.384493 151379.426196, 498594.376142 151353.765293, 498615.010825 151297.970382)"
131.5250763,1901.9567,False,"LINESTRING (498564.814826 152517.107094, 498596.369756 152444.715694, 498639.160852 152414.203732)"
94.54024884,1306.766182,False,"LINESTRING (498568.6235 152012.08166, 498663.160031 152011.243186)"
157.1212894,3342.43693,True,"LINESTRING (498568.6235 152012.08166, 498578.141917 151936.086885, 498658.663225 151934.73009)"
51.15521627,1059.774622,True,"LINESTRING (498584.820021 149618.570339, 498635.576955 149612.199325)"
47.14122819,1741.320775,True,"LINESTRING (498615.010825 151297.970382, 498586.302881 151260.578546)"
70.99403238,1066.962919,False,"LINESTRING (498641.80102 151274.480709, 498616.580637 151246.556953, 498586.302881 151260.578546)"
170.6241333,992.0519259,False,"LINESTRING (498645.288165 152401.549354, 498631.529579 152318.629737, 498591.484842 152241.877384)"
44.22519577,357.5111365,False,"LINESTRING (498591.484842 152241.877384, 498618.902235 152207.176455)"
183.7068218,2256.268962,True,"LINESTRING (498761.11842 149304.943309, 498593.034027 149230.809422)"
418.5220574,2075.302806,True,"LINESTRING (498807.740538 149181.521045, 498696.836626 149075.368208, 498610.803063 149067.927888, 498570.933976 149119.605312, 498593.034027 149230.809422)"
10.84446236,0,False,"LINESTRING (498597.627228 150778.864774, 498596.36634 150768.093863)"
10.94677404,0,False,"LINESTRING (498596.36634 150768.093863, 498602.09843 150758.767824)"
147.4354365,2435.886571,True,"LINESTRING (498602.158581 152814.365343, 498596.453739 152667.040318)"
225.035918,2877.589524,True,"LINESTRING (498596.453739 152667.040318, 498819.045828 152633.96576)"
71.93265464,231.6611292,False,"LINESTRING (498597.627228 150778.864774, 498634.191773 150840.811049)"
293.7176671,253.964975,False,"LINESTRING (498875.581994 150834.797235, 498683.71802 150746.544553, 498602.09843 150758.767824)"
368.0952199,2606.170763,True,"LINESTRING (498602.158581 152814.365343, 498812.73885 152782.294396, 498830.905899 152758.758134, 498819.045828 152633.96576)"
35.62975303,610.3326055,True,"LINESTRING (498615.010825 151297.970382, 498641.80102 151274.480709)"
91.65944539,858.3185254,False,"LINESTRING (498618.902235 152207.176455, 498705.156443 152176.165722)"
88.50176279,1420.853055,True,"LINESTRING (498711.025973 149427.486601, 498626.130791 149402.479201)"
21.94571068,0,False,"LINESTRING (498627.798883 150962.665353, 498637.597204 150943.028471)"
104.4802441,2106.120655,True,"LINESTRING (498637.597204 150943.028471, 498625.096118 150881.162736, 498634.191773 150840.811049)"
183.6183774,3174.758475,True,"LINESTRING (498777.244876 150917.037756, 498748.135687 150854.659476, 498634.191773 150840.811049)"
74.33101966,3004.6137,True,"LINESTRING (498704.144552 149640.897498, 498635.576955 149612.199325)"
199.527804,3421.377804,True,"LINESTRING (498635.576955 149612.199325, 498711.025973 149427.486601)"
146.8527163,2326.480631,True,"LINESTRING (498637.597204 150943.028471, 498688.089075 150951.633679, 498777.244876 150917.037756)"
194.1877181,2075.100341,False,"LINESTRING (498752.384771 152463.402263, 498732.71912 152497.457383, 498691.437329 152512.166371, 498639.160852 152414.203732)"
14.05977383,0,False,"LINESTRING (498639.160852 152414.203732, 498645.288165 152401.549354)"
167.3939442,990.6929477,False,"LINESTRING (498640.03589 149911.479322, 498639.065676 149959.708195, 498664.78878 149965.656652, 498700.159939 149956.01035, 498717.274646 149902.594755)"
77.74806132,1987.380745,True,"LINESTRING (498717.274646 149902.594755, 498640.03589 149911.479322)"
91.21609584,1973.105715,True,"LINESTRING (498726.490123 151308.364805, 498641.80102 151274.480709)"
77.46986822,589.1580953,False,"LINESTRING (498645.288165 152401.549354, 498722.647872 152397.419431)"
17.72330595,1542.319479,True,"LINESTRING (498661.350581 151561.606404, 498658.194308 151544.166407)"
245.4927976,4392.352895,True,"LINESTRING (498658.194308 151544.166407, 498726.490123 151308.364805)"
68.15041424,1719.123813,True,"LINESTRING (498672.76401 152001.405774, 498658.663225 151934.73009)"
373.8146892,3908.262683,True,"LINESTRING (498658.663225 151934.73009, 498694.167396 151723.973496, 498668.387558 151565.974367)"
8.282399654,0,True,"LINESTRING (498661.350581 151561.606404, 498668.387558 151565.974367)"
51.50613677,1730.512238,False,"LINESTRING (498684.435809 152058.149725, 498663.160031 152011.243186)"
13.74813071,0,False,"LINESTRING (498663.160031 152011.243186, 498672.76401 152001.405774)"
555.0416087,2276.753635,True,"LINESTRING (498668.387558 151565.974367, 498697.735969 151562.985616, 498831.982697 151477.221291, 499165.153983 151325.146069)"
248.9391005,4425.656708,True,"LINESTRING (498672.76401 152001.405774, 498766.657268 152000.411971, 498774.823917 152022.219858, 498777.339175 152054.072238, 498759.617273 152069.835373, 498684.435809 152058.149725)"
119.8212016,1805.198054,True,"LINESTRING (498705.156443 152176.165722, 498684.435809 152058.149725)"
59.04903741,1902.62204,True,"LINESTRING (498752.539054 149674.731814, 498704.144552 149640.897498)"
121.5125827,2422.333501,True,"LINESTRING (498704.144552 149640.897498, 498758.195599 149532.068311)"
29.10237199,774.6103996,True,"LINESTRING (498720.465776 152200.915922, 498705.156443 152176.165722)"
1.733508814,0,True,"LINESTRING (498711.025973 149427.486601, 498712.722996 149427.132814)"
224.2849824,2616.345481,False,"LINESTRING (498711.313398 149734.177821, 498660.937171 149724.514182, 498636.477219 149732.57394, 498624.551936 149761.930726, 498690.642918 149777.189325, 498711.313398 149734.177821)"
72.34212089,1184.192542,False,"LINESTRING (498711.313398 149734.177821, 498752.539054 149674.731814)"
62.3223859,941.7001476,True,"LINESTRING (498769.668025 149452.457575, 498712.722996 149427.132814)"
105.5686523,2516.949816,True,"LINESTRING (498712.722996 149427.132814, 498735.852313 149364.258765, 498766.19055 149340.433486)"
126.7194527,2417.513597,True,"LINESTRING (498717.274646 149902.594755, 498755.314765 149868.845979, 498784.698901 149798.901094)"
120.8295874,2531.168124,False,"LINESTRING (498743.254399 152302.170775, 498757.520451 152229.572239, 498720.465776 152200.915922)"
118.9966523,1337.676286,True,"LINESTRING (498743.254399 152302.170775, 498708.803903 152275.33558, 498720.465776 152200.915922)"
38.14704425,490.3132174,False,"LINESTRING (498745.760126 152427.767754, 498722.647872 152397.419431)"
61.86738919,1250.739703,False,"LINESTRING (498722.647872 152397.419431, 498778.193108 152370.174236)"
71.55180345,3484.915655,True,"LINESTRING (498726.490123 151308.364805, 498744.436169 151239.100095)"
80.28552788,2952.412549,True,"LINESTRING (498778.193108 152370.174236, 498763.668673 152317.183147, 498743.254399 152302.170775)"
345.4464386,2233.020561,False,"LINESTRING (498744.436169 151239.100095, 498694.47433 151215.29995, 498682.959036 151192.772138, 498751.033888 151038.762076, 498777.63392 151016.591346, 498829.05819 151050.853309)"
208.9245255,4025.965826,True,"LINESTRING (498744.436169 151239.100095, 498791.807314 151172.310364, 498829.05819 151050.853309)"
36.24505764,588.7699287,False,"LINESTRING (498752.384771 152463.402263, 498745.760126 152427.767754)"
54.64001895,138.3418261,False,"LINESTRING (498745.760126 152427.767754, 498791.356964 152397.660279)"
58.06982327,522.5777915,False,"LINESTRING (498752.384771 152463.402263, 498810.451791 152462.831634)"
23.038409,1244.790819,False,"LINESTRING (498752.539054 149674.731814, 498774.838846 149668.944971)"
166.5967521,1961.184693,True,"LINESTRING (498774.838846 149668.944971, 498806.442742 149579.23145, 498788.638417 149545.369091, 498758.195599 149532.068311)"
80.43311391,2448.394578,True,"LINESTRING (498758.195599 149532.068311, 498769.668025 149452.457575)"
24.11914059,0,True,"LINESTRING (498770.949703 149326.967814, 498761.11842 149304.943309)"
131.934367,1097.166745,True,"LINESTRING (498761.11842 149304.943309, 498807.740538 149181.521045)"
130.3268664,1178.352586,False,"LINESTRING (498769.668025 149452.457575, 498801.163542 149395.261396, 498766.19055 149340.433486)"
14.28194217,1455.264259,True,"LINESTRING (498766.19055 149340.433486, 498770.949703 149326.967814)"
267.3994486,966.8905502,False,"LINESTRING (499025.997114 149397.227172, 498822.020839 149325.260036, 498770.949703 149326.967814)"
59.00842767,1420.153075,True,"LINESTRING (498824.014775 149701.559731, 498774.838846 149668.944971)"
96.30642005,1430.932641,True,"LINESTRING (498777.244876 150917.037756, 498871.665489 150898.072676)"
30.47572306,796.5684671,True,"LINESTRING (498791.356964 152397.660279, 498778.193108 152370.174236)"
52.13887353,1351.026504,True,"LINESTRING (498784.698901 149798.901094, 498836.668275 149803.101848)"
104.9813264,544.6016161,False,"LINESTRING (498784.698901 149798.901094, 498824.014775 149701.559731)"
87.33113851,1997.752497,True,"LINESTRING (498810.451791 152462.831634, 498826.653363 152420.593659, 498791.356964 152397.660279)"
285.0220166,7822.332557,True,"LINESTRING (499074.887251 149280.869843, 498807.740538 149181.521045)"
173.6273134,1673.475182,True,"LINESTRING (498819.045828 152633.96576, 498825.297038 152508.810128, 498810.451791 152462.831634)"
27.27520697,0,True,"LINESTRING (498850.663229 149695.746231, 498824.014775 149701.559731)"
164.0034068,1632.539257,True,"LINESTRING (498829.05819 151050.853309, 498875.198308 150960.718408, 498871.665489 150898.072676)"
130.1503285,3690.478583,True,"LINESTRING (498952.974692 149836.411475, 498900.473478 149845.857766, 498836.668275 149803.101848)"
67.01776918,1448.481518,True,"LINESTRING (498836.668275 149803.101848, 498860.510167 149740.468426)"
3.339049893,0,True,"LINESTRING (498853.565375 149697.397535, 498850.663229 149695.746231)"
265.8908043,2842.554115,True,"LINESTRING (498850.663229 149695.746231, 498847.952415 149667.396457, 498912.307523 149507.748887, 498977.09389 149515.771219)"
43.62719128,709.8783829,False,"LINESTRING (498860.510167 149740.468426, 498853.565375 149697.397535)"
54.55568989,1883.891491,True,"LINESTRING (498853.565375 149697.397535, 498906.988554 149686.339181)"
125.6663359,1750.643866,True,"LINESTRING (498967.966291 149795.125607, 498933.906166 149758.353499, 498860.510167 149740.468426)"
31.02436336,0,False,"LINESTRING (498871.665489 150898.072676, 498885.18322 150870.148098)"
36.63150338,0,False,"LINESTRING (498885.18322 150870.148098, 498875.581994 150834.797235)"
189.8381354,41.68287885,False,"LINESTRING (498875.581994 150834.797235, 498973.81553 150813.64133, 499023.797023 150772.346849, 499048.201373 150769.980495)"
82.85005679,0,False,"LINESTRING (498957.133551 150911.224635, 498885.18322 150870.148098)"
165.397817,2180.095279,True,"LINESTRING (498967.966291 149795.125607, 498997.227814 149764.218303, 498990.896436 149744.41609, 498906.988554 149686.339181)"
56.78718596,2513.982646,True,"LINESTRING (498906.988554 149686.339181, 498949.532234 149648.72509)"
206.5528575,2889.08131,True,"LINESTRING (498949.532234 149648.72509, 498973.375605 149653.563714, 499034.233662 149606.333906, 499079.529398 149511.397306)"
135.7806193,4170.05021,True,"LINESTRING (498949.532234 149648.72509, 498977.09389 149515.771219)"
43.92346723,1273.305673,False,"LINESTRING (498952.974692 149836.411475, 498967.966291 149795.125607)"
693.4037319,0,False,"LINESTRING (499634.056237 150997.273964, 499464.391449 151015.538008, 499270.28523 151010.774033, 498957.133551 150911.224635)"
529.9110555,1533.947993,False,"LINESTRING (499165.153983 151325.146069, 499098.414805 151263.138889, 498981.001419 151205.663679, 498952.289678 151164.720338, 498938.151613 150952.984513, 498957.133551 150911.224635)"
39.67228496,2816.096933,True,"LINESTRING (498977.09389 149515.771219, 499004.763237 149487.340647)"
142.6493944,1896.369775,False,"LINESTRING (499059.609852 152271.766817, 498984.603101 152254.113222, 498989.607608 152188.711246)"
264.7121616,1848.422819,False,"LINESTRING (498989.607608 152188.711246, 498950.268633 152159.917576, 498952.162635 152059.267875, 498962.813462 152044.61712, 499059.275336 152056.416343)"
170.5519529,1894.396367,False,"LINESTRING (498989.607608 152188.711246, 499048.392865 152162.307077, 499059.599301 152056.791447)"
78.54108276,1665.4214,True,"LINESTRING (499079.529398 149511.397306, 499004.763237 149487.340647)"
80.6333779,2616.819554,True,"LINESTRING (499004.763237 149487.340647, 499033.615107 149412.045818)"
16.66211568,0,False,"LINESTRING (499033.615107 149412.045818, 499025.997114 149397.227172)"
126.2112248,3999.176783,True,"LINESTRING (499025.997114 149397.227172, 499074.887251 149280.869843)"
101.5133366,3748.433584,True,"LINESTRING (499126.584401 149452.809378, 499033.615107 149412.045818)"
191.5603595,0,False,"LINESTRING (499048.201373 150769.980495, 499213.263727 150793.559282, 499236.14548 150783.937536)"
1336.546923,1912.674338,False,"LINESTRING (499048.201373 150769.980495, 499196.057695 150422.563397, 499184.533774 150362.350107, 499099.227424 150259.612279, 499139.159036 150170.959711, 499221.852529 149708.649838, 499291.259348 149524.010113)"
0.4956371488,0,False,"LINESTRING (499059.599301 152056.791447, 499059.275336 152056.416343)"
109.1841034,1175.097802,False,"LINESTRING (499059.275336 152056.416343, 499081.171984 151949.450436)"
89.46477818,1312.55006,False,"LINESTRING (499147.732311 152072.170625, 499059.599301 152056.791447)"
65.13235072,469.6744346,False,"LINESTRING (499067.090578 152336.468145, 499059.609852 152271.766817)"
69.72034899,955.9475959,False,"LINESTRING (499059.609852 152271.766817, 499128.537071 152261.28037)"
697.8168929,2568.544869,False,"LINESTRING (499067.090578 152336.468145, 498960.324032 152364.042358, 498965.500883 152558.722487, 499072.005568 152567.903655, 499109.494507 152557.455635, 499136.301769 152529.87501, 499125.876108 152448.872912, 499067.090578 152336.468145)"
176.8593507,6808.862496,True,"LINESTRING (499074.887251 149280.869843, 499159.812699 149294.691041, 499243.258156 149258.851004)"
75.14465166,747.3452702,False,"LINESTRING (499079.529398 149511.397306, 499126.584401 149452.809378)"
429.2118872,2728.568418,False,"LINESTRING (499081.171984 151949.450436, 499001.729898 151949.573252, 498981.097812 151931.001002, 498976.620333 151871.56464, 498992.924626 151844.28746, 499112.51964 151854.416012, 499114.917151 151920.540102, 499081.171984 151949.450436)"
155.8941691,676.8502031,False,"LINESTRING (499277.039504 149493.62915, 499126.584401 149452.809378)"
481.1129745,2168.65488,True,"LINESTRING (499371.200231 152378.74169, 499318.315708 152430.413583, 499285.051026 152513.180474, 499240.835823 152510.880336, 499128.537071 152261.28037)"
190.0814376,1470.53286,True,"LINESTRING (499128.537071 152261.28037, 499147.732311 152072.170625)"
151.0352729,1020.761555,True,"LINESTRING (499147.732311 152072.170625, 499297.37033 152051.673872)"
8.138072788,0,True,"LINESTRING (499172.99854 151327.311978, 499165.153983 151325.146069)"
502.5202362,805.3307526,True,"LINESTRING (499343.164053 151794.495171, 499290.028831 151713.87263, 499199.609442 151484.265618, 499172.99854 151327.311978)"
84.90365782,2171.743889,True,"LINESTRING (499172.99854 151327.311978, 499213.702875 151316.463829, 499254.973035 151327.723391)"
226.5562927,526.9507131,False,"LINESTRING (499454.633714 150825.891237, 499374.498668 150831.308861, 499236.14548 150783.937536)"
264.2925269,326.8764389,False,"LINESTRING (499236.14548 150783.937536, 499395.923972 150573.411116)"
19.38140813,593.9196947,True,"LINESTRING (499240.955465 148406.716443, 499260.099299 148409.741769)"
672.0438915,6197.583302,True,"LINESTRING (499373.417871 148657.113078, 499336.170992 148651.203712, 499288.278568 148602.231644, 499061.804035 148570.696439, 499016.869814 148519.205415, 499032.425484 148477.492604, 499063.289301 148473.773249, 499139.031589 148426.157488, 499240.955465 148406.716443)"
96.47400205,1061.239275,False,"LINESTRING (499240.955465 148406.716443, 499228.897795 148354.169331, 499271.218815 148349.653796)"
146.4636955,2449.385144,True,"LINESTRING (499363.069756 149329.720512, 499304.927604 149321.208721, 499243.258156 149258.851004)"
86.88006984,5241.317149,True,"LINESTRING (499243.258156 149258.851004, 499302.299158 149195.114777)"
239.7198406,2106.367161,True,"LINESTRING (499354.616991 151577.038925, 499283.614312 151566.778308, 499241.204216 151452.446255, 499243.817263 151406.485257)"
79.54799036,2049.932365,True,"LINESTRING (499243.817263 151406.485257, 499254.973035 151327.723391)"
85.88982861,899.5477258,False,"LINESTRING (499243.817263 151406.485257, 499329.485818 151400.323981)"
78.97752497,1586.451336,False,"LINESTRING (499254.973035 151327.723391, 499287.524483 151303.195542, 499325.639589 151306.01919)"
38.4836339,1479.174242,False,"LINESTRING (499284.16525 148439.772089, 499260.099299 148409.741769)"
50.39903991,2415.799988,True,"LINESTRING (499260.099299 148409.741769, 499282.435192 148364.562447)"
18.65676747,0,False,"LINESTRING (499282.435192 148364.562447, 499271.218815 148349.653796)"
576.0088396,10.64393387,False,"LINESTRING (499271.218815 148349.653796, 499292.730942 148297.561272, 499294.099803 148216.148301, 499351.381755 148091.674319, 499333.321718 147897.631949, 499386.991461 147866.268159, 499369.866207 147825.564203)"
33.54410316,0,False,"LINESTRING (499291.259348 149524.010113, 499277.039504 149493.62915)"
105.6831573,1541.078108,False,"LINESTRING (499277.039504 149493.62915, 499356.83066 149424.330512)"
185.8730592,2123.578327,True,"LINESTRING (499284.16525 148439.772089, 499354.249054 148414.429405, 499358.196866 148390.372777, 499334.422928 148364.711282, 499282.435192 148364.562447)"
178.1336063,1281.931045,False,"LINESTRING (499359.040279 148601.405351, 499284.16525 148439.772089)"
145.9077628,178.0919637,False,"LINESTRING (499421.33462 149590.112297, 499291.259348 149524.010113)"
421.6194344,827.8792947,False,"LINESTRING (499371.200231 152378.74169, 499340.040322 152285.333524, 499247.308417 152225.539624, 499234.458406 152198.958174, 499240.116086 152163.997857, 499306.654251 152118.025703, 499297.37033 152051.673872)"
127.0554025,0,True,"LINESTRING (499414.355506 152002.100252, 499297.37033 152051.673872)"
43.48132198,2919.644441,True,"LINESTRING (499302.299158 149195.114777, 499336.813148 149221.561134)"
225.8190219,3120.742416,True,"LINESTRING (499302.299158 149195.114777, 499321.079438 148970.078043)"
284.3460409,3213.893877,True,"LINESTRING (499321.079438 148970.078043, 499335.836546 148899.390515, 499361.184263 148871.882054, 499375.956811 148749.693717, 499399.092487 148703.514806)"
109.4327329,1200.16193,False,"LINESTRING (499321.079438 148970.078043, 499373.64589 148973.880386, 499422.457413 149002.78727)"
94.38319264,1808.288057,True,"LINESTRING (499329.485818 151400.323981, 499325.639589 151306.01919)"
123.9646583,2033.450529,True,"LINESTRING (499325.639589 151306.01919, 499407.218511 151275.161934, 499433.865718 151249.861496)"
178.4929888,1876.549898,True,"LINESTRING (499354.616991 151577.038925, 499329.485818 151400.323981)"
13.00985715,0,False,"LINESTRING (499341.161562 149233.822769, 499336.813148 149221.561134)"
222.1040324,3195.31344,True,"LINESTRING (499336.813148 149221.561134, 499365.65271 149175.593741, 499395.217524 149046.772656, 499421.483769 149022.641089)"
70.54597721,1078.105415,False,"LINESTRING (499409.910976 149249.642155, 499341.161562 149233.822769)"
98.36841986,2402.498692,True,"LINESTRING (499363.069756 149329.720512, 499341.161562 149233.822769)"
216.8990239,729.1595745,True,"LINESTRING (499415.11371 151999.112945, 499343.164053 151794.495171)"
89.16037561,1182.90215,False,"LINESTRING (499343.164053 151794.495171, 499419.002859 151747.611825)"
262.7498326,4674.252264,True,"LINESTRING (499492.697018 150007.879858, 499410.885383 149989.370141, 499369.965444 149995.696632, 499342.310263 149978.128054, 499329.537523 149963.071664, 499346.160767 149879.757599)"
88.89077047,0,False,"LINESTRING (499346.160767 149879.757599, 499332.213373 149837.917839, 499346.215169 149795.375237)"
81.55800651,0,False,"LINESTRING (499346.160767 149879.757599, 499384.568349 149807.809242)"
40.3183696,0,False,"LINESTRING (499346.215169 149795.375237, 499384.568349 149807.809242)"
200.9826919,1577.543802,False,"LINESTRING (499346.215169 149795.375237, 499350.481866 149672.188108, 499420.712026 149638.895669)"
20.83441092,749.8172162,True,"LINESTRING (499370.497556 151590.525227, 499354.616991 151577.038925)"
88.80549788,0,False,"LINESTRING (499430.607376 149473.761399, 499356.83066 149424.330512)"
96.28148748,549.3475577,False,"LINESTRING (499356.83066 149424.330512, 499391.577601 149352.870615, 499385.00052 149337.388054)"
57.53317211,218.6738457,False,"LINESTRING (499373.417871 148657.113078, 499359.040279 148601.405351)"
231.3398622,1557.371032,False,"LINESTRING (499430.789624 148702.990365, 499476.29852 148656.502539, 499429.331159 148577.389539, 499359.040279 148601.405351)"
23.23251185,0,False,"LINESTRING (499385.00052 149337.388054, 499363.069756 149329.720512)"
178.7054801,0,False,"LINESTRING (499369.866207 147825.564203, 499324.108838 147827.59317, 499321.699502 147794.160651, 499373.450888 147779.980069, 499369.866207 147825.564203)"
164.4048778,1200.031305,False,"LINESTRING (499419.002859 151747.611825, 499370.497556 151590.525227)"
97.85073458,1483.484009,True,"LINESTRING (499370.497556 151590.525227, 499435.387585 151582.612082, 499460.794172 151562.37708)"
207.511115,959.7269044,False,"LINESTRING (499371.200231 152378.74169, 499434.862738 152352.97734, 499529.333975 152251.243764)"
53.03118227,2456.347274,True,"LINESTRING (499399.092487 148703.514806, 499373.417871 148657.113078)"
103.4535711,46.80360424,False,"LINESTRING (499384.568349 149807.809242, 499478.660372 149764.805375)"
93.71183035,230.2057266,False,"LINESTRING (499385.00052 149337.388054, 499409.977852 149288.084676, 499409.910976 149249.642155)"
188.9454586,1619.239765,False,"LINESTRING (499395.923972 150573.411116, 499358.184899 150550.199058, 499356.547807 150515.421177, 499400.158744 150456.081494, 499435.298581 150464.699185)"
0.4030940255,0,False,"LINESTRING (499395.923972 150573.411116, 499396.31495 150573.313032)"
406.5480782,2433.254646,True,"LINESTRING (499789.748722 150623.123553, 499580.195866 150626.083032, 499426.089773 150601.347211, 499396.31495 150573.313032)"
115.3979685,744.16388,False,"LINESTRING (499396.31495 150573.313032, 499435.298581 150464.699185)"
31.70147514,414.6810186,False,"LINESTRING (499430.789624 148702.990365, 499399.092487 148703.514806)"
244.7091295,2281.512754,True,"LINESTRING (499409.910976 149249.642155, 499457.313223 149119.589741, 499445.950503 149054.275109, 499421.483769 149022.641089)"
54.82643959,745.7168532,True,"LINESTRING (499464.326473 152024.657755, 499414.355506 152002.100252)"
3.082025231,0,True,"LINESTRING (499414.355506 152002.100252, 499415.11371 151999.112945)"
67.07683736,747.9929283,False,"LINESTRING (499415.11371 151999.112945, 499448.15441 151980.959352, 499475.654937 151991.291726)"
147.5928659,1377.370097,False,"LINESTRING (499531.562534 151843.078959, 499419.002859 151747.611825)"
138.6047077,0,False,"LINESTRING (499478.660372 149764.805375, 499420.712026 149638.895669)"
48.78734456,0,False,"LINESTRING (499420.712026 149638.895669, 499421.33462 149590.112297)"
71.77991838,1656.507874,False,"LINESTRING (499421.33462 149590.112297, 499451.042085 149524.768412)"
19.87767907,7181.924989,True,"LINESTRING (499421.483769 149022.641089, 499422.457413 149002.78727)"
328.2034021,1184.168103,False,"LINESTRING (499422.457413 149002.78727, 499444.899565 148972.174349, 499484.628564 148827.506271, 499466.778841 148742.846889, 499430.789624 148702.990365)"
54.9480913,0,False,"LINESTRING (499451.042085 149524.768412, 499430.607376 149473.761399)"
128.9966251,272.7358174,False,"LINESTRING (499430.607376 149473.761399, 499474.037767 149409.831658, 499519.309555 149384.843717)"
54.34260036,2654.712859,False,"LINESTRING (499433.865718 151249.861496, 499486.627228 151236.848377)"
111.4894393,545.1009563,False,"LINESTRING (499433.865718 151249.861496, 499428.173055 151228.512179, 499451.369642 151204.54746, 499476.148277 151207.591637, 499486.627228 151236.848377)"
3.895291427,0,False,"LINESTRING (499435.298581 150464.699185, 499438.420099 150462.369074)"
348.5941853,5760.434581,True,"LINESTRING (499438.420099 150462.369074, 499709.461103 150454.179972, 499785.531886 150468.621691)"
149.9304903,842.1502508,False,"LINESTRING (499438.420099 150462.369074, 499475.916847 150317.203148)"
103.7075852,125.3331661,False,"LINESTRING (499451.042085 149524.768412, 499512.136694 149510.984346, 499546.663238 149533.238849)"
339.7779618,833.4707717,False,"LINESTRING (499454.633714 150825.891237, 499493.380098 150847.663792, 499788.667679 150842.466403)"
362.6391922,3132.838437,True,"LINESTRING (499454.633714 150825.891237, 499521.784076 150767.534678, 499786.47547 150697.990632)"
36.37881488,991.6485769,True,"LINESTRING (499495.85451 151572.082275, 499460.794172 151562.37708)"
328.2850836,1846.906942,True,"LINESTRING (499460.794172 151562.37708, 499449.500613 151513.368805, 499462.177217 151473.639493, 499595.734125 151278.715478)"
111.514649,494.1234223,True,"LINESTRING (499508.549148 152127.029001, 499464.326473 152024.657755)"
35.23671366,532.6546676,False,"LINESTRING (499464.326473 152024.657755, 499475.654937 151991.291726)"
160.4456179,2041.726064,True,"LINESTRING (499475.654937 151991.291726, 499499.016793 151960.176939, 499531.562534 151843.078959)"
182.9981764,3708.840238,True,"LINESTRING (499475.916847 150317.203148, 499523.233742 150326.089599, 499610.765004 150301.115378, 499635.626334 150265.0189)"
77.28585489,1294.311878,False,"LINESTRING (499475.916847 150317.203148, 499488.14534 150240.890847)"
35.11481778,0,False,"LINESTRING (499507.591702 149784.705841, 499478.660372 149764.805375)"
199.7185177,3630.985291,True,"LINESTRING (499681.30873 150217.451295, 499486.557491 150173.185721)"
67.72374309,1268.166762,False,"LINESTRING (499488.14534 150240.890847, 499486.557491 150173.185721)"
49.06283913,4523.505039,True,"LINESTRING (499486.557491 150173.185721, 499490.486178 150124.280429)"
53.28305078,972.2228597,False,"LINESTRING (499539.860909 151239.141549, 499486.627228 151236.848377)"
149.4416489,3081.965459,True,"LINESTRING (499488.14534 150240.890847, 499635.626334 150265.0189)"
192.9922347,3147.022992,True,"LINESTRING (499682.484459 150143.842196, 499490.486178 150124.280429)"
116.4215645,3166.312029,True,"LINESTRING (499490.486178 150124.280429, 499492.697018 150007.879858)"
19.88811637,0,False,"LINESTRING (499492.697018 150007.879858, 499506.330108 149993.399663)"
291.4592508,1803.428776,True,"LINESTRING (499531.562534 151843.078959, 499560.724595 151769.771426, 499560.987835 151707.249303, 499495.85451 151572.082275)"
308.3480896,1367.253485,False,"LINESTRING (499495.85451 151572.082275, 499681.34357 151325.764689)"
79.3791136,1300.757785,False,"LINESTRING (499506.330108 149993.399663, 499517.666878 149914.834268)"
74.69394401,2887.021202,True,"LINESTRING (499506.330108 149993.399663, 499580.618835 150001.169491)"
93.52595594,0,False,"LINESTRING (499528.15803 149875.942514, 499507.591702 149784.705841)"
79.87605965,299.5515816,False,"LINESTRING (499507.591702 149784.705841, 499543.93623 149713.577364)"
45.75836351,855.7561283,True,"LINESTRING (499508.549148 152127.029001, 499553.019993 152116.2507)"
125.9417179,545.5936376,False,"LINESTRING (499529.333975 152251.243764, 499508.549148 152127.029001)"
176.4352535,3955.949766,True,"LINESTRING (499689.690529 149954.042206, 499517.666878 149914.834268)"
40.28191627,0,False,"LINESTRING (499517.666878 149914.834268, 499528.15803 149875.942514)"
81.13150982,0,False,"LINESTRING (499593.948055 149408.782628, 499547.092369 149404.596989, 499519.309555 149384.843717)"
95.89651116,52.23339139,False,"LINESTRING (499519.309555 149384.843717, 499546.421427 149340.809908, 499586.871514 149323.029364)"
47.60332249,0,False,"LINESTRING (499528.15803 149875.942514, 499575.733603 149877.567662)"
132.0969575,1226.530899,False,"LINESTRING (499648.255562 152301.730634, 499607.363252 152298.162933, 499529.333975 152251.243764)"
68.46832885,928.5607093,False,"LINESTRING (499595.734125 151278.715478, 499539.860909 151239.141549)"
211.7969444,1093.278284,False,"LINESTRING (499539.860909 151239.141549, 499666.705057 151154.975032, 499726.209547 151152.21009)"
182.9054654,0,False,"LINESTRING (499543.93623 149713.577364, 499532.855667 149682.746501, 499546.663238 149533.238849)"
42.53777108,663.8570683,False,"LINESTRING (499543.93623 149713.577364, 499585.121473 149702.936044)"
156.7607586,479.1951804,False,"LINESTRING (499691.027015 149589.768997, 499650.461521 149562.368465, 499546.663238 149533.238849)"
154.8190653,1184.208157,True,"LINESTRING (499646.195835 152204.067557, 499593.151893 152209.479604, 499553.019993 152116.2507)"
245.7536241,1332.965083,False,"LINESTRING (499553.019993 152116.2507, 499559.225388 152051.370779, 499603.47607 151918.19847, 499641.580396 151905.24492)"
128.281136,149.3126783,False,"LINESTRING (499701.076266 149904.867235, 499575.733603 149877.567662)"
157.1880328,1742.136441,True,"LINESTRING (499575.733603 149877.567662, 499625.149068 149728.349065)"
164.5837232,4641.704447,True,"LINESTRING (499686.413026 150077.588969, 499582.793264 150060.731493, 499580.618835 150001.169491)"
109.129828,4847.034123,True,"LINESTRING (499689.678838 150005.072714, 499580.618835 150001.169491)"
47.41339439,0,False,"LINESTRING (499625.149068 149728.349065, 499585.121473 149702.936044)"
154.9927876,0,False,"LINESTRING (499585.121473 149702.936044, 499691.027015 149589.768997)"
52.6808152,1153.361044,False,"LINESTRING (499598.34367 149374.445878, 499586.871514 149323.029364)"
212.9267624,323.3881885,False,"LINESTRING (499586.871514 149323.029364, 499667.313657 149177.962146, 499704.392849 149149.001125)"
352.3877451,576.6176686,False,"LINESTRING (499907.893482 149561.20841, 499888.456232 149536.651723, 499593.948055 149408.782628)"
34.61695872,899.0102295,False,"LINESTRING (499593.948055 149408.782628, 499598.34367 149374.445878)"
52.5334782,848.1258337,False,"LINESTRING (499647.067301 151289.881109, 499595.734125 151278.715478)"
95.90322917,1104.999289,False,"LINESTRING (499598.34367 149374.445878, 499663.64665 149304.210914)"
78.91883485,1811.810834,True,"LINESTRING (499625.149068 149728.349065, 499701.733181 149747.403095)"
205.3740889,0,False,"LINESTRING (499634.056237 150997.273964, 499636.884472 151043.95593, 499655.122054 151061.688986, 499737.314611 151050.982685, 499779.550059 151023.698095)"
156.3853268,0,False,"LINESTRING (499634.056237 150997.273964, 499786.754554 150963.516084)"
33.27734181,4550.032899,True,"LINESTRING (499635.626334 150265.0189, 499667.38925 150255.094253)"
298.8582785,2164.186327,True,"LINESTRING (499646.195835 152204.067557, 499641.580396 151905.24492)"
97.08351468,390.9932611,False,"LINESTRING (499641.580396 151905.24492, 499642.765543 151808.16864)"
482.8737515,1506.660898,False,"LINESTRING (499642.765543 151808.16864, 499630.625413 151775.205023, 499652.135614 151484.744047, 499765.230819 151376.585017)"
105.8754717,1403.290088,False,"LINESTRING (499744.841243 151836.278552, 499642.765543 151808.16864)"
97.68479472,838.4416453,True,"LINESTRING (499648.255562 152301.730634, 499646.195835 152204.067557)"
49.62352175,1424.062572,False,"LINESTRING (499681.34357 151325.764689, 499647.067301 151289.881109)"
173.0948545,895.5956576,False,"LINESTRING (499647.067301 151289.881109, 499674.418203 151243.514708, 499726.613805 151208.767616, 499726.209547 151152.21009)"
0.1237926844,0,True,"LINESTRING (499648.356621 152301.80213, 499648.255562 152301.730634)"
93.7290872,0,False,"LINESTRING (499654.546643 152395.326594, 499648.356621 152301.80213)"
440.1172747,2395.850062,True,"LINESTRING (499648.356621 152301.80213, 499771.393912 152252.520891, 499862.203334 152196.119057, 500009.365709 152059.682876)"
355.6358228,292.864198,False,"LINESTRING (499998.940388 152321.905682, 499964.360992 152320.085004, 499708.813171 152396.503572, 499654.546643 152395.326594)"
202.4130559,928.1614723,False,"LINESTRING (499848.25382 149367.125741, 499717.224007 149349.594962, 499663.64665 149304.210914)"
75.92560077,2277.782438,True,"LINESTRING (499663.64665 149304.210914, 499698.75284 149236.888909)"
67.35375248,4167.651982,True,"LINESTRING (499667.38925 150255.094253, 499693.167551 150266.76817, 499727.738805 150248.598232)"
40.13407834,1268.223966,True,"LINESTRING (499667.38925 150255.094253, 499681.30873 150217.451295)"
8.825372148,1376.712483,True,"LINESTRING (499690.029324 150216.095404, 499681.30873 150217.451295)"
98.08045801,407.1657169,False,"LINESTRING (499765.230819 151376.585017, 499681.34357 151325.764689)"
42.45392278,2956.640795,True,"LINESTRING (499715.256284 150170.830028, 499682.484459 150143.842196)"
66.36959928,1712.817333,True,"LINESTRING (499682.484459 150143.842196, 499686.413026 150077.588969)"
78.68766364,3920.665397,True,"LINESTRING (499686.413026 150077.588969, 499702.554583 150025.423488, 499689.678838 150005.072714)"
51.03050951,2997.834069,True,"LINESTRING (499689.678838 150005.072714, 499689.690529 149954.042206)"
33.92375151,1759.622605,True,"LINESTRING (499689.690529 149954.042206, 499712.558604 149928.98483)"
49.78392076,629.8820888,False,"LINESTRING (499727.738805 150248.598232, 499690.029324 150216.095404)"
51.82039913,1272.182405,True,"LINESTRING (499690.029324 150216.095404, 499715.256284 150170.830028)"
73.35743669,0,False,"LINESTRING (499752.374721 149623.669955, 499719.022846 149593.241109, 499691.027015 149589.768997)"
230.0352396,1529.261345,True,"LINESTRING (499698.75284 149236.888909, 499728.933122 149238.820738, 499777.662363 149208.020272, 499840.953264 149220.364567, 499916.202024 149201.153151)"
88.06856661,957.1178826,False,"LINESTRING (499698.75284 149236.888909, 499704.392849 149149.001125)"
26.71146709,0,True,"LINESTRING (499712.558604 149928.98483, 499701.076266 149904.867235)"
7.916013059,0,True,"LINESTRING (499701.076266 149904.867235, 499703.083025 149897.209808)"
159.1377469,1723.356057,True,"LINESTRING (499703.083025 149897.209808, 499675.601116 149816.154599, 499701.733181 149747.403095)"
2.476201123,0,False,"LINESTRING (499701.733181 149747.403095, 499703.823337 149746.075382)"
192.6185075,2407.312807,True,"LINESTRING (499703.083025 149897.209808, 499756.823675 149778.043911, 499703.823337 149746.075382)"
94.06244459,860.7260884,False,"LINESTRING (499703.823337 149746.075382, 499708.309408 149709.483482, 499743.38919 149664.30763)"
254.8393582,1509.33907,False,"LINESTRING (499704.392849 149149.001125, 499781.170857 148906.002697)"
4.828963972,0,False,"LINESTRING (499712.558604 149928.98483, 499717.111567 149930.593997)"
71.97696426,3783.73835,True,"LINESTRING (499782.275148 150197.081793, 499715.256284 150170.830028)"
218.76616,2801.39762,True,"LINESTRING (499813.20235 150117.058658, 499781.816225 150103.426353, 499717.111567 149930.593997)"
91.79613702,269.2923777,False,"LINESTRING (499803.358801 149936.051822, 499751.146415 149917.617026, 499717.111567 149930.593997)"
64.69213253,345.5443363,False,"LINESTRING (499726.209547 151152.21009, 499754.707553 151136.374629, 499786.422064 151141.269398)"
35.41566321,2567.028025,True,"LINESTRING (499762.86177 150244.05439, 499727.738805 150248.598232)"
134.530679,4059.378901,True,"LINESTRING (499859.689386 149727.700922, 499782.391876 149698.607583, 499743.38919 149664.30763)"
41.61923182,741.724406,False,"LINESTRING (499743.38919 149664.30763, 499752.374721 149623.669955)"
267.633181,3379.259614,True,"LINESTRING (499955.289177 151995.832511, 499888.624273 151969.313402, 499744.841243 151836.278552)"
346.390897,1694.484483,False,"LINESTRING (500007.705409 151886.020496, 499816.604188 151764.143397, 499766.044221 151770.908553, 499744.841243 151836.278552)"
137.2008985,1117.412507,False,"LINESTRING (499752.374721 149623.669955, 499886.570359 149595.11094)"
47.42818124,1862.268333,True,"LINESTRING (499762.86177 150244.05439, 499808.059772 150258.427038)"
50.8262151,219.9258784,False,"LINESTRING (499762.86177 150244.05439, 499782.275148 150197.081793)"
17.29639518,0,False,"LINESTRING (499765.230819 151376.585017, 499781.235284 151370.025872)"
122.0920481,0,False,"LINESTRING (499786.422064 151141.269398, 499796.946627 151061.27767, 499779.550059 151023.698095)"
60.61170867,0,False,"LINESTRING (499779.550059 151023.698095, 499786.754554 150963.516084)"
79.39500701,938.7114229,False,"LINESTRING (499781.170857 148906.002697, 499860.527579 148908.468016)"
209.1293999,296.1324426,False,"LINESTRING (499781.170857 148906.002697, 499806.267989 148698.384682)"
246.4184146,3031.73771,False,"LINESTRING (499781.235284 151370.025872, 499864.353133 151366.705517, 499872.539517 151346.459618, 499850.715244 151253.306857, 499805.021464 151254.877601)"
117.5793636,764.5474277,False,"LINESTRING (499781.235284 151370.025872, 499805.021464 151254.877601)"
33.2597166,1998.213057,True,"LINESTRING (499815.480985 150198.97419, 499782.275148 150197.081793)"
154.5593959,1428.926392,True,"LINESTRING (499789.748722 150623.123553, 499785.531886 150468.621691)"
157.9369108,2593.541927,True,"LINESTRING (499785.531886 150468.621691, 499817.432866 150313.940098)"
115.1206388,1615.479222,False,"LINESTRING (499805.021464 151254.877601, 499786.422064 151141.269398)"
134.4547784,174.8692034,False,"LINESTRING (499797.598449 150831.984538, 499786.47547 150697.990632)"
85.16206613,715.3067412,True,"LINESTRING (499786.47547 150697.990632, 499807.048427 150673.006879, 499789.748722 150623.123553)"
26.7972858,0,False,"LINESTRING (499786.754554 150963.516084, 499801.936578 150941.434402)"
99.85353567,0,False,"LINESTRING (499801.936578 150941.434402, 499788.667679 150842.466403)"
13.77055348,0,False,"LINESTRING (499788.667679 150842.466403, 499797.598449 150831.984538)"
1254.948614,144.7493531,False,"LINESTRING (501027.865488 150968.391169, 500951.106981 150965.160559, 500730.028725 150881.515527, 500367.79433 150804.212815, 500022.153457 150809.509162, 499797.598449 150831.984538)"
2262.485392,332.5957385,False,"LINESTRING (501182.928936 152580.955355, 501078.265121 152420.569767, 500961.87771 152084.167335, 500864.985715 151885.486171, 500456.670238 151292.200656, 500310.575862 151125.317664, 500176.40305 151030.48022, 499973.439648 150958.761456, 499801.936578 150941.434402)"
188.1350904,2368.500204,True,"LINESTRING (499813.20235 150117.058658, 499830.060068 150084.718427, 499827.626971 150034.773955, 499803.358801 149936.051822)"
35.38297196,0,False,"LINESTRING (499803.358801 149936.051822, 499831.50849 149914.614713)"
394.0186132,494.9588508,False,"LINESTRING (499806.267989 148698.384682, 499795.659206 148670.781893, 499896.382093 148320.529465)"
679.6034245,1634.055921,False,"LINESTRING (500402.883741 148629.959094, 500118.509921 148525.90222, 500049.511952 148519.232627, 499948.606857 148567.804783, 499830.624046 148689.65501, 499806.267989 148698.384682)"
56.29879926,589.1422274,False,"LINESTRING (499817.432866 150313.940098, 499808.059772 150258.427038)"
10.18749662,0,True,"LINESTRING (499808.059772 150258.427038, 499816.61783 150252.900308)"
35.75002142,1307.971244,True,"LINESTRING (499831.88211 150147.540301, 499813.20235 150117.058658)"
53.93809986,240.9799388,False,"LINESTRING (499816.61783 150252.900308, 499815.480985 150198.97419)"
24.96132086,336.7610251,True,"LINESTRING (499815.480985 150198.97419, 499833.524669 150181.726205)"
149.2998104,2059.513667,True,"LINESTRING (499941.395374 150299.744196, 499926.886147 150265.431872, 499904.775572 150256.595938, 499816.61783 150252.900308)"
124.772701,1548.455699,True,"LINESTRING (499941.395374 150299.744196, 499817.432866 150313.940098)"
121.1414554,1610.175471,True,"LINESTRING (499831.50849 149914.614713, 499949.120309 149943.644222)"
189.0262626,1869.063035,True,"LINESTRING (499831.50849 149914.614713, 499859.689386 149727.700922)"
34.22534141,1343.478198,True,"LINESTRING (499833.524669 150181.726205, 499831.88211 150147.540301)"
59.70818164,1888.752879,True,"LINESTRING (499831.88211 150147.540301, 499890.388657 150135.62179)"
105.3679421,2966.367131,True,"LINESTRING (499936.152272 150175.624967, 499902.858702 150188.516297, 499833.524669 150181.726205)"
63.08538615,659.2969075,False,"LINESTRING (499848.25382 149367.125741, 499867.322108 149395.929681, 499894.852351 149403.460555)"
31.50781616,960.8092115,False,"LINESTRING (499848.25382 149367.125741, 499866.933304 149341.752145)"
141.2400105,1665.462918,False,"LINESTRING (499859.689386 149727.700922, 499877.145199 149708.320909, 499892.274423 149634.737466, 499886.570359 149595.11094)"
158.2153704,1754.753658,False,"LINESTRING (499860.527579 148908.468016, 499882.469751 148920.604908, 499912.169564 148898.051057, 499893.153465 148866.62362, 499866.22691 148879.970768, 499860.527579 148908.468016)"
43.33090772,0,True,"LINESTRING (499909.463035 149350.046093, 499866.933304 149341.752145)"
151.1743901,1683.228223,True,"LINESTRING (499866.933304 149341.752145, 499915.33874 149236.142794, 499916.202024 149201.153151)"
40.05068213,0,False,"LINESTRING (499886.570359 149595.11094, 499907.893482 149561.20841)"
48.57059222,2926.997459,True,"LINESTRING (499936.930672 150149.512193, 499890.388657 150135.62179)"
234.1481284,4272.880621,True,"LINESTRING (499890.388657 150135.62179, 499890.994638 150050.163144, 499900.232712 150028.869072, 499936.043152 150032.194969, 499949.120309 149943.644222)"
107.9484584,2675.545388,True,"LINESTRING (499981.103355 149468.373066, 499894.852351 149403.460555)"
55.37668183,1670.829615,True,"LINESTRING (499894.852351 149403.460555, 499909.463035 149350.046093)"
137.9583167,1428.069033,False,"LINESTRING (500032.219542 148344.626864, 499896.382093 148320.529465)"
308.2248889,1368.16985,False,"LINESTRING (499896.382093 148320.529465, 499892.26117 148284.491337, 499932.117783 148114.031328, 499974.293161 148026.797475)"
322.3636623,1826.285245,False,"LINESTRING (500191.080188 149711.993707, 499944.641832 149569.419344, 499907.893482 149561.20841)"
119.8888562,3159.117637,True,"LINESTRING (499909.463035 149350.046093, 500019.070204 149301.470315)"
111.712741,1034.626838,True,"LINESTRING (499916.202024 149201.153151, 499958.634491 149097.812828)"
107.5168455,4118.72203,False,"LINESTRING (499936.152272 150175.624967, 499975.779727 150178.608076, 499978.751783 150163.642815, 499969.605565 150146.21816, 499936.930672 150149.512193)"
26.12437337,0,False,"LINESTRING (499936.152272 150175.624967, 499936.930672 150149.512193)"
480.1908713,2255.305265,True,"LINESTRING (499941.395374 150299.744196, 499976.545173 150304.025485, 500032.83508 150271.810375, 500343.524915 150053.144713)"
121.7584738,2898.607292,True,"LINESTRING (500070.589971 149935.262864, 499949.120309 149943.644222)"
50.10132749,4009.554438,True,"LINESTRING (499958.634843 149097.81239, 499951.832518 149048.174991)"
199.4686805,1504.792628,False,"LINESTRING (499951.832518 149048.174991, 499910.542671 149051.113795, 499884.211972 149001.8731, 499915.600306 148972.200462, 499974.169739 148979.656328)"
72.06773684,2076.518655,True,"LINESTRING (499951.832518 149048.174991, 499974.169739 148979.656328)"
74.40082556,1772.345925,True,"LINESTRING (500014.978944 152040.246636, 499955.289177 151995.832511)"
121.6804839,985.2114008,False,"LINESTRING (499955.289177 151995.832511, 500007.705409 151886.020496)"
743.8303945,4105.478914,True,"LINESTRING (499974.169739 148979.656328, 500133.284279 148751.371987, 500280.948005 148803.979784, 500389.065725 148795.889262, 500433.128502 148773.643643, 500441.269413 148749.223555, 500402.883741 148629.959094)"
618.6106654,708.9160025,False,"LINESTRING (499974.293161 148026.797475, 499933.609369 147870.238821, 499945.365077 147779.390657, 499993.793524 147704.01903, 500136.814708 147803.761086, 500147.220411 147827.878758, 500134.340279 147901.789661)"
203.081347,890.0965188,False,"LINESTRING (499974.293161 148026.797475, 500134.340279 147901.789661)"
180.2073803,960.6210341,False,"LINESTRING (500121.415748 149575.184077, 500083.894208 149565.582961, 499981.103355 149468.373066)"
135.4507964,447.2472782,False,"LINESTRING (500106.099277 149461.676599, 500025.614537 149440.873302, 499981.103355 149468.373066)"
1169.543157,505.3443272,False,"LINESTRING (500077.587814 152276.910651, 500119.853131 152277.890516, 500355.855508 152207.107112, 500440.443922 152206.946602, 500493.922064 152300.894851, 500494.143796 152369.490704, 500248.007007 152443.661281, 500065.10718 152478.624114, 500046.824509 152470.832859, 499998.940388 152321.905682)"
90.6088872,0,False,"LINESTRING (499998.940388 152321.905682, 500077.587814 152276.910651)"
201.156721,1808.157332,False,"LINESTRING (500154.540685 151996.937959, 500151.89566 151975.936229, 500095.209573 151914.577875, 500036.588917 151881.640926, 500007.705409 151886.020496)"
44.82200851,519.0307345,False,"LINESTRING (500009.365709 152059.682876, 500035.6064 152096.020716)"
20.2305667,0,True,"LINESTRING (500009.365709 152059.682876, 500014.978944 152040.246636)"
69.88579602,1238.592174,False,"LINESTRING (500084.759002 152044.089554, 500014.978944 152040.246636)"
182.3187134,1892.630732,True,"LINESTRING (500106.099277 149461.676599, 500019.070204 149301.470315)"
484.9035756,3282.677382,True,"LINESTRING (500304.089024 149448.306402, 500213.622232 149349.671195, 500188.896158 149200.194813, 500090.953626 149242.968212, 500019.070204 149301.470315)"
516.6139961,1236.218927,False,"LINESTRING (500402.883741 148629.959094, 500381.423513 148520.958543, 500269.94964 148406.287724, 500032.219542 148344.626864)"
530.5942416,2669.342953,False,"LINESTRING (500032.219542 148344.626864, 500065.433307 148169.917405, 500206.471364 147975.557272, 500198.842485 147937.353293, 500134.340279 147901.789661)"
187.4365866,192.091633,False,"LINESTRING (500077.587814 152276.910651, 500039.068761 152165.305375, 500035.6064 152096.020716)"
69.43905937,960.6840963,False,"LINESTRING (500035.6064 152096.020716, 500088.077378 152050.539077)"
14.66349854,0,False,"LINESTRING (500081.183214 149945.401966, 500070.589971 149935.262864)"
255.4213531,2827.676666,True,"LINESTRING (500070.589971 149935.262864, 500097.640364 149851.941748, 500265.409815 149856.028902)"
312.1158621,4831.414173,False,"LINESTRING (500081.183214 149945.401966, 500081.144801 150056.477262, 500112.220227 150091.386316, 500154.059009 150050.534497, 500144.709421 149955.163131)"
64.27176216,2869.782838,True,"LINESTRING (500144.709421 149955.163131, 500081.183214 149945.401966)"
7.253135015,768.4952767,False,"LINESTRING (500088.077378 152050.539077, 500084.759002 152044.089554)"
84.21850269,1335.229153,False,"LINESTRING (500084.759002 152044.089554, 500154.540685 151996.937959)"
219.1321699,1306.147792,False,"LINESTRING (500088.077378 152050.539077, 500115.896658 152066.268002, 500215.060415 152037.777854, 500205.388387 152007.127349, 500154.540685 151996.937959)"
66.23727696,1297.441621,True,"LINESTRING (500160.700703 149499.174081, 500106.099277 149461.676599)"
75.3482695,2704.468216,True,"LINESTRING (500181.046497 149616.572484, 500147.57927 149605.617209, 500121.415748 149575.184077)"
85.56183198,2949.586213,True,"LINESTRING (500121.415748 149575.184077, 500160.700703 149499.174081)"
172.5561256,3278.660773,True,"LINESTRING (500144.709421 149955.163131, 500168.045672 149943.926356, 500247.994549 149954.550949, 500307.78869 149926.60194)"
54.45391594,1671.541861,True,"LINESTRING (500214.123759 149509.719512, 500160.700703 149499.174081)"
63.0574092,3326.635246,True,"LINESTRING (500181.046497 149616.572484, 500232.573739 149652.920526)"
111.8555445,2928.276838,True,"LINESTRING (500181.046497 149616.572484, 500214.123759 149509.719512)"
162.083407,1287.503785,False,"LINESTRING (500265.409815 149856.028902, 500191.080188 149711.993707)"
50.41803152,247.6296599,False,"LINESTRING (500191.080188 149711.993707, 500235.583381 149688.298902)"
61.23535983,1320.674856,True,"LINESTRING (500214.123759 149509.719512, 500275.166076 149504.861032)"
35.50616124,0,False,"LINESTRING (500235.583381 149688.298902, 500232.573739 149652.920526)"
141.5628592,2879.505276,True,"LINESTRING (500232.573739 149652.920526, 500289.187193 149523.170921)"
194.6608101,4105.423169,True,"LINESTRING (500429.464041 149670.888545, 500235.583381 149688.298902)"
79.14011301,1367.625037,False,"LINESTRING (500309.768958 149921.568385, 500265.409815 149856.028902)"
23.06173804,0,True,"LINESTRING (500289.187193 149523.170921, 500275.166076 149504.861032)"
63.52135958,0,False,"LINESTRING (500275.166076 149504.861032, 500304.089024 149448.306402)"
112.0475039,2253.633426,True,"LINESTRING (500394.106723 149562.496934, 500289.187193 149523.170921)"
876.40534,3374.664513,True,"LINESTRING (500304.089024 149448.306402, 500483.817691 149339.978088, 500589.575396 149229.044952, 500769.169303 149168.729816, 500764.193155 149247.170306, 500592.110248 149349.84348, 500561.897144 149382.992731)"
80.36525235,839.9027941,False,"LINESTRING (500337.921934 150001.10403, 500307.78869 149926.60194)"
5.409078664,0,True,"LINESTRING (500307.78869 149926.60194, 500309.768958 149921.568385)"
315.9292705,3253.177518,True,"LINESTRING (500309.768958 149921.568385, 500454.006713 149847.508921, 500521.608017 149709.374036)"
52.34143795,0,False,"LINESTRING (500343.524915 150053.144713, 500337.921934 150001.10403)"
217.5055361,2528.87816,True,"LINESTRING (500550.497125 149986.728997, 500425.013954 149973.586083, 500337.921934 150001.10403)"
205.7597881,807.6991209,False,"LINESTRING (500434.807212 150237.548164, 500343.524915 150053.144713)"
61.78049027,3166.517442,True,"LINESTRING (500440.945448 149602.782947, 500394.106723 149562.496934)"
134.0813231,2999.082875,True,"LINESTRING (500394.106723 149562.496934, 500450.40599 149485.637183, 500484.568419 149467.225772)"
99.85812569,3819.21849,True,"LINESTRING (500521.608017 149709.374036, 500429.464041 149670.888545)"
69.06659926,355.6711965,False,"LINESTRING (500429.464041 149670.888545, 500440.945448 149602.782947)"
201.5128173,2268.381764,True,"LINESTRING (500555.77143 150398.716007, 500434.807212 150237.548164)"
257.5026363,1874.050716,True,"LINESTRING (500434.807212 150237.548164, 500633.336806 150073.555456)"
63.35472202,1186.367765,False,"LINESTRING (500502.310955 149618.533989, 500440.945448 149602.782947)"
61.11455805,2163.281617,True,"LINESTRING (500541.147697 149490.329333, 500484.568419 149467.225772)"
116.9898198,4603.383448,True,"LINESTRING (500484.568419 149467.225772, 500501.869118 149431.068842, 500561.897144 149382.992731)"
28.07515753,1269.16474,True,"LINESTRING (500502.310955 149618.533989, 500525.134161 149634.883784)"
116.5874543,1458.707551,True,"LINESTRING (500502.310955 149618.533989, 500531.387631 149540.777766, 500555.616295 149517.538051)"
17.28613367,0,True,"LINESTRING (500521.608017 149709.374036, 500538.35726 149705.09931)"
49.725936,631.7628692,True,"LINESTRING (500547.370993 149679.360654, 500525.134161 149634.883784)"
109.7712426,2886.366159,True,"LINESTRING (500525.134161 149634.883784, 500599.364543 149554.016138)"
74.6931381,1334.031513,True,"LINESTRING (500611.909918 149718.102054, 500538.35726 149705.09931)"
27.27133696,0,True,"LINESTRING (500538.35726 149705.09931, 500547.370993 149679.360654)"
30.81646768,2208.42962,True,"LINESTRING (500555.616295 149517.538051, 500541.147697 149490.329333)"
142.2193117,3821.091479,True,"LINESTRING (500541.147697 149490.329333, 500598.172977 149424.504603, 500561.897144 149382.992731)"
129.8238313,1006.949176,False,"LINESTRING (500547.370993 149679.360654, 500643.316606 149591.903999)"
111.5824029,2110.386529,True,"LINESTRING (500634.870057 150059.748453, 500550.497125 149986.728997)"
354.8846576,3212.20987,True,"LINESTRING (500550.497125 149986.728997, 500600.953446 149945.898837, 500695.640365 149945.739812, 500801.957089 149781.925578)"
61.3244655,2077.506896,True,"LINESTRING (500599.364543 149554.016138, 500585.743174 149527.88137, 500555.616295 149517.538051)"
684.5236671,2724.065054,False,"LINESTRING (500555.77143 150398.716007, 500647.157099 150323.09917, 500741.438162 150417.289227, 500784.98608 150409.981797, 500801.96295 150447.807147, 500711.732489 150542.681443, 500560.457085 150418.631855, 500555.77143 150398.716007)"
58.0282161,1322.873684,True,"LINESTRING (500643.316606 149591.903999, 500599.364543 149554.016138)"
113.4277731,2865.806065,True,"LINESTRING (500717.12257 149743.399605, 500631.332671 149737.476284, 500611.909918 149718.102054)"
75.22606627,2081.259964,True,"LINESTRING (500611.909918 149718.102054, 500665.694883 149665.507961)"
125.9946885,2384.997364,True,"LINESTRING (500633.336806 150073.555456, 500668.064319 150111.624677, 500726.448823 150065.404032)"
13.89187477,0,False,"LINESTRING (500633.336806 150073.555456, 500634.870057 150059.748453)"
104.7423196,1504.549457,True,"LINESTRING (500726.448823 150065.404032, 500682.917053 150037.409681, 500634.870057 150059.748453)"
31.24953186,823.4043351,True,"LINESTRING (500643.316606 149591.903999, 500668.029987 149572.77857)"
59.09233952,232.4497576,False,"LINESTRING (500717.297483 149694.301644, 500665.694883 149665.507961)"
121.3849987,2989.331498,True,"LINESTRING (500665.694883 149665.507961, 500717.501034 149618.569233, 500767.445222 149606.100691)"
172.2536419,411.3875283,False,"LINESTRING (500668.029987 149572.77857, 500799.955411 149523.471448, 500831.199467 149526.744703)"
521.6438665,2474.548409,True,"LINESTRING (500668.029987 149572.77857, 500650.561729 149526.794288, 500664.624767 149503.702921, 500800.524386 149405.177098, 500978.862279 149420.337679, 500978.79612 149518.916139)"
93.17266905,973.7834166,True,"LINESTRING (500717.12257 149743.399605, 500801.957089 149781.925578)"
49.09827185,464.9654487,False,"LINESTRING (500717.12257 149743.399605, 500717.297483 149694.301644)"
104.1859763,1706.35249,True,"LINESTRING (500717.297483 149694.301644, 500756.093732 149649.790074, 500767.445222 149606.100691)"
32.35183407,509.9865425,False,"LINESTRING (500757.057309 150075.880757, 500726.448823 150065.404032)"
155.5424951,1612.742549,False,"LINESTRING (500868.08962 150165.859192, 500845.023808 150167.055945, 500795.390131 150113.343732, 500765.716327 150102.045379, 500757.057309 150075.880757)"
313.8558258,1828.04636,False,"LINESTRING (500757.057309 150075.880757, 500942.63393 149822.766559)"
104.3997602,3543.667143,True,"LINESTRING (500767.445222 149606.100691, 500813.10944 149567.562402, 500831.199467 149526.744703)"
4.916606762,0,True,"LINESTRING (500801.957089 149781.925578, 500806.385967 149779.790617)"
138.5934758,635.0298922,True,"LINESTRING (500806.385967 149779.790617, 500939.772405 149817.42318)"
292.7776779,2023.986269,True,"LINESTRING (500806.385967 149779.790617, 500963.931061 149533.014783)"
138.9792337,1487.143039,False,"LINESTRING (500831.199467 149526.744703, 500864.13814 149510.573569, 500963.931061 149533.014783)"
368.411302,2339.621492,False,"LINESTRING (500843.563003 151310.310995, 500808.20112 151329.394016, 500769.211459 151379.394442, 500819.749189 151443.959047, 500889.43174 151399.161405, 500843.563003 151310.310995)"
216.8058457,2316.381269,False,"LINESTRING (500843.563003 151310.310995, 500832.636708 151261.977195, 500853.35448 151228.698938, 500904.239089 151211.100899, 500978.020224 151219.070596)"
154.1808153,335.6967591,False,"LINESTRING (500987.799828 150257.199682, 500957.565871 150250.598661, 500868.08962 150165.859192)"
368.3708858,1516.116017,False,"LINESTRING (500868.08962 150165.859192, 501013.279195 149987.42347, 501019.065953 149940.659527, 501058.416085 149927.50982, 501089.61659 149888.799078)"
6.061354936,0,True,"LINESTRING (500942.63393 149822.766559, 500939.772405 149817.42318)"
339.2990604,1919.079879,False,"LINESTRING (500939.772405 149817.42318, 501150.397766 149551.414139)"
161.1340935,1902.521021,True,"LINESTRING (501089.61659 149888.799078, 500942.63393 149822.766559)"
20.48759955,0,False,"LINESTRING (500963.931061 149533.014783, 500978.79612 149518.916139)"
50.75529856,1780.937214,True,"LINESTRING (501014.037359 151725.320328, 500967.954137 151704.049763)"
117.8777409,1866.976737,False,"LINESTRING (500976.631737 151805.122889, 500941.971133 151748.626068, 500967.954137 151704.049763)"
430.1181815,2469.221358,True,"LINESTRING (500967.954137 151704.049763, 500945.476282 151683.615517, 500896.669536 151676.553737, 500902.01827 151616.186056, 500882.996062 151562.757558, 500960.666576 151539.384068, 501068.462474 151432.225761)"
10.43084228,0,False,"LINESTRING (500981.043971 151814.57459, 500976.631737 151805.122889)"
91.90192318,1068.573938,False,"LINESTRING (500976.631737 151805.122889, 501005.047939 151775.017601, 501014.037359 151725.320328)"
234.5018747,1396.364103,False,"LINESTRING (501068.462474 151432.225761, 500979.754758 151258.232314, 500978.020224 151219.070596)"
127.1972039,598.9832924,False,"LINESTRING (500978.020224 151219.070596, 501089.367722 151157.581869)"
174.6517823,1345.59749,True,"LINESTRING (500978.79612 149518.916139, 501150.397766 149551.414139)"
95.24747273,1446.064615,False,"LINESTRING (501062.547585 151863.861932, 500981.043971 151814.57459)"
144.7954492,1390.48569,False,"LINESTRING (501059.00243 151882.666349, 501002.379933 151893.264383, 500975.184765 151851.259121, 500981.043971 151814.57459)"
61.524461,1208.03984,False,"LINESTRING (501022.426867 150308.054647, 500987.799828 150257.199682)"
355.6385037,1560.792755,False,"LINESTRING (500987.799828 150257.199682, 501208.400417 149978.247849)"
165.1090241,3899.284145,True,"LINESTRING (501014.037359 151725.320328, 501070.311485 151720.872141, 501092.747057 151675.463645, 501150.746894 151676.586891)"
52.38672623,700.5400535,True,"LINESTRING (501070.298473 150329.330889, 501022.426867 150308.054647)"
542.309502,3745.768777,True,"LINESTRING (501199.587935 150726.319874, 501085.355716 150628.85723, 500946.178097 150456.424604, 500954.013311 150405.6775, 501022.426867 150308.054647)"
201.7148726,2509.933916,False,"LINESTRING (501089.367722 151157.581869, 501063.531427 151027.050215, 501027.865488 150968.391169)"
130.3860249,1238.016115,False,"LINESTRING (501027.865488 150968.391169, 501119.080542 150875.222884)"
435.7129762,3959.175178,True,"LINESTRING (501312.471933 152219.627861, 501231.01521 152078.948476, 501198.644159 152068.81944, 501111.80457 151946.391676, 501081.232812 151934.377773, 501059.00243 151882.666349)"
19.13567905,0,True,"LINESTRING (501059.00243 151882.666349, 501062.547585 151863.861932)"
289.5433633,3172.754469,True,"LINESTRING (501062.547585 151863.861932, 501110.385017 151855.364313, 501190.115231 151868.534239, 501227.296743 151837.688375, 501236.117134 151808.908396, 501287.588977 151804.785628, 501302.109453 151778.422258)"
122.3545122,1616.932604,True,"LINESTRING (501068.462474 151432.225761, 501182.380515 151387.579299)"
412.3596731,3641.398754,False,"LINESTRING (501070.298473 150329.330889, 501129.563941 150375.54218, 501226.561679 150364.12737, 501272.004726 150242.49889, 501178.026777 150185.91116)"
179.3728135,1965.671348,True,"LINESTRING (501070.298473 150329.330889, 501178.026777 150185.91116)"
27.66618877,0,False,"LINESTRING (501109.69087 151176.35386, 501089.367722 151157.581869)"
2.431749422,0,True,"LINESTRING (501089.61659 149888.799078, 501091.953617 149888.126983)"
143.1984624,824.5689097,True,"LINESTRING (501207.137114 149973.206721, 501091.953617 149888.126983)"
328.7033033,2710.955415,True,"LINESTRING (501091.953617 149888.126983, 501211.834579 149738.232458, 501329.116721 149808.588121)"
228.183816,2900.626397,True,"LINESTRING (501182.380515 151387.579299, 501180.56507 151335.111611, 501115.676997 151215.544632, 501109.69087 151176.35386)"
481.1415183,3033.280115,True,"LINESTRING (501109.69087 151176.35386, 501206.943745 151134.448887, 501298.041 151029.564446, 501119.080542 150875.222884)"
146.261965,2130.068469,True,"LINESTRING (501119.080542 150875.222884, 501131.713756 150834.286107, 501194.016054 150751.738187)"
638.6556851,7254.599165,True,"LINESTRING (501150.397766 149551.414139, 501464.645548 149573.929507, 501499.96622 149587.675774, 501496.672915 149623.737865, 501329.116721 149808.588121)"
111.7002525,1758.75162,False,"LINESTRING (501150.746894 151676.586891, 501143.361747 151701.323376, 501158.494461 151730.939777, 501194.710368 151729.933461, 501200.102785 151714.449105)"
62.20571755,1707.656534,False,"LINESTRING (501200.102785 151714.449105, 501150.746894 151676.586891)"
191.9338154,1734.264487,True,"LINESTRING (501178.026777 150185.91116, 501278.56956 150022.418841)"
402.1631635,1848.697413,True,"LINESTRING (501403.678335 151715.909522, 501294.34286 151593.778723, 501290.406467 151554.889591, 501182.380515 151387.579299)"
14.30470257,0,False,"LINESTRING (501196.045486 152586.663298, 501182.928936 152580.955355)"
393.098724,544.725757,False,"LINESTRING (501262.333034 152669.032443, 501133.422535 152748.827906, 501071.91263 152701.519618, 501182.928936 152580.955355)"
172.2123225,1181.820192,True,"LINESTRING (501321.484784 150867.534589, 501194.016054 150751.738187)"
26.0218466,543.0821346,True,"LINESTRING (501194.016054 150751.738187, 501199.587935 150726.319874)"
90.62915123,0,False,"LINESTRING (501259.929557 152650.947578, 501196.045486 152586.663298)"
150.7953392,878.0112216,False,"LINESTRING (501196.045486 152586.663298, 501315.317644 152494.395282)"
48.67360525,387.7871775,False,"LINESTRING (501199.587935 150726.319874, 501239.946351 150699.111086)"
148.2050467,1541.762613,False,"LINESTRING (501302.109453 151778.422258, 501267.30864 151705.882745, 501200.102785 151714.449105)"
5.197010006,0,True,"LINESTRING (501208.400417 149978.247849, 501207.137114 149973.206721)"
204.8860855,2541.324359,True,"LINESTRING (501207.137114 149973.206721, 501329.116721 149808.588121)"
82.91432419,150.7942098,True,"LINESTRING (501278.56956 150022.418841, 501208.400417 149978.247849)"
165.7358276,1065.309792,False,"LINESTRING (501365.750086 150807.008188, 501239.946351 150699.111086)"
86.20911654,2195.823453,True,"LINESTRING (501239.946351 150699.111086, 501250.201959 150659.412012, 501282.348575 150627.627654)"
18.24387725,0,False,"LINESTRING (501262.333034 152669.032443, 501259.929557 152650.947578)"
129.6396312,99.39090292,False,"LINESTRING (501259.929557 152650.947578, 501347.447005 152555.306947)"
269.7449683,0,False,"LINESTRING (501518.578456 152745.895399, 501403.249677 152729.159373, 501262.333034 152669.032443)"
313.4859721,2703.645699,True,"LINESTRING (501557.341834 150146.375822, 501443.579341 150068.079817, 501385.238881 150057.934903, 501321.070185 150021.761547, 501278.56956 150022.418841)"
56.76547406,1140.129649,False,"LINESTRING (501327.35779 150662.217965, 501282.348575 150627.627654)"
101.3774286,2786.951731,True,"LINESTRING (501282.348575 150627.627654, 501283.420852 150605.610457, 501351.730808 150565.266247)"
111.9421752,1164.324346,False,"LINESTRING (501302.109453 151778.422258, 501401.145904 151726.241496)"
277.2963153,1886.750639,False,"LINESTRING (501338.805725 152461.168415, 501282.349269 152355.561165, 501264.138931 152286.368782, 501268.603886 152261.206246, 501312.471933 152219.627861)"
333.5341327,2276.093885,True,"LINESTRING (501312.471933 152219.627861, 501617.826426 152085.450177)"
37.78693396,214.2804179,False,"LINESTRING (501315.317644 152494.395282, 501340.563338 152522.511243)"
40.69047389,87.9567048,False,"LINESTRING (501315.317644 152494.395282, 501338.805725 152461.168415)"
310.0421891,2168.969333,True,"LINESTRING (501321.484784 150867.534589, 501403.610323 150959.8467, 501438.135237 150964.524088, 501550.123693 150862.274386)"
74.98574696,1181.211145,False,"LINESTRING (501321.484784 150867.534589, 501365.750086 150807.008188)"
119.7536928,1061.812767,False,"LINESTRING (501409.5059 150749.353692, 501327.35779 150662.217965)"
56.7878852,618.3361095,False,"LINESTRING (501327.35779 150662.217965, 501365.332767 150619.995162)"
21.92945539,0,False,"LINESTRING (501358.291522 152471.228471, 501338.805725 152461.168415)"
17.25295813,735.004392,False,"LINESTRING (501353.405726 152534.032426, 501340.563338 152522.511243)"
54.26058633,391.6839356,False,"LINESTRING (501340.563338 152522.511243, 501358.291522 152471.228471)"
124.4279667,990.597237,False,"LINESTRING (501432.789478 152615.376142, 501387.640051 152622.915234, 501347.447005 152555.306947)"
22.09324809,257.2279086,False,"LINESTRING (501347.447005 152555.306947, 501353.405726 152534.032426)"
9.767214242,3828.727319,True,"LINESTRING (501359.236149 150571.516713, 501351.730808 150565.266247)"
65.00886942,2150.891121,True,"LINESTRING (501351.730808 150565.266247, 501356.227014 150538.700292, 501385.553631 150514.432976)"
54.75410701,702.2486914,False,"LINESTRING (501353.405726 152534.032426, 501397.152765 152501.105099)"
45.71259128,0,False,"LINESTRING (501396.493621 152496.333064, 501358.291522 152471.228471)"
74.29982578,1490.218837,False,"LINESTRING (501359.236149 150571.516713, 501392.375626 150566.98487, 501402.101355 150527.307554)"
48.86029865,621.8136368,False,"LINESTRING (501365.332767 150619.995162, 501359.236149 150571.516713)"
116.4676061,1525.806238,False,"LINESTRING (501365.332767 150619.995162, 501430.205013 150596.020543, 501459.579991 150558.938713)"
72.37825754,1464.279517,False,"LINESTRING (501365.750086 150807.008188, 501409.5059 150749.353692)"
20.96620946,0,False,"LINESTRING (501402.101355 150527.307554, 501385.553631 150514.432976)"
172.0670334,2452.683653,True,"LINESTRING (501385.553631 150514.432976, 501465.681545 150362.161569)"
4.817342097,0,False,"LINESTRING (501397.152765 152501.105099, 501396.493621 152496.333064)"
48.02122074,284.624168,False,"LINESTRING (501396.493621 152496.333064, 501422.590109 152456.02164)"
28.44472143,745.9380487,False,"LINESTRING (501397.152765 152501.105099, 501422.730681 152513.549871)"
419.5012818,2493.460796,True,"LINESTRING (501617.826426 152085.450177, 501401.145904 151726.241496)"
10.63780485,0,True,"LINESTRING (501401.145904 151726.241496, 501403.678335 151715.909522)"
65.60734605,1204.804107,False,"LINESTRING (501459.579991 150558.938713, 501402.101355 150527.307554)"
71.06568777,838.0697052,True,"LINESTRING (501403.678335 151715.909522, 501457.285518 151669.255455)"
31.97580238,0,False,"LINESTRING (501409.5059 150749.353692, 501440.139025 150740.185071)"
46.03219217,810.8021416,False,"LINESTRING (501466.497091 152469.846968, 501422.590109 152456.02164)"
67.38181131,0,False,"LINESTRING (501422.590109 152456.02164, 501422.462015 152428.572699, 501450.052031 152399.70401)"
51.15765803,882.468075,False,"LINESTRING (501445.467547 152559.377166, 501422.730681 152513.549871)"
17.630971,584.5962767,False,"LINESTRING (501422.730681 152513.549871, 501440.267336 152511.728646)"
61.879809,1222.919095,False,"LINESTRING (501432.789478 152615.376142, 501454.749762 152642.542935, 501481.443209 152646.232143)"
25.84514733,208.3563282,False,"LINESTRING (501432.789478 152615.376142, 501449.992533 152596.088153)"
164.3241555,2370.156711,True,"LINESTRING (501550.123693 150862.274386, 501440.139025 150740.185071)"
140.2919537,1700.938604,False,"LINESTRING (501440.139025 150740.185071, 501459.670622 150699.380098, 501503.133034 150664.967159, 501542.020335 150657.400399)"
43.40556406,290.2392878,False,"LINESTRING (501465.851083 152546.793086, 501440.267336 152511.728646)"
38.63035514,781.4579982,False,"LINESTRING (501440.267336 152511.728646, 501471.91841 152489.581098)"
36.98881018,1048.641462,False,"LINESTRING (501449.992533 152596.088153, 501445.467547 152559.377166)"
23.95511634,0,False,"LINESTRING (501465.851083 152546.793086, 501445.467547 152559.377166)"
44.80198858,898.7547489,False,"LINESTRING (501489.602549 152617.02293, 501449.992533 152596.088153)"
63.08694424,1195.27108,False,"LINESTRING (501488.82987 152449.46586, 501450.052031 152399.70401)"
296.441447,53.46418377,False,"LINESTRING (501450.052031 152399.70401, 501460.295124 152372.539601, 501520.329574 152326.578394, 501686.545679 152230.869403)"
207.8285337,1747.488632,True,"LINESTRING (501589.763707 151829.387365, 501457.285518 151669.255455)"
183.3770208,2122.343347,True,"LINESTRING (501457.285518 151669.255455, 501534.244846 151557.715581, 501576.698276 151535.61055)"
120.7724009,1099.795972,False,"LINESTRING (501569.752407 150608.416097, 501459.579991 150558.938713)"
425.5124172,2439.588031,False,"LINESTRING (501465.681545 150362.161569, 501578.972299 150437.027902, 501601.3661 150429.084696, 501645.251513 150369.119941, 501642.02966 150335.886127, 501498.672598 150268.839783)"
106.3247967,3388.513414,True,"LINESTRING (501465.681545 150362.161569, 501478.125154 150280.308854, 501498.672598 150268.839783)"
29.01501913,925.1415579,False,"LINESTRING (501465.851083 152546.793086, 501490.219995 152531.044198)"
20.46525284,346.8317765,False,"LINESTRING (501471.91841 152489.581098, 501466.497091 152469.846968)"
30.23479084,0,False,"LINESTRING (501466.497091 152469.846968, 501488.82987 152449.46586)"
24.50851799,787.8485354,False,"LINESTRING (501487.13312 152508.795156, 501471.91841 152489.581098)"
68.54656751,782.3878269,False,"LINESTRING (501536.859003 152686.577175, 501481.443209 152646.232143)"
30.32742947,675.0984294,False,"LINESTRING (501481.443209 152646.232143, 501489.602549 152617.02293)"
22.46216082,423.4677188,False,"LINESTRING (501490.219995 152531.044198, 501487.13312 152508.795156)"
37.85810202,366.3416617,False,"LINESTRING (501519.354052 152488.919355, 501487.13312 152508.795156)"
49.88290197,360.3639582,False,"LINESTRING (501519.354052 152488.919355, 501488.82987 152449.46586)"
57.92677577,904.5385196,False,"LINESTRING (501546.80917 152626.12863, 501489.602549 152617.02293)"
49.00658601,400.4971903,False,"LINESTRING (501490.219995 152531.044198, 501538.947223 152536.269396)"
135.7921237,1754.615758,True,"LINESTRING (501498.672598 150268.839783, 501557.341834 150146.375822)"
622.0431097,144.0462865,False,"LINESTRING (502121.850111 152870.761863, 502079.047101 152880.661648, 501789.756651 152788.570966, 501518.578456 152745.895399)"
62.07116886,130.8175784,False,"LINESTRING (501518.578456 152745.895399, 501536.859003 152686.577175)"
51.24371858,486.9279727,False,"LINESTRING (501538.947223 152536.269396, 501519.354052 152488.919355)"
54.82224553,1235.447387,False,"LINESTRING (501536.859003 152686.577175, 501556.913574 152635.554702)"
90.20250682,1350.417015,False,"LINESTRING (501546.80917 152626.12863, 501538.947223 152536.269396)"
237.2134313,2034.235572,True,"LINESTRING (501550.123693 150862.274386, 501592.410003 150824.309323, 501593.340446 150774.182204, 501583.277703 150718.886555, 501542.020335 150657.400399)"
56.28969393,577.0861011,False,"LINESTRING (501542.020335 150657.400399, 501569.752407 150608.416097)"
13.81845845,545.2851363,False,"LINESTRING (501556.913574 152635.554702, 501546.80917 152626.12863)"
162.7339524,1622.341226,False,"LINESTRING (501716.297359 152653.274045, 501686.959351 152660.737235, 501556.913574 152635.554702)"
17.06092236,0,True,"LINESTRING (501573.99767 150142.680123, 501557.341834 150146.375822)"
194.1839192,1255.840344,False,"LINESTRING (501731.65206 150705.421064, 501661.825358 150636.96256, 501569.752407 150608.416097)"
75.32226487,746.684929,True,"LINESTRING (501646.701769 150162.366604, 501573.99767 150142.680123)"
95.62388769,2357.664026,True,"LINESTRING (501573.99767 150142.680123, 501604.557047 150105.004238, 501651.090773 150097.641723)"
93.59427426,1111.179085,False,"LINESTRING (501624.073075 151616.3293, 501576.698276 151535.61055)"
658.2006366,2121.105515,True,"LINESTRING (501701.902187 151786.53244, 501758.924634 151762.833841, 501787.819575 151680.359849, 501853.39771 151641.154561, 501871.813599 151619.044073, 501864.099471 151599.088115, 501789.596644 151532.234562, 501750.710807 151521.03326, 501733.970438 151481.78884, 501690.553812 151447.530706, 501576.698276 151535.61055)"
234.5582669,2509.674921,True,"LINESTRING (501751.383094 151918.060845, 501666.685322 151948.987829, 501597.905875 151861.364352, 501589.763707 151829.387365)"
96.07878033,814.9354075,False,"LINESTRING (501589.763707 151829.387365, 501667.512138 151772.939925)"
3.92981342,0,True,"LINESTRING (501621.541768 152086.730674, 501617.826426 152085.450177)"
158.1185681,1043.767358,True,"LINESTRING (501686.545679 152230.869403, 501621.541768 152086.730674)"
201.9580824,1857.296304,False,"LINESTRING (501621.541768 152086.730674, 501736.276283 152024.754414, 501757.690775 152026.513312, 501793.273825 151991.290427)"
283.5572276,2609.959924,False,"LINESTRING (501647.88734 151170.349263, 501719.520162 151087.55596, 501684.209997 151013.468658, 501622.172192 150945.525618)"
316.3345196,3363.635437,True,"LINESTRING (501647.88734 151170.349263, 501523.962045 151035.559754, 501622.172192 150945.525618)"
271.5145169,2026.698264,True,"LINESTRING (501622.172192 150945.525618, 501643.289924 150822.454672, 501731.65206 150705.421064)"
103.1304642,1775.741062,False,"LINESTRING (501670.064664 151708.636756, 501624.073075 151616.3293)"
177.1829196,1650.920984,False,"LINESTRING (501638.700709 151738.555652, 501597.462019 151722.683637, 501575.514214 151677.948253, 501576.717298 151657.699126, 501624.073075 151616.3293)"
44.85952083,604.0858105,False,"LINESTRING (501667.512138 151772.939925, 501638.700709 151738.555652)"
43.34556564,298.1619875,False,"LINESTRING (501638.700709 151738.555652, 501670.064664 151708.636756)"
243.0718753,3316.060317,True,"LINESTRING (501864.997123 150256.89734, 501830.121313 150257.742957, 501791.909596 150226.124088, 501646.701769 150162.366604)"
64.87352026,848.7592438,False,"LINESTRING (501646.701769 150162.366604, 501651.090773 150097.641723)"
113.0724748,850.4899197,True,"LINESTRING (501725.066518 151252.985569, 501647.88734 151170.349263)"
142.7333973,1740.594736,False,"LINESTRING (501651.090773 150097.641723, 501741.49085 150092.357564, 501754.725828 150041.884948)"
22.43440905,0,False,"LINESTRING (501667.512138 151772.939925, 501689.875176 151774.728004)"
73.78654507,1157.229952,False,"LINESTRING (501689.875176 151774.728004, 501690.265829 151731.311399, 501670.064664 151708.636756)"
285.8536694,2586.204338,True,"LINESTRING (501860.374889 152452.56476, 501745.614408 152272.265745, 501686.545679 152230.869403)"
16.85211218,0,False,"LINESTRING (501701.902187 151786.53244, 501689.875176 151774.728004)"
117.7333314,1522.372618,False,"LINESTRING (501750.917454 151889.893941, 501711.160959 151838.350562, 501701.902187 151786.53244)"
34.94363503,104.3394597,False,"LINESTRING (501716.297359 152653.274045, 501742.39224 152676.514415)"
46.85342375,1091.595788,False,"LINESTRING (501716.297359 152653.274045, 501738.131084 152611.818868)"
335.7960929,2237.277371,True,"LINESTRING (501929.447986 151380.62225, 501906.082286 151433.594563, 501883.140218 151439.526269, 501726.18111 151291.253133, 501725.066518 151252.985569)"
22.28988217,508.5266899,True,"LINESTRING (501725.066518 151252.985569, 501745.477872 151244.029261)"
119.9274851,2360.568137,True,"LINESTRING (501731.65206 150705.421064, 501812.462664 150715.603165, 501847.20623 150699.067258)"
47.85418108,635.3676798,False,"LINESTRING (501775.555592 152641.642162, 501738.131084 152611.818868)"
177.5037529,2963.852829,False,"LINESTRING (501738.131084 152611.818868, 501731.14433 152586.505468, 501761.516822 152529.825681, 501827.871765 152585.999041)"
78.32599306,1481.526061,False,"LINESTRING (501797.137711 152716.23374, 501758.648852 152712.706937, 501742.39224 152676.514415)"
48.12361144,697.1214128,False,"LINESTRING (501742.39224 152676.514415, 501775.555592 152641.642162)"
235.3939763,2100.894882,True,"LINESTRING (501929.447986 151380.62225, 501892.689863 151360.31362, 501825.344366 151277.341489, 501745.477872 151244.029261)"
253.1948854,2640.37719,True,"LINESTRING (501745.477872 151244.029261, 501823.552459 151114.617052, 501850.852833 151106.830788, 501917.821058 151137.522554)"
28.17075309,0,False,"LINESTRING (501751.383094 151918.060845, 501750.917454 151889.893941)"
137.3272193,1415.851868,False,"LINESTRING (501770.713818 151929.447923, 501811.336724 151904.150701, 501810.574145 151881.63006, 501790.400471 151870.599159, 501750.917454 151889.893941)"
22.43529431,0,False,"LINESTRING (501770.713818 151929.447923, 501751.383094 151918.060845)"
351.4847443,5038.599908,False,"LINESTRING (501754.725828 150041.884948, 501807.795166 149968.366329, 501779.577082 149949.001209, 501708.703073 149943.281486, 501675.799176 150001.385967, 501754.725828 150041.884948)"
65.8289394,1122.91039,False,"LINESTRING (501793.273825 151991.290427, 501770.713818 151929.447923)"
57.08285647,1341.90902,False,"LINESTRING (501775.555592 152641.642162, 501821.219954 152607.389884)"
219.6380861,2149.231076,False,"LINESTRING (501793.273825 151991.290427, 501927.943481 151946.893086, 501961.45551 151913.063409, 501990.235825 151922.28139)"
72.36516773,1435.096515,False,"LINESTRING (501863.470674 152733.501371, 501842.740727 152738.926362, 501797.137711 152716.23374)"
71.75192349,1254.823503,False,"LINESTRING (501797.137711 152716.23374, 501814.155563 152681.664246, 501843.152178 152665.452846)"
62.06714126,1302.009378,False,"LINESTRING (501843.152178 152665.452846, 501821.219954 152607.389884)"
22.4012215,547.6040669,False,"LINESTRING (501821.219954 152607.389884, 501827.871765 152585.999041)"
44.18462644,1469.968295,False,"LINESTRING (501827.871765 152585.999041, 501868.945524 152569.713233)"
30.74422448,313.1645102,False,"LINESTRING (501871.907654 152676.330803, 501843.152178 152665.452846)"
643.2429939,2625.042194,True,"LINESTRING (501847.20623 150699.067258, 501955.254762 150789.125789, 502042.009248 150775.32433, 502244.468154 150413.359892)"
451.2975681,2355.833656,True,"LINESTRING (501847.20623 150699.067258, 501800.359165 150610.199109, 501789.373873 150538.681712, 501921.036884 150346.807356, 501933.437821 150302.741032)"
97.51693758,1015.669713,False,"LINESTRING (501897.899949 152542.572665, 501860.374889 152452.56476)"
271.5753797,2633.740219,True,"LINESTRING (501860.374889 152452.56476, 502094.43692 152314.839845)"
70.45319419,1435.151396,False,"LINESTRING (501863.470674 152733.501371, 501910.355165 152732.438001, 501928.324327 152717.205641)"
55.38944643,1152.024512,False,"LINESTRING (501863.470674 152733.501371, 501873.215744 152678.975924)"
82.37580444,675.4653308,True,"LINESTRING (501933.437821 150302.741032, 501864.997123 150256.89734)"
116.0951095,2521.983926,True,"LINESTRING (501864.997123 150256.89734, 501922.814274 150156.223353)"
111.7812231,1130.959176,False,"LINESTRING (501871.907654 152676.330803, 501887.217364 152627.519898, 501868.945524 152569.713233)"
38.20289808,261.2629016,False,"LINESTRING (501868.945524 152569.713233, 501897.781864 152544.654763)"
2.950892545,0,False,"LINESTRING (501873.215744 152678.975924, 501871.907654 152676.330803)"
66.05520104,488.409686,False,"LINESTRING (501928.453294 152715.198881, 501873.215744 152678.975924)"
157.4289634,1203.603174,False,"LINESTRING (501980.264389 152678.746193, 501897.781864 152544.654763)"
2.085443399,0,False,"LINESTRING (501897.781864 152544.654763, 501897.899949 152542.572665)"
210.345924,1934.594178,False,"LINESTRING (501897.899949 152542.572665, 502056.370648 152466.053897, 502090.735204 152466.56879)"
192.1207189,1754.485419,False,"LINESTRING (501987.326411 151309.204049, 501930.130141 151235.89148, 501917.821058 151137.522554)"
199.0756053,2774.448427,True,"LINESTRING (501917.821058 151137.522554, 502043.060629 151010.827378, 502063.704227 151007.38974)"
168.3890477,1634.613436,False,"LINESTRING (502071.807971 150234.681939, 501922.814274 150156.223353)"
395.8822266,4022.802473,True,"LINESTRING (502071.807971 150234.681939, 502124.588397 150137.918445, 502009.741829 150073.088836, 501967.081724 150057.367988, 501922.814274 150156.223353)"
113.0899045,2090.549117,False,"LINESTRING (502017.423184 152736.120002, 501984.095954 152761.481878, 501928.324327 152717.205641)"
2.010899321,0,False,"LINESTRING (501928.324327 152717.205641, 501928.453294 152715.198881)"
63.34972839,388.0521768,False,"LINESTRING (501928.453294 152715.198881, 501980.264389 152678.746193)"
91.92644605,1517.223889,False,"LINESTRING (501929.447986 151380.62225, 501987.326411 151309.204049)"
102.1218606,1478.165391,True,"LINESTRING (502033.170113 150324.703371, 501933.437821 150302.741032)"
68.35590676,1431.346677,False,"LINESTRING (502017.423184 152736.120002, 501980.264389 152678.746193)"
85.19235071,1061.750254,False,"LINESTRING (501987.326411 151309.204049, 502050.358061 151286.870363, 502058.139823 151270.284168)"
371.1399389,943.6144249,False,"LINESTRING (501990.235825 151922.28139, 502279.887881 151893.095009, 502357.651599 151911.967903)"
114.9082365,1095.595963,False,"LINESTRING (502022.136042 152032.672871, 501990.235825 151922.28139)"
173.9374809,1230.631828,False,"LINESTRING (502121.850111 152870.761863, 502083.478385 152792.781753, 502017.423184 152736.120002)"
417.7034837,1920.630379,False,"LINESTRING (502212.168487 152365.30332, 502189.468253 152256.666578, 502096.237355 152044.586865, 502022.136042 152032.672871)"
321.5690283,2376.034172,True,"LINESTRING (502094.43692 152314.839845, 501982.857209 152079.513624, 502022.136042 152032.672871)"
89.17128973,2712.992048,True,"LINESTRING (502117.522499 150353.620388, 502033.170113 150324.703371)"
97.96296445,2353.909983,True,"LINESTRING (502033.170113 150324.703371, 502071.807971 150234.681939)"
142.9917815,919.5563451,False,"LINESTRING (502058.139823 151270.284168, 502101.304892 151245.034832, 502150.381354 151166.05652)"
305.5500425,1620.399055,False,"LINESTRING (502058.139823 151270.284168, 502003.992243 151177.968801, 502073.336075 151084.102663, 502082.660089 151054.248385, 502063.704227 151007.38974)"
97.6139142,1972.4647,True,"LINESTRING (502063.704227 151007.38974, 502155.79202 150975.012051)"
67.38131848,353.0503786,False,"LINESTRING (502101.954805 151589.254397, 502071.543929 151529.126028)"
185.3015475,1694.373329,False,"LINESTRING (502101.954805 151589.254397, 502055.582472 151615.539504, 502036.347599 151607.818832, 502023.941973 151549.725395, 502071.543929 151529.126028)"
29.79286924,0,False,"LINESTRING (502071.543929 151529.126028, 502080.019843 151500.564272)"
34.20585514,302.989063,False,"LINESTRING (502080.019843 151500.564272, 502072.098885 151467.28817)"
187.2156196,1864.732231,False,"LINESTRING (502072.098885 151467.28817, 502032.576873 151456.199108, 502056.730212 151375.955778, 502081.548001 151384.76473, 502095.810316 151417.854968)"
10.27608032,0,False,"LINESTRING (502072.098885 151467.28817, 502079.739066 151460.416092)"
39.88095853,819.6643513,False,"LINESTRING (502118.704562 151468.912034, 502079.739066 151460.416092)"
45.49433307,242.7994709,False,"LINESTRING (502079.739066 151460.416092, 502095.810316 151417.854968)"
61.7323088,2062.874409,False,"LINESTRING (502080.019843 151500.564272, 502111.707041 151498.026588, 502118.704562 151468.912034)"
249.7027712,2752.464446,False,"LINESTRING (502090.735204 152466.56879, 502108.850258 152532.792412, 502205.24053 152526.933653, 502224.054948 152497.027186, 502214.325721 152448.854204)"
124.8536043,1786.420194,False,"LINESTRING (502214.325721 152448.854204, 502090.735204 152466.56879)"
132.1374703,1807.027178,False,"LINESTRING (502212.168487 152365.30332, 502162.258887 152361.005424, 502094.43692 152314.839845)"
43.11631815,183.3644508,False,"LINESTRING (502138.119522 151426.158461, 502095.810316 151417.854968)"
5.136066298,0,False,"LINESTRING (502106.876234 151590.723653, 502101.954805 151589.254397)"
45.51556767,0,False,"LINESTRING (502137.546438 151624.354079, 502106.876234 151590.723653)"
58.16572525,913.7511787,False,"LINESTRING (502106.876234 151590.723653, 502163.525772 151577.529661)"
140.299707,1063.059954,False,"LINESTRING (502244.468154 150413.359892, 502117.522499 150353.620388)"
449.0033788,3093.535741,True,"LINESTRING (502117.522499 150353.620388, 502245.095778 150110.447832, 502367.176833 150234.991224)"
46.95538979,1501.339896,False,"LINESTRING (502118.704562 151468.912034, 502138.119522 151426.158461)"
1075.106939,599.2296922,False,"LINESTRING (502121.850111 152870.761863, 502171.122904 152896.698844, 502193.851167 152874.974137, 502250.529001 152709.281361, 502270.68985 152569.919363, 502279.606121 152149.905908, 502355.063432 151952.39946, 502357.651599 151911.967903)"
165.3693232,2181.075625,False,"LINESTRING (502205.416768 151646.21243, 502187.993913 151687.519641, 502148.073273 151688.787683, 502123.703862 151675.198463, 502137.546438 151624.354079)"
21.1535886,0,False,"LINESTRING (502137.546438 151624.354079, 502158.081964 151619.27801)"
311.6672749,2788.579585,False,"LINESTRING (502138.119522 151426.158461, 502189.415212 151411.545478, 502246.728812 151349.115238, 502284.810596 151338.251609, 502382.129868 151246.165754)"
218.3322898,875.1064728,False,"LINESTRING (502271.840001 151215.5072, 502269.54589 151254.28684, 502246.75599 151277.240398, 502150.381354 151166.05652)"
15.38709185,0,False,"LINESTRING (502150.381354 151166.05652, 502155.731535 151151.629526)"
176.6174855,1122.635165,False,"LINESTRING (502155.731535 151151.629526, 502155.79202 150975.012051)"
76.18818715,507.9396354,False,"LINESTRING (502155.731535 151151.629526, 502229.231493 151131.569716)"
59.76951325,1689.925089,False,"LINESTRING (502155.79202 150975.012051, 502208.675902 150947.160844)"
54.46142359,362.8807089,False,"LINESTRING (502205.416768 151646.21243, 502158.081964 151619.27801)"
42.10177843,273.1001024,False,"LINESTRING (502158.081964 151619.27801, 502163.525772 151577.529661)"
109.6616927,3361.830289,False,"LINESTRING (502232.860842 151619.3918, 502223.3669 151570.861533, 502163.525772 151577.529661)"
14.35320221,0,False,"LINESTRING (502219.266473 151642.444127, 502205.416768 151646.21243)"
170.4263721,1396.984499,False,"LINESTRING (502293.929194 151094.731249, 502208.675902 150947.160844)"
76.21322554,1726.668817,False,"LINESTRING (502208.675902 150947.160844, 502277.039321 150913.472587)"
86.56775915,1242.344737,False,"LINESTRING (502214.325721 152448.854204, 502223.97435 152397.008762, 502212.168487 152365.30332)"
54.34303482,622.5820864,False,"LINESTRING (502219.266473 151642.444127, 502266.240501 151669.76822)"
26.7622243,918.3466862,False,"LINESTRING (502219.266473 151642.444127, 502232.860842 151619.3918)"
94.13281141,906.1240041,False,"LINESTRING (502271.840001 151215.5072, 502229.231493 151131.569716)"
74.45042094,712.1786463,False,"LINESTRING (502229.231493 151131.569716, 502293.929194 151094.731249)"
61.09740149,2443.148094,False,"LINESTRING (502281.810436 151641.485146, 502278.015588 151626.588076, 502232.860842 151619.3918)"
46.42954829,1066.346795,False,"LINESTRING (502290.744354 150417.130341, 502244.468154 150413.359892)"
121.9420277,1705.359537,False,"LINESTRING (502367.413124 151711.767108, 502322.53642 151721.008623, 502266.240501 151669.76822)"
32.28552605,399.1881681,False,"LINESTRING (502266.240501 151669.76822, 502281.810436 151641.485146)"
68.96096716,1227.984518,False,"LINESTRING (502271.840001 151215.5072, 502339.393579 151201.646132)"
193.233763,1698.771451,False,"LINESTRING (502373.389898 151080.971403, 502277.039321 150913.472587)"
200.7920392,1957.328595,False,"LINESTRING (502277.039321 150913.472587, 502459.02471 150828.627074)"
126.6993935,3140.433344,False,"LINESTRING (502367.413124 151711.767108, 502360.06124 151668.455551, 502281.810436 151641.485146)"
174.8701379,2656.319744,True,"LINESTRING (502449.617375 150490.198312, 502290.744354 150417.130341)"
199.2709119,2028.580068,True,"LINESTRING (502290.744354 150417.130341, 502352.91277 150301.153144, 502367.176833 150234.991224)"
80.64326882,922.2096412,False,"LINESTRING (502293.929194 151094.731249, 502373.389898 151080.971403)"
53.64003592,648.2471424,False,"LINESTRING (502339.393579 151201.646132, 502375.593888 151162.06342)"
111.8567574,840.7359751,False,"LINESTRING (502339.393579 151201.646132, 502323.784344 151150.212781, 502360.028076 151146.923522, 502375.593888 151162.06342)"
200.7052462,2372.792984,False,"LINESTRING (502357.651599 151911.967903, 502387.373261 151886.37327, 502416.810148 151727.596986)"
837.6414564,3499.086605,True,"LINESTRING (502449.617375 150490.198312, 502551.320629 150311.659018, 502471.479152 150274.667674, 502515.122411 150092.857191, 502516.435725 150042.071178, 502495.982563 150018.859269, 502448.453596 150025.411052, 502401.722528 150187.894954, 502367.176833 150234.991224)"
51.87148507,0,False,"LINESTRING (502367.413124 151711.767108, 502416.810148 151727.596986)"
343.4240945,1397.790684,False,"LINESTRING (502373.389898 151080.971403, 502453.732342 151064.139549, 502504.995583 150995.438823, 502503.288501 150935.780749, 502459.02471 150828.627074)"
39.22908436,1078.816921,False,"LINESTRING (502413.952723 151170.280528, 502375.593888 151162.06342)"
103.3992172,1416.935292,False,"LINESTRING (502480.070715 151279.316752, 502382.129868 151246.165754)"
98.57817612,802.1146578,False,"LINESTRING (502382.129868 151246.165754, 502425.825481 151211.222618, 502413.952723 151170.280528)"
105.4145282,1146.711009,False,"LINESTRING (502413.952723 151170.280528, 502472.234053 151151.793484, 502511.421074 151172.392822)"
108.4632628,1112.892946,False,"LINESTRING (502416.810148 151727.596986, 502492.982591 151650.38275)"
237.4015532,1659.479454,True,"LINESTRING (502633.748124 150640.049454, 502449.617375 150490.198312)"
68.90766949,548.0231777,False,"LINESTRING (502459.02471 150828.627074, 502516.140291 150790.0774)"
163.7364546,2408.669474,False,"LINESTRING (502546.47732 151282.764232, 502538.938794 151329.561706, 502515.826104 151346.887212, 502474.525387 151312.685789, 502480.070715 151279.316752)"
65.31485095,604.517953,False,"LINESTRING (502480.070715 151279.316752, 502545.347457 151281.547601)"
281.0668784,1468.764311,False,"LINESTRING (502716.852547 151791.963042, 502595.171091 151668.735654, 502541.41038 151673.979739, 502492.982591 151650.38275)"
28.08147491,470.3100547,False,"LINESTRING (502492.982591 151650.38275, 502510.343902 151628.311182)"
354.5154325,2011.700859,False,"LINESTRING (502510.343902 151628.311182, 502539.657988 151494.965172, 502612.844025 151289.632759)"
253.9222794,280.5779791,False,"LINESTRING (502510.343902 151628.311182, 502742.656906 151525.806586)"
70.49510602,657.4215235,False,"LINESTRING (502559.735568 151218.315911, 502524.37489 151200.393334, 502511.421074 151172.392822)"
168.7819136,1178.165336,False,"LINESTRING (502511.421074 151172.392822, 502550.044058 151082.534556, 502620.06137 151094.153073)"
236.8455317,2829.802172,True,"LINESTRING (502516.140291 150790.0774, 502570.041243 150843.276146, 502609.743334 150835.05085, 502619.645028 150805.559427, 502586.917498 150722.302384)"
41.2507366,0,False,"LINESTRING (502516.140291 150790.0774, 502535.552909 150753.679961)"
178.1717431,2208.891225,False,"LINESTRING (502535.552909 150753.679961, 502500.114349 150728.416821, 502513.533233 150686.102471, 502558.311737 150676.32359, 502589.226402 150708.22803)"
60.19030898,722.1594429,False,"LINESTRING (502535.552909 150753.679961, 502586.917498 150722.302384)"
1.660355576,0,False,"LINESTRING (502546.47732 151282.764232, 502545.347457 151281.547601)"
64.84800962,2184.292176,False,"LINESTRING (502545.347457 151281.547601, 502559.735568 151218.315911)"
64.73346089,390.0146795,False,"LINESTRING (502611.018012 151287.756223, 502546.47732 151282.764232)"
66.03726309,726.8926324,False,"LINESTRING (502559.735568 151218.315911, 502615.779257 151183.387055)"
14.26248583,0,True,"LINESTRING (502586.917498 150722.302384, 502589.226402 150708.22803)"
81.42789349,594.1698591,True,"LINESTRING (502589.226402 150708.22803, 502633.748124 150640.049454)"
2.618340632,0,False,"LINESTRING (502612.844025 151289.632759, 502611.018012 151287.756223)"
104.4777145,1253.463484,False,"LINESTRING (502611.018012 151287.756223, 502615.779257 151183.387055)"
122.3195291,1732.895814,False,"LINESTRING (502722.767259 151309.87401, 502676.204012 151276.089803, 502612.844025 151289.632759)"
89.3366668,1104.081936,False,"LINESTRING (502615.779257 151183.387055, 502620.06137 151094.153073)"
434.9630157,2413.161492,True,"LINESTRING (502620.06137 151094.153073, 502850.177196 150725.046677)"
138.0407018,1861.096015,True,"LINESTRING (502765.232083 150682.087577, 502633.748124 150640.049454)"
46.19882565,709.9314656,False,"LINESTRING (502742.656906 151525.806586, 502714.415194 151489.245169)"
241.8997661,1870.506149,False,"LINESTRING (502714.415194 151489.245169, 502662.002982 151477.285889, 502652.178499 151425.804951, 502722.767259 151309.87401)"
144.0243137,1460.017372,False,"LINESTRING (502714.415194 151489.245169, 502775.561194 151451.106197, 502814.688972 151390.714892)"
288.1484326,2999.589455,False,"LINESTRING (502716.852547 151791.963042, 502681.000455 151881.332771, 502699.982634 151904.934881, 502749.692681 151861.055864, 502763.8133 151827.612677, 502716.852547 151791.963042)"
70.15527367,1582.347188,False,"LINESTRING (502792.676507 151315.744237, 502722.767259 151309.87401)"
151.4291972,1081.746473,False,"LINESTRING (502742.656906 151525.806586, 502813.03092 151493.819072, 502868.512581 151444.660887)"
95.19010671,1159.931466,False,"LINESTRING (502850.177196 150725.046677, 502765.232083 150682.087577)"
312.3353087,7833.33146,True,"LINESTRING (502765.232083 150682.087577, 502798.5488 150590.434564, 502811.972001 150577.095148, 502850.460337 150585.813178, 502885.91743 150618.24746, 502859.881412 150723.44665)"
53.2547838,839.7367675,False,"LINESTRING (502830.151214 151353.58229, 502792.676507 151315.744237)"
78.57921436,1138.036321,False,"LINESTRING (502792.676507 151315.744237, 502831.870263 151247.637391)"
80.69423285,1052.107406,False,"LINESTRING (502868.512581 151444.660887, 502845.167518 151402.846142, 502814.688972 151390.714892)"
40.22326522,460.6786619,False,"LINESTRING (502814.688972 151390.714892, 502830.151214 151353.58229)"
34.78296267,0,False,"LINESTRING (502830.151214 151353.58229, 502864.775036 151350.258819)"
124.3253667,1469.852894,False,"LINESTRING (502864.775036 151350.258819, 502869.736191 151270.128844, 502831.870263 151247.637391)"
101.6218896,2627.799985,False,"LINESTRING (502831.870263 151247.637391, 502827.029794 151197.193216, 502857.252659 151156.180119)"
9.835237497,0,True,"LINESTRING (502859.881412 150723.44665, 502850.177196 150725.046677)"
142.1065526,3569.518722,False,"LINESTRING (502857.252659 151156.180119, 502829.546077 151128.083225, 502840.945909 151083.127739, 502893.784525 151102.471801)"
76.28602728,1569.002926,False,"LINESTRING (502857.252659 151156.180119, 502881.369406 151152.915847, 502893.784525 151102.471801)"
16.54681751,0,False,"LINESTRING (502875.398127 150729.193711, 502859.881412 150723.44665)"
60.56305432,441.7049355,False,"LINESTRING (502909.736678 151390.833865, 502864.775036 151350.258819)"
67.7995164,256.9487354,False,"LINESTRING (502868.512581 151444.660887, 502909.736678 151390.833865)"
139.4625308,132.2935981,False,"LINESTRING (502988.833214 150790.952218, 502927.882161 150787.449134, 502875.398127 150729.193711)"
138.9167716,974.1732294,False,"LINESTRING (502875.398127 150729.193711, 502928.895574 150730.103059, 502988.833214 150790.952218)"
81.57120811,2139.946239,False,"LINESTRING (502893.784525 151102.471801, 502926.231331 151027.631526)"
366.4168847,302.494248,False,"LINESTRING (502909.736678 151390.833865, 502960.399682 151289.292177, 502964.083406 151036.38099)"
38.85013107,943.1628411,False,"LINESTRING (502964.083406 151036.38099, 502926.231331 151027.631526)"
46.68321434,1553.620526,False,"LINESTRING (502926.231331 151027.631526, 502947.095638 150985.870262)"
20.66016208,0,False,"LINESTRING (502967.151265 150990.831525, 502947.095638 150985.870262)"
140.4788536,2339.98208,False,"LINESTRING (502947.095638 150985.870262, 502942.416461 150932.926523, 502958.175816 150887.017586, 502996.534592 150892.786978)"
45.65266212,0,False,"LINESTRING (502964.083406 151036.38099, 502967.151265 150990.831525)"
102.3528853,398.3571141,False,"LINESTRING (502967.151265 150990.831525, 502996.534592 150892.786978)"
105.1076242,826.1912556,False,"LINESTRING (502996.534592 150892.786978, 503005.165549 150842.13114, 502988.833214 150790.952218)"
