scenario,zone,rating_mw,capacity_mw,dwellings,peak_import_mw,peak_hour,utilisation,reinforcement_mw,reverse_capacity_mw,peak_reverse_mw,reverse_utilisation,today_peak_mw,today_peak_full_year_mw,today_fixed_peak_mw,plan_fixed_peak_mw,plan_fixed_mwh,heat_pump_dwellings,resistive_dwellings,fossil_dwellings,retrofit_dwellings,pv_mw,fabric_tes_mwh,lon,lat
primary_merrow_baseline2025_td,SUB:SPN-R000000843506-000-002Z,0.0475,0.0475,13.0,0.0181467270586198,2021-01-20 18:00:00,0.3820363509949507,1.0113165812925827e-09,0.0475,9.207628887259707e-10,1.9384481867915176e-08,0.01787452578932,0.0193653495562305,0.0005676587451457,0.0005814320082289,1.6589812332439682,0.0,0.0,13.0,0.0,4.8976442207484365e-14,0.0,-0.5515098865396744,51.26450352556616
primary_merrow_baseline2025_td,SUB:SPN-R000000843508-000-011Z,0.095,0.095,23.0,0.0490451639974831,2021-12-13 19:00:00,0.5162648781176412,1.1163014930444895e-09,0.095,8.71303492262536e-10,9.171615708026694e-09,0.0483094860916626,0.051656279841102,0.0020032679451276,0.0020518737962138,5.854545454545454,0.0,0.0,23.0,0.0,-1.795221133284815e-13,0.0,-0.5385548430898726,51.23499080747922
primary_merrow_baseline2025_td,SUB:SPN-R000000843508-000-016Z,0.095,0.095,10.0,0.0225806895498643,2021-12-22 19:00:00,0.2376914664130388,1.0123445157660582e-09,0.095,1.1564613145341723e-09,1.2173276995096553e-08,0.0222419791642594,0.0245727765518541,0.0008709860630989,0.0008921190418321,2.545454545454545,0.0,0.0,10.0,0.0,2.278616276076492e-13,0.0,-0.5312237493774533,51.23175480213702
primary_merrow_baseline2025_td,SUB:SPN-S000000171705,0.475,0.475,174.0,0.3304893900819889,2021-12-13 07:00:00,0.6957671361261918,6.065934704569966e-10,0.475,5.405026798083103e-10,1.1379003785438112e-09,0.3255320487751648,0.3318572049214065,0.0076910120731693,0.0078776212526551,22.476963145815127,2.999999999410796,20.999999999474745,150.00000000003337,0.0,-2.4903149130540124e-13,0.0,-0.5586728214515678,51.24031638864756
primary_merrow_baseline2025_td,SUB:SPN-S000000171706,0.7125,0.7125,116.0,0.3603633316538285,2021-01-20 07:00:00,0.5057730966305205,6.022121171000623e-10,0.7125,6.019206163808245e-10,8.448008650958941e-10,0.3549578812502458,0.3566018693817876,0.0055227997262368,0.0056568009624294,16.14036809815951,1.9999999978956096,24.999999996550542,89.00000000031973,0.0,-2.827388939590548e-13,0.0,-0.5617707598015899,51.24226888332549
primary_merrow_baseline2025_td,SUB:SPN-S000000171708,0.475,0.475,46.0,0.0581657561820749,2021-12-13 19:00:00,0.1224542233351845,7.99174476128488e-10,0.475,7.234482662828137e-10,1.5230489816480286e-09,0.0572932694344655,0.0599987080419033,0.002160179023305,0.0022125920518175,6.313117679866146,0.0,0.0,46.0,0.0,-2.1341299946873519e-13,0.0,-0.5650061424111069,51.24127135447584
primary_merrow_baseline2025_td,SUB:SPN-S000000171709,0.475,0.475,105.0,0.1863941561769229,2021-01-20 19:00:00,0.392408749284457,6.799182653272667e-10,0.475,6.674416680728105e-10,1.405140353837496e-09,0.1835982434363469,0.1885719772641801,0.005734726789118,0.0058738700709789,16.759724398301085,0.0,7.999999999999997,97.0,0.0,-3.016460831559843e-13,0.0,-0.5555042010624976,51.24680293446011
primary_merrow_baseline2025_td,SUB:SPN-S000000171710,0.76,0.9439176236943184,121.0,0.9439176238105108,2021-12-13 08:00:00,0.9999999995164074,5.726639575884427e-10,0.9439176236943184,7.006226922104042e-10,7.422498262807055e-10,0.9297588593389038,0.9791071011166704,0.0061446640455438,0.0062937537498435,17.957764983482775,0.9999999992281884,57.99999999873073,62.00000000010484,0.0,-2.523738906079244e-13,0.0,-0.5589212178393876,51.244929609286665
primary_merrow_baseline2025_td,SUB:SPN-S000000171711,0.29925,0.29925,69.0,0.1372127824844863,2021-12-13 19:00:00,0.4585222460890396,7.466186280213455e-10,0.29925,5.55291701602135e-10,1.8556113670915119e-09,0.1351545903816524,0.1367428210568129,0.0045205034319757,0.0046301856725285,13.21115973741794,0.0,2.0,67.0,0.0,-2.9085957657641186e-13,0.0,-0.5478341998235081,51.24291867729362
primary_merrow_baseline2025_td,SUB:SPN-S000000171712,0.475,0.475,166.0,0.2346486622094178,2021-12-13 19:00:00,0.4939971829617285,6.125477561623141e-10,0.475,5.609158315513786e-10,1.1808754348450074e-09,0.2311289319310948,0.2308343330078375,0.012141760023586,0.0124363589468433,35.48426266648841,0.9999999981162914,2.9999999995292885,162.0000000000358,0.0,-2.291899072294505e-13,0.0,-0.5413692140389779,51.24058021821186
primary_merrow_baseline2025_td,SUB:SPN-S000000171713,0.475,0.475,98.0,0.1520467619518681,2021-12-13 19:00:00,0.3200984457511873,6.874577420735755e-10,0.475,6.825031761368137e-10,1.4368487918669763e-09,0.1497660601549355,0.1495768373886234,0.0077987298601035,0.0079879526264157,22.79176810308672,0.0,3.999999999999989,94.0,0.0,-2.953407616849092e-13,0.0,-0.5371183280233043,51.24071965378618
primary_merrow_baseline2025_td,SUB:SPN-S000000171714,0.475,0.475,94.0,0.1352157669585111,2021-01-20 19:00:00,0.2846647721423773,6.705499036062639e-10,0.475,6.091920314255386e-10,1.2825095398432391e-09,0.1331875300096843,0.1432874407428003,0.0059793249940374,0.0061244030306339,17.4745620276275,0.9999999955106064,0.0,93.00000000013569,0.0,-1.741887441867691e-13,0.0,-0.5507337843405825,51.24091028929863
primary_merrow_baseline2025_td,SUB:SPN-S000000171715,0.95,0.95,109.0,0.3049234802494155,2021-11-22 07:00:00,0.3209720842691195,6.036410841085657e-10,0.95,5.98241463123024e-10,6.297278559189728e-10,0.3003496280193234,0.3003397221161328,0.0054401861293117,0.0055721828886695,15.89893007208925,6.999999996943433,10.99999999881419,91.00000000019747,0.0,-2.418516885120811e-13,0.0,-0.554991889009003,51.24268763556172
primary_merrow_baseline2025_td,SUB:SPN-S000000171716,0.29925,0.29925,115.0,0.2865666121706137,2021-11-22 07:00:00,0.9576160785535898,6.928161919995625e-10,0.29925,8.289966218765814e-10,2.770247692152319e-09,0.2822681128911283,0.2916419236597082,0.0074983639865766,0.0076802988915941,21.91394960465023,8.000000000071138,13.00000000070832,93.99999999997571,0.0,-2.4262366367226465e-13,0.0,-0.5502847763399686,51.24337409153853
primary_merrow_baseline2025_td,SUB:SPN-S000000171804,1.9,1.9,212.0,0.8160243948540811,2021-01-20 08:00:00,0.4294865234910006,5.149871267030338e-10,1.9,6.156729948095417e-10,3.2403841832081135e-10,0.8037840285317832,0.928567845625308,0.0064991023465551,0.0066567918865983,18.99361001317523,2.9999999992135304,79.99999999863495,129.00000000018142,0.0,-2.345485319558276e-13,0.0,-0.5674189744847411,51.23808457203516
primary_merrow_baseline2025_td,SUB:SPN-S000000171807,0.475,0.4899359194938373,152.0,0.4899359196201249,2021-12-13 07:00:00,0.999999999021316,6.057799733348455e-10,0.4899359194938373,7.992868500146512e-10,1.631411003382668e-09,0.4825868807014298,0.4984941051535217,0.0053297529222664,0.0054590702097994,15.576189306476705,0.99999999974884,47.99999999952831,103.00000000015116,0.0,-2.641385257571045e-13,0.0,-0.5633256397798956,51.23856118193391
primary_merrow_baseline2025_td,SUB:SPN-S000000171808,0.475,0.475,131.0,0.3233390930422686,2021-12-13 07:00:00,0.680713879143038,6.60079885859557e-10,0.475,5.529668215600677e-10,1.1641406769685638e-09,0.3184890061678356,0.3184790571288814,0.0053181818513798,0.0054472183867799,15.54237288135593,0.0,28.999999999370875,102.0000000001026,0.0,-2.752814381942897e-13,0.0,-0.5611105181651986,51.23811245960913
primary_merrow_baseline2025_td,SUB:SPN-S000000171810,0.475,0.475,151.0,0.3434646050594505,2021-12-13 07:00:00,0.7230833781376989,6.140972662324176e-10,0.475,5.420701779218585e-10,1.1412003745723334e-09,0.3383126355141868,0.3416560085091863,0.0076128099586271,0.0077975216983104,22.248417665744636,0.9999999992338116,25.999999999607983,124.00000000009716,0.0,-2.5852302483625305e-13,0.0,-0.5561437964041113,51.23816398415951
primary_merrow_baseline2025_td,SUB:SPN-S000000171811,0.475,0.475,95.0,0.1382925759080976,2021-12-13 19:00:00,0.2911422646443494,6.93927747873888e-10,0.475,6.823444863497387e-10,1.436514708104713e-09,0.1362181868919543,0.1381514815660658,0.0056509471359832,0.005788057648661,16.51487857593534,1.999999999999998,0.0,93.0,0.0,-2.951873207100916e-13,0.0,-0.5533017272186312,51.2394233510922
primary_merrow_baseline2025_td,SUB:SPN-S000000171812,0.76,0.76,160.0,0.3684623101420259,2021-12-13 07:00:00,0.4848188287542354,5.957010306477066e-10,0.76,5.83866380590508e-10,7.682452376190893e-10,0.362935375091925,0.3629231741070469,0.0065219421339444,0.0066801858421443,19.060359233501774,0.9999999997095732,26.999999998513108,132.0000000001623,0.0,-2.720983981138368e-13,0.0,-0.5635507730489108,51.23604052998907
primary_merrow_baseline2025_td,SUB:SPN-S000000171813,0.475,0.475,199.0,0.4272043299503196,2021-12-13 19:00:00,0.8993775355956809,6.030517650686591e-10,0.475,6.087334374174063e-10,1.281544078773487e-09,0.4207962645007796,0.4205867077345455,0.0086367863765435,0.0088463431427775,25.240986132511548,1.9999999996770697,34.0000000015984,163.0000000000333,0.0,-2.841153702381144e-13,0.0,-0.5597021654400558,51.236751347291055
primary_merrow_baseline2025_td,SUB:SPN-S000000171814,0.475,0.475,164.0,0.3551828398051169,2021-12-13 07:00:00,0.7477533460384093,5.842468617076114e-10,0.475,5.622463114496254e-10,1.1836764451571064e-09,0.349855096709905,0.3521973912673022,0.0116335689326299,0.0119158374731491,33.99907550077042,0.9999999998756822,16.99999999957145,146.0000000000947,0.0,-2.4446680128468534e-13,0.0,-0.5561046063258412,51.23575494485009
primary_merrow_baseline2025_td,SUB:SPN-S000000171815,0.285,0.285,122.0,0.2255734000634091,2021-12-13 19:00:00,0.7914856121973377,7.41855422939564e-10,0.285,5.915003434047787e-10,2.075439801420277e-09,0.2221897986009057,0.2329894306788433,0.0097194992894728,0.0099553262222829,28.40521185597772,0.0,12.0,110.0,0.0,-3.122272054424762e-13,0.0,-0.5486819324014597,51.236684979514045
primary_merrow_baseline2025_td,SUB:SPN-S000000171816,0.475,0.475,50.0,0.1175304797963747,2021-12-13 19:00:00,0.2474325887025143,6.574738961077665e-10,0.475,6.019005271748169e-10,1.2671590045785616e-09,0.1157675222261301,0.115663428433017,0.0042901781240424,0.0043942719171556,12.53803461308932,2.999999998751876,0.999999997628329,46.00000000005588,0.0,-1.6924240124015015e-13,0.0,-0.5444590141492572,51.23663712881768
primary_merrow_baseline2025_td,SUB:SPN-S000000171817,0.19,0.19,25.0,0.0468367836017485,2021-01-20 19:00:00,0.246509385971442,1.0838312885055598e-09,0.19,8.638340350707758e-10,4.546494921425136e-09,0.0461342314425901,0.0492346908635395,0.0021774651577474,0.0022302976045802,6.363636363636363,0.0,0.0,25.0,0.0,-1.7381482089127197e-13,0.0,-0.5422864355806909,51.23469210921142
primary_merrow_baseline2025_td,SUB:SPN-S000000171821,0.285,0.285,32.0,0.1139725379512007,2021-12-13 19:00:00,0.3999036408670635,7.604022847625251e-10,0.285,5.909288920604914e-10,2.07343470898418e-09,0.1122629495644242,0.1121953240324782,0.0027871554019167,0.0028547809338627,8.145454545454545,2.999999999067833,0.9999999982278496,28.000000000158987,0.0,-1.5883419886574918e-13,0.0,-0.5402568015012539,51.232161755049205
primary_merrow_baseline2025_td,SUB:SPN-S000000171822,0.19,0.19,18.0,0.0699062027583904,2021-01-20 07:00:00,0.3679273809725013,1.015459123506891e-09,0.19,7.088804139021978e-10,3.730949546853672e-09,0.0688576091138095,0.0688546761840748,0.0015677749135781,0.0016058142752978,4.58181818181818,0.9999999962696728,2.0,15.000000000115309,0.0,-7.322657984896107e-14,0.0,-0.5391049597915015,51.225936581166216
primary_merrow_baseline2025_td,SUB:SPN-S000000171836,0.475,0.5490135918079971,144.0,0.5490135923397723,2021-12-13 18:00:00,0.9999999998932873,5.903619899501604e-10,0.5490135918079971,7.87857464748419e-10,1.435041821376166e-09,0.5407783879308772,0.6041469799012227,0.0108219529206772,0.0110845289946384,31.627129778197265,1.0000000026868117,46.00000007716121,96.99999999277064,0.0,-2.9566227118461163e-13,0.0,-0.5515109999083865,51.25162802213285
primary_merrow_baseline2025_td,SUB:SPN-S000000171837,0.285,0.285,78.0,0.1478068422927436,2021-12-13 19:00:00,0.5186204979012211,7.537218705278398e-10,0.285,5.396563821171774e-10,1.89353116532343e-09,0.1455897392662356,0.1462751532940696,0.005988145071982,0.0061334371125995,17.50033868289984,2.9999999999999933,0.0,75.0,0.0,-2.9758048361528283e-13,0.0,-0.5558096092295122,51.25378457670601
primary_merrow_baseline2025_td,SUB:SPN-S000000171838,0.285,0.285,82.0,0.2743856212185903,2021-12-13 07:00:00,0.9627565631592768,7.459792851956287e-10,0.285,8.167867867255643e-10,2.865918549914261e-09,0.2702698361596076,0.2702606975899745,0.0048849517419707,0.0050034766939178,14.276258992805756,0.0,20.0,62.0,0.0,-2.9987134343162294e-13,0.0,-0.547820192933229,51.25680608208352
primary_merrow_baseline2025_td,SUB:SPN-S000000171839,0.475,0.475,153.0,0.2955151861654526,2021-01-20 19:00:00,0.6221372331914881,6.421345339691785e-10,0.475,5.362443238750917e-10,1.1289354186844035e-09,0.2910824579796434,0.2908682547648424,0.0088282876313262,0.0090424908461272,25.80064806063996,0.0,8.00000000000001,145.0,0.0,-3.161200802698715e-13,0.0,-0.5504713489408423,51.258975078987206
primary_merrow_baseline2025_td,SUB:SPN-S000000171840,0.475,0.475,124.0,0.362188717396692,2021-11-22 07:00:00,0.7625025619137318,6.395642962257352e-10,0.475,5.401648889984269e-10,1.1371892399966882e-09,0.3567558865769068,0.3567430011848064,0.0070764805617493,0.0072481791910989,20.68099637281818,0.0,30.999999999760867,93.00000000003853,0.0,-2.972022491188376e-13,0.0,-0.5450625575275693,51.25802480724554
primary_merrow_baseline2025_td,SUB:SPN-S000000171845,0.19,0.19,54.0,0.1362728353283149,2021-12-13 19:00:00,0.7172254462936838,7.424653079596152e-10,0.19,6.512947039875032e-10,3.427866863092123e-09,0.1342287423282918,0.1341298882775249,0.004074224537211,0.0041730785879779,11.906910806984431,2.9999999992729545,1.9999999989115205,49.000000000028166,0.0,-1.753539144765102e-13,0.0,-0.5552079153513242,51.250402937496176
primary_merrow_baseline2025_td,SUB:SPN-S000000171846,0.475,0.5309357987849762,105.0,0.5309357989578807,2021-12-13 07:00:00,0.9999999990865364,6.578950447821626e-10,0.5309357987849762,6.60219602778668e-10,1.2435017647887976e-09,0.5229717618032016,0.6328500244886073,0.0049990859590936,0.0051203801815094,14.609815950920249,0.0,60.9999999995268,44.00000000015772,0.0,-2.582123043865927e-13,0.0,-0.5543068379985446,51.248519680106845
primary_merrow_baseline2025_td,SUB:SPN-S000000171848,0.475,0.475,51.0,0.0743213050360982,2021-12-13 19:00:00,0.156465905100975,7.230652780941734e-10,0.475,6.973631526579145e-10,1.4681329529640304e-09,0.0732064850490188,0.0771735873170393,0.0039152364873493,0.0040102329665443,11.442268637219533,0.0,1.000000000000001,50.0,0.0,-2.492626729185252e-13,0.0,-0.5455399173926232,51.25113544977184
primary_merrow_baseline2025_td,SUB:SPN-S000000171849,0.475,0.475,85.0,0.1145021256938128,2021-12-13 19:00:00,0.2410571063886726,6.60397024353556e-10,0.475,6.285127652526804e-10,1.3231847689530114e-09,0.1127845933969593,0.1126509940339872,0.0055062367050633,0.0056398360680354,16.091962711071613,0.0,5.999999998929003,79.00000000014252,0.0,-1.9505290948746425e-13,0.0,-0.5441509293620934,51.25241314492122
primary_merrow_baseline2025_td,SUB:SPN-S000000171850,0.475,0.475,137.0,0.1921800770258419,2021-01-20 19:00:00,0.4045896352694312,6.744169568236865e-10,0.475,6.282863207780808e-10,1.322708043743328e-09,0.1892973754750089,0.2019307223702865,0.0077944660154299,0.0079835853268848,22.779307027915277,0.0,0.9999999999999972,136.0,0.0,-3.090470062087371e-13,0.0,-0.5449132504252475,51.25513262041033
primary_merrow_baseline2025_td,SUB:SPN-S000000171851,0.475,0.475,180.0,0.2081294687214429,2021-01-20 18:00:00,0.4381673019608156,6.619743726303611e-10,0.475,6.232867724169924e-10,1.3121826787726154e-09,0.2050075263019083,0.2192911414537338,0.0100879110038039,0.0103326768131975,29.481894150417823,0.0,1.0,179.0,0.0,-3.1215137412029385e-13,0.0,-0.5398924332405044,51.25805696374113
primary_merrow_baseline2025_td,SUB:SPN-S000000171852,0.285,0.285,93.0,0.1245170298201528,2021-01-20 19:00:00,0.4369018578645566,7.524669691096873e-10,0.285,5.559419650989215e-10,1.950673561750602e-09,0.1226492739491648,0.1257691105345733,0.005021844764776,0.0051436911904668,14.67632850241546,0.9999999999999982,1.0000000000000009,91.0,0.0,-2.918406000160142e-13,0.0,-0.5333084593409183,51.25598319736934
primary_merrow_baseline2025_td,SUB:SPN-S000000171853,0.475,0.475,59.0,0.0697960587277278,2021-01-20 18:00:00,0.1469390707826509,7.211744490959625e-10,0.475,6.806717663573479e-10,1.4329931923312584e-09,0.0687491174016426,0.0732522786164389,0.0033065930512468,0.0033868218443258,9.66350974930362,0.0,0.0,59.0,0.0,-2.508854828334425e-13,0.0,-0.5359168144004723,51.261115818979526
primary_merrow_baseline2025_td,SUB:SPN-S000000171854,0.475,0.475,103.0,0.1750702461981075,2021-01-20 19:00:00,0.3685689388329909,6.849108027943866e-10,0.475,6.53922470740733e-10,1.3766788857699643e-09,0.1724441921013143,0.1789180474557954,0.0053393006075987,0.0054688495532943,15.604092392481352,0.0,3.0000000000000013,100.0,0.0,-3.016649522015209e-13,0.0,-0.5387777011967939,51.26233666061855
primary_merrow_baseline2025_td,SUB:SPN-S000000171855,0.285,0.2990096167974123,93.0,0.2990096169797746,2021-12-13 07:00:00,0.9999999981061332,7.486466186874598e-10,0.2990096167974123,8.128934562518216e-10,2.718619772027535e-09,0.2945244725454511,0.2945163197519064,0.0043580127555115,0.0044637524392824,12.736281150350615,1.000000000000001,33.0,59.0,0.0,-3.036871438696945e-13,0.0,-0.5375367192354865,51.26525048610589
primary_merrow_baseline2025_td,SUB:SPN-S000000171856,0.475,0.475,127.0,0.2443986457131921,2021-11-22 07:00:00,0.5145234639326692,6.708619813332545e-10,0.475,5.973622252419492e-10,1.257604684719893e-09,0.2407326659719347,0.2407220272161779,0.0058426587043543,0.0059844207684964,17.075155144988685,0.0,12.999999999999996,114.0,0.0,-3.077109418214762e-13,0.0,-0.5418214114954777,51.261652372116
primary_merrow_baseline2025_td,SUB:SPN-S000000171857,0.475,0.475,136.0,0.1728383182617359,2021-12-13 19:00:00,0.3638701432176354,6.413251770510363e-10,0.475,5.67443329798517e-10,1.1946175364179307e-09,0.1702457431250441,0.1700527357212387,0.0079547119652394,0.0081477193690449,23.247625407065733,0.9999999961488256,3.99999999884665,131.00000000007662,0.0,-2.3369745195969765e-13,0.0,-0.5413249095494883,51.250615098472615
primary_merrow_baseline2025_td,SUB:SPN-S000000171858,0.475,0.475,82.0,0.119666981039317,2021-12-13 19:00:00,0.2519304860414711,6.732741723729387e-10,0.475,6.50123407311918e-10,1.368680857498775e-09,0.117871975922113,0.1247971416500504,0.0056191941938977,0.0057555342760506,16.42208068376771,0.9999999947675776,0.0,81.0000000001582,0.0,-1.6592418256744454e-13,0.0,-0.5413570310871562,51.24889960802541
primary_merrow_baseline2025_td,SUB:SPN-S000000171859,0.7125,0.7125,165.0,0.2124091957611768,2021-12-13 19:00:00,0.2981181692320412,6.150160771624528e-10,0.7125,6.344620297197301e-10,8.90473024168042e-10,0.2092230574675973,0.2096279057174177,0.0085574288455175,0.0087650601377555,25.009063950717525,0.9999999978933696,8.999999999439023,155.0000000000411,0.0,-2.4061318185500965e-13,0.0,-0.5374264811739402,51.25047407665291
primary_merrow_baseline2025_td,SUB:SPN-S000000171860,0.95,0.95,132.0,0.1904399060324616,2021-12-13 19:00:00,0.200463058851177,6.177870926168516e-10,0.95,6.627842929694004e-10,6.976676768098953e-10,0.1875833070872055,0.187399424262755,0.0075786465960255,0.0077625294204759,22.148575325773297,0.9999999975270312,6.999999998528006,124.00000000020437,0.0,-2.364914374162966e-13,0.0,-0.5345890424279305,51.24752881190784
primary_merrow_baseline2025_td,SUB:SPN-S000000171861,0.475,0.475,86.0,0.2047574109734446,2021-12-13 19:00:00,0.4310682330523475,6.346548968298272e-10,0.475,5.468290507371952e-10,1.1512190541835691e-09,0.2016860494788841,0.2015492798765499,0.0056368966719275,0.0057736662742617,16.47381613060873,2.99999999620424,7.999999997282454,75.00000000018825,0.0,-2.1851333512145359e-13,0.0,-0.5310781515175237,51.24616809136268
primary_merrow_baseline2025_td,SUB:SPN-S000000171862,0.475,0.475,104.0,0.2059956271168101,2021-12-13 18:00:00,0.4336750038810924,6.301751597297568e-10,0.475,5.641469998327557e-10,1.1876778943847487e-09,0.2029056923464702,0.2027141023579187,0.0082909515919462,0.0084921172719647,24.23028485757121,2.9999999990426693,3.9999999957548726,97.00000000012292,0.0,-1.9232344951825795e-13,0.0,-0.5345024526842126,51.24448145018595
primary_merrow_baseline2025_td,SUB:SPN-S000000171863,0.475,0.475,125.0,0.1973664175065544,2021-11-22 18:00:00,0.4155082468251416,6.368396970203796e-10,0.475,5.602738386493121e-10,1.1795238708406572e-09,0.1944059212197558,0.1966047939430462,0.0099650860480123,0.0102068717211114,29.12293853073463,4.999999995804722,1.9999999961152124,118.000000000244,0.0,-2.346936246971155e-13,0.0,-0.5325596543267869,51.24101151032634
primary_merrow_baseline2025_td,SUB:SPN-S000000171864,0.475,0.475,176.0,0.2176249894848655,2021-12-13 19:00:00,0.4581578719678197,6.551261417548425e-10,0.475,5.911147817635818e-10,1.2444521721338562e-09,0.2143606143031497,0.224180697466079,0.0137876331286852,0.0141221663319512,40.29432261361282,0.0,3.000000000000002,173.0,0.0,-3.1336526953191863e-13,0.0,-0.5389733691356883,51.24302484722608
primary_merrow_baseline2025_td,SUB:SPN-S000000171865,0.285,0.285,119.0,0.1982674992390992,2021-12-13 19:00:00,0.6956754342242794,6.974224542266671e-10,0.285,5.816778335925219e-10,2.040974854710603e-09,0.1952934863007135,0.1950797784374034,0.008807871945948,0.0090215798092581,25.7409832722511,3.999999997411371,1.9999999995637965,113.0000000001678,0.0,-2.132569234147119e-13,0.0,-0.5425658649762621,51.24255307648173
primary_merrow_baseline2025_td,SUB:SPN-S000000171866,0.285,0.285,37.0,0.092191122394752,2021-12-13 19:00:00,0.3234776215130367,8.146979615752333e-10,0.285,5.778490804913176e-10,2.0275406333028684e-09,0.0908082552012624,0.090736686642025,0.0029496654702116,0.0030212340294489,8.620389805097451,5.0,0.0,32.0,0.0,-2.53664391559487e-13,0.0,-0.527869695969095,51.244654472805706
primary_merrow_baseline2025_td,SUB:SPN-S000000171867,0.285,0.285,55.0,0.1351765676899252,2021-12-13 19:00:00,0.4743037451050905,7.062444914962713e-10,0.285,5.14454740252806e-10,1.8051043517642317e-09,0.1331489188180711,0.1330425331219074,0.0043846378611254,0.004491023557289,12.81409295352324,2.0000000000000004,2.999999996854502,50.000000000349445,0.0,-2.4631536925178506e-13,0.0,-0.5260834429268637,51.24404177205273
primary_merrow_baseline2025_td,SUB:SPN-S000000171868,0.19,0.19,36.0,0.0912231541268348,2021-12-13 18:00:00,0.4801218615708539,8.922163628883326e-10,0.19,6.52359265993898e-10,3.4334698210205156e-09,0.0898548062964778,0.0929573040576377,0.0028773226997533,0.0029471359860944,8.40896824315115,0.0,0.9999999999999992,35.0,0.0,-2.478508928396381e-13,0.0,-0.5269992541907145,51.2413874372385
primary_merrow_baseline2025_td,SUB:SPN-S000000171869,0.475,0.475,45.0,0.0941733018120931,2021-12-13 18:00:00,0.1982595824754863,6.871656170570393e-10,0.475,6.224476373490506e-10,1.3104160786295803e-09,0.0927607019127315,0.0926970772610476,0.0027533218784231,0.0028201264981149,8.046576159434093,1.999999996888276,1.9999999945532891,41.00000000013274,0.0,-1.890960585968689e-13,0.0,-0.5285776652357058,51.24632110481683
primary_merrow_baseline2025_td,SUB:SPN-S000000171870,0.475,0.475,133.0,0.1326748914993363,2021-01-20 19:00:00,0.279315560641987,6.959603672235405e-10,0.475,6.650876134804939e-10,1.4001844494326186e-09,0.1306847676970388,0.1321958295016849,0.0063670360333509,0.006521521211457,18.6076465500503,0.9999999999999992,0.0,132.0,0.0,-2.9310328808759304e-13,0.0,-0.5304062502028635,51.24818845387829
primary_merrow_baseline2025_td,SUB:SPN-S000000171871,0.475,0.475,103.0,0.1654344233849256,2021-11-22 18:00:00,0.3482829961112333,6.663827730307236e-10,0.475,5.893842600287424e-10,1.240808968481563e-09,0.1629529069929418,0.1683370626015859,0.0079069426780702,0.0080987910422853,23.108019787286672,0.999999996961273,0.99999999902861,101.00000000066107,0.0,-2.501428363101498e-13,0.0,-0.5455506498114848,51.24916143835845
primary_merrow_baseline2025_td,SUB:SPN-S000000171872,0.475,0.475,107.0,0.1914126170223877,2021-01-20 19:00:00,0.4029739299981111,6.78170274405268e-10,0.475,6.344979809585531e-10,1.3357852230706382e-09,0.1885414273713734,0.1897863580604279,0.0085166357228378,0.0087232772401177,24.88984615384615,3.0,2.9999999999999947,101.0,0.0,-3.047996668417125e-13,0.0,-0.5485884670123792,51.24774618398243
primary_merrow_baseline2025_td,SUB:SPN-S000000171873,0.475,0.475,106.0,0.1591449764495348,2021-11-22 07:00:00,0.3350420552005627,6.842946677416306e-10,0.475,6.491699463140546e-10,1.366673571187483e-09,0.1567578017487809,0.1675116645286099,0.0076626308825469,0.0078485514412576,22.39401918868877,0.0,6.999999999999999,99.0,0.0,-2.97217667531549e-13,0.0,-0.5502749685500403,51.245540905485726
primary_merrow_baseline2025_td,SUB:SPN-S000000171874,0.76,0.76,186.0,0.3304607035249867,2021-12-13 07:00:00,0.4348167148416826,5.641639778596554e-10,0.76,5.866888034519126e-10,7.719589519104112e-10,0.3255037925711336,0.3622120840673871,0.0121857049035868,0.0124813700737725,35.61269146608315,0.0,13.999999999613228,172.00000000012895,0.0,-3.03623774149994e-13,0.0,-0.546227455676496,51.24119955831236
primary_merrow_baseline2025_td,SUB:SPN-S000000171875,0.475,0.475,128.0,0.2557967986357294,2021-12-13 19:00:00,0.5385195753728617,6.195134853849595e-10,0.475,5.417087979398485e-10,1.1404395746102074e-09,0.2519598463084668,0.2583691462748138,0.009498195966279,0.0097286533545915,27.758453459013637,1.99999999858764,8.999999999202101,117.00000000016884,0.0,-2.5027954595364743e-13,0.0,-0.5467875816676957,51.245940983556935
primary_merrow_baseline2025_td,SUB:SPN-S000000171877,0.475,0.475,76.0,0.1359357153635178,2021-12-13 19:00:00,0.2861804529903442,6.747643660745284e-10,0.475,5.739334654889772e-10,1.2082809799767944e-09,0.1338966792451748,0.1385401307225993,0.005783986142461,0.0059243246178051,16.90368473266867,0.0,0.9999999988345568,75.00000000003679,0.0,-2.039857128557492e-13,0.0,-0.5418124740796616,51.24649624163485
primary_merrow_baseline2025_td,SUB:SPN-S000000171878,0.475,0.475,36.0,0.0752161838809112,2021-12-13 19:00:00,0.1583498605536756,7.446503885525565e-10,0.475,6.826454098191387e-10,1.4371482311981868e-09,0.0740879407109085,0.0740232581477815,0.0026658622866465,0.0027305448497734,7.790975725783697,2.9999999999999964,0.0,33.0,0.0,-2.4345656526295105e-13,0.0,-0.5387479373063498,51.2464335042787
primary_merrow_baseline2025_td,SUB:SPN-S000000171879,0.475,0.475,33.0,0.0740473930309628,2021-12-13 19:00:00,0.1558892482159362,8.236174330791655e-10,0.475,6.999939187850382e-10,1.4736714079685015e-09,0.0729366817250305,0.0728931480959684,0.0017942186318359,0.001837752260898,5.243599370231319,0.0,2.9999999999999947,30.000000000000004,0.0,-2.2308098083598674e-13,0.0,-0.5319416763679269,51.25749055086825
primary_merrow_baseline2025_td,SUB:SPN-S000000171885,0.285,0.285,79.0,0.0872279190608282,2021-01-20 19:00:00,0.3060628731174062,7.265416429904848e-10,0.285,6.39414102279358e-10,2.2435582536117827e-09,0.0859194998880006,0.0887715353520086,0.0052005143310717,0.0053266958664786,15.198489853704576,0.9999999921277104,0.0,78.00000000025683,0.0,-1.4736919820279626e-13,0.0,-0.5524836023869095,51.24724769915234
primary_merrow_baseline2025_td,SUB:SPN-S000000171886,0.475,0.475,62.0,0.1437740799353185,2021-11-22 07:00:00,0.3026822731135921,6.81778570522746e-10,0.475,6.22170815909992e-10,1.3098332966526147e-09,0.1416174686833789,0.1449951073339777,0.0048389198839207,0.0049563279520065,14.141731005191126,0.0,5.999999999999998,56.0,0.0,-2.792260459224487e-13,0.0,-0.5512830992249481,51.246254008235546
primary_merrow_baseline2025_td,SUB:SPN-S000000171887,0.475,0.475,84.0,0.114353488484081,2021-11-22 18:00:00,0.2407441859342878,6.865973017551288e-10,0.475,5.905788255766614e-10,1.2433238433192871e-09,0.1126381861073837,0.1125393468612026,0.0046075714737011,0.0047193662705301,13.46561586704322,0.0,6.000000000000004,78.0,0.0,-2.8112650402752285e-13,0.0,-0.541400405257492,51.2541370424439
primary_merrow_baseline2025_td,SUB:SPN-S000000171888,0.7125,0.7125,195.0,0.2730084446327142,2021-12-13 19:00:00,0.383169746524705,6.10334844203855e-10,0.7125,6.111020516122593e-10,8.576870899821183e-10,0.2689133176102459,0.2686629718302858,0.0103178869412865,0.0105682327212466,30.153998240496367,0.0,26.99999999799309,168.00000000053362,0.0,-2.985320069382146e-13,0.0,-0.5410987137937789,51.25273508841863
primary_merrow_baseline2025_td,SUB:SPN-S000000171891,0.285,0.285,3.0,0.0028209201342294,2021-12-13 18:00:00,0.0098979653295355,1.546968514552146e-09,0.285,5.28787785080165e-09,1.8553957371233863e-08,0.0027786056489902,0.002773079014705,0.0002391620651522,0.0002449649213066,0.6989505247376311,0.0,0.0,3.0,0.0,9.064044485302404e-12,0.0,-0.5043968292244697,51.25240721970978
primary_merrow_baseline2025_td,SUB:SPN-S000000173929,0.285,0.285,84.0,0.1140208684196682,2021-01-20 18:00:00,0.400073221471555,7.50550300272216e-10,0.285,5.492364617131454e-10,1.9271454796952477e-09,0.1123105549858827,0.1133195104735811,0.0044106223769216,0.0045176385426679,12.89003263458968,1.0,1.0000000000000029,82.0,0.0,-2.878724892823936e-13,0.0,-0.5384786263733077,51.26096390578545
primary_merrow_baseline2025_td,SUB:SPN-S000000173993,0.475,0.475,74.0,0.2293172020184802,2021-11-22 07:00:00,0.4827730562283241,6.421780237865499e-10,0.475,5.615081912472897e-10,1.182122507889031e-09,0.2258774439596498,0.225865865082252,0.0063589606116625,0.006513249853551,18.58404615078576,0.9999999988338006,16.99999999824948,56.00000000004584,0.0,-1.997547873975462e-13,0.0,-0.551111432753693,51.23632353608685
primary_merrow_baseline2025_td,SUB:SPN-S000000174080,0.29925,0.3252754555418733,165.0,0.3252754557106658,2021-12-13 18:00:00,0.9999999984422064,6.75504423528463e-10,0.3252754555418733,8.312735697285123e-10,2.5555988180654502e-09,0.3203963237087452,0.3222348681616207,0.0094477775959855,0.009677011669262,27.61110590056795,6.999999999720246,29.000000000707644,128.99999999998587,0.0,-2.456492283101745e-13,0.0,-0.5616027041642705,51.2360590243742
primary_merrow_baseline2025_td,SUB:SPN-S000000174155,0.29925,0.29925,122.0,0.1703675902004424,2021-01-20 19:00:00,0.5693152540516051,7.473883733961994e-10,0.29925,5.458141792711442e-10,1.823940448692211e-09,0.1678120758843534,0.1722075325436492,0.0059641249508616,0.0061088341845545,17.43013994025783,6.999999999999998,0.9999999999999996,114.0,0.0,-3.073629050275521e-13,0.0,-0.5308191521651712,51.25004731234343
primary_merrow_baseline2025_td,SUB:SPN-S000000174201,0.29925,0.29925,96.0,0.2316341150370618,2021-11-22 07:00:00,0.7740488369561443,7.466397030660146e-10,0.29925,5.902276288899885e-10,1.9723563204343812e-09,0.228159603251226,0.2314430797387464,0.0063541482707231,0.0065083207494359,18.56998209667794,1.0,12.999999999999996,82.0,0.0,-3.044890802511044e-13,0.0,-0.552911884166337,51.23776453559155
primary_merrow_baseline2025_td,SUB:SPN-S000000174619,0.285,0.285,89.0,0.1752466647297133,2021-12-13 19:00:00,0.6149005764620173,7.123727581709296e-10,0.285,5.511679724108964e-10,1.933922710213672e-09,0.1726179643458281,0.1725150899394096,0.0042399216585443,0.0043427960649628,12.391160220994475,1.999999998456332,1.9999999982536087,85.0000000001132,0.0,-2.5572995124041764e-13,0.0,-0.5267803460115876,51.24897497044158
primary_merrow_baseline2025_td,SUB:SPN-S000000174640,0.29925,0.29925,199.0,0.2756223582417823,2021-12-13 18:00:00,0.921043801607295,6.631598003589909e-10,0.29925,7.136510551652081e-10,2.384798847669868e-09,0.2714880221540185,0.2722663005150892,0.0102496844246652,0.0104983753878672,29.954676559817084,3.000000000082583,2.999999999999999,193.0000000000253,0.0,-1.615329694099744e-13,0.0,-0.52833482842875,51.252000055904674
primary_merrow_baseline2025_td,SUB:SPN-S000000174673,0.475,0.475,208.0,0.2576429386795459,2021-12-13 18:00:00,0.5424061860068082,6.016009354432011e-10,0.475,5.417873164883743e-10,1.14060487681763e-09,0.2537782941920106,0.2583793982398189,0.0112713686516648,0.0115448490253475,32.94054610448248,0.9999999995389228,11.999999999006132,195.0000000000855,0.0,-2.4427042147852373e-13,0.0,-0.5376216875105032,51.254731629680194
primary_merrow_baseline2025_td,SUB:SPN-S000000174692,0.475,0.475,133.0,0.1398640088709645,2021-01-20 19:00:00,0.2944505445789679,6.654931316023979e-10,0.475,5.786958458647805e-10,1.218307043925854e-09,0.137766048304252,0.1415785559273104,0.0067048708764191,0.0068675530359194,19.594968016298782,0.9999999959752216,1.0000000000000038,131.00000000013938,0.0,-1.795177029061807e-13,0.0,-0.5360563918191279,51.252463298906896
primary_merrow_baseline2025_td,SUB:SPN-S000000174722,0.285,0.285,210.0,0.233985441016124,2021-11-22 19:00:00,0.8210015455506748,6.506464115903393e-10,0.285,6.066353562086922e-10,2.1285451095041838e-09,0.230475659346251,0.2441211050204909,0.0102884367858882,0.0105380680084816,30.067930236542125,2.999999999999989,1.999999999711143,205.00000000002908,0.0,-2.7646026703449165e-13,0.0,-0.5343390178663364,51.25147636786643
primary_merrow_baseline2025_td,SUB:SPN-S000000174777,0.29925,0.3570332754185091,145.0,0.3570332755836404,2021-12-13 19:00:00,0.9999999984367516,7.23263007091097e-10,0.3570332754185091,7.08803779457507e-10,1.985259717393729e-09,0.3516777762872315,0.3514681894819593,0.0086380244217775,0.0088476112270497,25.24460431654676,0.0,45.0,100.0,0.0,-3.1386821190674023e-13,0.0,-0.5504707995971215,51.25643283217795
primary_merrow_baseline2025_td,SUB:SPN-S000000174792,0.29925,0.6797645803698769,239.0,0.6797645805301628,2021-12-13 07:00:00,0.9999999992903325,6.426927696507254e-10,0.6797645803698769,5.942076830450827e-10,8.741374590623116e-10,0.6695681116643287,0.6695414760772274,0.0142378471503781,0.0145833040225165,41.61007194244604,0.0,72.0,167.0,0.0,-3.226958261468011e-13,0.0,-0.5537619789217786,51.25597455458855
primary_merrow_baseline2025_td,SUB:SPN-S000000174852,0.29925,0.29925,128.0,0.2315090346267978,2021-12-13 19:00:00,0.7736308573148952,7.436562992277887e-10,0.29925,5.886044938499695e-10,1.9669323102755877e-09,0.2280363986589103,0.2278489550853224,0.0077254012448644,0.0079128448184523,22.57746541228555,0.0,11.999999999999998,116.0,0.0,-3.084217523954758e-13,0.0,-0.5508290251118653,51.254186588849095
primary_merrow_baseline2025_td,SUB:SPN-S000000174899,0.29925,0.4885455343400982,153.0,0.4885455345134327,2021-12-13 07:00:00,0.9999999989151864,7.033153753130311e-10,0.4885455343400982,7.860617560662239e-10,1.6089836070817741e-09,0.4812173513249967,0.4812043470817339,0.0069513176930966,0.0071199794607173,20.315208208768112,0.0,46.0,107.0,0.0,-3.1315278108370057e-13,0.0,-0.5486572066239714,51.262929435295206
primary_merrow_baseline2025_td,SUB:SPN-S000000174914,0.475,0.475,9.0,0.0154435346592145,2021-12-13 19:00:00,0.032512704484674,8.917853543469668e-10,0.475,1.080198076799725e-09,2.2741012143152102e-09,0.0152118811763258,0.0161560827579837,0.0009306505268927,0.0009532311612175,2.7198237885462557,0.0,0.0,9.0,0.0,4.944820100724426e-13,0.0,-0.5624048139103396,51.261802811604944
primary_merrow_baseline2025_td,SUB:SPN-S000000174925,0.76,0.76,129.0,0.560046097412089,2021-12-13 07:00:00,0.7369027591725809,5.983523448906166e-10,0.76,6.455078653952073e-10,8.493524544673781e-10,0.5516454055628632,0.5516348677219352,0.0056329213941386,0.0057695945431946,16.462198391420912,0.0,90.9999999994771,38.00000000007607,0.0,-2.743676334226647e-13,0.0,-0.5453446223623362,51.26455600053833
primary_merrow_baseline2025_td,SUB:SPN-S000000174940,0.29925,0.29925,74.0,0.2454844913507372,2021-12-13 07:00:00,0.8203324669738501,7.421534464615418e-10,0.29925,5.895777283813483e-10,1.9701845559944812e-09,0.241802223432157,0.2526450632614497,0.0041362235248233,0.0042365818743869,12.088102689974942,0.0,33.0,41.0,0.0,-2.900031045810684e-13,0.0,-0.5464656119752884,51.259159207560494
primary_merrow_baseline2025_td,SUB:SPN-S000000174949,0.475,0.5074902003542261,203.0,0.5074902005298093,2021-12-13 19:00:00,0.9999999991820192,5.907004184242551e-10,0.5074902003542261,1.0809602178345178e-09,2.130012002359872e-09,0.4998778473489127,0.4996627725484602,0.0088642096357375,0.00907928443619,25.90563002680966,1.0000000037939316,66.00000000191848,135.9999999999145,0.0,-2.5142272729462124e-13,0.0,-0.5427544325273594,51.26413934336853
primary_merrow_baseline2025_td,SUB:SPN-S000000175001,0.76,0.76,45.0,0.1798320917751423,2021-12-13 07:00:00,0.2366211731701644,7.007711705532043e-10,0.76,7.615899838782073e-10,1.0020920840502727e-09,0.1771346099622063,0.1771311136295902,0.0018689375678115,0.0019142841233391,5.461965269834668,0.0,24.0,21.0,0.0,-2.5476874063165033e-13,0.0,-0.5627613952815935,51.24161783807848
primary_merrow_baseline2025_td,SUB:SPN-S000000175036,0.475,0.475,54.0,0.0825387866822525,2021-10-15 19:00:00,0.1737658664395549,7.105187990248038e-10,0.475,6.817625415656783e-10,1.435289561190902e-09,0.0813007048598099,0.0839350688041806,0.0029159098634183,0.0029866594009162,8.521739130434781,0.0,0.0,54.0,0.0,-2.5712168085364713e-13,0.0,-0.5320916845747391,51.25677539890021
primary_merrow_baseline2025_td,SUB:SPN-S000000181331,0.76,0.76,6.0,0.0129213423093859,2021-10-15 19:00:00,0.0170017661770694,8.71271203272214e-10,0.76,1.192695230184035e-09,1.5693358291895195e-09,0.0127275221485258,0.0141775401739108,0.0006204336845951,0.0006354874408116,1.8132158590308372,0.0,0.0,6.0,0.0,5.362914095766537e-13,0.0,-0.5624694866132717,51.260645217166
primary_merrow_baseline2025_td,SUB:SPN-S000000181361,0.29925,0.29925,101.0,0.1274649763681495,2021-11-22 07:00:00,0.4259481238186612,7.405012110043685e-10,0.29925,5.518850991249762e-10,1.8442275659982502e-09,0.1255530016686344,0.1327461550097833,0.0060097735397386,0.0061555903579254,17.56354782469289,0.0,9.999999999999991,91.0,0.0,-2.8745820555367694e-13,0.0,-0.5462486887528265,51.2579432242332
primary_guildford_b_baseline2025_td,SUB:SPN-R000000852116-000-001Z,0.095,0.1280596637199268,100.0,0.128059663734726,2021-11-22 18:00:00,0.9999999991835,1.1935994569502194e-10,0.1280596637199268,1.7661256440906868e-10,1.3791428095214243e-09,0.1261387687641279,0.1296774363870716,0.0040836395745297,0.0041686592703062,11.934426229508194,0.0,1.999999999999998,98.0,0.0,-3.3797223226622465e-14,0.0,-0.5980946998382484,51.26045236943198
primary_guildford_b_baseline2025_td,SUB:SPN-S000000171605,0.76,0.76,7.0,0.006430471789907,2021-12-14 19:00:00,0.0084611470892433,2.4607261361912885e-10,0.76,1.462398086610708e-10,1.9242080086983e-10,0.0063340146112618,0.0069507580601014,0.0002832006627438,0.0002890967840225,0.8276532137518684,0.0,0.0,7.0,0.0,-2.5666875378163583e-14,0.0,-0.5803556810413482,51.24437549242065
primary_guildford_b_baseline2025_td,SUB:SPN-S000000171606,1.235,1.235,163.0,0.1408490225625614,2021-03-10 18:00:00,0.1140477915333557,1.6543186938843378e-10,1.235,1.1809586657116156e-10,9.562418345843039e-11,0.138736287214966,0.1518645955868159,0.0065945297181773,0.0067318251136685,19.272496263079223,0.0,1.000000000000001,162.0,0.0,-3.3703413086967884e-14,0.0,-0.5805335362845193,51.24168284444968
primary_guildford_b_baseline2025_td,SUB:SPN-S000000171630,0.475,0.475,118.0,0.1835158338655226,2021-12-14 18:00:00,0.386349123810399,1.4386746287373135e-10,0.475,1.078074923452426e-10,2.2696314177945806e-10,0.1807630962714899,0.1941787809789593,0.0064045658074846,0.0065379062325136,18.717327219128727,4.000000000000001,7.999999999994063,106.00000000000064,0.0,-4.0305800874652456e-14,0.0,-0.6028757891139961,51.24260144429549
primary_guildford_b_baseline2025_td,SUB:SPN-S000000171631,0.475,0.475,199.0,0.2131097437027738,2021-12-14 18:00:00,0.4486520918709522,1.4280901870096718e-10,0.475,1.02915477170049e-10,2.1666416246326107e-10,0.2099130974631896,0.2194241299331186,0.0092320423363168,0.0094242496593444,26.980620155038768,0.0,9.0,190.0,0.0,-3.37952667055146e-14,0.0,-0.6039220801452874,51.24465549776554
primary_guildford_b_baseline2025_td,SUB:SPN-S000000171632,0.475,0.475,99.0,0.0970262750981636,2021-01-20 18:00:00,0.2042658422484115,1.4769067996222193e-10,0.475,1.1410392096380332e-10,2.4021878097642805e-10,0.0955708808927485,0.0987614787272803,0.0039851229438536,0.0040680915639129,11.646511627906978,0.0,1.9999999999999976,97.0,0.0,-3.3611532675130895e-14,0.0,-0.6062374506990102,51.24424207262334
primary_guildford_b_baseline2025_td,SUB:SPN-S000000171633,0.475,0.475,133.0,0.1748684056904573,2021-12-14 18:00:00,0.3681440118656121,1.4747379072786394e-10,0.475,1.1865772709468914e-10,2.4980574125197713e-10,0.1722453795142801,0.1793028852171656,0.005710002559144,0.0058288824631124,16.687467899332308,0.999999999996411,6.999999999960261,125.00000000000148,0.0,-3.5830857307016764e-14,0.0,-0.610667393995527,51.24397150979449
primary_guildford_b_baseline2025_td,SUB:SPN-S000000171634,0.475,0.475,133.0,0.1501274742963519,2021-11-22 18:00:00,0.3160578405267537,1.459983670767295e-10,0.475,9.927740248216715e-11,2.09005057857194e-10,0.1478755621633647,0.1577528185057098,0.0055515595482817,0.0056671407339534,16.224418604651163,1.0,2.9999999999999933,129.0,0.0,-3.3752574741361235e-14,0.0,-0.6062990947700589,51.24725057628504
primary_guildford_b_baseline2025_td,SUB:SPN-S000000171635,0.475,0.475,148.0,0.185475200287662,2021-12-14 18:00:00,0.3904741057500137,1.4445398357429088e-10,0.475,1.1507038818411183e-10,2.4225344880865646e-10,0.1826930721914289,0.1889324423384593,0.0061752665832458,0.0063038330927686,18.047200821777093,2.999999999996533,10.999999999976346,134.00000000000068,0.0,-3.414069788887357e-14,0.0,-0.6097998217387832,51.24655179303186
primary_guildford_b_baseline2025_td,SUB:SPN-S000000171636,0.475,0.475,155.0,0.1744089579056542,2021-12-14 18:00:00,0.367176753373778,1.4464327475749408e-10,0.475,9.959223447180392e-11,2.0966786204590302e-10,0.1717928234581472,0.1826069755055929,0.0075538357672976,0.0077111035200364,22.07606574216744,0.0,6.999999999999988,148.0,0.0,-3.3770431732780173e-14,0.0,-0.6134319990603669,51.245731419159085
primary_guildford_b_baseline2025_td,SUB:SPN-S000000171637,0.475,0.475,155.0,0.1828343213391305,2021-12-14 18:00:00,0.3849143605967863,1.445959132471402e-10,0.475,1.0045894751660027e-10,2.1149252108757952e-10,0.1800918064387574,0.1920631386646463,0.0076976468842133,0.0078579087252369,22.49635336414997,0.0,8.999999999999991,146.0,0.0,-3.3771877891145974e-14,0.0,-0.6121647105737886,51.248608454427504
primary_guildford_b_baseline2025_td,SUB:SPN-S000000171647,0.475,0.475,119.0,0.1591682383779477,2021-01-20 18:00:00,0.3350910280597763,1.4788209287597248e-10,0.475,1.1292143786905904e-10,2.3772934288222954e-10,0.1567807147102215,0.1636212547143919,0.0059728976462687,0.0060972509177859,17.455778120184902,1.9999999999917093,7.999999999980239,109.00000000000114,0.0,-3.550358714633158e-14,0.0,-0.6153515288139648,51.24680958032442
primary_guildford_b_baseline2025_td,SUB:SPN-S000000171648,0.475,0.475,69.0,0.0873151784298696,2021-01-20 18:00:00,0.1838214282160186,1.4830010123124575e-10,0.475,1.0576226456674315e-10,2.2265739908788035e-10,0.086005450673527,0.0885493432930445,0.0034632767864919,0.0035353807842624,10.121417565485366,1.999999999975852,0.9999999999999984,66.00000000000263,0.0,-3.1907313572260335e-14,0.0,-0.6173066034625742,51.24482653425548
primary_guildford_b_baseline2025_td,SUB:SPN-S000000171724,0.76,0.76,127.0,0.1578780012704369,2021-01-20 18:00:00,0.207734212155791,1.5421513965648215e-10,0.76,1.0407570915430363e-10,1.3694172257145216e-10,0.1555098311668501,0.1574918125583704,0.0104524082986393,0.0106700231388972,30.547136563876656,0.0,1.0000000000000036,126.0,0.0,-3.3741178988844376e-14,0.0,-0.5804670841098213,51.262232878985806
primary_guildford_b_baseline2025_td,SUB:SPN-S000000171725,0.29925,0.29925,115.0,0.1751857425773785,2021-01-20 18:00:00,0.5854160150230012,1.3963646690280212e-10,0.29925,1.0865113136183588e-10,3.6307813320580076e-10,0.1725579563450134,0.1832726153806046,0.0086270884563291,0.0088067008884764,25.212643985447443,0.0,6.999999999999998,108.0,0.0,-3.37733704272509e-14,0.0,-0.5829089894112331,51.26408772571502
primary_guildford_b_baseline2025_td,SUB:SPN-S000000171730,0.475,0.475,149.0,0.1283672023826079,2021-12-14 18:00:00,0.2702467417743807,1.4718821478124898e-10,0.475,1.0792806786555919e-10,2.2721698498012464e-10,0.1264416942716707,0.1323531372468417,0.007522780752884,0.007679401953,21.985307541838733,0.0,1.0000000000000009,148.0,0.0,-3.3723737266594044e-14,0.0,-0.599564830811322,51.24525659878792
primary_guildford_b_baseline2025_td,SUB:SPN-S000000171731,0.475,0.475,139.0,0.1496619350365981,2021-11-22 18:00:00,0.3150777578738228,1.4768500203549838e-10,0.475,1.0600811999744329e-10,2.2317498946830168e-10,0.1474170059913915,0.1572203545744873,0.0072495599905039,0.0074004928467605,21.18682056141723,0.99999999999471,1.999999999988292,136.00000000000023,0.0,-3.5184090607843376e-14,0.0,-0.5968134533840103,51.24565150181866
primary_guildford_b_baseline2025_td,SUB:SPN-S000000171732,0.76,0.76,147.0,0.1474631308603438,2021-12-19 19:00:00,0.1940304353041406,1.504762413031679e-10,0.76,1.0367699047380495e-10,1.364170927286907e-10,0.1452511838826561,0.1547268654885478,0.0072156772383341,0.0073659046696312,21.087798304716365,1.0000000000000044,1.999999999989865,144.00000000000108,0.0,-3.514118417994243e-14,0.0,-0.6005596248885624,51.24757357095062
primary_guildford_b_baseline2025_td,SUB:SPN-S000000171733,0.29925,0.428223233363555,182.0,0.4282232333996952,2021-12-14 07:00:00,0.9999999997562232,1.4053101719407168e-10,0.428223233363555,1.5044965466012454e-10,3.513346379606523e-10,0.4217998848631017,0.4605231923857649,0.0085662650930726,0.008744611207822,25.034887861635163,0.0,38.0,144.0,0.0,-3.3810701290083154e-14,0.0,-0.5999809645576584,51.25076659883082
primary_guildford_b_baseline2025_td,SUB:SPN-S000000171734,0.475,0.475,147.0,0.1834996524644085,2021-11-22 18:00:00,0.3863150577005342,1.466544619457595e-10,0.475,1.09691654771042e-10,2.3092979951798318e-10,0.1807471576588364,0.1946392615302121,0.0069584212649756,0.0071032927327523,20.33596837944664,1.999999999996781,2.9999999999919025,142.00000000000014,0.0,-3.5143512570098765e-14,0.0,-0.6024073502845967,51.252549024275496
primary_guildford_b_baseline2025_td,SUB:SPN-S000000171742,0.29925,0.29925,104.0,0.1452305011707337,2021-12-14 07:00:00,0.4853149577361786,1.4049080917173698e-10,0.29925,1.1542311155277479e-10,3.8570797511370025e-10,0.1430520435586964,0.1476594880404897,0.0039797383168145,0.0040625948311543,11.630775069134216,0.9999999999948568,9.99999999998986,93.00000000000018,0.0,-3.4652946103116233e-14,0.0,-0.5850484996594159,51.25518688380849
primary_guildford_b_baseline2025_td,SUB:SPN-S000000171744,0.475,0.475,268.0,0.3590946477240619,2021-12-14 07:00:00,0.7559887318216919,1.4386236580979402e-10,0.475,1.2013367714581082e-10,2.529130045174964e-10,0.353708227911039,0.3721313317120325,0.0102559529366898,0.0104694776571412,29.972996270203065,0.9999999999988164,28.99999999999779,238.00000000000003,0.0,-3.5144827647987505e-14,0.0,-0.5883096266642439,51.2545859480188
primary_guildford_b_baseline2025_td,SUB:SPN-S000000171745,0.475,0.475,149.0,0.1996149633943437,2021-12-14 18:00:00,0.4202420280710288,1.4421464555200438e-10,0.475,1.0061719063030743e-10,2.1182566448485777e-10,0.1966207388607999,0.196506167862723,0.0057780810825982,0.0058983783534148,16.886427210297345,0.0,8.999999999999995,140.0,0.0,-3.377817026686889e-14,0.0,-0.5877507907354276,51.256723084114654
primary_guildford_b_baseline2025_td,SUB:SPN-S000000171746,0.29925,0.29925,209.0,0.2963306267999846,2021-01-20 19:00:00,0.99024436646743,1.359322660899585e-10,0.29925,1.7802425700257338e-10,5.94901443617622e-10,0.2918856672200042,0.2917077528076312,0.0085455296988531,0.0087234441112261,24.97428872497366,0.0,10.000000000000002,199.0,0.0,-3.3836479556331084e-14,0.0,-0.5874881772857222,51.25930638061141
primary_guildford_b_baseline2025_td,SUB:SPN-S000000171749,0.29925,0.29925,117.0,0.1538706392420949,2021-01-20 19:00:00,0.5141875995648756,1.4062155573512947e-10,0.29925,1.044695287967764e-10,3.49104523965836e-10,0.1515625795610875,0.1514606013645655,0.0048981850058698,0.0050001632023918,14.314933172761572,0.0,1.9999999999999991,115.0,0.0,-3.376352349255278e-14,0.0,-0.5923951100880284,51.26181489928653
primary_guildford_b_baseline2025_td,SUB:SPN-S000000171773,0.29925,0.29925,119.0,0.1396801778533729,2021-01-20 19:00:00,0.4667675114081372,1.3815837348512608e-10,0.29925,1.134763450129997e-10,3.7920248960066726e-10,0.1375849750897826,0.1455694105619722,0.0051037037549345,0.0052099607672537,14.91556119213697,0.0,3.999999999993034,115.00000000000075,0.0,-3.944705464891839e-14,0.0,-0.5911466615849917,51.25188082335868
primary_guildford_b_baseline2025_td,SUB:SPN-S000000171774,0.76,0.76,198.0,0.2332690170444002,2021-01-20 19:00:00,0.3069329171023205,1.5194388750386026e-10,0.76,1.0343913918177871e-10,1.3610413050234042e-10,0.2297699817036965,0.2296032081866837,0.008010413679282,0.0081771871962948,23.410413524128145,1.999999999996328,3.9999999999930473,192.00000000000108,0.0,-3.478452681392414e-14,0.0,-0.5936736972721773,51.255528844016894
primary_guildford_b_baseline2025_td,SUB:SPN-S000000171775,0.29925,0.29925,160.0,0.2010253026365467,2021-01-08 18:00:00,0.671763751192481,1.3724583468542748e-10,0.29925,1.0837281350307159e-10,3.6214808188160936e-10,0.1980099230904693,0.2030054770558201,0.0064502322151012,0.0065845233959478,18.850787178784667,0.0,1.999999999999996,158.0,0.0,-3.3804592999571413e-14,0.0,-0.5954836621333599,51.25756529796441
primary_guildford_b_baseline2025_td,SUB:SPN-S000000171780,0.475,0.475,295.0,0.3368688889624994,2021-01-20 19:00:00,0.7091976607617788,1.4192723187166414e-10,0.475,1.1065295818069642e-10,2.3295359616988717e-10,0.331815855533334,0.3438077134707579,0.0138378298696097,0.0141259277940836,40.44102246079365,0.0,5.000000000000003,290.0,0.0,-3.3839829744222596e-14,0.0,-0.5972195463566372,51.25392964798617
primary_guildford_b_baseline2025_td,SUB:SPN-S000000171781,0.29925,0.29925,112.0,0.1457950387135203,2021-01-08 18:00:00,0.487201465813798,1.4109417117919248e-10,0.29925,1.0281199806032654e-10,3.4356557413642946e-10,0.1436081131263595,0.1513235533325637,0.0045736763234732,0.0046688983827429,13.36655737704918,0.0,1.0000000000000009,111.0,0.0,-3.3752960838208464e-14,0.0,-0.5991754848118797,51.2582307990477
primary_guildford_b_baseline2025_td,SUB:SPN-S000000171789,0.475,0.475,151.0,0.1812742517485057,2021-01-20 19:00:00,0.3816300035647342,1.4479215724887246e-10,0.475,1.0324310927768752e-10,2.1735391426881584e-10,0.1785551378844009,0.180569718808531,0.0073987418406,0.0075527806015965,21.622804137406124,4.999999999987903,0.9999999999999988,145.00000000000057,0.0,-3.2890570922274485e-14,0.0,-0.5945035660387545,51.24758196593583
primary_guildford_b_baseline2025_td,SUB:SPN-S000000171790,0.29925,0.29925,142.0,0.1942198148952771,2021-12-14 18:00:00,0.6490219375345636,1.356794004470045e-10,0.29925,1.1622622680250906e-10,3.883917353467304e-10,0.1913065175755806,0.1960085297751627,0.0065565312316175,0.0066930355142525,19.161445783132528,0.9999999999979328,3.9999999999966014,137.00000000000028,0.0,-3.633289647911941e-14,0.0,-0.5913901938894822,51.248514666233945
primary_guildford_b_baseline2025_td,SUB:SPN-S000000171791,0.7125,0.7125,2.0,0.000935632705372,2021-11-22 19:00:00,0.0013131687089401,1.920163588270681e-10,0.7125,5.58320768807237e-10,7.836080965715607e-10,0.0009215981902136,0.0009204799330741,5.6416142723457744e-05,5.7590703603205696e-05,0.1648760330578512,0.0,0.0,2.0,0.0,1.0104787274562657e-13,0.0,-0.5749397629027956,51.23702527731773
primary_guildford_b_baseline2025_td,SUB:SPN-S000000171792,0.95,0.95,50.0,0.1664916695117828,2021-12-14 07:00:00,0.1752543889264148,1.808154903056205e-10,0.95,1.0875295862020707e-10,1.144767985475864e-10,0.1639942943837354,0.1640934060643905,0.0014104035680864,0.0014397675900801,4.12190082644628,0.0,27.0,23.0,0.0,-3.3399833089390695e-14,0.0,-0.5739643452427443,51.2373870709055
primary_guildford_b_baseline2025_td,SUB:SPN-S000000171794,0.7125,0.7125,42.0,0.072588661585706,2021-01-20 07:00:00,0.1018788232536016,1.719186146537986e-10,0.7125,1.0346524050949046e-10,1.4521437264489888e-10,0.0714998315634429,0.0714978303552532,0.0012466705243241,0.0012726256917127,3.643391424122649,0.9999999999711552,8.99999999993897,32.0000000000027,0.0,-3.282954685160421e-14,0.0,-0.5713695298819204,51.23645727955376
primary_guildford_b_baseline2025_td,SUB:SPN-S000000171795,0.475,0.475,187.0,0.2539378290930144,2021-12-14 18:00:00,0.5346059558236979,1.4357857025435992e-10,0.475,1.1575479008617247e-10,2.4369429491825777e-10,0.2501287615643121,0.2548474940076277,0.006675874199928,0.006814863154061,19.51022530329289,2.999999999998151,7.999999999995822,176.00000000000006,0.0,-3.3840491207793274e-14,0.0,-0.5736093071426503,51.244721880815966
primary_guildford_b_baseline2025_td,SUB:SPN-S000000171796,0.7125,0.7125,105.0,0.1360749917080335,2021-12-14 19:00:00,0.190982444461204,1.5407500964938634e-10,0.7125,1.0353893044849812e-10,1.453177971206991e-10,0.134033866749509,0.1402133481247595,0.004079944851008,0.0041648876241609,11.923628409450084,0.999999999991496,7.999999999976521,96.00000000000216,0.0,-3.671662471674874e-14,0.0,-0.5706852571374565,51.24344910296502
primary_guildford_b_baseline2025_td,SUB:SPN-S000000171797,0.7125,0.7125,377.0,0.475966042528996,2021-12-14 18:00:00,0.6680225156923324,1.4701468838687887e-10,0.7125,1.1503279676044052e-10,1.6144953931289895e-10,0.4688265517946807,0.4750576946147854,0.0124668937328493,0.0127264493310113,36.434465101622806,1.9999999999982496,20.99999999999513,354.0,0.0,-3.3865399555097065e-14,0.0,-0.5729122952824205,51.241747968689474
primary_guildford_b_baseline2025_td,SUB:SPN-S000000171798,0.76,0.76,196.0,0.4025006965660221,2021-12-14 07:00:00,0.5296061795854357,1.5311576020990718e-10,0.76,1.118709951606966e-10,1.4719867784302184e-10,0.3964631860256242,0.396453860566544,0.0058093780651813,0.0059303269262985,16.97789256198347,15.999999999990091,33.99999999998071,146.0000000000008,0.0,-3.562498493922396e-14,0.0,-0.5719047962688414,51.23986685832299
primary_guildford_b_baseline2025_td,SUB:SPN-S000000171825,0.95,0.95,2.0,0.004324604039521,2021-01-08 18:00:00,0.0045522147772161,2.5608507400705836e-10,0.95,2.158897975844858e-10,2.2725241850998503e-10,0.0042597349727887,0.0047713282934219,8.091447506966016e-05,8.259908114930704e-05,0.2364723467862481,0.0,0.0,2.0,0.0,-1.7781323723510736e-14,0.0,-0.582721213052079,51.244344761744586
primary_guildford_b_baseline2025_td,SUB:SPN-S000000171826,0.475,0.475,2.0,0.0034666942552178,2021-01-20 19:00:00,0.0072983036917196,2.2621769759626992e-10,0.475,2.1400416966557295e-10,4.5053509403278525e-10,0.0034146937197577,0.0036350122010794,8.091447506966016e-05,8.259908114930704e-05,0.2364723467862481,0.0,0.0,2.0,0.0,-9.736755367694923e-15,0.0,-0.5827222394261927,51.24651912140143
primary_guildford_b_baseline2025_td,SUB:SPN-S000000171827,0.475,0.475,1.0,0.0025136033187112,2021-12-14 19:00:00,0.0052917964581122,2.0936586733470674e-10,0.475,2.040861445820856e-10,4.296550412254433e-10,0.0024758991678305,0.0026642877255814,7.276592425890353e-05,7.42808808632953e-05,0.2126582278481013,0.0,0.0,1.0,0.0,1.0924084734964556e-14,0.0,-0.5857187460729962,51.245564322962885
primary_guildford_b_baseline2025_td,SUB:SPN-S000000171828,0.475,0.475,229.0,0.281366721134742,2021-01-20 19:00:00,0.5923509916872673,1.4060928397451024e-10,0.475,1.1523852796763667e-10,2.4260742730028776e-10,0.2771462202184501,0.2778745865009536,0.0095565305824723,0.0097554936172779,27.928936225888528,0.0,10.99999999999649,218.0000000000004,0.0,-4.081503348670389e-14,0.0,-0.5860996685812756,51.251747595227535
primary_guildford_b_baseline2025_td,SUB:SPN-S000000171829,0.475,0.475,65.0,0.1621943736556581,2021-01-20 07:00:00,0.341461839168253,1.4859026727736949e-10,0.475,1.0084288164017688e-10,2.12300803453004e-10,0.1597614579500261,0.1597561092529823,0.0033320186187471,0.0034013898754698,9.737815905402272,0.0,12.0,53.0,0.0,-3.3604144328441034e-14,0.0,-0.5847591180226703,51.249019852082846
primary_guildford_b_baseline2025_td,SUB:SPN-S000000171830,0.475,0.475,134.0,0.2743871624675773,2021-12-14 18:00:00,0.5776571839631977,1.4724713161222234e-10,0.475,1.174161717851817e-10,2.471919406003825e-10,0.2702713549349567,0.2736195647110347,0.0056865046023918,0.0058048952885685,16.61879518072289,0.9999999999971502,20.99999999999368,112.00000000000048,0.0,-3.583961768307385e-14,0.0,-0.5869324996563048,51.2496126668624
primary_guildford_b_baseline2025_td,SUB:SPN-S000000171831,0.29925,0.29925,90.0,0.1117533766060329,2021-01-08 18:00:00,0.3734448673439262,1.428939206346715e-10,0.29925,1.0942564772010963e-10,3.656663248792302e-10,0.1100770759504471,0.1174615682886004,0.0041555479637012,0.0042420647625544,12.14457831325301,0.0,0.0,90.0,0.0,-3.368295009239563e-14,0.0,-0.5923849614293502,51.250593642121295
primary_guildford_b_baseline2025_td,SUB:SPN-S000000171832,0.475,0.475,214.0,0.2550287823763166,2021-12-14 18:00:00,0.5369026995768857,1.4396625624362618e-10,0.475,1.1385638889154332e-10,2.396976608243017e-10,0.2512033505457561,0.2566042645035661,0.0099244669270583,0.0101310902451752,29.004229253462448,2.999999999997698,4.999999999994851,206.0000000000004,0.0,-3.4641650418932154e-14,0.0,-0.596264398710225,51.25012961693501
primary_guildford_b_baseline2025_td,SUB:SPN-S000000171833,0.475,0.475,185.0,0.2915904286709355,2021-12-14 07:00:00,0.613874586491781,1.422759735244833e-10,0.475,1.1049546821831751e-10,2.326220383543527e-10,0.2872165721519814,0.3091122343420684,0.008055457766239,0.0082231690826093,23.542054753245388,0.0,26.0,159.0,0.0,-3.3802678511725034e-14,0.0,-0.59274048189369,51.25306327247957
primary_guildford_b_baseline2025_td,SUB:SPN-S000000171847,0.475,0.475,21.0,0.0342091358107268,2021-01-20 18:00:00,0.0720192332600899,1.6917863694723594e-10,0.475,1.2512841676355406e-10,2.634282458180085e-10,0.0336959986941706,0.0343317729297525,0.0007496971026657,0.0007653054878892,2.1909878682842283,0.0,0.9999999999614608,20.00000000000427,0.0,-3.91855071315542e-14,0.0,-0.5781822519020852,51.24605089942601
primary_guildford_b_baseline2025_td,SUB:SPN-S000000173197,0.29925,0.3488882912547972,186.0,0.348888291182052,2021-12-14 07:00:00,0.9999999994002232,1.3650989230882071e-10,0.3488882912547972,1.4846846948387478e-10,4.255472975315371e-10,0.3436549668859752,0.3436429240088395,0.0075022179254233,0.0076584110159318,21.925212731089257,1.0000000005014984,26.99999999311932,158.00000000009808,0.0,-3.4351222072868414e-14,0.0,-0.5934084037172878,51.25845814004627
primary_guildford_b_baseline2025_td,SUB:SPN-S000000173931,0.475,0.475,232.0,0.2974683344588122,2021-12-14 18:00:00,0.6262491249930208,1.391256887628625e-10,0.475,1.1510045908508908e-10,2.4231675596860856e-10,0.2930063093497226,0.2927882649169779,0.0109964863111575,0.0112254286317816,32.13720316622691,0.0,6.999999999997347,225.00000000000028,0.0,-3.749598679814239e-14,0.0,-0.5869875052215682,51.26483295305121
primary_guildford_b_baseline2025_td,SUB:SPN-S000000173932,0.29925,0.29925,16.0,0.0196934082364457,2021-03-10 18:00:00,0.0658092171282554,1.6434373970554827e-10,0.29925,1.9264547124370287e-10,6.437609732454566e-10,0.0193980071051673,0.0197153607483913,0.0007267862663843,0.0007419176574228,2.124031007751938,0.0,0.0,16.0,0.0,-3.212769575961543e-14,0.0,-0.605180967470013,51.249072316433136
primary_guildford_b_baseline2025_td,SUB:SPN-S000000174160,0.285,0.285,80.0,0.0954957272751343,2021-01-20 18:00:00,0.3350727271176,1.3912903513393769e-10,0.285,1.0360194467266063e-10,3.6351559534266895e-10,0.0940632912764389,0.1054146968135874,0.0040153933756428,0.0040989922136376,11.73497688751926,0.9999999999836326,1.9999999999999976,77.00000000000179,0.0,-3.2532626413861765e-14,0.0,-0.614595499236413,51.24387122766651
primary_guildford_b_baseline2025_td,SUB:SPN-S000000174232,0.475,0.475,94.0,0.1031548717194544,2021-01-08 18:00:00,0.2171681509208336,1.4762041033852107e-10,0.475,1.1055483154018659e-10,2.3274701376881395e-10,0.1016075486370631,0.1066171091450062,0.0040040341000035,0.0040873964425531,11.701779433467912,0.0,2.9999999999999893,91.0,0.0,-3.3637363144910174e-14,0.0,-0.6071266854823615,51.24892466344999
primary_guildford_b_baseline2025_td,SUB:SPN-S000000174234,0.285,0.285,120.0,0.1775158809697731,2021-12-14 18:00:00,0.6228627399404794,1.3925468687617526e-10,0.285,1.0644264628317338e-10,3.734829694146434e-10,0.1748531426653976,0.1813988225311795,0.0056878377471504,0.0058062561888525,16.622691292875984,0.0,3.999999999999989,116.0,0.0,-3.3775499153523255e-14,0.0,-0.5907507328823621,51.26568944475424
primary_guildford_b_baseline2025_td,SUB:SPN-S000000174670,0.76,0.76,1.0,0.0013262948245065,2021-01-08 19:00:00,0.001745124768503,2.5459600511821447e-10,0.76,2.89157407586435e-10,3.8047027314004605e-10,0.0013064003908135,0.0013569857600777,7.276592425890353e-05,7.42808808632953e-05,0.2126582278481013,0.0,0.0,1.0,0.0,5.3752023527798565e-14,0.0,-0.5909327757089564,51.24601040506322
primary_guildford_b_baseline2025_td,SUB:SPN-S000000174751,0.29925,0.3673199518646275,215.0,0.3673199517136893,2021-12-14 07:00:00,0.9999999992228364,1.3452954985808407e-10,0.3673199518646275,1.300526404856958e-10,3.5405819865081963e-10,0.3618101525866581,0.3618000382885911,0.0063007923610093,0.006431972265579,18.41404958677686,1.000000004628893,33.99999998606768,180.00000000156624,0.0,-3.282958474651473e-14,0.0,-0.5711551528819064,51.23855287594986
primary_guildford_b_baseline2025_td,SUB:SPN-S000000174785,0.29925,0.3620560797648101,185.0,0.3620560796673602,2021-12-14 18:00:00,0.9999999993554196,1.35924333409562e-10,0.3620560797648101,1.385997858317642e-10,3.828130325053455e-10,0.3566252385683379,0.3647985400242278,0.0083815769834805,0.0085560779677758,24.495137332929627,0.0,45.99999997995037,139.0000000024025,0.0,-3.8655924221901554e-14,0.0,-0.5950048576836635,51.26297004744676
primary_guildford_b_baseline2025_td,SUB:SPN-S000000174812,0.475,0.475,4.0,0.0031664732113682,2021-02-05 19:00:00,0.0066662593891315,2.2962960065958326e-10,0.475,2.1533758472838328e-10,4.533422836387016e-10,0.0031189761066824,0.0031814077388947,0.0002007696687821,0.0002049496106818,0.5867488443759632,0.0,0.0,4.0,0.0,-1.600236168384395e-14,0.0,-0.6092524077010277,51.25113619209507
primary_guildford_b_baseline2025_td,SUB:SPN-S000000174842,0.475,0.475,124.0,0.1540560125332339,2021-12-14 19:00:00,0.3243284473387884,1.4586898862526522e-10,0.475,1.0489439447072031e-10,2.2083030414888488e-10,0.1517451722627761,0.1555923072718466,0.0058774323387221,0.0059997980618143,17.17678100263852,0.0,1.9999999999951377,122.00000000000055,0.0,-3.918614429390061e-14,0.0,-0.5922114359410452,51.26401550896143
primary_guildford_b_baseline2025_td,SUB:SPN-S000000174889,0.95,0.95,1.0,0.0019154477278969,2021-01-20 19:00:00,0.0020162607656657,2.5518122126674335e-10,0.95,2.0295352092161654e-10,2.1363528518064902e-10,0.0018867159127867,0.001937291707511,5.879594047680351e-05,6.00200477666365e-05,0.171830985915493,0.0,0.0,1.0,0.0,3.5653041501387584e-14,0.0,-0.6132008031095754,51.24141715359174
primary_guildford_b_baseline2025_td,SUB:SPN-S000000174894,0.95,0.95,12.0,0.0406186162212748,2021-12-14 07:00:00,0.0427564381190611,1.9100654107242675e-10,0.95,1.4777873993266003e-10,1.5555656835016847e-10,0.0400093368993368,0.0421277308921954,0.0005943279964093,0.0006067016607653,1.7369220519653568,0.0,3.0,9.0,0.0,-3.18482351686478e-14,0.0,-0.5880600978288881,51.24638971325948
primary_guildford_b_baseline2025_td,SUB:SPN-S000000174930,0.475,0.475,151.0,0.4003780191221465,2021-12-14 18:00:00,0.8429010926357402,1.4256704945928886e-10,0.475,1.1461980543975752e-10,2.413048535573843e-10,0.3943723487408002,0.394243332773099,0.0065065743935242,0.0066420385953443,19.015447051363346,0.0,63.0,88.0,0.0,-3.38076171310429e-14,0.0,-0.5880855529320221,51.25044344370468
primary_guildford_b_baseline2025_td,SUB:SPN-S000000175026,0.475,0.5006984336124086,189.0,0.5006984333446849,2021-12-14 07:00:00,0.9999999991866824,1.3950305095771188e-10,0.5006984336124086,1.3810306108087642e-10,2.7582083707452176e-10,0.4931879571082224,0.4952416429483606,0.0076341687279097,0.0077931089798364,22.31083861443625,1.0000000011376629,53.99999995709875,134.00000000217057,0.0,-3.2722700562040333e-14,0.0,-0.5803864423944182,51.2396598258457
primary_guildford_b_baseline2025_td,SUB:SPN-S000000175067,0.29925,0.29925,7.0,0.0081458906452191,2021-12-19 18:00:00,0.0272210213520342,2.0656567561611318e-10,0.29925,1.602196802168244e-10,5.354041110002486e-10,0.00802370227426,0.0088326000502999,0.0005093614698123,0.000519966166043,1.4886075949367088,0.0,0.0,7.0,0.0,-2.6381738194373743e-14,0.0,-0.5922884033963638,51.24590689076505
primary_guildford_b_baseline2025_td,SUB:SPN-S000000175224,0.76,0.76,173.0,0.2175023130269267,2021-01-08 18:00:00,0.2861872539263978,1.4977744811183807e-10,0.76,1.0159521457205087e-10,1.3367791391059322e-10,0.2142397783250116,0.2208983029145635,0.0078446728642768,0.0080079957257132,22.92603641547333,0.0,1.9999999999999991,171.0,0.0,-3.379144076452378e-14,0.0,-0.6004613735676317,51.25623832437945
primary_guildford_b_baseline2025_td,SUB:SPN-S000000175228,0.475,0.475,140.0,0.1718023485761819,2021-01-20 18:00:00,0.3616891547900517,1.4074904141348974e-10,0.475,1.0290966792058512e-10,2.1665193246438966e-10,0.1692253132638539,0.173070885560351,0.0088303826901708,0.0090142276246237,25.80677086476374,1.0000000000000029,1.9999999999967213,137.0000000000003,0.0,-3.4142139665152035e-14,0.0,-0.5843767692561318,51.261617108313175
primary_guildford_b_baseline2025_td,SUB:SPN-S000000175257,0.29925,0.29925,177.0,0.1884189127160642,2021-01-20 18:00:00,0.6296371349383584,1.3620620336707187e-10,0.29925,1.1474311128014864e-10,3.8343562666716326e-10,0.1855926289275319,0.192565858664045,0.0068521341440891,0.0069947927577395,20.025344540046294,0.0,4.999999999995831,172.0000000000005,0.0,-3.9098831006617225e-14,0.0,-0.5917809676960609,51.256474782907965
primary_guildford_b_baseline2025_td,SUB:SPN-S000000175336,0.76,0.76,8.0,0.0256371618257676,2021-12-14 07:00:00,0.0337331076573445,1.83374323162034e-10,0.76,1.8507930302846627e-10,2.4352539872166616e-10,0.0252526043200138,0.0253205441780997,0.0004187463841268,0.000427464511556,1.2237852383949308,0.0,0.9999999999999996,7.0,0.0,-3.0133074629664454e-14,0.0,-0.6130378563556431,51.24249048373969
primary_guildford_b_baseline2025_td,SUB:SPN-S000000181195,0.29925,0.29925,136.0,0.2555440633128132,2021-12-14 19:00:00,0.8539484150232919,1.3711968019850252e-10,0.29925,1.1250889806839776e-10,3.7596958418846366e-10,0.2517109022637921,0.251584692454306,0.0060620703003497,0.0061882801098359,17.716384974045724,1.0000000000000016,5.999999999999998,129.0,0.0,-3.380884669908952e-14,0.0,-0.5903732438393504,51.26345471852961
primary_guildford_b_baseline2025_td,SUB:SPN-S000000181196,0.475,0.475,194.0,0.2778406298630287,2021-12-14 07:00:00,0.5849276416427085,1.4145709990905116e-10,0.475,1.0626590686758903e-10,2.2371769866860847e-10,0.2736730203267074,0.2736599004905498,0.0081731191716549,0.0083432801500756,23.885919910140107,0.0,13.999999999999991,180.0,0.0,-3.3809267817957664e-14,0.0,-0.5858344507685104,51.26239856835649
primary_guildford_b_baseline2025_td,SUB:SPN-S000000181225,0.95,0.95,98.0,0.1466794155429282,2021-12-14 18:00:00,0.154399384756648,1.5617064229506966e-10,0.95,1.0598777613888842e-10,1.1156608014619834e-10,0.1444792242228576,0.1496577653670476,0.004006994787022,0.0040904187698572,11.710432033719703,0.0,4.999999999992761,93.0000000000008,0.0,-3.677518982436098e-14,0.0,-0.5900552823589013,51.26031347969364
primary_guildford_b_baseline2025_td,SUB:SPN-S000000181226,0.95,0.95,66.0,0.087529835270783,2021-12-14 07:00:00,0.0921366686889016,1.771991160039099e-10,0.95,1.1645494325175114e-10,1.22584150791317e-10,0.0862168876567382,0.0862125557687589,0.0026985883259536,0.0027547718245977,7.886617492096944,0.0,4.9999999999999964,61.0,0.0,-3.3392877850483314e-14,0.0,-0.5896004338977078,51.25964724676016
primary_guildford_b_baseline2025_td,SUB:SPN-S000000181252,0.475,0.475,149.0,0.1522371484152792,2021-11-22 18:00:00,0.3204992597232307,1.4584962231774486e-10,0.475,1.0008336581980051e-10,2.1070182277852736e-10,0.149953591170558,0.161826241594016,0.007910867143398,0.0080755681424908,23.11948902718637,0.0,1.000000000000003,148.0,0.0,-3.3754706198303034e-14,0.0,-0.5994162257688723,51.24398864985076
primary_guildford_a_baseline2025_td,SUB:SPN-R000000852112-000-063Z,0.0475,0.0475,7.0,0.0064428532319233,2021-12-16 18:00:00,0.1356387908179434,7.86505907892769e-08,0.0475,7.223982154400395e-08,1.5208383482948197e-06,0.0063462077094589,0.007128355960409,0.0004115715833376,0.0004098326256592,1.2028169014084509,0.0,0.0,7.0,0.0,-2.3846682343146052e-11,0.0,-0.6148370455461488,51.23397081958654
primary_guildford_a_baseline2025_td,SUB:SPN-R000000852112-000-073Z,0.0475,0.0475,7.0,0.0077739775444322,2021-10-13 19:00:00,0.1636624150117234,7.840147885159455e-08,0.0475,7.142429136136306e-08,1.5036692918181697e-06,0.0076573658969525,0.0080707807691446,0.0006792163246447,0.0006763465238838,1.9850079744816589,0.0,0.0,7.0,0.0,-2.402564574178661e-11,0.0,-0.593145706446904,51.23062581317349
primary_guildford_a_baseline2025_td,SUB:SPN-S000000171608,0.475,0.475,115.0,0.1771896761314131,2021-12-14 19:00:00,0.3730308531421376,5.5997774879729534e-08,0.475,6.80419619953402e-08,1.432462357796636e-07,0.1745317910281675,0.1779564455866733,0.0083680812897739,0.0083327247690582,24.455696202531644,0.0,8.000000000000004,107.0,0.0,-2.5285848034671012e-11,0.0,-0.5853375879938791,51.23878760083429
primary_guildford_a_baseline2025_td,SUB:SPN-S000000171609,0.29925,0.29925,67.0,0.109281057885234,2021-01-20 19:00:00,0.3651830828826137,5.56778580291973e-08,0.29925,6.99819199056929e-08,2.3385771062888187e-07,0.1076417891235804,0.1132779534817548,0.0048753169253465,0.0048547179089296,14.248101265822784,0.0,3.999999999999997,63.0,0.0,-2.5259035521601955e-11,0.0,-0.5842456761873994,51.23965768339848
primary_guildford_a_baseline2025_td,SUB:SPN-S000000171610,0.95,0.95,229.0,0.2777904832439423,2021-12-14 18:00:00,0.2924110179382855,5.5410262073986987e-08,0.95,6.895336763345081e-08,7.25824922457377e-08,0.2736235895647415,0.2847611510486076,0.0102339679971982,0.0101907277980455,29.908745340674727,1.9999999989591783,8.999999999161494,218.0000000000805,0.0,-1.9465068512652178e-11,0.0,-0.5854030008736636,51.237722047793135
primary_guildford_a_baseline2025_td,SUB:SPN-S000000171611,0.475,0.475,80.0,0.0941447761772306,2021-12-16 18:00:00,0.1981995053787535,5.6116803590412417e-08,0.475,6.948312537228137e-08,1.46280263941645e-07,0.0927326020405475,0.0986353431655494,0.0047036752381442,0.0046838014361055,13.746478873239438,0.0,0.0,80.0,0.0,-2.5261979973756675e-11,0.0,-0.5989444251685285,51.24080921210666
primary_guildford_a_baseline2025_td,SUB:SPN-S000000171612,0.475,0.475,14.0,0.0166382525330948,2021-12-16 18:00:00,0.0350278957544903,5.851655830548157e-08,0.475,7.582350853058802e-08,1.5962843901176426e-07,0.0163886759270677,0.016905878898873,0.0008231431666752,0.0008196652513184,2.4056338028169018,0.0,0.0,14.0,0.0,-2.4915222202351992e-11,0.0,-0.6058033714108783,51.23945887193364
primary_guildford_a_baseline2025_td,SUB:SPN-S000000171613,0.475,0.475,81.0,0.1239984579851812,2021-01-20 19:00:00,0.2610493543330679,5.622298520961915e-08,0.475,7.013373393481806e-08,1.4764996617856432e-07,0.1221384266660053,0.1283790201668407,0.0066899967996256,0.0066617304620695,19.551498564848806,0.9999999965978305,0.9999999986219535,79.00000000008109,0.0,-1.801552379737868e-11,0.0,-0.6009897232177484,51.23697198666573
primary_guildford_a_baseline2025_td,SUB:SPN-S000000171614,0.285,0.285,97.0,0.1706329721996408,2021-12-14 19:00:00,0.5987120678031446,5.491077664112839e-08,0.285,7.227796586073062e-08,2.536068977569496e-07,0.1680734349327124,0.1752908754875122,0.0104749308701692,0.0104306725632191,30.612958721664132,0.999999998661708,1.9999999994140636,93.99999999999076,0.0,-1.7630973210762467e-11,0.0,-0.6024398301380592,51.23217775584382
primary_guildford_a_baseline2025_td,SUB:SPN-S000000171615,0.29925,0.29925,34.0,0.0541033808654048,2021-01-20 19:00:00,0.1807965594676249,5.7770558000042325e-08,0.29925,7.18920915798502e-08,2.402409075350048e-07,0.0532917783686504,0.0546450973482432,0.0036794689278562,0.0036639225660482,10.753238546603471,1.0000000000000009,0.9999999999999996,32.0,0.0,-2.5203583386726645e-11,0.0,-0.6121945826079177,51.23111019961913
primary_guildford_a_baseline2025_td,SUB:SPN-S000000171616,0.475,0.475,106.0,0.1497323722550262,2021-12-14 18:00:00,0.3152260094338258,5.6384811048143984e-08,0.475,7.007440810297008e-08,1.4752506969046333e-07,0.1474863461782578,0.1481354808779888,0.0062323696905411,0.0062060369028398,18.21408450704226,0.0,6.999999999195066,99.0000000002618,0.0,-2.1971244479924288e-11,0.0,-0.5985486631027599,51.23945492453624
primary_guildford_a_baseline2025_td,SUB:SPN-S000000171617,0.475,0.475,139.0,0.1584083550446814,2021-02-12 18:00:00,0.3334912344167298,5.606364675052645e-08,0.475,7.062564236487307e-08,1.48685562873417e-07,0.1560322264192093,0.1608136656053149,0.0100818849009886,0.0100392872779481,29.464282880326987,0.0,2.0000000000000053,137.0,0.0,-2.5286201641021662e-11,0.0,-0.5953480975559606,51.23980893804026
primary_guildford_a_baseline2025_td,SUB:SPN-S000000171618,0.475,0.475,178.0,0.233606661394981,2021-12-14 19:00:00,0.4918034397777349,5.591778096925356e-08,0.475,6.72250681646375e-08,1.415264592939737e-07,0.2301025202995603,0.2463415256509371,0.0179573541594532,0.0178814813826062,52.48032167917934,1.9999999997931783,3.999999999576779,171.99999999998786,0.0,-1.9111635365413355e-11,0.0,-0.5935270961604932,51.236474621778605
primary_guildford_a_baseline2025_td,SUB:SPN-S000000171619,0.475,0.475,285.0,0.4166016088398112,2021-12-14 18:00:00,0.8770559145408727,5.636230928233316e-08,0.475,6.868545445710268e-08,1.446009567517951e-07,0.4103525411450153,0.4228469603273772,0.0207832894126235,0.0206954765942234,60.7391102409029,28.00000000035668,18.99999999994924,237.9999999995054,0.0,-1.828357615806393e-11,0.0,-0.5888811288711313,51.2373437763708
primary_guildford_a_baseline2025_td,SUB:SPN-S000000171621,0.475,0.475,177.0,0.2178217698470336,2021-12-14 18:00:00,0.4585720928594818,5.6128098760696854e-08,0.475,6.72484249778386e-08,1.4157563153229176e-07,0.2145544017522877,0.2234452427397512,0.0078761491948351,0.0078428711681856,23.018025911159366,1.0000000000710874,4.999999999385521,171.00000000003288,0.0,-2.347111455715267e-11,0.0,-0.586580087631267,51.236063867725655
primary_guildford_a_baseline2025_td,SUB:SPN-S000000171622,0.285,0.285,64.0,0.1103657219323744,2021-01-20 19:00:00,0.3872480713808839,5.574933513132684e-08,0.285,6.997553372609155e-08,2.455281885126019e-07,0.1087101829569199,0.1156562881564389,0.006352286616072,0.0063254471596237,18.564541415713705,0.9999999999999996,0.0,63.0,0.0,-2.5266205747109827e-11,0.0,-0.5898274303314767,51.23355816931475
primary_guildford_a_baseline2025_td,SUB:SPN-S000000171623,0.475,0.475,99.0,0.2200529410314471,2021-12-14 18:00:00,0.4632692948302124,5.609501126987652e-08,0.475,6.768287213122284e-08,1.424902571183639e-07,0.2167521055832385,0.2248204821906696,0.009606059448547,0.0095654722663571,28.073684210526302,1.9999999994087208,6.999999998595197,90.00000000000787,0.0,-1.8198897626245523e-11,0.0,-0.5858988895692661,51.23247778198309
primary_guildford_a_baseline2025_td,SUB:SPN-S000000171624,0.475,0.475,110.0,0.1691649282381986,2021-01-20 18:00:00,0.3561366486846344,5.6475505694240816e-08,0.475,7.061763664020679e-08,1.4866870871622482e-07,0.1666274000563938,0.1728941552912966,0.0111288763778041,0.0110818550434543,32.5241127979606,0.0,1.999999998142581,108.00000000019286,0.0,-2.3915057913211302e-11,0.0,-0.5943213626746973,51.23438858833637
primary_guildford_a_baseline2025_td,SUB:SPN-S000000171625,0.285,0.285,139.0,0.1972930476022284,2021-12-02 18:00:00,0.6922561725132973,5.552271003617663e-08,0.285,6.897777722625794e-08,2.420272885131857e-07,0.1943336414450875,0.1995564640691638,0.0148548334774949,0.0147920693611596,43.41321290804869,0.0,1.9999999999999971,137.0,0.0,-2.529314435364321e-11,0.0,-0.5983367223144612,51.23352757682884
primary_guildford_a_baseline2025_td,SUB:SPN-S000000171626,0.475,0.475,110.0,0.1226372642699608,2021-12-02 18:00:00,0.2581836838272933,5.5975638306065715e-08,0.475,7.013014418313428e-08,1.476424088065985e-07,0.120797695032756,0.12492507288979,0.011657045508999,0.0116077925731407,34.06768573526466,0.9999999995046476,0.9999999987042786,108.00000000017488,0.0,-1.988566889860956e-11,0.0,-0.6006197406071385,51.23419602844342
primary_guildford_a_baseline2025_td,SUB:SPN-S000000171674,0.76,0.76,153.0,0.1951646352731902,2021-12-02 18:00:00,0.2567955542125901,5.4796983323796e-08,0.76,7.122413102545714e-08,9.371596187560148e-08,0.1922371555680414,0.1987398876502781,0.0145657138596059,0.0145041713212412,42.5682615629984,0.9999999982502552,0.9999999992043168,151.00000000001404,0.0,-1.8703512274265854e-11,0.0,-0.5801716346606851,51.23391775346145
primary_guildford_a_baseline2025_td,SUB:SPN-S000000171675,0.475,0.475,144.0,0.3838943578975087,2021-12-14 07:00:00,0.8081985533042573,5.577588127949749e-08,0.475,6.711683647246532e-08,1.4129860309992698e-07,0.3781359011261357,0.3781386676261758,0.0084921686882768,0.0084562878778795,24.818341307815,0.999999999639324,22.99999999991498,119.99999999998352,0.0,-1.8495363010296983e-11,0.0,-0.5788744634419781,51.23164454141872
primary_guildford_a_baseline2025_td,SUB:SPN-S000000171685,0.475,0.475,66.0,0.0678104066710475,2021-12-14 19:00:00,0.1427587339701163,5.628546919409275e-08,0.475,7.243664314813602e-08,1.5249819610133899e-07,0.0667932111334803,0.0705210543215598,0.0021189651995092,0.0021100122227899,6.192670385057258,0.0,1.9999999959738624,64.00000000063777,0.0,-2.5657049137761255e-11,0.0,-0.5785929118846621,51.2402967851385
primary_guildford_a_baseline2025_td,SUB:SPN-S000000171686,0.475,0.475,144.0,0.1848395687202282,2021-12-14 19:00:00,0.3891358883182032,5.5942107435961396e-08,0.475,6.826738929235164e-08,1.4372081956284558e-07,0.1820669351995784,0.1849376495432699,0.0041443719734586,0.0041268613197665,12.111916510305512,0.0,8.000000000000002,136.0,0.0,-2.5287477195980637e-11,0.0,-0.576473484907825,51.24003981529365
primary_guildford_a_baseline2025_td,SUB:SPN-S000000171689,0.95,0.95,11.0,0.0110156436024712,2021-12-16 19:00:00,0.0115954135985044,5.8979531163910916e-08,0.95,6.839857140229824e-08,7.19984962129455e-08,0.0108504057176755,0.0113653982135198,0.0004450296128831,0.0004431492895231,1.3005979073243648,0.0,0.0,11.0,0.0,-2.4705548255237897e-11,0.0,-0.5796310178605456,51.23614587637396
primary_guildford_a_baseline2025_td,SUB:SPN-S000000171695,0.475,0.475,156.0,0.3517057736635394,2021-12-14 18:00:00,0.7404331202677011,5.609741152036197e-08,0.475,6.7734663629078e-08,1.425992918506905e-07,0.3464301462817717,0.3587211008703618,0.0161312757994749,0.0160631185042451,47.14361233480175,0.0,42.99999999968573,113.00000000010438,0.0,-2.7745570683873552e-11,0.0,-0.5714306519291863,51.25257859271811
primary_guildford_a_baseline2025_td,SUB:SPN-S000000171696,0.29925,0.29925,126.0,0.1415590110217676,2021-02-12 18:00:00,0.4730458965638558,5.596715666454796e-08,0.29925,7.09187904196447e-08,2.369884391633908e-07,0.1394356224419605,0.1436680722038789,0.0119185579727517,0.0118682001036929,34.83195524284313,0.0,2.0,124.0,0.0,-2.5286567522023503e-11,0.0,-0.5726568808159724,51.2570157014139
primary_guildford_a_baseline2025_td,SUB:SPN-S000000171697,0.285,0.285,101.0,0.1169834796850912,2021-12-02 18:00:00,0.4104682694362973,5.577957724825273e-08,0.285,7.064862795641973e-08,2.478899226541043e-07,0.1152287175743719,0.1152703073953472,0.0103353335750697,0.0102916650896671,30.20498598317982,0.0,3.0000000000000004,98.0,0.0,-2.5274588990100147e-11,0.0,-0.5699370065833581,51.25660827884681
primary_guildford_a_baseline2025_td,SUB:SPN-S000000171698,0.475,0.475,141.0,0.163188465188496,2021-12-02 18:00:00,0.3435546227933529,5.6356841410842166e-08,0.475,7.071150678782292e-08,1.4886633007962722e-07,0.1607406279088858,0.1607952774790661,0.0135807638576533,0.0135233828951555,39.68974769723668,0.0,2.999999998985521,138.00000000033776,0.0,-2.1021979247537463e-11,0.0,-0.5680138988241997,51.25841881614962
primary_guildford_a_baseline2025_td,SUB:SPN-S000000171699,0.95,0.95,8.0,0.009913288753594,2021-02-12 18:00:00,0.0104350401299734,6.038494695590062e-08,0.95,6.780590595155352e-08,7.137463784374055e-08,0.0097645854161445,0.0103217605852226,0.0008163815678986,0.0008129322214095,2.385873047657189,0.0,0.0,8.0,0.0,-2.4451794086504847e-11,0.0,-0.565490479409883,51.26048273959804
primary_guildford_a_baseline2025_td,SUB:SPN-S000000171717,0.475,0.475,127.0,0.2429419925492487,2021-12-14 07:00:00,0.5114567662034624,5.5923796462049167e-08,0.475,7.010354026675503e-08,1.4758640056158954e-07,0.239297822745256,0.2392992997514858,0.0045338824780259,0.0045147260783442,13.250259965337952,0.0,28.0,99.0,0.0,-2.5286189512684383e-11,0.0,-0.5777039452961167,51.24730578564284
primary_guildford_a_baseline2025_td,SUB:SPN-S000000171834,0.475,0.7539887984567714,229.0,0.7539888132965823,2021-12-14 07:00:00,0.9999999446821608,5.6548845065391426e-08,0.7539887984567714,6.968487377385841e-08,9.24216300248573e-08,0.7426789664799198,0.7748962972196264,0.0084216414370189,0.008386058615866,24.612225596096387,0.999999988440192,106.99999998836776,121.0000000006767,0.0,-2.1542434509798304e-11,0.0,-0.5723111528807298,51.246495904994326
primary_guildford_a_baseline2025_td,SUB:SPN-S000000172024,0.475,0.475,32.0,0.046567938462659,2021-12-16 18:00:00,0.0980377531359562,5.837628552461845e-08,0.475,8.124551405074656e-08,1.710431874752559e-07,0.0458694167500639,0.045883352128074,0.0034630295791588,0.0034483977092218,10.120695102685623,0.0,0.0,32.0,0.0,-2.5181221978830075e-11,0.0,-0.615351789033225,51.22850859637997
primary_guildford_a_baseline2025_td,SUB:SPN-S000000172025,0.475,0.475,92.0,0.170246672070354,2021-01-20 19:00:00,0.3584140041310747,5.610297965937028e-08,0.475,6.972694191337697e-08,1.467935619228989e-07,0.1676929170458651,0.1680103984404993,0.0099450212692536,0.009903001917583,29.064299266045328,4.999999998447379,1.9999999993984,85.000000000007,0.0,-2.0680953648849275e-11,0.0,-0.6112038719881935,51.23048758290832
primary_guildford_a_baseline2025_td,SUB:SPN-S000000173973,0.19,0.19,33.0,0.0453892640992281,2021-10-13 18:00:00,0.2388907886198573,5.969864037731947e-08,0.19,7.525034440508646e-08,3.9605444423729705e-07,0.0447084234005005,0.0464830921104593,0.003514122783993,0.0034992750368563,10.27001486335351,0.0,0.0,33.0,0.0,-2.5194611845415365e-11,0.0,-0.5934278650531593,51.23291426032811
primary_guildford_a_baseline2025_td,SUB:SPN-S000000173976,0.76,0.76,7.0,0.0137079349262414,2021-12-16 18:00:00,0.0180367550935005,5.8501714339518894e-08,0.76,7.496850629103657e-08,9.864277143557443e-08,0.0135023129893275,0.0143678765554721,0.0007238392986943,0.0007207809585238,2.115418502202643,0.0,0.0,7.0,0.0,-2.4681011908065804e-11,0.0,-0.5672393942171583,51.26290282634043
primary_guildford_a_baseline2025_td,SUB:SPN-S000000174043,0.76,0.76,229.0,0.3659847035845508,2021-12-14 18:00:00,0.4815587858839333,5.4640808650230795e-08,0.76,6.771027765968437e-08,8.909247060484787e-08,0.36049489355282,0.3605503875152569,0.0137906006743438,0.0137323331167594,40.30299525822302,1.99999999993178,24.000000000025537,202.99999999999048,0.0,-1.9232292421009948e-11,0.0,-0.5835780676507151,51.23521632404756
primary_guildford_a_baseline2025_td,SUB:SPN-S000000174077,0.29925,0.29925,139.0,0.2112498809047517,2021-12-14 19:00:00,0.705930966308368,5.5581883363217674e-08,0.29925,6.720065732101117e-08,2.2456360007021281e-07,0.2080810912219261,0.2183558709516058,0.012993533030791,0.0129386332151865,37.97356710515084,0.0,10.0,129.0,0.0,-2.5291989588945583e-11,0.0,-0.5907714226657593,51.24003906128964
primary_guildford_a_baseline2025_td,SUB:SPN-S000000174088,0.95,0.95,178.0,0.5009304644920288,2021-12-14 07:00:00,0.5272951950460293,5.537372859099047e-08,0.95,6.79375062613747e-08,7.15131644856576e-08,0.4934164689853029,0.4934185391200187,0.0063545754416427,0.0063277263145296,18.571230502599654,0.9999999997679474,76.99999999903264,99.9999999999871,0.0,-1.8078818034064102e-11,0.0,-0.5770735125272197,51.24452178515854
primary_guildford_a_baseline2025_td,SUB:SPN-S000000174089,0.29925,0.29925,84.0,0.1365172642996724,2021-01-20 19:00:00,0.4561979575839218,5.5880749626700075e-08,0.29925,7.082553576867187e-08,2.3667681125704885e-07,0.1344694514232353,0.1374962148581639,0.0078548592984942,0.0078216712251607,22.95580624346394,1.999999999999996,1.0000000000000009,81.0,0.0,-2.5280407980815328e-11,0.0,-0.5969754136583084,51.23807421690532
primary_guildford_a_baseline2025_td,SUB:SPN-S000000174167,0.76,0.76,21.0,0.0276966834136604,2021-12-14 07:00:00,0.0364430017026778,5.81627520548145e-08,0.76,8.07755835906827e-08,1.0628366261931935e-07,0.0272811941659793,0.028391580186173,0.0008496019882314,0.0008460122799988,2.482959641255605,0.0,4.0,17.0,0.0,-2.505137446508751e-11,0.0,-0.5775652907548897,51.23745487756454
primary_guildford_a_baseline2025_td,SUB:SPN-S000000174198,0.285,0.285,76.0,0.1336417307056019,2021-12-14 18:00:00,0.46891826250747,5.5214255986494393e-08,0.285,6.963017906486702e-08,2.4431641777146324e-07,0.1316370627392436,0.1369938855583834,0.007858826671539,0.0078256218354014,22.96740088105728,18.999999998677943,5.999999995971566,51.00000000007866,0.0,-2.1516493943561834e-11,0.0,-0.5701724693398754,51.25395802382246
primary_guildford_a_baseline2025_td,SUB:SPN-S000000174301,0.76,0.76,245.0,0.6263593316315198,2021-12-14 07:00:00,0.8241569557746901,5.4895799851764886e-08,0.76,6.706443040153461e-08,8.82426715809666e-08,0.6169639027806816,0.6286098599206635,0.0084017754526908,0.0083662765685913,24.554167307622684,12.000000000120975,83.99999999941042,148.99999999989356,0.0,-1.4887643871310888e-11,0.0,-0.5769345443182277,51.24166256262752
primary_guildford_a_baseline2025_td,SUB:SPN-S000000174543,0.95,0.95,51.0,0.0297701650439905,2021-01-20 18:00:00,0.0313370138772951,5.937260560011797e-08,0.95,8.35700412260035e-08,8.796846444842473e-08,0.0293235581228239,0.030076989328969,0.0020322017545871,0.0020236153677027,5.9391044388119845,0.0,0.0,51.0,0.0,-2.5141763026669324e-11,0.0,-0.5769735731557942,51.23595820920465
primary_guildford_a_baseline2025_td,SUB:SPN-S000000174710,0.76,0.76,12.0,0.0335337266432709,2021-12-14 18:00:00,0.0441233211454062,5.8308443364505615e-08,0.76,8.22812070172487e-08,1.0826474607532725e-07,0.0330306803230167,0.0363444857990068,0.0006843461924349,0.0006814547171383,2.0,0.0,0.999999992465702,11.000000000213966,0.0,-2.3627491022812232e-11,0.0,-0.576787602636824,51.23212252983305
primary_guildford_a_baseline2025_td,SUB:SPN-S000000174720,0.29925,0.29925,114.0,0.1380045747457837,2021-12-14 18:00:00,0.461168084181778,5.5412305313011326e-08,0.29925,6.988871985664612e-08,2.335462651851165e-07,0.1359344654184995,0.1385881520251081,0.0065012888281317,0.0064738198128139,19.0,0.9999999995098358,4.999999998505561,108.00000000029712,0.0,-2.3477883648469875e-11,0.0,-0.5769719844042377,51.23221036200712
primary_guildford_a_baseline2025_td,SUB:SPN-S000000174793,0.475,0.475,126.0,0.2482310307972814,2021-12-14 07:00:00,0.5225915821027801,5.606378262829081e-08,0.475,6.75069815153549e-08,1.421199610849577e-07,0.2445075239692248,0.2445086818291085,0.0035542169915778,0.0035391998398152,10.387190082644626,0.9999999997789402,24.99999999948323,99.99999999993602,0.0,-1.7212224020216458e-11,0.0,-0.5748461258649692,51.23864415715205
primary_guildford_a_baseline2025_td,SUB:SPN-S000000174828,0.95,0.95,13.0,0.0156902998182414,2021-12-14 19:00:00,0.0165161040453585,5.9042421837310106e-08,0.95,7.888097756048114e-08,8.303260795840121e-08,0.0154549057533074,0.0165725774921734,0.0007643472261984,0.0007611177333671,2.2338028169014086,0.0,0.0,13.0,0.0,-2.4925175175428408e-11,0.0,-0.6139786680125286,51.23990363334117
primary_guildford_a_baseline2025_td,SUB:SPN-S000000174977,0.76,0.76,1.0,0.0016292322946437,2021-02-12 19:00:00,0.0021437265032628,7.098107055242363e-08,0.76,5.165590107272802e-07,6.796829088516845e-07,0.0016047896758799,0.0017648035919969,5.879594047680351e-05,5.85475179513193e-05,0.1718309859154929,0.0,0.0,1.0,0.0,-2.619447153674833e-12,0.0,-0.6153722633330494,51.240517969863525
primary_guildford_a_baseline2025_td,SUB:SPN-S000000174989,0.76,0.76,49.0,0.2408443752228437,2021-12-14 07:00:00,0.3169004701333388,5.6552475862372256e-08,0.76,7.129675582357137e-08,9.381152082048865e-08,0.23723167224838,0.2372325663909217,0.002744698783605,0.0027331019795061,8.021375186846038,0.0,33.0,16.0,0.0,-2.5247821560466398e-11,0.0,-0.5783408978108254,51.23551171224829
primary_guildford_a_baseline2025_td,SUB:SPN-S000000175025,0.475,0.475,7.0,0.0329145954675499,2021-01-20 07:00:00,0.069293876419529,6.015356405439699e-08,0.475,7.640765776121963e-08,1.6085822686572558e-07,0.0324208113800739,0.0341528482943766,0.0002498990342219,0.0002488431696725,0.7303292894280765,0.0,6.0,0.9999999999999998,0.0,-2.468475983912682e-11,0.0,-0.577877021945701,51.24815054390668
primary_guildford_a_baseline2025_td,SUB:SPN-S000000175216,0.76,0.76,13.0,0.0419234075535031,2021-12-14 07:00:00,0.0551623741505896,5.7993424880255834e-08,0.76,8.368938235799278e-08,1.1011760836577997e-07,0.0412945171183442,0.0412946445279942,0.0003911021959664,0.0003894497248186,1.1429951690821256,0.0,4.0,9.0,0.0,-2.5110787779774258e-11,0.0,-0.573935972912838,51.23482502230885
primary_guildford_a_baseline2025_td,SUB:SPN-S000000175297,0.95,0.95,98.0,0.309848396528261,2021-12-14 07:00:00,0.3261561878542316,5.5392912133753395e-08,0.95,6.907285279923434e-08,7.27082661044572e-08,0.3052006343747628,0.305201666616306,0.0031686134771617,0.0031552255637123,9.260264796353258,40.9999999994496,37.99999999840651,19.00000000005908,0.0,-1.8206352252314578e-11,0.0,-0.5792255951672134,51.23841572565794
primary_guildford_a_baseline2025_td,SUB:SPN-S000000181145,0.475,0.5157095072865933,224.0,0.5157095214745581,2021-12-14 07:00:00,0.9999999184356614,5.6251474211145214e-08,0.5157095072865933,7.199999417870676e-08,1.3961347068727682e-07,0.5079738646772943,0.5079780262232607,0.0127744622587852,0.0127204880532483,37.33333333333334,1.0000000430977802,60.9999998526382,162.00000001289573,0.0,-1.8761715880627004e-11,0.0,-0.5785612655278036,51.23380697062873
primary_guildford_a_baseline2025_td,SUB:SPN-S000000181236,0.76,0.76,59.0,0.5212455721775645,2021-12-14 07:00:00,0.6858493866521028,5.5875192265174064e-08,0.76,7.121177308371433e-08,9.369970142593993e-08,0.5134268502387129,0.5134275364069614,0.0021062918598703,0.0020973924300969,6.155632582322356,0.0,58.0,1.0,0.0,-2.5267559893127568e-11,0.0,-0.5789594419837589,51.245186054503016
primary_guildford_a_baseline2025_td,SUB:SPN-S000000181316,0.29925,0.29925,119.0,0.2591900930134325,2021-12-14 07:00:00,0.8661321464224042,5.5645698270563966e-08,0.29925,6.975127107903367e-08,2.33086954315902e-07,0.255302197273661,0.2553059582427039,0.0115448339351594,0.0114960551116691,33.73974769723668,0.0,28.0,91.0,0.0,-2.5289137482732308e-11,0.0,-0.567642929543498,51.25898831950035
primary_shalford_baseline2025_td,SUB:SPN-R000000848207-000-055Z,0.0475,0.0475,5.0,0.0121636779881903,2021-12-13 19:00:00,0.2560774289456272,4.4233912208787744e-10,0.0475,3.638839511654107e-10,7.660714761377068e-09,0.0119812226338632,0.011970909385146,0.0004354930315494,0.0004458062802667,1.272727272727273,1.0,0.0,4.0,0.0,-2.235752145559783e-13,0.0,-0.5547817575008412,51.21786658324174
primary_shalford_baseline2025_td,SUB:SPN-S000000171669,0.95,0.95,12.0,0.0414881724865215,2021-01-10 09:00:00,0.0436717605022092,2.1576459105044494e-10,0.95,4.4879625490586065e-10,4.724171104272218e-10,0.0408658498720782,0.0415330306089393,0.0003610174116613,0.0003695669453805,1.0550724637681157,0.0,4.0,8.0,0.0,-2.318470071149334e-13,0.0,-0.5755525411869266,51.23538761791187
primary_shalford_baseline2025_td,SUB:SPN-S000000171677,0.76,0.76,139.0,0.2772703785748567,2021-11-22 07:00:00,0.364829445389276,2.1655859183836616e-10,0.76,4.0592548589302084e-10,5.341124814381852e-10,0.2731113225135606,0.2846729752954262,0.0088870593619976,0.0090975207171167,25.972408293460923,0.0,16.999999999982226,122.0000000000019,0.0,-2.5217966265551783e-13,0.0,-0.5782094472421958,51.228242525128856
primary_shalford_baseline2025_td,SUB:SPN-S000000171678,0.475,0.475,77.0,0.1350976971418699,2021-12-13 18:00:00,0.2844162043667133,2.3796504261247216e-10,0.475,3.911255521147728e-10,8.23422214978469e-10,0.1330712313671501,0.1363081357545663,0.0066713384880701,0.006829327636276,19.496969696969693,0.0,4.999999999972001,72.00000000000426,0.0,-2.1885689481634626e-13,0.0,-0.5807648068086371,51.22621612272075
primary_shalford_baseline2025_td,SUB:SPN-S000000171679,0.29925,0.29925,44.0,0.1255344499881942,2021-12-13 19:00:00,0.4194969085245088,2.6754660393114306e-10,0.29925,3.679216681638659e-10,1.2294792586929516e-09,0.1236514329565457,0.1235503269322795,0.0042693597549098,0.004370465779176,12.477192982456138,5.999999999986781,0.9999999999812108,37.0000000000004,0.0,-1.543710784695096e-13,0.0,-0.5895823213493921,51.22817527626467
primary_shalford_baseline2025_td,SUB:SPN-S000000171680,0.29925,0.29925,52.0,0.1149630928101015,2021-12-13 19:00:00,0.384170735873937,2.5984769498678823e-10,0.29925,3.4917856020556594e-10,1.1668456481389003e-09,0.1132386461712512,0.1139294117138977,0.0050456069830752,0.0051650959208443,14.745773524720889,3.0,0.0,49.0,0.0,-2.359010208669797e-13,0.0,-0.5826461353207177,51.22997538341138
primary_shalford_baseline2025_td,SUB:SPN-S000000171681,0.29925,0.29925,88.0,0.1901269516597355,2021-12-13 19:00:00,0.6353448671600764,2.5510966868620076e-10,0.29925,3.5279727108404764e-10,1.1789382492365836e-09,0.1872750470909384,0.187072835042406,0.0085387195098196,0.008740931558352,24.95438596491228,5.999999999990355,1.0,81.00000000000037,0.0,-1.0454468735695875e-13,0.0,-0.5828614103483678,51.22766270699951
primary_shalford_baseline2025_td,SUB:SPN-S000000171683,0.19,0.19,37.0,0.1478121573909513,2021-12-13 07:00:00,0.7779587219945582,2.7248905317158124e-10,0.19,3.9354785169760327e-10,2.071304482618965e-09,0.1455949746368173,0.1455911218138685,0.0021100674266743,0.0021600375722446,6.166666666666667,0.9999999999909336,11.99999999998547,24.00000000000131,0.0,-1.6244439688055235e-13,0.0,-0.5785053745799854,51.22541577252783
primary_shalford_baseline2025_td,SUB:SPN-S000000171923,0.19,0.19,24.0,0.079547352263209,2021-12-13 19:00:00,0.4186702744433104,2.8418563310179976e-10,0.19,3.5336784324910846e-10,1.8598307539426757e-09,0.0783541417121099,0.0782778274015298,0.0032224909314657,0.0032988052420458,9.417721518987342,1.9999999999828768,0.9999999999701796,21.00000000000133,0.0,-1.4103743560446676e-13,0.0,-0.5645505305848437,51.22120492785615
primary_shalford_baseline2025_td,SUB:SPN-S000000171924,0.475,0.475,58.0,0.1315990055226762,2021-12-13 19:00:00,0.2770505378019095,2.410000945750188e-10,0.475,4.003947055740381e-10,8.429362222611327e-10,0.1296250201470953,0.1294405938965268,0.0077876864177088,0.0079721126682774,22.75949367088608,1.9999999999851632,1.999999999972872,54.00000000000051,0.0,-1.5454724407023477e-13,0.0,-0.5711360247897219,51.22527868306462
primary_shalford_baseline2025_td,SUB:SPN-S000000171925,0.475,0.475,68.0,0.1851627958583644,2021-12-13 19:00:00,0.389816412133517,2.4356057199942964e-10,0.475,3.85350387748279e-10,8.112639742069031e-10,0.1823853536196942,0.1821691297397173,0.0091303909724862,0.0093466148524631,26.68354430379747,2.999999999992693,1.9999999999854536,63.000000000001165,0.0,-1.6903571279646814e-13,0.0,-0.5662646724934896,51.22754468566985
primary_shalford_baseline2025_td,SUB:SPN-S000000171926,0.29925,0.29925,48.0,0.1494332734745421,2021-12-13 19:00:00,0.4993593094184068,2.6250414316497656e-10,0.29925,3.706347463754685e-10,1.238545518380847e-09,0.1471917740798156,0.1470413796850501,0.0063506381645957,0.0065010325593611,18.559723820483317,7.999999999993424,0.9999999999908904,39.00000000000018,0.0,-1.3273273726289312e-13,0.0,-0.5624046160713664,51.22930774157992
primary_shalford_baseline2025_td,SUB:SPN-S000000171927,0.475,0.475,67.0,0.2042240266908565,2021-12-13 19:00:00,0.4299453191253821,2.472409355915517e-10,0.475,3.869735828644704e-10,8.146812270830956e-10,0.2011606659909489,0.2010438466440181,0.0049328793412759,0.0050496986882067,14.416327279398272,3.9999999999841367,4.999999999994813,58.00000000000223,0.0,-1.6737826779806728e-13,0.0,-0.5697591736279171,51.23162579341958
primary_shalford_baseline2025_td,SUB:SPN-S000000171928,0.475,0.475,40.0,0.0851686255825478,2021-12-13 19:00:00,0.1793023695549467,2.4510626550135216e-10,0.475,3.803720795406319e-10,8.007833253486987e-10,0.0838910959502366,0.0859142188075006,0.0047457041920737,0.0048580908989218,13.86930838378279,0.0,0.0,40.0,0.0,-2.3550770743304186e-13,0.0,-0.5720172362521695,51.22882177580002
primary_shalford_baseline2025_td,SUB:SPN-S000000171929,0.475,0.475,85.0,0.1318253230833841,2021-12-13 07:00:00,0.2775269958228491,2.4333045284393444e-10,0.475,4.02898501556592e-10,8.482073716980882e-10,0.1298479429016741,0.1336069397240635,0.0030781350217975,0.0031510307279629,8.99584174157647,2.9999999999653792,6.999999999782339,75.00000000002512,0.0,-1.796883752320895e-13,0.0,-0.5729923349652412,51.23231728273908
primary_shalford_baseline2025_td,SUB:SPN-S000000171935,0.285,0.285,2.0,0.0040416592557943,2021-02-05 19:00:00,0.0141812605292807,3.490056327433549e-10,0.285,6.485099939543106e-10,2.275473662997581e-09,0.0039810343546883,0.0039769090552014,0.0001741972126197,0.0001783225121066,0.509090909090909,0.0,0.0,2.0,0.0,-1.4411917561964178e-13,0.0,-0.5334082526594622,51.2174844637847
primary_shalford_baseline2025_td,SUB:SPN-S000000171968,0.285,0.285,51.0,0.1217531611114332,2021-12-13 19:00:00,0.4272040736817462,2.6248714204238955e-10,0.285,3.4500981771935987e-10,1.2105607639275783e-09,0.1199268634460127,0.11976469553603,0.0068477932293646,0.0070099611393473,20.0126582278481,1.0000000000000004,1.0000000000000009,49.0,0.0,-2.358791965275708e-13,0.0,-0.5678682880671916,51.22161462511488
primary_shalford_baseline2025_td,SUB:SPN-S000000171969,0.475,0.475,50.0,0.1489529299357286,2021-12-03 07:00:00,0.31358511548687,2.5340933234490243e-10,0.475,3.8033833519158917e-10,8.007122846138721e-10,0.1467186359572583,0.1634098760135876,0.0015042392152555,0.0015398622724188,4.396135265700483,0.0,8.999999999999996,41.0,0.0,-2.3554901420651493e-13,0.0,-0.5733328289637385,51.234246902141
primary_shalford_baseline2025_td,SUB:SPN-S000000171971,0.475,0.475,97.0,0.2419223001612446,2021-12-13 19:00:00,0.5093101053501511,2.3546136385889603e-10,0.475,3.826718469697731e-10,8.05624940988996e-10,0.2382934653657326,0.2416425379961225,0.0050019375010482,0.0051203922678964,14.618149575001528,0.999999999994402,11.99999999998849,84.0000000000001,0.0,-1.4691214032269626e-13,0.0,-0.5702848239398803,51.23460074012952
primary_shalford_baseline2025_td,SUB:SPN-S000000171972,0.475,0.475,87.0,0.1552909007522145,2021-12-13 19:00:00,0.3269282119425177,2.4322950162753585e-10,0.475,3.495087707063598e-10,7.358079383291784e-10,0.1529615369778653,0.1528576087278425,0.0043885326444792,0.0044924608945021,12.82547544793004,0.999999999999996,5.0,81.0,0.0,-2.361492631472728e-13,0.0,-0.5677057226822504,51.23578156549588
primary_shalford_baseline2025_td,SUB:SPN-S000000171973,0.475,0.475,65.0,0.1199916751878951,2021-12-13 19:00:00,0.2526140529011061,2.370009804065676e-10,0.475,4.0273240934679646e-10,8.478577038879925e-10,0.1181917997774005,0.1217924613181177,0.0082066512501898,0.0084009993323564,23.983917324038394,2.999999999912939,0.9999999999872734,61.000000000001975,0.0,-1.5569271510948898e-13,0.0,-0.5656482570499244,51.2338785525333
primary_shalford_baseline2025_td,SUB:SPN-S000000171974,0.475,0.475,65.0,0.1717579504236183,2021-12-13 19:00:00,0.3615956849174958,2.428343540101538e-10,0.475,3.666482677851367e-10,7.71891090073972e-10,0.1691815809024488,0.1689748963112944,0.008727579606053,0.0089342641972074,25.506329113924053,4.000000000000002,0.9999999999999998,60.0,0.0,-2.361661208419323e-13,0.0,-0.5650647706988926,51.23095443718792
primary_shalford_baseline2025_td,SUB:SPN-S000000171975,0.475,0.475,182.0,0.2400874026216029,2021-12-13 19:00:00,0.5054471631628012,2.3597398309901356e-10,0.475,3.7872487711102206e-10,7.973155307600465e-10,0.2364860912942397,0.2360748462106444,0.017365465827075,0.0177767109106702,50.75052953911569,0.0,3.999999999990656,178.00000000000298,0.0,-2.483003786168877e-13,0.0,-0.5610138910037717,51.23429075331972
primary_shalford_baseline2025_td,SUB:SPN-S000000171976,0.285,0.285,109.0,0.1198135903504681,2021-12-13 19:00:00,0.4203985622498168,2.599208942478617e-10,0.285,3.39192473585965e-10,1.1901490301261931e-09,0.1180163862473738,0.1240432090814384,0.010956075411982,0.0112155347431364,32.01910241657076,0.0,1.999999999999997,107.0,0.0,-2.360945025900235e-13,0.0,-0.5580418402045144,51.233182938257
primary_shalford_baseline2025_td,SUB:SPN-S000000171979,0.29925,0.29925,1.0,0.0016411055549965,2021-11-22 18:00:00,0.0054840619972123,4.2501162673356456e-10,0.29925,2.242515813272056e-09,7.493787178853987e-09,0.0016164885703358,0.0017778414338121,0.0001342704554777,0.0001374502184185,0.3924050632911392,0.0,0.0,1.0,0.0,4.392054160265596e-12,0.0,-0.5714593483444055,51.22061967243043
primary_shalford_baseline2025_td,SUB:SPN-S000000173991,0.95,0.95,13.0,0.0690115138064091,2021-12-13 07:00:00,0.0726436987271019,2.1560387841164567e-10,0.95,4.27011562738193e-10,4.4948585551388736e-10,0.0679763408103667,0.0773999380291627,0.0003911021959664,0.0004003641908288,1.1429951690821258,0.0,12.0,1.0,0.0,-2.3039250040210613e-13,0.0,-0.5727780823073412,51.23518054506168
primary_shalford_baseline2025_td,SUB:SPN-S000000174958,0.95,0.95,7.0,0.018819042020464,2021-12-03 07:00:00,0.0198095179114579,2.3114984945587832e-10,0.95,4.2348236468051287e-10,4.4577091019001365e-10,0.0185367563561844,0.0194548963254903,0.0003163438864133,0.0003238354716842,0.9245142002989536,0.0,1.0000000000000004,6.0,0.0,-2.278654534054661e-13,0.0,-0.5788337359976681,51.236609634254215
primary_shalford_baseline2025_td,SUB:SPN-S000000175044,0.095,0.095,3.0,0.0081827073901367,2021-02-05 18:00:00,0.0861337616313544,4.08179391900672e-10,0.095,5.490784491428288e-10,5.779773148871882e-09,0.0080599667666981,0.0086997247956289,0.000291092710562,0.0002979863031256,0.8507177033492823,0.0,0.0,3.0,0.0,-2.0940595932575761e-13,0.0,-0.5918083599984634,51.222500727203375
primary_shalford_baseline2025_td,SUB:SPN-S000000175337,0.475,0.475,19.0,0.0662634105453161,2021-11-22 07:00:00,0.1395019168644367,2.488047561410287e-10,0.475,4.0281462712999825e-10,8.480307939578911e-10,0.0652694590636196,0.0673755985199199,0.000571610901797,0.0005851476635191,1.6705314009661836,0.0,13.0,6.0,0.0,-2.328027682136517e-13,0.0,-0.573326067454393,51.23503152088092
primary_shalford_baseline2025_td,SUB:SPN-S000000181539,1.9,1.9,272.0,0.42650566014956,2021-11-19 07:00:00,0.2244766632130558,1.9937074684505008e-10,1.9,3.595415745065942e-10,1.892324076350496e-10,0.4201080752397449,0.5156003020755163,0.0131044332465385,0.0134147695081514,38.29767270250326,0.9999999999971264,40.9999999999949,230.0000000000004,0.0,-1.5021404894262378e-13,0.0,-0.5821622397328987,51.24047003244749
primary_guildford_33_6_6kv_baseline2025_td,SUB:SPN-S000000171105,0.29925,0.29925,23.0,0.0320660468753459,2021-12-14 07:00:00,0.1071547095359955,4.3581189663060396e-10,0.29925,1.2189082895343486e-10,4.07321065842723e-10,0.0315850561093639,0.0315844042821976,0.0006731829095837,0.0006816369441494,1.967375334371382,0.0,3.999999999999997,19.0,0.0,-6.573037666133414e-14,0.0,-0.5720739197079413,51.23639376404991
primary_guildford_33_6_6kv_baseline2025_td,SUB:SPN-S000000171629,1.9,1.9,10.0,0.0373790602086325,2021-12-14 07:00:00,0.0196731895802199,3.1589692386626544e-10,1.9,1.2623203711717734e-10,6.643791427219861e-11,0.0368183742314109,0.0386546850379414,0.0003008478430511,0.0003046259812479,0.8792270531400966,0.0,4.0,6.0,0.0,-5.4536663965772135e-14,0.0,-0.5722485361451093,51.23545892350992
primary_guildford_33_6_6kv_baseline2025_td,SUB:SPN-S000000171700,0.475,0.475,132.0,0.1704538021372159,2021-01-20 19:00:00,0.3588501095682422,2.5721286210373237e-10,0.475,1.1816021494306426e-10,2.4875834724855633e-10,0.1678969950345772,0.1725294633031452,0.0120415022268126,0.0121927230534254,35.19125951141369,0.0,2.999999999962002,129.00000000001268,0.0,-8.671379684993405e-14,0.0,-0.5733127812992017,51.26035495406931
primary_guildford_33_6_6kv_baseline2025_td,SUB:SPN-S000000171702,0.76,0.76,4.0,0.0066996480696663,2021-10-13 19:00:00,0.0088153264011586,5.428922129669761e-10,0.76,1.2020553518757567e-10,1.5816517787838902e-10,0.0065991533303282,0.0068408856454632,0.0003918957666069,0.0003968173121629,1.1453143772527037,0.0,0.0,4.0,0.0,3.573116218162815e-14,0.0,-0.5722950715368904,51.26217189651528
primary_guildford_33_6_6kv_baseline2025_td,SUB:SPN-S000000171719,0.95,0.95,263.0,0.2681354853498244,2021-02-12 18:00:00,0.2822478792559887,2.0065743449605438e-10,0.95,1.0435279667057112e-10,1.0984504912691699e-10,0.2641134530578293,0.2783800061880637,0.0200553083188303,0.0203071689459201,58.611587353099566,0.9999999999597754,4.9999999999999885,257.0000000000016,0.0,-6.879202695787346e-14,0.0,-0.575805026636144,51.254870380972925
primary_guildford_33_6_6kv_baseline2025_td,SUB:SPN-S000000171720,0.29925,0.29925,149.0,0.2191026240509271,2021-12-14 07:00:00,0.7321725106306178,3.3423100266949325e-10,0.29925,1.1281950724404068e-10,3.770075430043131e-10,0.2158160846279026,0.2312698269464159,0.0133728974701274,0.0135408383608527,39.08225871045255,0.0,10.99999999998776,138.00000000000213,0.0,-8.500415515295352e-14,0.0,-0.5756780834086388,51.25181034463932
primary_guildford_33_6_6kv_baseline2025_td,SUB:SPN-S000000171721,0.475,0.475,124.0,0.1384124359493518,2021-02-12 18:00:00,0.2913946018388128,2.6052546973500593e-10,0.475,1.374158300687538e-10,2.8929648435527116e-10,0.1363362494000707,0.1401055943153936,0.010337140411379,0.0104669573468723,30.210266457680248,0.0,0.9999999999999996,123.0,0.0,-7.693042767882093e-14,0.0,-0.5762032949562155,51.25835565880832
primary_guildford_33_6_6kv_baseline2025_td,SUB:SPN-S000000171722,0.76,0.76,181.0,0.2432256346132148,2021-01-20 18:00:00,0.3200337296617621,2.1958818350806677e-10,0.76,1.0347541297331705e-10,1.3615185917541718e-10,0.2395772500275684,0.2495345306545343,0.0145892877890864,0.0147725044773037,42.63715631171199,1.0000000000584663,6.9999999998141424,173.00000000000745,0.0,-7.586780869326992e-14,0.0,-0.5804074003489117,51.25893209568856
primary_guildford_33_6_6kv_baseline2025_td,SUB:SPN-S000000171723,0.29925,0.29925,145.0,0.1992870565362286,2021-01-20 18:00:00,0.6659550755326216,2.7493091724044763e-10,0.29925,1.1213200906700072e-10,3.7471013890392887e-10,0.1962977505991956,0.1961550155902629,0.0119338519945094,0.0120837209169489,34.87665198237885,2.000000000010329,10.99999999992934,132.00000000000085,0.0,-7.199558520850005e-14,0.0,-0.5780279355333604,51.26204205359576
primary_guildford_33_6_6kv_baseline2025_td,SUB:SPN-S000000171740,0.29925,0.29925,70.0,0.1002863187006775,2021-12-14 18:00:00,0.335125542501101,3.1994902269575235e-10,0.29925,1.315116670673938e-10,4.3947090081000427e-10,0.0987820238724742,0.1013396218991004,0.0029254137193524,0.0029621519495576,8.549514125135229,0.0,5.999999999773264,64.00000000007546,0.0,-9.031706395193445e-14,0.0,-0.5838287870355082,51.25345595605569
primary_guildford_33_6_6kv_baseline2025_td,SUB:SPN-S000000171741,0.29925,0.3196003595489302,268.0,0.3196003596112734,2021-12-14 18:00:00,0.9999999994418082,2.407415188761345e-10,0.3196003595489302,1.4464652934660408e-10,4.5258562772192056e-10,0.3148063541556962,0.3280330245681985,0.020521661453001,0.0207793786837864,59.97450319693976,1.0000000023713702,14.000000001050145,252.9999999999473,0.0,-8.430523058903521e-14,0.0,-0.5804298781343122,51.25283824839299
primary_guildford_33_6_6kv_baseline2025_td,SUB:SPN-S000000171743,0.76,0.76,145.0,0.1757669113667013,2021-12-02 18:00:00,0.2312722517283094,2.2997191818382643e-10,0.76,1.2024397016301532e-10,1.5821575021449384e-10,0.1731304076694195,0.1730060590568019,0.0103965940086927,0.0105271575804414,30.38401944402248,0.0,5.999999999999997,139.0,0.0,-7.710966311934182e-14,0.0,-0.5805904488552914,51.25680095038345
primary_guildford_33_6_6kv_baseline2025_td,SUB:SPN-S000000171802,0.95,0.95,69.0,0.284462622102567,2021-12-14 07:00:00,0.2994343389833199,2.284742991598093e-10,0.95,1.4469612126746046e-10,1.523117065973268e-10,0.2801956827222737,0.2801936745426428,0.0020739734041092,0.0021000189893389,6.061181977881583,0.0,29.0,40.0,0.0,-7.496560459149866e-14,0.0,-0.5697981826207031,51.23691619313329
primary_guildford_33_6_6kv_baseline2025_td,SUB:SPN-S000000171806,0.475,0.475,171.0,0.333373839309672,2021-12-14 19:00:00,0.7018396613323107,2.5194422105338297e-10,0.475,1.0006336022004128e-10,2.1065970572640272e-10,0.3283732316639685,0.3382701015720578,0.0055851981296223,0.0056553387368363,16.322727272727278,2.999999999974212,37.999999999898485,130.00000000001785,0.0,-7.90678925724966e-14,0.0,-0.5687014069589995,51.239651344756
primary_guildford_33_6_6kv_baseline2025_td,SUB:SPN-S000000174239,0.475,0.5409173286151489,311.0,0.5409173282158731,2021-12-14 07:00:00,0.9999999989189736,1.854701901999381e-10,0.5409173286151489,1.6504612500203248e-10,3.0512264309332064e-10,0.5328035686859216,0.5327934869941372,0.0104119971676149,0.0105427541768916,30.4290351366425,30.000000010228348,44.99999995521392,236.0000000011028,0.0,-7.437754375055613e-14,0.0,-0.5693962753638038,51.24161089003269
primary_guildford_33_6_6kv_baseline2025_td,SUB:SPN-S000000174948,1.71,1.71,60.0,0.2378115463809412,2021-12-14 07:00:00,0.1390710797366574,2.2475545553737747e-10,1.71,1.793434766702067e-10,1.0487922612292788e-10,0.2342443731306804,0.2342426253073692,0.0018050870583066,0.0018277558874878,5.275362318840578,0.0,32.0,28.0,0.0,-7.49967862542296e-14,0.0,-0.5687122151688715,51.23706083588603
primary_guildford_33_6_6kv_baseline2025_td,SUB:SPN-S000000175003,0.475,0.5054500193453483,248.0,0.5054500193105109,2021-12-14 07:00:00,0.9999999994669684,2.3458342000285384e-10,0.5054500193453483,1.3980106579575386e-10,2.7658731911183273e-10,0.497868269055168,0.5031689341605863,0.0080828048659523,0.0081843111738993,23.621976582330294,0.9999999997582494,65.99999999311578,181.0000000011532,0.0,-8.036314317797048e-14,0.0,-0.5652956122610523,51.24023208193044
primary_guildford_33_6_6kv_baseline2025_td,SUB:SPN-S000000175250,0.475,0.475,2.0,0.0041400372307833,2021-12-14 18:00:00,0.0087158678430996,6.093524511964878e-10,0.475,9.382948700394563e-11,1.9753576211356975e-10,0.004077936612181,0.0042039183836053,6.016956861022055e-05,6.092519624959543e-05,0.1758454106280193,0.0,0.0,2.0,0.0,8.910909305558332e-13,0.0,-0.5739149020626179,51.23605846067998
primary_guildford_33_6_6kv_baseline2025_td,SUB:SPN-S000000175255,0.29925,0.29925,47.0,0.0596025908663437,2021-01-20 18:00:00,0.1991732357376808,3.6070505591088585e-10,0.29925,1.492754874737273e-10,4.988320383416118e-10,0.0587085519305618,0.0610715349384087,0.0040218117196109,0.0040723188474812,11.753734481377656,0.0,3.0000000000000004,44.0,0.0,-7.093075563580637e-14,0.0,-0.5729226033701923,51.2613432062005
