cluster_id,package_id,space_heat_kWh,hot_water_kWh,non_heating_elec_kWh,space_heat_peak_kW,n_dwellings,heated_floor_area_m2
C.Det.1|Wcav|LSOA:E01030425,R0,152996.97237909865,26255.033199095753,53302.5526445433,219.9452676542524,14,1841.9
C.Det.1|Wcav|LSOA:E01030425,R1,136010.1151356064,26255.033199095753,53302.5526445433,213.3449977700516,14,1841.9
C.Det.1|Wcav|LSOA:E01030425,R2,136010.1151356064,26255.033199095753,53302.5526445433,213.3449977700516,14,1841.9
C.Det.1|Wcav|LSOA:E01030427,R0,101504.05408461498,19989.131868594166,37453.44336964984,146.19837579012375,11,1182.8
C.Det.1|Wcav|LSOA:E01030427,R1,89343.52601379111,19989.131868594166,37453.44336964984,142.46963482631685,11,1182.8
C.Det.1|Wcav|LSOA:E01030427,R2,89343.52601379111,19989.131868594166,37453.44336964984,142.46963482631685,11,1182.8
C.Det.1|Wcav|LSOA:E01030466,R0,89676.05002121389,17766.594720765686,32486.230221507554,120.06497046796378,10,990.1999999999999
C.Det.1|Wcav|LSOA:E01030466,R1,79153.99676899941,17766.594720765686,32486.230221507554,116.75776671338119,10,990.1999999999999
C.Det.1|Wcav|LSOA:E01030466,R2,79153.99676899941,17766.594720765686,32486.230221507554,116.75776671338119,10,990.1999999999999
C.Det.1|Wcav|LSOA:E01030480,R0,136429.6451488205,21015.915752045454,45952.177598252965,211.42972958430283,11,1763.6999999999998
C.Det.1|Wcav|LSOA:E01030480,R1,121539.90584222449,21015.915752045454,45952.177598252965,205.1028355279339,11,1763.6999999999998
C.Det.1|Wcav|LSOA:E01030480,R2,121539.90584222449,21015.915752045454,45952.177598252965,205.1028355279339,11,1763.6999999999998
C.Det.1|Wcav|LSOA:E01030501,R0,107543.33066360983,18077.40286688974,37529.37430396385,164.4810664060575,10,1384.3
C.Det.1|Wcav|LSOA:E01030501,R1,96014.43186406637,18077.40286688974,37529.37430396385,159.37666199226564,10,1384.3
C.Det.1|Wcav|LSOA:E01030501,R2,96014.43186406637,18077.40286688974,37529.37430396385,159.37666199226564,10,1384.3
C.Det.1|Wcav|SUB:SPN-S000000174640,R0,163395.25359800633,26577.786109597095,56426.37024280337,239.445539729547,14,2053.7
C.Det.1|Wcav|SUB:SPN-S000000174640,R1,146424.10035162105,26577.786109597095,56426.37024280337,231.46167454703868,14,2053.7
C.Det.1|Wcav|SUB:SPN-S000000174640,R2,146424.10035162105,26577.786109597095,56426.37024280337,231.46167454703868,14,2053.7
C.Det.1|Wnone|LSOA:E01030421,R0,341689.62763727736,60140.7490988496,115878.88747420372,445.55688710824165,33,3778.0
C.Det.1|Wnone|LSOA:E01030421,R1,303550.7321885342,60140.7490988496,115878.88747420372,431.7165162127959,33,3778.0
C.Det.1|Wnone|LSOA:E01030421,R2,303550.7321885342,60140.7490988496,115878.88747420372,431.7165162127959,33,3778.0
C.Det.1|Wnone|LSOA:E01030422,R0,141546.3438258762,23635.80502375112,47287.421517501214,187.67374777040212,13,1633.3
C.Det.1|Wnone|LSOA:E01030422,R1,126744.403402055,23635.80502375112,47287.421517501214,181.1563177944214,13,1633.3
C.Det.1|Wnone|LSOA:E01030422,R2,126744.403402055,23635.80502375112,47287.421517501214,181.1563177944214,13,1633.3
C.Det.1|Wnone|LSOA:E01030423,R0,250164.5238680134,40892.31890306796,85718.23220590968,362.11255277289496,22,3087.0
C.Det.1|Wnone|LSOA:E01030423,R1,223635.29522139713,40892.31890306796,85718.23220590968,350.36393527060295,22,3087.0
C.Det.1|Wnone|LSOA:E01030423,R2,223635.29522139713,40892.31890306796,85718.23220590968,350.36393527060295,22,3087.0
C.Det.1|Wnone|LSOA:E01030424,R0,322469.6756972477,58478.218062233835,113380.56167839369,445.30490873985934,32,3756.7
C.Det.1|Wnone|LSOA:E01030424,R1,286777.26909598033,58478.218062233835,113380.56167839369,431.613179148403,32,3756.7
C.Det.1|Wnone|LSOA:E01030424,R2,286777.26909598033,58478.218062233835,113380.56167839369,431.613179148403,32,3756.7
C.Det.1|Wnone|LSOA:E01030425,R0,866716.3330040015,147208.47389449703,297993.56879491685,1223.8873694394586,79,10336.7
C.Det.1|Wnone|LSOA:E01030425,R1,771791.5312052488,147208.47389449703,297993.56879491685,1185.9022406226902,79,10336.7
C.Det.1|Wnone|LSOA:E01030425,R2,771791.5312052488,147208.47389449703,297993.56879491685,1185.9022406226902,79,10336.7
C.Det.1|Wnone|LSOA:E01030426,R0,193133.74160775857,37461.154702303786,69967.40413671653,273.72165554945474,21,2239.3
C.Det.1|Wnone|LSOA:E01030426,R1,170440.94999171997,37461.154702303786,69967.40413671653,266.372953744596,21,2239.3
C.Det.1|Wnone|LSOA:E01030426,R2,170440.94999171997,37461.154702303786,69967.40413671653,266.372953744596,21,2239.3
C.Det.1|Wnone|LSOA:E01030427,R0,570967.8264888108,101023.42388070411,198245.49889401917,794.5902253082331,55,6673.5
C.Det.1|Wnone|LSOA:E01030427,R1,507295.73613429815,101023.42388070411,198245.49889401917,770.5955539846955,55,6673.5
C.Det.1|Wnone|LSOA:E01030427,R2,507295.73613429815,101023.42388070411,198245.49889401917,770.5955539846955,55,6673.5
C.Det.1|Wnone|LSOA:E01030428,R0,646178.1125808945,112541.33491285259,223604.22972315276,930.5050531776554,63,7851.8
C.Det.1|Wnone|LSOA:E01030428,R1,575761.9250931838,112541.33491285259,223604.22972315276,901.6275876695856,63,7851.8
C.Det.1|Wnone|LSOA:E01030428,R2,575761.9250931838,112541.33491285259,223604.22972315276,901.6275876695856,63,7851.8
C.Det.1|Wnone|LSOA:E01030430,R0,946214.8552942327,157881.82864900125,317507.4666013684,1266.0155641606998,85,10894.100000000002
C.Det.1|Wnone|LSOA:E01030430,R1,844972.0531226887,157881.82864900125,317507.4666013684,1223.9452745397282,85,10894.100000000002
C.Det.1|Wnone|LSOA:E01030430,R2,844972.0531226887,157881.82864900125,317507.4666013684,1223.9452745397282,85,10894.100000000002
C.Det.1|Wnone|LSOA:E01030431,R0,980603.7160445687,160469.73004884197,328264.0157634517,1375.5319512015678,87,11716.200000000004
C.Det.1|Wnone|LSOA:E01030431,R1,875083.8256898158,160469.73004884197,328264.0157634517,1331.3262412168838,87,11716.200000000004
C.Det.1|Wnone|LSOA:E01030431,R2,875083.8256898158,160469.73004884197,328264.0157634517,1331.3262412168838,87,11716.200000000004
C.Det.1|Wnone|LSOA:E01030433,R0,252233.7128141175,39307.42146880014,79003.85100851132,355.98673187288693,22,3031.6
C.Det.1|Wnone|LSOA:E01030433,R1,225144.15641088394,39307.42146880014,79003.85100851132,344.54166738724473,22,3031.6
C.Det.1|Wnone|LSOA:E01030433,R2,225144.15641088394,39307.42146880014,79003.85100851132,344.54166738724473,22,3031.6
C.Det.1|Wnone|LSOA:E01030440,R0,1469720.4759709472,181083.63034791578,450220.48617888,2332.5838503403597,94,20139.999999999996
C.Det.1|Wnone|LSOA:E01030440,R1,1325494.689305607,181083.63034791578,450220.48617888,2252.7186981790655,94,20139.999999999996
C.Det.1|Wnone|LSOA:E01030440,R2,1325494.689305607,181083.63034791578,450220.48617888,2252.7186981790655,94,20139.999999999996
C.Det.1|Wnone|LSOA:E01030441,R0,862920.6185851743,115409.28121882162,272376.4936861094,1326.882073403613,60,11392.599999999999
C.Det.1|Wnone|LSOA:E01030441,R1,775483.5859676569,115409.28121882162,272376.4936861094,1282.0814261234555,60,11392.599999999999
C.Det.1|Wnone|LSOA:E01030441,R2,775483.5859676569,115409.28121882162,272376.4936861094,1282.0814261234555,60,11392.599999999999
C.Det.1|Wnone|LSOA:E01030442,R0,2123434.799453441,262060.20647719153,658239.4514980488,3413.6365540502275,135,29469.399999999998
C.Det.1|Wnone|LSOA:E01030442,R1,1917914.8827201389,262060.20647719153,658239.4514980488,3346.4509445662225,135,29469.399999999998
C.Det.1|Wnone|LSOA:E01030442,R2,1917914.8827201389,262060.20647719153,658239.4514980488,3346.4509445662225,135,29469.399999999998
C.Det.1|Wnone|LSOA:E01030443,R0,1289315.577482211,175755.15764042918,410185.7205695793,1976.4850444389879,92,17024.999999999996
C.Det.1|Wnone|LSOA:E01030443,R1,1159672.809653733,175755.15764042918,410185.7205695793,1908.912030817261,92,17024.999999999996
C.Det.1|Wnone|LSOA:E01030443,R2,1159672.809653733,175755.15764042918,410185.7205695793,1908.912030817261,92,17024.999999999996
C.Det.1|Wnone|LSOA:E01030444,R0,1220894.0180430217,169616.72662719173,387217.1807459571,1817.8597802965119,89,15712.1
C.Det.1|Wnone|LSOA:E01030444,R1,1097581.1192372763,169616.72662719173,387217.1807459571,1755.1617915816737,89,15712.1
C.Det.1|Wnone|LSOA:E01030444,R2,1097581.1192372763,169616.72662719173,387217.1807459571,1755.1617915816737,89,15712.1
C.Det.1|Wnone|LSOA:E01030445,R0,1183671.8713641188,146623.9875058229,363595.2358443658,1897.3297265588255,76,16313.099999999999
C.Det.1|Wnone|LSOA:E01030445,R1,1066630.5942118,146623.9875058229,363595.2358443658,1843.5546699681227,76,16313.099999999999
C.Det.1|Wnone|LSOA:E01030445,R2,1066630.5942118,146623.9875058229,363595.2358443658,1843.5546699681227,76,16313.099999999999
C.Det.1|Wnone|LSOA:E01030446,R0,955870.1902473269,136237.31060516956,309784.5492345968,1453.9493395690404,72,12478.1
C.Det.1|Wnone|LSOA:E01030446,R1,858401.805151469,136237.31060516956,309784.5492345968,1405.0346794932107,72,12478.1
C.Det.1|Wnone|LSOA:E01030446,R2,858401.805151469,136237.31060516956,309784.5492345968,1405.0346794932107,72,12478.1
C.Det.1|Wnone|LSOA:E01030447,R0,956976.9548093078,155519.11223337357,322821.2135892796,1334.3490223719625,83,11483.8
C.Det.1|Wnone|LSOA:E01030447,R1,856321.8653367802,155519.11223337357,322821.2135892796,1289.6339008820987,83,11483.8
C.Det.1|Wnone|LSOA:E01030447,R2,856321.8653367802,155519.11223337357,322821.2135892796,1289.6339008820987,83,11483.8
C.Det.1|Wnone|LSOA:E01030458,R0,656700.5378562922,96778.8995417458,208819.06049601285,891.4126565784237,52,7795.499999999999
C.Det.1|Wnone|LSOA:E01030458,R1,589539.401014124,96778.8995417458,208819.06049601285,859.722955959962,52,7795.499999999999
C.Det.1|Wnone|LSOA:E01030458,R2,589539.401014124,96778.8995417458,208819.06049601285,859.722955959962,52,7795.499999999999
C.Det.1|Wnone|LSOA:E01030459,R0,158970.90575408604,26556.455474084894,53613.38783951742,222.93955225220907,15,1914.7000000000003
C.Det.1|Wnone|LSOA:E01030459,R1,142204.5859312802,26556.455474084894,53613.38783951742,215.52409350689942,15,1914.7000000000003
C.Det.1|Wnone|LSOA:E01030459,R2,142204.5859312802,26556.455474084894,53613.38783951742,215.52409350689942,15,1914.7000000000003
C.Det.1|Wnone|LSOA:E01030465,R0,824519.293342079,131468.8224176701,281272.98025141656,1228.9026343277758,71,10446.999999999996
C.Det.1|Wnone|LSOA:E01030465,R1,737502.8109822504,131468.8224176701,281272.98025141656,1189.2874539883353,71,10446.999999999996
C.Det.1|Wnone|LSOA:E01030465,R2,737502.8109822504,131468.8224176701,281272.98025141656,1189.2874539883353,71,10446.999999999996
C.Det.1|Wnone|LSOA:E01030466,R0,944591.0698985076,175400.89959958132,332783.4334144741,1286.4016065397163,98,10745.3
C.Det.1|Wnone|LSOA:E01030466,R1,837219.8985946648,175400.89959958132,332783.4334144741,1248.6639703486028,98,10745.3
C.Det.1|Wnone|LSOA:E01030466,R2,837219.8985946648,175400.89959958132,332783.4334144741,1248.6639703486028,98,10745.3
C.Det.1|Wnone|LSOA:E01030471,R0,943298.5600523187,119804.19368532574,289316.8738480029,1449.6212297021507,63,12546.0
C.Det.1|Wnone|LSOA:E01030471,R1,849844.392178131,119804.19368532574,289316.8738480029,1399.0981254635983,63,12546.0
C.Det.1|Wnone|LSOA:E01030471,R2,849844.392178131,119804.19368532574,289316.8738480029,1399.0981254635983,63,12546.0
C.Det.1|Wnone|LSOA:E01030472,R0,415338.5792564703,52944.71923584561,128728.01541303519,654.0623547747839,28,5554.2
C.Det.1|Wnone|LSOA:E01030472,R1,372401.6924448086,52944.71923584561,128728.01541303519,632.8714321918781,28,5554.2
C.Det.1|Wnone|LSOA:E01030472,R2,372401.6924448086,52944.71923584561,128728.01541303519,632.8714321918781,28,5554.2
C.Det.1|Wnone|LSOA:E01030473,R0,1070645.6806055855,138185.49942552787,330799.7603450084,1587.2947175077752,72,13841.8
C.Det.1|Wnone|LSOA:E01030473,R1,964936.770721872,138185.49942552787,330799.7603450084,1530.6404704030297,72,13841.8
C.Det.1|Wnone|LSOA:E01030473,R2,964936.770721872,138185.49942552787,330799.7603450084,1530.6404704030297,72,13841.8
C.Det.1|Wnone|LSOA:E01030475,R0,1202620.0482320397,181938.80764229794,394719.4105740746,1743.9685936584071,97,15036.600000000002
C.Det.1|Wnone|LSOA:E01030475,R1,1078843.4628866469,181938.80764229794,394719.4105740746,1684.6750304426887,97,15036.600000000002
C.Det.1|Wnone|LSOA:E01030475,R2,1078843.4628866469,181938.80764229794,394719.4105740746,1684.6750304426887,97,15036.600000000002
C.Det.1|Wnone|LSOA:E01030476,R0,1616123.7988022347,246229.66800482574,530475.4593332147,2399.385713843202,132,20430.199999999997
C.Det.1|Wnone|LSOA:E01030476,R1,1446000.265954273,246229.66800482574,530475.4593332147,2321.570679677295,132,20430.199999999997
C.Det.1|Wnone|LSOA:E01030476,R2,1446000.265954273,246229.66800482574,530475.4593332147,2321.570679677295,132,20430.199999999997
C.Det.1|Wnone|LSOA:E01030477,R0,473515.6645571993,79261.02909584541,161631.359244471,663.9365028926228,43,5662.700000000001
C.Det.1|Wnone|LSOA:E01030477,R1,422717.3965327938,79261.02909584541,161631.359244471,642.4808389777476,43,5662.700000000001
C.Det.1|Wnone|LSOA:E01030477,R2,422717.3965327938,79261.02909584541,161631.359244471,642.4808389777476,43,5662.700000000001
C.Det.1|Wnone|LSOA:E01030478,R0,739058.2496349767,86728.55916116259,219118.27918978088,1171.671912343284,45,10121.4
C.Det.1|Wnone|LSOA:E01030478,R1,666599.1446791955,86728.55916116259,219118.27918978088,1130.9374708709558,45,10121.4
C.Det.1|Wnone|LSOA:E01030478,R2,666599.1446791955,86728.55916116259,219118.27918978088,1130.9374708709558,45,10121.4
C.Det.1|Wnone|LSOA:E01030479,R0,297417.31232720864,53436.931363520525,104537.45121548763,435.5655086678326,30,3617.7999999999997
C.Det.1|Wnone|LSOA:E01030479,R1,263964.31686182326,53436.931363520525,104537.45121548763,422.92032419711666,30,3617.7999999999997
C.Det.1|Wnone|LSOA:E01030479,R2,263964.31686182326,53436.931363520525,104537.45121548763,422.92032419711666,30,3617.7999999999997
C.Det.1|Wnone|LSOA:E01030480,R0,1618354.336232569,240858.41249578557,522942.01285505015,2262.7863560919795,129,19815.4
C.Det.1|Wnone|LSOA:E01030480,R1,1455714.488985756,240858.41249578557,522942.01285505015,2181.4947059471274,129,19815.4
C.Det.1|Wnone|LSOA:E01030480,R2,1455714.488985756,240858.41249578557,522942.01285505015,2181.4947059471274,129,19815.4
C.Det.1|Wnone|LSOA:E01030490,R0,920883.6061411235,134798.07445831638,309128.0719839367,1410.9747441724046,71,12104.8
C.Det.1|Wnone|LSOA:E01030490,R1,827204.0589444542,134798.07445831638,309128.0719839367,1363.5191390056707,71,12104.8
C.Det.1|Wnone|LSOA:E01030490,R2,827204.0589444542,134798.07445831638,309128.0719839367,1363.5191390056707,71,12104.8
C.Det.1|Wnone|LSOA:E01030491,R0,667759.4669061741,85663.78718144106,204034.85647934244,1069.7505438457424,46,9066.599999999999
C.Det.1|Wnone|LSOA:E01030491,R1,598877.3964201405,85663.78718144106,204034.85647934244,1035.271551557053,46,9066.599999999999
C.Det.1|Wnone|LSOA:E01030491,R2,598877.3964201405,85663.78718144106,204034.85647934244,1035.271551557053,46,9066.599999999999
C.Det.1|Wnone|LSOA:E01030492,R0,1571434.2357663475,204861.41353350086,499346.4061532563,2443.5505002567215,107,21074.200000000004
C.Det.1|Wnone|LSOA:E01030492,R1,1415084.9343839847,204861.41353350086,499346.4061532563,2359.401433630638,107,21074.200000000004
C.Det.1|Wnone|LSOA:E01030492,R2,1415084.9343839847,204861.41353350086,499346.4061532563,2359.401433630638,107,21074.200000000004
C.Det.1|Wnone|LSOA:E01030499,R0,953511.3747988446,170484.94464486305,339261.5664902331,1419.6612193482135,93,11718.8
C.Det.1|Wnone|LSOA:E01030499,R1,845268.8721754813,170484.94464486305,339261.5664902331,1379.4682374391211,93,11718.8
C.Det.1|Wnone|LSOA:E01030499,R2,845268.8721754813,170484.94464486305,339261.5664902331,1379.4682374391211,93,11718.8
C.Det.1|Wnone|LSOA:E01030500,R0,238522.0200046763,40951.09738818098,81644.75734847315,325.6185308274178,22,2774.4000000000005
C.Det.1|Wnone|LSOA:E01030500,R1,212609.15621614142,40951.09738818098,81644.75734847315,315.1945172212534,22,2774.4000000000005
C.Det.1|Wnone|LSOA:E01030500,R2,212609.15621614142,40951.09738818098,81644.75734847315,315.1945172212534,22,2774.4000000000005
C.Det.1|Wnone|LSOA:E01030501,R0,481241.98231515783,72005.27948200029,157175.5438587212,747.9754662348945,39,6277.8
C.Det.1|Wnone|LSOA:E01030501,R1,429606.03236727044,72005.27948200029,157175.5438587212,724.9708363494188,39,6277.8
C.Det.1|Wnone|LSOA:E01030501,R2,429606.03236727044,72005.27948200029,157175.5438587212,724.9708363494188,39,6277.8
C.Det.1|Wnone|LSOA:E01030502,R0,867855.8162725097,155737.86346135812,302884.9175860275,1221.9159791833006,87,10273.6
C.Det.1|Wnone|LSOA:E01030502,R1,771700.6061476049,155737.86346135812,302884.9175860275,1184.752458983498,87,10273.6
C.Det.1|Wnone|LSOA:E01030502,R2,771700.6061476049,155737.86346135812,302884.9175860275,1184.752458983498,87,10273.6
C.Det.1|Wnone|LSOA:E01030503,R0,184309.8398008488,28866.28872160179,61205.24580829009,280.5978917893325,16,2384.7
C.Det.1|Wnone|LSOA:E01030503,R1,165016.501935324,28866.28872160179,61205.24580829009,271.52930799842864,16,2384.7
C.Det.1|Wnone|LSOA:E01030503,R2,165016.501935324,28866.28872160179,61205.24580829009,271.52930799842864,16,2384.7
C.Det.1|Wnone|LSOA:E01030504,R0,738745.4246525222,128454.05867732083,255545.44657716295,1021.9215780768827,70,8673.3
C.Det.1|Wnone|LSOA:E01030504,R1,658154.8519371024,128454.05867732083,255545.44657716295,989.6608609329533,70,8673.3
C.Det.1|Wnone|LSOA:E01030504,R2,658154.8519371024,128454.05867732083,255545.44657716295,989.6608609329533,70,8673.3
C.Det.1|Wnone|SUB:SPN-R000000852116-000-001Z,R0,137135.0053003847,25718.44835431601,48355.620135936,185.4703331350542,14,1519.0000000000002
C.Det.1|Wnone|SUB:SPN-R000000852116-000-001Z,R1,120859.2480118202,25718.44835431601,48355.620135936,180.51826415039724,14,1519.0000000000002
C.Det.1|Wnone|SUB:SPN-R000000852116-000-001Z,R2,120859.2480118202,25718.44835431601,48355.620135936,180.51826415039724,14,1519.0000000000002
C.Det.1|Wnone|SUB:SPN-S000000171613,R0,344755.5295154798,51568.913081712424,111556.4230472348,456.4838194146312,27,4059.8999999999996
C.Det.1|Wnone|SUB:SPN-S000000171613,R1,310568.53781061823,51568.913081712424,111556.4230472348,439.24910709531935,27,4059.8999999999996
C.Det.1|Wnone|SUB:SPN-S000000171613,R2,310568.53781061823,51568.913081712424,111556.4230472348,439.24910709531935,27,4059.8999999999996
C.Det.1|Wnone|SUB:SPN-S000000171614,R0,537631.371703489,73327.18175353893,169617.53433366673,760.9248471273419,38,6746.0
C.Det.1|Wnone|SUB:SPN-S000000171614,R1,485707.2390852577,73327.18175353893,169617.53433366673,732.2194179955201,38,6746.0
C.Det.1|Wnone|SUB:SPN-S000000171614,R2,485707.2390852577,73327.18175353893,169617.53433366673,732.2194179955201,38,6746.0
C.Det.1|Wnone|SUB:SPN-S000000171615,R0,106035.99294031708,18615.40764609018,37170.05276882485,149.70046260247142,10,1262.3
C.Det.1|Wnone|SUB:SPN-S000000171615,R1,94377.64886030581,18615.40764609018,37170.05276882485,145.08691389287293,10,1262.3
C.Det.1|Wnone|SUB:SPN-S000000171615,R2,94377.64886030581,18615.40764609018,37170.05276882485,145.08691389287293,10,1262.3
C.Det.1|Wnone|SUB:SPN-S000000171618,R0,152803.41942525865,21298.44302978,51145.97404610754,254.33988803147093,11,2149.8
C.Det.1|Wnone|SUB:SPN-S000000171618,R1,137874.18721150173,21298.44302978,51145.97404610754,249.45777649156696,11,2149.8
C.Det.1|Wnone|SUB:SPN-S000000171618,R2,137874.18721150173,21298.44302978,51145.97404610754,249.45777649156696,11,2149.8
C.Det.1|Wnone|SUB:SPN-S000000171619,R0,120068.58840418464,18943.823286872215,41364.94559552694,184.0469187319595,10,1553.4
C.Det.1|Wnone|SUB:SPN-S000000171619,R1,107304.05055500251,18943.823286872215,41364.94559552694,178.2625668463505,10,1553.4
C.Det.1|Wnone|SUB:SPN-S000000171619,R2,107304.05055500251,18943.823286872215,41364.94559552694,178.2625668463505,10,1553.4
C.Det.1|Wnone|SUB:SPN-S000000171622,R0,325160.0578688622,40733.45179395653,96740.39030819417,448.5794774786086,21,4017.6000000000004
C.Det.1|Wnone|SUB:SPN-S000000171622,R1,294204.2783272021,40733.45179395653,96740.39030819417,431.08060763695124,21,4017.6000000000004
C.Det.1|Wnone|SUB:SPN-S000000171622,R2,294204.2783272021,40733.45179395653,96740.39030819417,431.08060763695124,21,4017.6000000000004
C.Det.1|Wnone|SUB:SPN-S000000171623,R0,124284.04873729526,19286.552291631873,44673.176085583334,216.75887793861745,10,1783.3
C.Det.1|Wnone|SUB:SPN-S000000171623,R1,112055.48519769381,19286.552291631873,44673.176085583334,212.87644101991333,10,1783.3
C.Det.1|Wnone|SUB:SPN-S000000171623,R2,112055.48519769381,19286.552291631873,44673.176085583334,212.87644101991333,10,1783.3
C.Det.1|Wnone|SUB:SPN-S000000171624,R0,228357.77878560638,23619.08727294044,61421.33779025389,345.5575878997942,12,3020.0
C.Det.1|Wnone|SUB:SPN-S000000171624,R1,206192.72654492367,23619.08727294044,61421.33779025389,333.07804579170096,12,3020.0
C.Det.1|Wnone|SUB:SPN-S000000171624,R2,206192.72654492367,23619.08727294044,61421.33779025389,333.07804579170096,12,3020.0
C.Det.1|Wnone|SUB:SPN-S000000171626,R0,129404.8721785476,18974.51511678343,40665.82976572144,166.7810753059974,10,1487.1
C.Det.1|Wnone|SUB:SPN-S000000171626,R1,116481.83487264736,18974.51511678343,40665.82976572144,160.45386642073146,10,1487.1
C.Det.1|Wnone|SUB:SPN-S000000171626,R2,116481.83487264736,18974.51511678343,40665.82976572144,160.45386642073146,10,1487.1
C.Det.1|Wnone|SUB:SPN-S000000171700,R0,168316.97988613145,30948.425717877828,58337.26155258781,216.68182147009998,17,1836.3999999999999
C.Det.1|Wnone|SUB:SPN-S000000171700,R1,149429.31566912486,30948.425717877828,58337.26155258781,209.9839057621373,17,1836.3999999999999
C.Det.1|Wnone|SUB:SPN-S000000171700,R2,149429.31566912486,30948.425717877828,58337.26155258781,209.9839057621373,17,1836.3999999999999
C.Det.1|Wnone|SUB:SPN-S000000171705,R0,135455.0837321874,20674.914033898393,45291.13621841409,200.5771834914919,11,1730.0
C.Det.1|Wnone|SUB:SPN-S000000171705,R1,121659.43808443821,20674.914033898393,45291.13621841409,193.7233495487965,11,1730.0
C.Det.1|Wnone|SUB:SPN-S000000171705,R2,121659.43808443821,20674.914033898393,45291.13621841409,193.7233495487965,11,1730.0
C.Det.1|Wnone|SUB:SPN-S000000171710,R0,431874.8694305186,27165.818556583512,91434.67782759864,735.2710514778271,13,6156.600000000001
C.Det.1|Wnone|SUB:SPN-S000000171710,R1,390613.3965910934,27165.818556583512,91434.67782759864,723.7058990120963,13,6156.600000000001
C.Det.1|Wnone|SUB:SPN-S000000171710,R2,390613.3965910934,27165.818556583512,91434.67782759864,723.7058990120963,13,6156.600000000001
C.Det.1|Wnone|SUB:SPN-S000000171711,R0,262123.6379560774,35071.846401259136,87067.58655076267,466.034781798047,18,3801.7000000000003
C.Det.1|Wnone|SUB:SPN-S000000171711,R1,236699.3681762841,35071.846401259136,87067.58655076267,458.78596207509054,18,3801.7000000000003
C.Det.1|Wnone|SUB:SPN-S000000171711,R2,236699.3681762841,35071.846401259136,87067.58655076267,458.78596207509054,18,3801.7000000000003
C.Det.1|Wnone|SUB:SPN-S000000171712,R0,153691.38715507876,24624.71937705546,50664.17272324822,201.8686970526696,13,1760.9
C.Det.1|Wnone|SUB:SPN-S000000171712,R1,137643.03379156042,24624.71937705546,50664.17272324822,194.80610068882956,13,1760.9
C.Det.1|Wnone|SUB:SPN-S000000171712,R2,137643.03379156042,24624.71937705546,50664.17272324822,194.80610068882956,13,1760.9
C.Det.1|Wnone|SUB:SPN-S000000171714,R0,281318.638479758,35165.17804840191,87870.43296281778,447.98402548522444,18,3896.3
C.Det.1|Wnone|SUB:SPN-S000000171714,R1,254461.69024559733,35165.17804840191,87870.43296281778,439.69247885955195,18,3896.3
C.Det.1|Wnone|SUB:SPN-S000000171714,R2,254461.69024559733,35165.17804840191,87870.43296281778,439.69247885955195,18,3896.3
C.Det.1|Wnone|SUB:SPN-S000000171715,R0,333384.1579741797,42513.52214837614,101180.5016480384,496.9968497849828,22,4318.1
C.Det.1|Wnone|SUB:SPN-S000000171715,R1,300217.1322357947,42513.52214837614,101180.5016480384,479.4947570743724,22,4318.1
C.Det.1|Wnone|SUB:SPN-S000000171715,R2,300217.1322357947,42513.52214837614,101180.5016480384,479.4947570743724,22,4318.1
C.Det.1|Wnone|SUB:SPN-S000000171716,R0,204375.17949518422,31376.206711005063,68136.70791131622,307.60731807779274,17,2621.6
C.Det.1|Wnone|SUB:SPN-S000000171716,R1,183037.01297967206,31376.206711005063,68136.70791131622,297.56886857254216,17,2621.6
C.Det.1|Wnone|SUB:SPN-S000000171716,R2,183037.01297967206,31376.206711005063,68136.70791131622,297.56886857254216,17,2621.6
C.Det.1|Wnone|SUB:SPN-S000000171746,R0,351219.0122673123,70573.08552198249,129297.16645192081,483.01655953594525,39,3944.9
C.Det.1|Wnone|SUB:SPN-S000000171746,R1,309477.72636443056,70573.08552198249,129297.16645192081,470.2439155936517,39,3944.9
C.Det.1|Wnone|SUB:SPN-S000000171746,R2,309477.72636443056,70573.08552198249,129297.16645192081,470.2439155936517,39,3944.9
C.Det.1|Wnone|SUB:SPN-S000000171749,R0,112910.9135075114,20119.56695090869,40007.16549212912,163.6816095936051,11,1371.1000000000001
C.Det.1|Wnone|SUB:SPN-S000000171749,R1,100418.98754448001,20119.56695090869,40007.16549212912,158.75565650909382,11,1371.1000000000001
C.Det.1|Wnone|SUB:SPN-S000000171749,R2,100418.98754448001,20119.56695090869,40007.16549212912,158.75565650909382,11,1371.1000000000001
C.Det.1|Wnone|SUB:SPN-S000000171774,R0,112057.6158068826,20151.905027250996,38872.51136836576,147.94580356444823,11,1268.9
C.Det.1|Wnone|SUB:SPN-S000000171774,R1,99914.66116169414,20151.905027250996,38872.51136836576,143.10870460861494,11,1268.9
C.Det.1|Wnone|SUB:SPN-S000000171774,R2,99914.66116169414,20151.905027250996,38872.51136836576,143.10870460861494,11,1268.9
C.Det.1|Wnone|SUB:SPN-S000000171775,R0,232772.21814538797,42453.04881029857,81566.06160092208,316.8724211558976,23,2623.0000000000005
C.Det.1|Wnone|SUB:SPN-S000000171775,R1,205794.1114097212,42453.04881029857,81566.06160092208,307.9564856702658,23,2623.0000000000005
C.Det.1|Wnone|SUB:SPN-S000000171775,R2,205794.1114097212,42453.04881029857,81566.06160092208,307.9564856702658,23,2623.0000000000005
C.Det.1|Wnone|SUB:SPN-S000000171780,R0,185683.79325049347,33144.97734935194,64084.78914151648,251.73754486887623,18,2104.0
C.Det.1|Wnone|SUB:SPN-S000000171780,R1,164574.2931885425,33144.97734935194,64084.78914151648,244.3401201798466,18,2104.0
C.Det.1|Wnone|SUB:SPN-S000000171780,R2,164574.2931885425,33144.97734935194,64084.78914151648,244.3401201798466,18,2104.0
C.Det.1|Wnone|SUB:SPN-S000000171781,R0,271700.2172062252,48238.297057739066,95393.48103846563,388.19157598727503,26,3215.7999999999997
C.Det.1|Wnone|SUB:SPN-S000000171781,R1,240711.90603362577,48238.297057739066,95393.48103846563,377.11421601849725,26,3215.7999999999997
C.Det.1|Wnone|SUB:SPN-S000000171781,R2,240711.90603362577,48238.297057739066,95393.48103846563,377.11421601849725,26,3215.7999999999997
C.Det.1|Wnone|SUB:SPN-S000000171789,R0,137552.36349033355,24107.44184542428,46951.320721534576,179.48660681001382,13,1506.9
C.Det.1|Wnone|SUB:SPN-S000000171789,R1,121877.5872946741,24107.44184542428,46951.320721534576,174.14917249235756,13,1506.9
C.Det.1|Wnone|SUB:SPN-S000000171789,R2,121877.5872946741,24107.44184542428,46951.320721534576,174.14917249235756,13,1506.9
C.Det.1|Wnone|SUB:SPN-S000000171790,R0,125717.72006441824,22112.98615436547,43140.56944079581,169.2617061927995,12,1441.4
C.Det.1|Wnone|SUB:SPN-S000000171790,R1,111972.77564562342,22112.98615436547,43140.56944079581,163.87040193067276,12,1441.4
C.Det.1|Wnone|SUB:SPN-S000000171790,R2,111972.77564562342,22112.98615436547,43140.56944079581,163.87040193067276,12,1441.4
C.Det.1|Wnone|SUB:SPN-S000000171815,R0,182484.38590539136,21612.08565033187,56677.971350447944,318.19960932038947,11,2629.1
C.Det.1|Wnone|SUB:SPN-S000000171815,R1,165044.82874392337,21612.08565033187,56677.971350447944,313.4969506478527,11,2629.1
C.Det.1|Wnone|SUB:SPN-S000000171815,R2,165044.82874392337,21612.08565033187,56677.971350447944,313.4969506478527,11,2629.1
C.Det.1|Wnone|SUB:SPN-S000000171828,R0,181047.6784785202,29914.759375863738,61141.61056805713,251.77059470783664,16,2149.1
C.Det.1|Wnone|SUB:SPN-S000000171828,R1,161600.6542259854,29914.759375863738,61141.61056805713,243.6193297689114,16,2149.1
C.Det.1|Wnone|SUB:SPN-S000000171828,R2,161600.6542259854,29914.759375863738,61141.61056805713,243.6193297689114,16,2149.1
C.Det.1|Wnone|SUB:SPN-S000000171830,R0,114714.66460984826,20421.449947654924,39143.67372184851,147.68540628198664,11,1251.6
C.Det.1|Wnone|SUB:SPN-S000000171830,R1,101841.16207248757,20421.449947654924,39143.67372184851,143.1209757133995,11,1251.6
C.Det.1|Wnone|SUB:SPN-S000000171830,R2,101841.16207248757,20421.449947654924,39143.67372184851,143.1209757133995,11,1251.6
C.Det.1|Wnone|SUB:SPN-S000000171831,R0,221937.33369953057,33725.217336898204,70784.21299603763,289.5647562917014,18,2556.9
C.Det.1|Wnone|SUB:SPN-S000000171831,R1,199367.7467719896,33725.217336898204,70784.21299603763,278.95340290923025,18,2556.9
C.Det.1|Wnone|SUB:SPN-S000000171831,R2,199367.7467719896,33725.217336898204,70784.21299603763,278.95340290923025,18,2556.9
C.Det.1|Wnone|SUB:SPN-S000000171832,R0,165870.731827854,34241.12317952677,62076.435641139826,234.1642303819444,19,1862.4
C.Det.1|Wnone|SUB:SPN-S000000171832,R1,145207.97647659626,34241.12317952677,62076.435641139826,228.73035604383676,19,1862.4
C.Det.1|Wnone|SUB:SPN-S000000171832,R2,145207.97647659626,34241.12317952677,62076.435641139826,228.73035604383676,19,1862.4
C.Det.1|Wnone|SUB:SPN-S000000171836,R0,271053.67740238324,33204.585350042835,83316.60865111326,423.19651840395926,17,3698.2
C.Det.1|Wnone|SUB:SPN-S000000171836,R1,245186.67583709973,33204.585350042835,83316.60865111326,408.0916737789473,17,3698.2
C.Det.1|Wnone|SUB:SPN-S000000171836,R2,245186.67583709973,33204.585350042835,83316.60865111326,408.0916737789473,17,3698.2
C.Det.1|Wnone|SUB:SPN-S000000171837,R0,235593.23088656878,27483.78337939365,71257.8238785441,380.6270024861024,14,3283.1000000000004
C.Det.1|Wnone|SUB:SPN-S000000171837,R1,213098.01538844925,27483.78337939365,71257.8238785441,373.8167995051721,14,3283.1000000000004
C.Det.1|Wnone|SUB:SPN-S000000171837,R2,213098.01538844925,27483.78337939365,71257.8238785441,373.8167995051721,14,3283.1000000000004
C.Det.1|Wnone|SUB:SPN-S000000171838,R0,263762.5434250687,40250.79525475161,89357.42172082403,395.16019344163124,21,3413.9999999999995
C.Det.1|Wnone|SUB:SPN-S000000171838,R1,237169.43065127305,40250.79525475161,89357.42172082403,381.54001039342114,21,3413.9999999999995
C.Det.1|Wnone|SUB:SPN-S000000171838,R2,237169.43065127305,40250.79525475161,89357.42172082403,381.54001039342114,21,3413.9999999999995
C.Det.1|Wnone|SUB:SPN-S000000171839,R0,351837.26728758146,51420.689734581196,114302.02955660447,500.3854345530051,27,4394.400000000001
C.Det.1|Wnone|SUB:SPN-S000000171839,R1,317043.17820328695,51420.689734581196,114302.02955660447,482.15830472445396,27,4394.400000000001
C.Det.1|Wnone|SUB:SPN-S000000171839,R2,317043.17820328695,51420.689734581196,114302.02955660447,482.15830472445396,27,4394.400000000001
C.Det.1|Wnone|SUB:SPN-S000000171848,R0,217265.89384393796,32480.491839012146,73006.39637432524,330.119944988069,17,2837.1
C.Det.1|Wnone|SUB:SPN-S000000171848,R1,195185.8246034762,32480.491839012146,73006.39637432524,318.9532073429787,17,2837.1
C.Det.1|Wnone|SUB:SPN-S000000171848,R2,195185.8246034762,32480.491839012146,73006.39637432524,318.9532073429787,17,2837.1
C.Det.1|Wnone|SUB:SPN-S000000171849,R0,165762.6561695607,26443.563866890065,54654.556762001535,219.70958286327354,14,1905.6999999999998
C.Det.1|Wnone|SUB:SPN-S000000171849,R1,148287.37260333681,26443.563866890065,54654.556762001535,212.1819208368035,14,1905.6999999999998
C.Det.1|Wnone|SUB:SPN-S000000171849,R2,148287.37260333681,26443.563866890065,54654.556762001535,212.1819208368035,14,1905.6999999999998
C.Det.1|Wnone|SUB:SPN-S000000171850,R0,570676.8720446904,88809.35774967764,190315.51556602202,819.0869744955961,47,7052.999999999999
C.Det.1|Wnone|SUB:SPN-S000000171850,R1,511471.3569811421,88809.35774967764,190315.51556602202,791.4355444797209,47,7052.999999999999
C.Det.1|Wnone|SUB:SPN-S000000171850,R2,511471.3569811421,88809.35774967764,190315.51556602202,791.4355444797209,47,7052.999999999999
C.Det.1|Wnone|SUB:SPN-S000000171851,R0,193877.0560979208,28436.736098444308,62450.329780682194,270.02726932582317,15,2369.6
C.Det.1|Wnone|SUB:SPN-S000000171851,R1,174463.39286882203,28436.736098444308,62450.329780682194,260.25419193636236,15,2369.6
C.Det.1|Wnone|SUB:SPN-S000000171851,R2,174463.39286882203,28436.736098444308,62450.329780682194,260.25419193636236,15,2369.6
C.Det.1|Wnone|SUB:SPN-S000000171853,R0,113057.16437236912,18692.342546838463,38201.62755383917,155.08340741472085,10,1332.3
C.Det.1|Wnone|SUB:SPN-S000000171853,R1,101033.22513328027,18692.342546838463,38201.62755383917,149.94028598061618,10,1332.3
C.Det.1|Wnone|SUB:SPN-S000000171853,R2,101033.22513328027,18692.342546838463,38201.62755383917,149.94028598061618,10,1332.3
C.Det.1|Wnone|SUB:SPN-S000000171854,R0,347914.12354236527,56576.30313542147,116912.98150617504,475.42135028622494,30,4095.1000000000004
C.Det.1|Wnone|SUB:SPN-S000000171854,R1,311089.6697942399,56576.30313542147,116912.98150617504,459.49404828527605,30,4095.1000000000004
C.Det.1|Wnone|SUB:SPN-S000000171854,R2,311089.6697942399,56576.30313542147,116912.98150617504,459.49404828527605,30,4095.1000000000004
C.Det.1|Wnone|SUB:SPN-S000000171855,R0,178538.82855512807,29978.714783503216,61944.17785081467,260.54614179258016,16,2188.3
C.Det.1|Wnone|SUB:SPN-S000000171855,R1,158957.6440594419,29978.714783503216,61944.17785081467,252.6025638634609,16,2188.3
C.Det.1|Wnone|SUB:SPN-S000000171855,R2,158957.6440594419,29978.714783503216,61944.17785081467,252.6025638634609,16,2188.3
C.Det.1|Wnone|SUB:SPN-S000000171856,R0,267533.0726736295,38362.234819150064,88650.17086106175,415.5115350107013,20,3574.7000000000003
C.Det.1|Wnone|SUB:SPN-S000000171856,R1,240707.69905545772,38362.234819150064,88650.17086106175,401.34587188080394,20,3574.7000000000003
C.Det.1|Wnone|SUB:SPN-S000000171856,R2,240707.69905545772,38362.234819150064,88650.17086106175,401.34587188080394,20,3574.7000000000003
C.Det.1|Wnone|SUB:SPN-S000000171858,R0,282766.3113905182,38570.995473323135,88496.79910469259,396.6233198179698,20,3523.6
C.Det.1|Wnone|SUB:SPN-S000000171858,R1,255482.0362353499,38570.995473323135,88496.79910469259,381.56628315797803,20,3523.6
C.Det.1|Wnone|SUB:SPN-S000000171858,R2,255482.0362353499,38570.995473323135,88496.79910469259,381.56628315797803,20,3523.6
C.Det.1|Wnone|SUB:SPN-S000000171861,R0,268502.4084654393,41495.56945006943,87196.954590638,362.7795895484362,22,3153.5
C.Det.1|Wnone|SUB:SPN-S000000171861,R1,240572.02877454623,41495.56945006943,87196.954590638,350.1963521867887,22,3153.5
C.Det.1|Wnone|SUB:SPN-S000000171861,R2,240572.02877454623,41495.56945006943,87196.954590638,350.1963521867887,22,3153.5
C.Det.1|Wnone|SUB:SPN-S000000171862,R0,261711.13184127992,38490.7025075975,87204.47454413326,387.26144815228076,20,3385.0999999999995
C.Det.1|Wnone|SUB:SPN-S000000171862,R1,236020.02753591677,38490.7025075975,87204.47454413326,373.3157072222813,20,3385.0999999999995
C.Det.1|Wnone|SUB:SPN-S000000171862,R2,236020.02753591677,38490.7025075975,87204.47454413326,373.3157072222813,20,3385.0999999999995
C.Det.1|Wnone|SUB:SPN-S000000171863,R0,499231.1375837907,77619.24896830186,163133.59303770438,666.6334680123448,41,5809.3
C.Det.1|Wnone|SUB:SPN-S000000171863,R1,447349.78952370957,77619.24896830186,163133.59303770438,643.3303187807853,41,5809.3
C.Det.1|Wnone|SUB:SPN-S000000171863,R2,447349.78952370957,77619.24896830186,163133.59303770438,643.3303187807853,41,5809.3
C.Det.1|Wnone|SUB:SPN-S000000171864,R0,288542.9243868538,38621.593998539865,92234.03202929324,449.439785288285,20,3883.0
C.Det.1|Wnone|SUB:SPN-S000000171864,R1,260006.84627820388,38621.593998539865,92234.03202929324,433.84929940378015,20,3883.0
C.Det.1|Wnone|SUB:SPN-S000000171864,R2,260006.84627820388,38621.593998539865,92234.03202929324,433.84929940378015,20,3883.0
C.Det.1|Wnone|SUB:SPN-S000000171865,R0,389314.7832726973,53843.433452280835,127179.12275141616,595.1670316322355,28,5180.3
C.Det.1|Wnone|SUB:SPN-S000000171865,R1,351277.3952799834,53843.433452280835,127179.12275141616,573.9751084260176,28,5180.3
C.Det.1|Wnone|SUB:SPN-S000000171865,R2,351277.3952799834,53843.433452280835,127179.12275141616,573.9751084260176,28,5180.3
C.Det.1|Wnone|SUB:SPN-S000000171867,R0,258499.8543396506,29015.493157568875,75819.93841295077,425.09894585766403,15,3626.4000000000005
C.Det.1|Wnone|SUB:SPN-S000000171867,R1,233652.21126641118,29015.493157568875,75819.93841295077,417.4984480428251,15,3626.4000000000005
C.Det.1|Wnone|SUB:SPN-S000000171867,R2,233652.21126641118,29015.493157568875,75819.93841295077,417.4984480428251,15,3626.4000000000005
C.Det.1|Wnone|SUB:SPN-S000000171870,R0,130554.37465147472,19192.281110940763,42899.89548051047,185.58732736441232,10,1635.0
C.Det.1|Wnone|SUB:SPN-S000000171870,R1,117752.1747146981,19192.281110940763,42899.89548051047,178.74547302884608,10,1635.0
C.Det.1|Wnone|SUB:SPN-S000000171870,R2,117752.1747146981,19192.281110940763,42899.89548051047,178.74547302884608,10,1635.0
C.Det.1|Wnone|SUB:SPN-S000000171871,R0,556866.6528578708,85191.01425526451,181154.03374533795,762.2699677744849,45,6641.8
C.Det.1|Wnone|SUB:SPN-S000000171871,R1,499609.66205752484,85191.01425526451,181154.03374533795,735.5177575310265,45,6641.8
C.Det.1|Wnone|SUB:SPN-S000000171871,R2,499609.66205752484,85191.01425526451,181154.03374533795,735.5177575310265,45,6641.8
C.Det.1|Wnone|SUB:SPN-S000000171872,R0,624316.1969621636,93556.54406890969,202530.95438051183,855.7893567343508,49,7492.8
C.Det.1|Wnone|SUB:SPN-S000000171872,R1,560946.4617749952,93556.54406890969,202530.95438051183,825.1727714434861,49,7492.8
C.Det.1|Wnone|SUB:SPN-S000000171872,R2,560946.4617749952,93556.54406890969,202530.95438051183,825.1727714434861,49,7492.8
C.Det.1|Wnone|SUB:SPN-S000000171873,R0,102188.53638054265,18049.466314332785,36041.1093641677,159.4269130601989,10,1301.2
C.Det.1|Wnone|SUB:SPN-S000000171873,R1,90442.30977901013,18049.466314332785,36041.1093641677,155.10667721058198,10,1301.2
C.Det.1|Wnone|SUB:SPN-S000000171873,R2,90442.30977901013,18049.466314332785,36041.1093641677,155.10667721058198,10,1301.2
C.Det.1|Wnone|SUB:SPN-S000000171874,R0,194926.40029502282,23518.063627871983,60425.00743674673,325.0011710312332,12,2753.5
C.Det.1|Wnone|SUB:SPN-S000000171874,R1,176307.57146845304,23518.063627871983,60425.00743674673,319.6132136749095,12,2753.5
C.Det.1|Wnone|SUB:SPN-S000000171874,R2,176307.57146845304,23518.063627871983,60425.00743674673,319.6132136749095,12,2753.5
C.Det.1|Wnone|SUB:SPN-S000000171875,R0,457390.66925656446,75600.75691683996,154821.11083475195,626.4770926837323,40,5355.0
C.Det.1|Wnone|SUB:SPN-S000000171875,R1,408132.9726031799,75600.75691683996,154821.11083475195,606.1357142279229,40,5355.0
C.Det.1|Wnone|SUB:SPN-S000000171875,R2,408132.9726031799,75600.75691683996,154821.11083475195,606.1357142279229,40,5355.0
C.Det.1|Wnone|SUB:SPN-S000000171877,R0,363778.9238970141,46648.45159706847,116228.18549382553,605.2991641773718,24,5128.8
C.Det.1|Wnone|SUB:SPN-S000000171877,R1,328780.4426655615,46648.45159706847,116228.18549382553,594.7249240429062,24,5128.8
C.Det.1|Wnone|SUB:SPN-S000000171877,R2,328780.4426655615,46648.45159706847,116228.18549382553,594.7249240429062,24,5128.8
C.Det.1|Wnone|SUB:SPN-S000000171878,R0,192321.5697261794,21616.937306301537,56647.96160724148,299.65177059483483,11,2619.6
C.Det.1|Wnone|SUB:SPN-S000000171878,R1,173968.8582057448,21616.937306301537,56647.96160724148,288.7683605878984,11,2619.6
C.Det.1|Wnone|SUB:SPN-S000000171878,R2,173968.8582057448,21616.937306301537,56647.96160724148,288.7683605878984,11,2619.6
C.Det.1|Wnone|SUB:SPN-S000000171886,R0,202831.05952592532,28703.169992006642,66348.5816921457,315.0992574367857,15,2714.1000000000004
C.Det.1|Wnone|SUB:SPN-S000000171886,R1,182566.29687452264,28703.169992006642,66348.5816921457,304.30459361565147,15,2714.1000000000004
C.Det.1|Wnone|SUB:SPN-S000000171886,R2,182566.29687452264,28703.169992006642,66348.5816921457,304.30459361565147,15,2714.1000000000004
C.Det.1|Wnone|SUB:SPN-S000000171887,R0,218658.16807182843,40347.37702717503,76791.09135051756,288.58616274657066,22,2438.9000000000005
C.Det.1|Wnone|SUB:SPN-S000000171887,R1,194176.4064612636,40347.37702717503,76791.09135051756,279.7277541957423,22,2438.9000000000005
C.Det.1|Wnone|SUB:SPN-S000000171887,R2,194176.4064612636,40347.37702717503,76791.09135051756,279.7277541957423,22,2438.9000000000005
C.Det.1|Wnone|SUB:SPN-S000000171925,R0,264592.7514164926,24182.299261310036,72189.6575870014,508.2196764386858,12,3984.5999999999995
C.Det.1|Wnone|SUB:SPN-S000000171925,R1,239275.55193069583,24182.299261310036,72189.6575870014,502.5480975254604,12,3984.5999999999995
C.Det.1|Wnone|SUB:SPN-S000000171925,R2,239275.55193069583,24182.299261310036,72189.6575870014,502.5480975254604,12,3984.5999999999995
C.Det.1|Wnone|SUB:SPN-S000000171927,R0,173358.36679993584,19652.926626090462,51439.40513155162,291.3232988002994,10,2449.5
C.Det.1|Wnone|SUB:SPN-S000000171927,R1,156433.62449112383,19652.926626090462,51439.40513155162,285.8805278538099,10,2449.5
C.Det.1|Wnone|SUB:SPN-S000000171927,R2,156433.62449112383,19652.926626090462,51439.40513155162,285.8805278538099,10,2449.5
C.Det.1|Wnone|SUB:SPN-S000000171968,R0,229321.75353039018,21949.452253736687,62634.32422220595,392.1871518072707,11,3275.6
C.Det.1|Wnone|SUB:SPN-S000000171968,R1,207411.11600697078,21949.452253736687,62634.32422220595,386.0893655032915,11,3275.6
C.Det.1|Wnone|SUB:SPN-S000000171968,R2,207411.11600697078,21949.452253736687,62634.32422220595,386.0893655032915,11,3275.6
C.Det.1|Wnone|SUB:SPN-S000000171973,R0,145223.82734671584,19201.99036358825,44928.11335249184,213.89512727836583,10,1861.8
C.Det.1|Wnone|SUB:SPN-S000000171973,R1,130762.84464386948,19201.99036358825,44928.11335249184,206.32366849285978,10,1861.8
C.Det.1|Wnone|SUB:SPN-S000000171973,R2,130762.84464386948,19201.99036358825,44928.11335249184,206.32366849285978,10,1861.8
C.Det.1|Wnone|SUB:SPN-S000000171974,R0,318858.12758433155,31899.782255468916,90325.5397976661,576.7193951929885,16,4670.200000000001
C.Det.1|Wnone|SUB:SPN-S000000171974,R1,288372.08012855874,31899.782255468916,90325.5397976661,569.0097693207894,16,4670.200000000001
C.Det.1|Wnone|SUB:SPN-S000000171974,R2,288372.08012855874,31899.782255468916,90325.5397976661,569.0097693207894,16,4670.200000000001
C.Det.1|Wnone|SUB:SPN-S000000171975,R0,178981.53277226564,25103.69611424239,58313.6742073565,270.1283858671996,13,2358.1000000000004
C.Det.1|Wnone|SUB:SPN-S000000171975,R1,161526.41936933302,25103.69611424239,58313.6742073565,260.41967996974824,13,2358.1000000000004
C.Det.1|Wnone|SUB:SPN-S000000171975,R2,161526.41936933302,25103.69611424239,58313.6742073565,260.41967996974824,13,2358.1000000000004
C.Det.1|Wnone|SUB:SPN-S000000171976,R0,128874.1408788388,18359.367308861103,38993.2406122197,158.04602383631712,10,1435.1000000000001
C.Det.1|Wnone|SUB:SPN-S000000171976,R1,116255.70630726096,18359.367308861103,38993.2406122197,151.69240693645855,10,1435.1000000000001
C.Det.1|Wnone|SUB:SPN-S000000171976,R2,116255.70630726096,18359.367308861103,38993.2406122197,151.69240693645855,10,1435.1000000000001
C.Det.1|Wnone|SUB:SPN-S000000172024,R0,128478.57779239866,23866.641627377434,45497.351214188966,175.37922933505067,13,1461.4
C.Det.1|Wnone|SUB:SPN-S000000172024,R1,113808.56842940015,23866.641627377434,45497.351214188966,170.2880520562008,13,1461.4
C.Det.1|Wnone|SUB:SPN-S000000172024,R2,113808.56842940015,23866.641627377434,45497.351214188966,170.2880520562008,13,1461.4
C.Det.1|Wnone|SUB:SPN-S000000172025,R0,401494.0819693296,64407.88608928134,135058.42466902063,563.6798780654975,34,4837.5
C.Det.1|Wnone|SUB:SPN-S000000172025,R1,359090.56845422985,64407.88608928134,135058.42466902063,544.9844053232466,34,4837.5
C.Det.1|Wnone|SUB:SPN-S000000172025,R2,359090.56845422985,64407.88608928134,135058.42466902063,544.9844053232466,34,4837.5
C.Det.1|Wnone|SUB:SPN-S000000173197,R0,143808.46907344647,25579.615769852342,50813.149806702255,201.96729157272463,14,1727.0
C.Det.1|Wnone|SUB:SPN-S000000173197,R1,128486.37967928889,25579.615769852342,50813.149806702255,195.3681729052,14,1727.0
C.Det.1|Wnone|SUB:SPN-S000000173197,R2,128486.37967928889,25579.615769852342,50813.149806702255,195.3681729052,14,1727.0
C.Det.1|Wnone|SUB:SPN-S000000174089,R0,387769.3813381946,57236.66784900191,127603.22799574479,568.728729389805,30,4923.7
C.Det.1|Wnone|SUB:SPN-S000000174089,R1,348498.4626605538,57236.66784900191,127603.22799574479,549.0349313985098,30,4923.7
C.Det.1|Wnone|SUB:SPN-S000000174089,R2,348498.4626605538,57236.66784900191,127603.22799574479,549.0349313985098,30,4923.7
C.Det.1|Wnone|SUB:SPN-S000000174201,R0,159011.14655663143,19473.805658258207,47773.64626729785,242.06133665718565,10,2108.0
C.Det.1|Wnone|SUB:SPN-S000000174201,R1,143464.62071977524,19473.805658258207,47773.64626729785,233.4304471553643,10,2108.0
C.Det.1|Wnone|SUB:SPN-S000000174201,R2,143464.62071977524,19473.805658258207,47773.64626729785,233.4304471553643,10,2108.0
C.Det.1|Wnone|SUB:SPN-S000000174619,R0,260293.87751713168,36764.442286854384,87357.10985648332,416.6438255603185,19,3590.0000000000005
C.Det.1|Wnone|SUB:SPN-S000000174619,R1,234704.82444633113,36764.442286854384,87357.10985648332,405.5624998584561,19,3590.0000000000005
C.Det.1|Wnone|SUB:SPN-S000000174619,R2,234704.82444633113,36764.442286854384,87357.10985648332,405.5624998584561,19,3590.0000000000005
C.Det.1|Wnone|SUB:SPN-S000000174640,R0,308920.98733545287,40866.220286620715,100968.33083157854,516.7315669536152,21,4362.799999999999
C.Det.1|Wnone|SUB:SPN-S000000174640,R1,279077.7866072136,40866.220286620715,100968.33083157854,507.58423647467043,21,4362.799999999999
C.Det.1|Wnone|SUB:SPN-S000000174640,R2,279077.7866072136,40866.220286620715,100968.33083157854,507.58423647467043,21,4362.799999999999
C.Det.1|Wnone|SUB:SPN-S000000174930,R0,211464.33095754712,37981.26010106529,74427.26515900556,303.49140876729183,21,2522.9000000000005
C.Det.1|Wnone|SUB:SPN-S000000174930,R1,187569.19093192843,37981.26010106529,74427.26515900556,294.6835247480074,21,2522.9000000000005
C.Det.1|Wnone|SUB:SPN-S000000174930,R2,187569.19093192843,37981.26010106529,74427.26515900556,294.6835247480074,21,2522.9000000000005
C.Det.1|Wnone|SUB:SPN-S000000175224,R0,307119.598349661,53985.2744448507,106379.931664898,419.8145995402857,29,3524.0999999999995
C.Det.1|Wnone|SUB:SPN-S000000175224,R1,272626.50772205146,53985.2744448507,106379.931664898,407.2125721809845,29,3524.0999999999995
C.Det.1|Wnone|SUB:SPN-S000000175224,R2,272626.50772205146,53985.2744448507,106379.931664898,407.2125721809845,29,3524.0999999999995
C.Det.2|Wcav|LSOA:E01030421,R0,397451.46449227707,43639.58783341054,87258.02211521963,373.19024833209323,24,3026.0
C.Det.2|Wcav|LSOA:E01030421,R1,242217.89476595673,43639.58783341054,87258.02211521963,307.4832641152034,24,3026.0
C.Det.2|Wcav|LSOA:E01030421,R2,242217.89476595673,43639.58783341054,87258.02211521963,307.4832641152034,24,3026.0
C.Det.2|Wcav|LSOA:E01030422,R0,187925.88300298707,21767.069359066438,43453.53153841044,184.56710185307756,12,1493.6000000000001
C.Det.2|Wcav|LSOA:E01030422,R1,112635.70870036382,21767.069359066438,43453.53153841044,149.69756593595358,12,1493.6000000000001
C.Det.2|Wcav|LSOA:E01030422,R2,112635.70870036382,21767.069359066438,43453.53153841044,149.69756593595358,12,1493.6000000000001
C.Det.2|Wcav|LSOA:E01030423,R0,171488.79925765703,20045.932320656444,39921.195578160645,171.25099277984768,11,1350.0
C.Det.2|Wcav|LSOA:E01030423,R1,101944.53576203424,20045.932320656444,39921.195578160645,148.39263158747875,11,1350.0
C.Det.2|Wcav|LSOA:E01030423,R2,101944.53576203424,20045.932320656444,39921.195578160645,148.39263158747875,11,1350.0
C.Det.2|Wcav|LSOA:E01030424,R0,339216.5892358433,40174.91225310495,78224.0188060985,322.4072220017096,22,2594.7
C.Det.2|Wcav|LSOA:E01030424,R1,202706.80988647288,40174.91225310495,78224.0188060985,258.4676393204185,22,2594.7
C.Det.2|Wcav|LSOA:E01030424,R2,202706.80988647288,40174.91225310495,78224.0188060985,258.4676393204185,22,2594.7
C.Det.2|Wcav|LSOA:E01030425,R0,688177.8378140514,80827.95847183361,159207.6142828946,660.5593717897345,44,5325.000000000001
C.Det.2|Wcav|LSOA:E01030425,R1,411591.1850165802,80827.95847183361,159207.6142828946,528.9260679324635,44,5325.000000000001
C.Det.2|Wcav|LSOA:E01030425,R2,411591.1850165802,80827.95847183361,159207.6142828946,528.9260679324635,44,5325.000000000001
C.Det.2|Wcav|LSOA:E01030426,R0,230138.9349014763,28424.03145513722,53142.269979981465,213.5944928114917,16,1713.9
C.Det.2|Wcav|LSOA:E01030426,R1,137580.69013703012,28424.03145513722,53142.269979981465,172.2688779230709,16,1713.9
C.Det.2|Wcav|LSOA:E01030426,R2,137580.69013703012,28424.03145513722,53142.269979981465,172.2688779230709,16,1713.9
C.Det.2|Wcav|LSOA:E01030427,R0,700801.6097551427,84576.98344869397,164575.5516466573,673.9205466495756,46,5434.000000000001
C.Det.2|Wcav|LSOA:E01030427,R1,419140.98901711404,84576.98344869397,164575.5516466573,539.3964270330276,46,5434.000000000001
C.Det.2|Wcav|LSOA:E01030427,R2,419140.98901711404,84576.98344869397,164575.5516466573,539.3964270330276,46,5434.000000000001
C.Det.2|Wcav|LSOA:E01030428,R0,713765.7540937727,82952.44365169396,163220.63735992118,701.9814245310959,47,5714.6
C.Det.2|Wcav|LSOA:E01030428,R1,433454.3334549521,82952.44365169396,163220.63735992118,569.3978000645911,47,5714.6
C.Det.2|Wcav|LSOA:E01030428,R2,433454.3334549521,82952.44365169396,163220.63735992118,569.3978000645911,47,5714.6
C.Det.2|Wcav|LSOA:E01030429,R0,174101.16001089022,20085.53755858365,41217.894718311305,178.22424446269093,11,1458.6999999999998
C.Det.2|Wcav|LSOA:E01030429,R1,105920.03442047091,20085.53755858365,41217.894718311305,143.51358493153944,11,1458.6999999999998
C.Det.2|Wcav|LSOA:E01030429,R2,105920.03442047091,20085.53755858365,41217.894718311305,143.51358493153944,11,1458.6999999999998
C.Det.2|Wcav|LSOA:E01030430,R0,1284695.773149971,133550.77750447724,283957.38594043616,1287.6753845743835,71,10525.700000000003
C.Det.2|Wcav|LSOA:E01030430,R1,783594.8246021818,133550.77750447724,283957.38594043616,1045.2203868349643,71,10525.700000000003
C.Det.2|Wcav|LSOA:E01030430,R2,783594.8246021818,133550.77750447724,283957.38594043616,1045.2203868349643,71,10525.700000000003
C.Det.2|Wcav|LSOA:E01030431,R0,815750.4488969557,90987.54653073444,185369.45947471895,797.797417412314,49,6484.4
C.Det.2|Wcav|LSOA:E01030431,R1,494373.0102819726,90987.54653073444,185369.45947471895,646.3777468531612,49,6484.4
C.Det.2|Wcav|LSOA:E01030431,R2,494373.0102819726,90987.54653073444,185369.45947471895,646.3777468531612,49,6484.4
C.Det.2|Wcav|LSOA:E01030432,R0,161767.54703388753,20687.118473516766,36276.751732751996,135.4861491064319,12,1064.0
C.Det.2|Wcav|LSOA:E01030432,R1,95438.73477401136,20687.118473516766,36276.751732751996,116.91245218724826,12,1064.0
C.Det.2|Wcav|LSOA:E01030432,R2,95438.73477401136,20687.118473516766,36276.751732751996,116.91245218724826,12,1064.0
C.Det.2|Wcav|LSOA:E01030433,R0,236863.95533701428,24130.564738816553,51908.91455939745,239.90511953605025,13,1968.0
C.Det.2|Wcav|LSOA:E01030433,R1,145507.92661545737,24130.564738816553,51908.91455939745,195.7959400602188,13,1968.0
C.Det.2|Wcav|LSOA:E01030433,R2,145507.92661545737,24130.564738816553,51908.91455939745,195.7959400602188,13,1968.0
C.Det.2|Wcav|LSOA:E01030440,R0,2222927.3014805615,161762.67531634326,417712.5200677266,2502.6792417600136,83,19449.000000000004
C.Det.2|Wcav|LSOA:E01030440,R1,1407683.805160699,161762.67531634326,417712.5200677266,2191.827365411941,83,19449.000000000004
C.Det.2|Wcav|LSOA:E01030440,R2,1407683.805160699,161762.67531634326,417712.5200677266,2191.827365411941,83,19449.000000000004
C.Det.2|Wcav|LSOA:E01030441,R0,1114221.8048523432,100883.927255513,232953.67711142448,1173.062577786324,54,9610.599999999999
C.Det.2|Wcav|LSOA:E01030441,R1,691636.2538457385,100883.927255513,232953.67711142448,984.8151366307325,54,9610.599999999999
C.Det.2|Wcav|LSOA:E01030441,R2,691636.2538457385,100883.927255513,232953.67711142448,984.8151366307325,54,9610.599999999999
C.Det.2|Wcav|LSOA:E01030442,R0,3518660.3519330183,258825.8162000375,670401.2333919015,3953.398978179689,132,31127.7
C.Det.2|Wcav|LSOA:E01030442,R1,2225011.604567972,258825.8162000375,670401.2333919015,3459.0497367773783,132,31127.7
C.Det.2|Wcav|LSOA:E01030442,R2,2225011.604567972,258825.8162000375,670401.2333919015,3459.0497367773783,132,31127.7
C.Det.2|Wcav|LSOA:E01030443,R0,2645115.0821170593,226640.04539740388,539816.2794093676,2810.749555038409,118,22980.400000000005
C.Det.2|Wcav|LSOA:E01030443,R1,1654439.0731921305,226640.04539740388,539816.2794093676,2412.8401060588276,118,22980.400000000005
C.Det.2|Wcav|LSOA:E01030443,R2,1654439.0731921305,226640.04539740388,539816.2794093676,2412.8401060588276,118,22980.400000000005
C.Det.2|Wcav|LSOA:E01030444,R0,1454383.9729895596,150262.55071448706,330673.2668113363,1529.631249235487,79,12583.400000000001
C.Det.2|Wcav|LSOA:E01030444,R1,891980.3917891085,150262.55071448706,330673.2668113363,1261.2090454481072,79,12583.400000000001
C.Det.2|Wcav|LSOA:E01030444,R2,891980.3917891085,150262.55071448706,330673.2668113363,1261.2090454481072,79,12583.400000000001
C.Det.2|Wcav|LSOA:E01030445,R0,1603716.6095354932,126037.96827808303,314950.0245628434,1762.6308089124373,65,14084.100000000002
C.Det.2|Wcav|LSOA:E01030445,R1,1010331.2703367578,126037.96827808303,314950.0245628434,1536.7871227608393,65,14084.100000000002
C.Det.2|Wcav|LSOA:E01030445,R2,1010331.2703367578,126037.96827808303,314950.0245628434,1536.7871227608393,65,14084.100000000002
C.Det.2|Wcav|LSOA:E01030446,R0,1594619.2232712572,146701.9945692157,334119.60676465626,1654.7064114651398,78,13551.999999999998
C.Det.2|Wcav|LSOA:E01030446,R1,988230.5965791196,146701.9945692157,334119.60676465626,1366.1966550114937,78,13551.999999999998
C.Det.2|Wcav|LSOA:E01030446,R2,988230.5965791196,146701.9945692157,334119.60676465626,1366.1966550114937,78,13551.999999999998
C.Det.2|Wcav|LSOA:E01030447,R0,1066699.0199978615,113381.318315774,239122.64259912612,1063.3646767748453,60,8678.5
C.Det.2|Wcav|LSOA:E01030447,R1,649208.5491190886,113381.318315774,239122.64259912612,862.0224676573395,60,8678.5
C.Det.2|Wcav|LSOA:E01030447,R2,649208.5491190886,113381.318315774,239122.64259912612,862.0224676573395,60,8678.5
C.Det.2|Wcav|LSOA:E01030458,R0,838153.0055507901,79115.03743104724,177326.55570148124,859.4101328905448,43,7043.099999999999
C.Det.2|Wcav|LSOA:E01030458,R1,517388.2213004442,79115.03743104724,177326.55570148124,701.1867962884539,43,7043.099999999999
C.Det.2|Wcav|LSOA:E01030458,R2,517388.2213004442,79115.03743104724,177326.55570148124,701.1867962884539,43,7043.099999999999
C.Det.2|Wcav|LSOA:E01030459,R0,175963.57180245387,20337.061158659475,41795.37596651663,179.09494956546393,11,1463.8
C.Det.2|Wcav|LSOA:E01030459,R1,106867.85216658036,20337.061158659475,41795.37596651663,144.11557136512855,11,1463.8
C.Det.2|Wcav|LSOA:E01030459,R2,106867.85216658036,20337.061158659475,41795.37596651663,144.11557136512855,11,1463.8
C.Det.2|Wcav|LSOA:E01030465,R0,1130346.4926774548,110236.40173420195,240438.47777512224,1138.9163667537514,59,9336.9
C.Det.2|Wcav|LSOA:E01030465,R1,694987.6702739571,110236.40173420195,240438.47777512224,931.3734536187944,59,9336.9
C.Det.2|Wcav|LSOA:E01030465,R2,694987.6702739571,110236.40173420195,240438.47777512224,931.3734536187944,59,9336.9
C.Det.2|Wcav|LSOA:E01030466,R0,905558.2197417023,101601.06958170072,204625.07944090525,878.386376209284,56,7133.099999999999
C.Det.2|Wcav|LSOA:E01030466,R1,548924.6325709225,101601.06958170072,204625.07944090525,713.263656752076,56,7133.099999999999
C.Det.2|Wcav|LSOA:E01030466,R2,548924.6325709225,101601.06958170072,204625.07944090525,713.263656752076,56,7133.099999999999
C.Det.2|Wcav|LSOA:E01030471,R0,1259279.0610711514,104101.71867927386,251341.8521524897,1330.7037593699936,55,10878.000000000002
C.Det.2|Wcav|LSOA:E01030471,R1,787179.5060222468,104101.71867927386,251341.8521524897,1141.1242986962463,55,10878.000000000002
C.Det.2|Wcav|LSOA:E01030471,R2,787179.5060222468,104101.71867927386,251341.8521524897,1141.1242986962463,55,10878.000000000002
C.Det.2|Wcav|LSOA:E01030472,R0,804424.3393002518,66456.8278212221,158781.02168350326,837.8159451035614,36,6844.999999999999
C.Det.2|Wcav|LSOA:E01030472,R1,502299.0473381594,66456.8278212221,158781.02168350326,718.323678021077,36,6844.999999999999
C.Det.2|Wcav|LSOA:E01030472,R2,502299.0473381594,66456.8278212221,158781.02168350326,718.323678021077,36,6844.999999999999
C.Det.2|Wcav|LSOA:E01030473,R0,1451460.6355477055,132640.4613167384,303059.9334655149,1514.0361120274144,71,12391.000000000002
C.Det.2|Wcav|LSOA:E01030473,R1,902190.6303190726,132640.4613167384,303059.9334655149,1261.9920037343,71,12391.000000000002
C.Det.2|Wcav|LSOA:E01030473,R2,902190.6303190726,132640.4613167384,303059.9334655149,1261.9920037343,71,12391.000000000002
C.Det.2|Wcav|LSOA:E01030475,R0,1526414.5355861103,145994.91012158923,327651.71126363135,1580.53232379454,77,12979.5
C.Det.2|Wcav|LSOA:E01030475,R1,938375.3017036899,145994.91012158923,327651.71126363135,1286.904217962373,77,12979.5
C.Det.2|Wcav|LSOA:E01030475,R2,938375.3017036899,145994.91012158923,327651.71126363135,1286.904217962373,77,12979.5
C.Det.2|Wcav|LSOA:E01030476,R0,1248623.7889063624,126050.22648357888,267098.0494492224,1237.5630407591227,67,10101.9
C.Det.2|Wcav|LSOA:E01030476,R1,761379.1684262282,126050.22648357888,267098.0494492224,1006.9134732663446,67,10101.9
C.Det.2|Wcav|LSOA:E01030476,R2,761379.1684262282,126050.22648357888,267098.0494492224,1006.9134732663446,67,10101.9
C.Det.2|Wcav|LSOA:E01030477,R0,646192.2568936253,68902.01034456778,145319.36686879947,655.0382110719326,37,5361.700000000001
C.Det.2|Wcav|LSOA:E01030477,R1,394226.25590728107,68902.01034456778,145319.36686879947,530.409059916709,37,5361.700000000001
C.Det.2|Wcav|LSOA:E01030477,R2,394226.25590728107,68902.01034456778,145319.36686879947,530.409059916709,37,5361.700000000001
C.Det.2|Wcav|LSOA:E01030478,R0,1170389.44585724,96820.73053749965,234460.42352828174,1239.6752436525246,51,10131.599999999999
C.Det.2|Wcav|LSOA:E01030478,R1,732402.387860077,96820.73053749965,234460.42352828174,1068.8753582649342,51,10131.599999999999
C.Det.2|Wcav|LSOA:E01030478,R2,732402.387860077,96820.73053749965,234460.42352828174,1068.8753582649342,51,10131.599999999999
C.Det.2|Wcav|LSOA:E01030479,R0,237847.334651294,28644.118709067385,54924.21214559807,225.28157754966907,16,1814.4
C.Det.2|Wcav|LSOA:E01030479,R1,142505.57793605013,28644.118709067385,54924.21214559807,181.34035019105505,16,1814.4
C.Det.2|Wcav|LSOA:E01030479,R2,142505.57793605013,28644.118709067385,54924.21214559807,181.34035019105505,16,1814.4
C.Det.2|Wcav|LSOA:E01030480,R0,2145399.444919584,200497.48105001455,458610.36931367323,2256.4336173247016,105,18502.800000000003
C.Det.2|Wcav|LSOA:E01030480,R1,1328093.580596088,200497.48105001455,458610.36931367323,1885.1965980685025,105,18502.800000000003
C.Det.2|Wcav|LSOA:E01030480,R2,1328093.580596088,200497.48105001455,458610.36931367323,1885.1965980685025,105,18502.800000000003
C.Det.2|Wcav|LSOA:E01030490,R0,1257203.231872815,129197.25442311869,279693.37276477786,1269.1905331060966,70,10402.800000000001
C.Det.2|Wcav|LSOA:E01030490,R1,770228.4222732403,129197.25442311869,279693.37276477786,1033.8457631056547,70,10402.800000000001
C.Det.2|Wcav|LSOA:E01030490,R2,770228.4222732403,129197.25442311869,279693.37276477786,1033.8457631056547,70,10402.800000000001
C.Det.2|Wcav|LSOA:E01030491,R0,817054.3017438685,67101.16398511743,161215.6593008716,849.096652164387,35,6936.300000000001
C.Det.2|Wcav|LSOA:E01030491,R1,510156.9239378477,67101.16398511743,161215.6593008716,728.4633366081646,35,6936.300000000001
C.Det.2|Wcav|LSOA:E01030491,R2,510156.9239378477,67101.16398511743,161215.6593008716,728.4633366081646,35,6936.300000000001
C.Det.2|Wcav|LSOA:E01030492,R0,2014984.7737220814,178133.0781084365,422111.2500626565,2108.782754180039,94,17258.300000000003
C.Det.2|Wcav|LSOA:E01030492,R1,1253240.418946399,178133.0781084365,422111.2500626565,1765.003963574362,94,17258.300000000003
C.Det.2|Wcav|LSOA:E01030492,R2,1253240.418946399,178133.0781084365,422111.2500626565,1765.003963574362,94,17258.300000000003
C.Det.2|Wcav|LSOA:E01030499,R0,806252.9163636465,82393.18875060574,176163.2226173242,815.6627864238386,44,6683.799999999998
C.Det.2|Wcav|LSOA:E01030499,R1,493392.32266843587,82393.18875060574,176163.2226173242,663.1883887742908,44,6683.799999999998
C.Det.2|Wcav|LSOA:E01030499,R2,493392.32266843587,82393.18875060574,176163.2226173242,663.1883887742908,44,6683.799999999998
C.Det.2|Wcav|LSOA:E01030500,R0,511530.23125085176,58747.42202969212,114396.42940338465,473.3981249049651,32,3802.8
C.Det.2|Wcav|LSOA:E01030500,R1,306776.6072163831,58747.42202969212,114396.42940338465,383.60883523039263,32,3802.8
C.Det.2|Wcav|LSOA:E01030500,R2,306776.6072163831,58747.42202969212,114396.42940338465,383.60883523039263,32,3802.8
C.Det.2|Wcav|LSOA:E01030501,R0,552740.1722754757,47411.70648404986,110938.66174969406,570.5876990252035,25,4660.8
C.Det.2|Wcav|LSOA:E01030501,R1,344771.6006551641,47411.70648404986,110938.66174969406,487.90585848878663,25,4660.8
C.Det.2|Wcav|LSOA:E01030501,R2,344771.6006551641,47411.70648404986,110938.66174969406,487.90585848878663,25,4660.8
C.Det.2|Wcav|LSOA:E01030502,R0,607672.742548152,68418.5813653052,137771.4424611673,599.8264560229418,38,4881.2
C.Det.2|Wcav|LSOA:E01030502,R1,368357.9410235564,68418.5813653052,137771.4424611673,485.0550070834329,38,4881.2
C.Det.2|Wcav|LSOA:E01030502,R2,368357.9410235564,68418.5813653052,137771.4424611673,485.0550070834329,38,4881.2
C.Det.2|Wcav|LSOA:E01030504,R0,575241.1492761952,66820.28529529348,129957.62236718138,541.5409613155126,37,4374.8
C.Det.2|Wcav|LSOA:E01030504,R1,347530.8527150989,66820.28529529348,129957.62236718138,441.09017084129715,37,4374.8
C.Det.2|Wcav|LSOA:E01030504,R2,347530.8527150989,66820.28529529348,129957.62236718138,441.09017084129715,37,4374.8
C.Det.2|Wcav|SUB:SPN-R000000852116-000-001Z,R0,211562.19489549153,25411.321095836545,48500.01039253874,195.9688392742872,14,1571.4
C.Det.2|Wcav|SUB:SPN-R000000852116-000-001Z,R1,126362.37353737385,25411.321095836545,48500.01039253874,157.94721220986682,14,1571.4
C.Det.2|Wcav|SUB:SPN-R000000852116-000-001Z,R2,126362.37353737385,25411.321095836545,48500.01039253874,157.94721220986682,14,1571.4
C.Det.2|Wcav|SUB:SPN-S000000171613,R0,363228.85362030414,37954.74747000339,82039.10035135038,375.08140177032647,20,3074.9999999999995
C.Det.2|Wcav|SUB:SPN-S000000171613,R1,221346.21348849114,37954.74747000339,82039.10035135038,301.99846945926146,20,3074.9999999999995
C.Det.2|Wcav|SUB:SPN-S000000171613,R2,221346.21348849114,37954.74747000339,82039.10035135038,301.99846945926146,20,3074.9999999999995
C.Det.2|Wcav|SUB:SPN-S000000171614,R0,276697.3871407492,25169.592720616725,59404.46482693491,300.5324750770375,13,2462.6000000000004
C.Det.2|Wcav|SUB:SPN-S000000171614,R1,172645.69652012712,25169.592720616725,59404.46482693491,261.64124946679044,13,2462.6000000000004
C.Det.2|Wcav|SUB:SPN-S000000171614,R2,172645.69652012712,25169.592720616725,59404.46482693491,261.64124946679044,13,2462.6000000000004
C.Det.2|Wcav|SUB:SPN-S000000171622,R0,368527.1260032288,32920.99115246624,78693.88868013042,407.3650141996313,17,3279.3
C.Det.2|Wcav|SUB:SPN-S000000171622,R1,232147.4240857276,32920.99115246624,78693.88868013042,355.27667426998136,17,3279.3
C.Det.2|Wcav|SUB:SPN-S000000171622,R2,232147.4240857276,32920.99115246624,78693.88868013042,355.27667426998136,17,3279.3
C.Det.2|Wcav|SUB:SPN-S000000171623,R0,381820.3570470898,38342.31613258769,86241.33290553377,406.93100043534474,20,3337.7
C.Det.2|Wcav|SUB:SPN-S000000171623,R1,236743.76445581412,38342.31613258769,86241.33290553377,345.1466360327961,20,3337.7
C.Det.2|Wcav|SUB:SPN-S000000171623,R2,236743.76445581412,38342.31613258769,86241.33290553377,345.1466360327961,20,3337.7
C.Det.2|Wcav|SUB:SPN-S000000171624,R0,190008.9991040763,19306.354263396363,44316.913393178926,224.97070892567794,10,1751.3
C.Det.2|Wcav|SUB:SPN-S000000171624,R1,117045.81292976585,19306.354263396363,44316.913393178926,190.22642568501593,10,1751.3
C.Det.2|Wcav|SUB:SPN-S000000171624,R2,117045.81292976585,19306.354263396363,44316.913393178926,190.22642568501593,10,1751.3
C.Det.2|Wcav|SUB:SPN-S000000171679,R0,300580.70340003574,19809.3643342342,54252.88314937099,360.6869267361111,10,2674.3
C.Det.2|Wcav|SUB:SPN-S000000171679,R1,192581.84099753838,19809.3643342342,54252.88314937099,322.4614532669202,10,2674.3
C.Det.2|Wcav|SUB:SPN-S000000171679,R2,192581.84099753838,19809.3643342342,54252.88314937099,322.4614532669202,10,2674.3
C.Det.2|Wcav|SUB:SPN-S000000171680,R0,242600.91573534926,21141.526908415726,50198.088680961664,259.17665285468445,11,2124.5
C.Det.2|Wcav|SUB:SPN-S000000171680,R1,150755.16465593924,21141.526908415726,50198.088680961664,220.9968754947536,11,2124.5
C.Det.2|Wcav|SUB:SPN-S000000171680,R2,150755.16465593924,21141.526908415726,50198.088680961664,220.9968754947536,11,2124.5
C.Det.2|Wcav|SUB:SPN-S000000171681,R0,267993.2217301262,21403.898084441054,53026.97171459015,283.84528761717814,11,2316.7
C.Det.2|Wcav|SUB:SPN-S000000171681,R1,167862.8680049031,21403.898084441054,53026.97171459015,246.01268577510825,11,2316.7
C.Det.2|Wcav|SUB:SPN-S000000171681,R2,167862.8680049031,21403.898084441054,53026.97171459015,246.01268577510825,11,2316.7
C.Det.2|Wcav|SUB:SPN-S000000171709,R0,254351.6904242216,25006.29005883115,57089.67761099679,282.2272959285157,13,2286.4
C.Det.2|Wcav|SUB:SPN-S000000171709,R1,157336.75090695522,25006.29005883115,57089.67761099679,240.8299151463558,13,2286.4
C.Det.2|Wcav|SUB:SPN-S000000171709,R2,157336.75090695522,25006.29005883115,57089.67761099679,240.8299151463558,13,2286.4
C.Det.2|Wcav|SUB:SPN-S000000171711,R0,335757.62357407785,28981.73788328872,69450.70666022878,360.5587538529354,15,2948.2000000000003
C.Det.2|Wcav|SUB:SPN-S000000171711,R1,210355.06124034006,28981.73788328872,69450.70666022878,312.3758798111751,15,2948.2000000000003
C.Det.2|Wcav|SUB:SPN-S000000171711,R2,210355.06124034006,28981.73788328872,69450.70666022878,312.3758798111751,15,2948.2000000000003
C.Det.2|Wcav|SUB:SPN-S000000171713,R0,257672.27555672132,24693.28936015219,52991.78302804101,245.35890985687473,13,1997.7
C.Det.2|Wcav|SUB:SPN-S000000171713,R1,157862.3849516047,24693.28936015219,52991.78302804101,202.7689421165592,13,1997.7
C.Det.2|Wcav|SUB:SPN-S000000171713,R2,157862.3849516047,24693.28936015219,52991.78302804101,202.7689421165592,13,1997.7
C.Det.2|Wcav|SUB:SPN-S000000171714,R0,333234.04054522066,32854.31523109017,76072.28534501694,381.68353452752973,17,3048.2
C.Det.2|Wcav|SUB:SPN-S000000171714,R1,207063.89040733644,32854.31523109017,76072.28534501694,328.2908713562334,17,3048.2
C.Det.2|Wcav|SUB:SPN-S000000171714,R2,207063.89040733644,32854.31523109017,76072.28534501694,328.2908713562334,17,3048.2
C.Det.2|Wcav|SUB:SPN-S000000171715,R0,415042.1165391831,36673.853494900504,86216.36720768822,436.3541760078004,19,3577.1
C.Det.2|Wcav|SUB:SPN-S000000171715,R1,257120.37390190456,36673.853494900504,86216.36720768822,364.80954860148245,19,3577.1
C.Det.2|Wcav|SUB:SPN-S000000171715,R2,257120.37390190456,36673.853494900504,86216.36720768822,364.80954860148245,19,3577.1
C.Det.2|Wcav|SUB:SPN-S000000171746,R0,261970.58703646774,34144.64665962376,61840.38819543712,235.55212097300543,19,1873.0000000000002
C.Det.2|Wcav|SUB:SPN-S000000171746,R1,155076.21079541644,34144.64665962376,61840.38819543712,188.9809264679766,19,1873.0000000000002
C.Det.2|Wcav|SUB:SPN-S000000171746,R2,155076.21079541644,34144.64665962376,61840.38819543712,188.9809264679766,19,1873.0000000000002
C.Det.2|Wcav|SUB:SPN-S000000171749,R0,219566.08890108232,20827.591957274322,46731.00277224522,223.77343947916629,11,1836.2
C.Det.2|Wcav|SUB:SPN-S000000171749,R1,134543.6178640524,20827.591957274322,46731.00277224522,181.9042216803835,11,1836.2
C.Det.2|Wcav|SUB:SPN-S000000171749,R2,134543.6178640524,20827.591957274322,46731.00277224522,181.9042216803835,11,1836.2
C.Det.2|Wcav|SUB:SPN-S000000171775,R0,242248.74471221794,28733.40809349243,55386.913914742894,228.77957679937717,16,1839.9
C.Det.2|Wcav|SUB:SPN-S000000171775,R1,144803.97377804067,28733.40809349243,55386.913914742894,183.7451752810177,16,1839.9
C.Det.2|Wcav|SUB:SPN-S000000171775,R2,144803.97377804067,28733.40809349243,55386.913914742894,183.7451752810177,16,1839.9
C.Det.2|Wcav|SUB:SPN-S000000171780,R0,223276.9364065652,27433.829714905944,51089.24937114499,200.05493794955208,15,1589.8
C.Det.2|Wcav|SUB:SPN-S000000171780,R1,132148.36227667847,27433.829714905944,51089.24937114499,160.59617296109272,15,1589.8
C.Det.2|Wcav|SUB:SPN-S000000171780,R2,132148.36227667847,27433.829714905944,51089.24937114499,160.59617296109272,15,1589.8
C.Det.2|Wcav|SUB:SPN-S000000171781,R0,327267.2031322768,38507.929216847755,72990.42670354407,293.3327522072946,21,2331.2000000000003
C.Det.2|Wcav|SUB:SPN-S000000171781,R1,193699.2124978422,38507.929216847755,72990.42670354407,235.46208457632642,21,2331.2000000000003
C.Det.2|Wcav|SUB:SPN-S000000171781,R2,193699.2124978422,38507.929216847755,72990.42670354407,235.46208457632642,21,2331.2000000000003
C.Det.2|Wcav|SUB:SPN-S000000171789,R0,203925.20674943365,22378.05673489975,43233.687175001105,176.82555191835266,12,1397.3000000000002
C.Det.2|Wcav|SUB:SPN-S000000171789,R1,120505.04236910703,22378.05673489975,43233.687175001105,142.73814629669005,12,1397.3000000000002
C.Det.2|Wcav|SUB:SPN-S000000171789,R2,120505.04236910703,22378.05673489975,43233.687175001105,142.73814629669005,12,1397.3000000000002
C.Det.2|Wcav|SUB:SPN-S000000171790,R0,277727.9652718333,29870.612392645555,61488.54044976141,271.5514084276073,16,2206.6000000000004
C.Det.2|Wcav|SUB:SPN-S000000171790,R1,168231.26358673535,29870.612392645555,61488.54044976141,219.89500953771727,16,2206.6000000000004
C.Det.2|Wcav|SUB:SPN-S000000171790,R2,168231.26358673535,29870.612392645555,61488.54044976141,219.89500953771727,16,2206.6000000000004
C.Det.2|Wcav|SUB:SPN-S000000171815,R0,435871.75133873813,31415.272646795653,82200.15291177903,493.0905207980423,16,3866.0
C.Det.2|Wcav|SUB:SPN-S000000171815,R1,275937.359102267,31415.272646795653,82200.15291177903,431.89153539720024,16,3866.0
C.Det.2|Wcav|SUB:SPN-S000000171815,R2,275937.359102267,31415.272646795653,82200.15291177903,431.89153539720024,16,3866.0
C.Det.2|Wcav|SUB:SPN-S000000171816,R0,369702.23651021085,23814.28825469107,66294.63684450318,434.0681862501772,12,3304.7000000000003
C.Det.2|Wcav|SUB:SPN-S000000171816,R1,235677.31417577594,23814.28825469107,66294.63684450318,382.4712266889586,12,3304.7000000000003
C.Det.2|Wcav|SUB:SPN-S000000171816,R2,235677.31417577594,23814.28825469107,66294.63684450318,382.4712266889586,12,3304.7000000000003
C.Det.2|Wcav|SUB:SPN-S000000171830,R0,203453.33496424882,24096.004661865645,47314.91820497845,195.71064096113895,13,1579.9
C.Det.2|Wcav|SUB:SPN-S000000171830,R1,121987.16901213478,24096.004661865645,47314.91820497845,157.11468268192974,13,1579.9
C.Det.2|Wcav|SUB:SPN-S000000171830,R2,121987.16901213478,24096.004661865645,47314.91820497845,157.11468268192974,13,1579.9
C.Det.2|Wcav|SUB:SPN-S000000171832,R0,310109.38093758415,36355.56310738436,70315.73660214871,288.73293388057465,20,2316.7000000000003
C.Det.2|Wcav|SUB:SPN-S000000171832,R1,185198.48294792013,36355.56310738436,70315.73660214871,232.39590127541442,20,2316.7000000000003
C.Det.2|Wcav|SUB:SPN-S000000171832,R2,185198.48294792013,36355.56310738436,70315.73660214871,232.39590127541442,20,2316.7000000000003
C.Det.2|Wcav|SUB:SPN-S000000171836,R0,645554.0350669519,50044.47169719047,125831.88871984516,718.8898778173892,26,5703.299999999999
C.Det.2|Wcav|SUB:SPN-S000000171836,R1,407533.5872523147,50044.47169719047,125831.88871984516,628.0503196022719,26,5703.299999999999
C.Det.2|Wcav|SUB:SPN-S000000171836,R2,407533.5872523147,50044.47169719047,125831.88871984516,628.0503196022719,26,5703.299999999999
C.Det.2|Wcav|SUB:SPN-S000000171837,R0,303295.13762305933,23506.728377079686,59849.75346676391,338.36117904088724,12,2739.7
C.Det.2|Wcav|SUB:SPN-S000000171837,R1,191135.52911739727,23506.728377079686,59849.75346676391,300.03115566873737,12,2739.7
C.Det.2|Wcav|SUB:SPN-S000000171837,R2,191135.52911739727,23506.728377079686,59849.75346676391,300.03115566873737,12,2739.7
C.Det.2|Wcav|SUB:SPN-S000000171839,R0,328909.2455716193,30485.002586141756,68960.94222361343,338.35191054375406,16,2771.2
C.Det.2|Wcav|SUB:SPN-S000000171839,R1,203498.35980580235,30485.002586141756,68960.94222361343,276.22669202547706,16,2771.2
C.Det.2|Wcav|SUB:SPN-S000000171839,R2,203498.35980580235,30485.002586141756,68960.94222361343,276.22669202547706,16,2771.2
C.Det.2|Wcav|SUB:SPN-S000000171850,R0,432049.381781938,45845.84900114166,99374.87855017246,450.4937414382168,24,3691.2
C.Det.2|Wcav|SUB:SPN-S000000171850,R1,262258.4673034715,45845.84900114166,99374.87855017246,360.8990871511662,24,3691.2
C.Det.2|Wcav|SUB:SPN-S000000171850,R2,262258.4673034715,45845.84900114166,99374.87855017246,360.8990871511662,24,3691.2
C.Det.2|Wcav|SUB:SPN-S000000171854,R0,503452.0648327686,56384.967896565184,115317.07956742105,493.52820549013165,30,4002.9999999999995
C.Det.2|Wcav|SUB:SPN-S000000171854,R1,303483.0500434742,56384.967896565184,115317.07956742105,397.0590425060841,30,4002.9999999999995
C.Det.2|Wcav|SUB:SPN-S000000171854,R2,303483.0500434742,56384.967896565184,115317.07956742105,397.0590425060841,30,4002.9999999999995
C.Det.2|Wcav|SUB:SPN-S000000171855,R0,226822.7658157865,28445.90334413525,54134.15161807995,218.02758828104677,16,1763.5
C.Det.2|Wcav|SUB:SPN-S000000171855,R1,136619.80427322804,28445.90334413525,54134.15161807995,176.04402294910355,16,1763.5
C.Det.2|Wcav|SUB:SPN-S000000171855,R2,136619.80427322804,28445.90334413525,54134.15161807995,176.04402294910355,16,1763.5
C.Det.2|Wcav|SUB:SPN-S000000171856,R0,229023.46966001234,24624.189864713095,51410.01081180747,224.88997920746638,13,1821.6999999999998
C.Det.2|Wcav|SUB:SPN-S000000171856,R1,137582.5518992645,24624.189864713095,51410.01081180747,180.10939495855996,13,1821.6999999999998
C.Det.2|Wcav|SUB:SPN-S000000171856,R2,137582.5518992645,24624.189864713095,51410.01081180747,180.10939495855996,13,1821.6999999999998
C.Det.2|Wcav|SUB:SPN-S000000171858,R0,238191.27575216978,23077.089524434225,52457.334877104804,253.34897938939272,12,2081.0
C.Det.2|Wcav|SUB:SPN-S000000171858,R1,147015.90942385362,23077.089524434225,52457.334877104804,213.1237839866872,12,2081.0
C.Det.2|Wcav|SUB:SPN-S000000171858,R2,147015.90942385362,23077.089524434225,52457.334877104804,213.1237839866872,12,2081.0
C.Det.2|Wcav|SUB:SPN-S000000171862,R0,500061.37094532803,44367.26877751787,105995.41554539179,543.3219342322648,23,4443.6
C.Det.2|Wcav|SUB:SPN-S000000171862,R1,313777.9503235696,44367.26877751787,105995.41554539179,476.69618874572177,23,4443.6
C.Det.2|Wcav|SUB:SPN-S000000171862,R2,313777.9503235696,44367.26877751787,105995.41554539179,476.69618874572177,23,4443.6
C.Det.2|Wcav|SUB:SPN-S000000171863,R0,430040.67482863297,41760.92168339905,91752.82224711144,433.0952215185142,22,3541.8999999999996
C.Det.2|Wcav|SUB:SPN-S000000171863,R1,266170.94543930027,41760.92168339905,91752.82224711144,356.30445380276785,22,3541.8999999999996
C.Det.2|Wcav|SUB:SPN-S000000171863,R2,266170.94543930027,41760.92168339905,91752.82224711144,356.30445380276785,22,3541.8999999999996
C.Det.2|Wcav|SUB:SPN-S000000171864,R0,221777.93022840464,24856.525151613027,53420.936234119865,245.32685714228526,13,1953.4
C.Det.2|Wcav|SUB:SPN-S000000171864,R1,134635.29783797375,24856.525151613027,53420.936234119865,202.94448541041712,13,1953.4
C.Det.2|Wcav|SUB:SPN-S000000171864,R2,134635.29783797375,24856.525151613027,53420.936234119865,202.94448541041712,13,1953.4
C.Det.2|Wcav|SUB:SPN-S000000171866,R0,333966.96007417084,23655.04070763226,62758.59085079485,384.40155894938704,12,2997.7
C.Det.2|Wcav|SUB:SPN-S000000171866,R1,211936.8592645097,23655.04070763226,62758.59085079485,337.48993209474503,12,2997.7
C.Det.2|Wcav|SUB:SPN-S000000171866,R2,211936.8592645097,23655.04070763226,62758.59085079485,337.48993209474503,12,2997.7
C.Det.2|Wcav|SUB:SPN-S000000171867,R0,249724.34173095424,19574.758881207505,50049.37385563519,293.5366448696146,10,2231.7000000000003
C.Det.2|Wcav|SUB:SPN-S000000171867,R1,159235.64013908297,19574.758881207505,50049.37385563519,258.6973405896873,10,2231.7000000000003
C.Det.2|Wcav|SUB:SPN-S000000171867,R2,159235.64013908297,19574.758881207505,50049.37385563519,258.6973405896873,10,2231.7000000000003
C.Det.2|Wcav|SUB:SPN-S000000171868,R0,546849.9077492454,37480.308916250986,100755.4381555845,634.5170378264311,19,4837.400000000001
C.Det.2|Wcav|SUB:SPN-S000000171868,R1,348086.881178282,37480.308916250986,100755.4381555845,558.2815530470966,19,4837.400000000001
C.Det.2|Wcav|SUB:SPN-S000000171868,R2,348086.881178282,37480.308916250986,100755.4381555845,558.2815530470966,19,4837.400000000001
C.Det.2|Wcav|SUB:SPN-S000000171871,R0,411996.8266364973,44961.09000981397,90415.69741107139,380.6659518779336,24,3059.5
C.Det.2|Wcav|SUB:SPN-S000000171871,R1,247475.39870358864,44961.09000981397,90415.69741107139,309.204178549138,24,3059.5
C.Det.2|Wcav|SUB:SPN-S000000171871,R2,247475.39870358864,44961.09000981397,90415.69741107139,309.204178549138,24,3059.5
C.Det.2|Wcav|SUB:SPN-S000000171872,R0,383513.6023761468,37969.651835552664,83658.07256520708,394.9786896051887,20,3241.7999999999997
C.Det.2|Wcav|SUB:SPN-S000000171872,R1,235924.2138928072,37969.651835552664,83658.07256520708,321.1658529452138,20,3241.7999999999997
C.Det.2|Wcav|SUB:SPN-S000000171872,R2,235924.2138928072,37969.651835552664,83658.07256520708,321.1658529452138,20,3241.7999999999997
C.Det.2|Wcav|SUB:SPN-S000000171875,R0,429366.7938610772,49164.77831115849,99650.72064690302,418.0499860637257,26,3377.6
C.Det.2|Wcav|SUB:SPN-S000000171875,R1,257041.0040266114,49164.77831115849,99650.72064690302,337.06552699743816,26,3377.6
C.Det.2|Wcav|SUB:SPN-S000000171875,R2,257041.0040266114,49164.77831115849,99650.72064690302,337.06552699743816,26,3377.6
C.Det.2|Wcav|SUB:SPN-S000000171877,R0,452152.7026030511,35106.946005444945,87812.12707229596,481.6578641031289,18,3930.0000000000005
C.Det.2|Wcav|SUB:SPN-S000000171877,R1,283386.32640291075,35106.946005444945,87812.12707229596,417.7799809211342,18,3930.0000000000005
C.Det.2|Wcav|SUB:SPN-S000000171877,R2,283386.32640291075,35106.946005444945,87812.12707229596,417.7799809211342,18,3930.0000000000005
C.Det.2|Wcav|SUB:SPN-S000000171885,R0,228496.3617163991,20929.578143808554,48075.12384248971,237.9334653060409,11,1933.9
C.Det.2|Wcav|SUB:SPN-S000000171885,R1,142935.7019647001,20929.578143808554,48075.12384248971,205.8064327833455,11,1933.9
C.Det.2|Wcav|SUB:SPN-S000000171885,R2,142935.7019647001,20929.578143808554,48075.12384248971,205.8064327833455,11,1933.9
C.Det.2|Wcav|SUB:SPN-S000000171886,R0,240139.639588748,24717.414138279433,53523.42737604871,246.34323431368222,13,2021.0
C.Det.2|Wcav|SUB:SPN-S000000171886,R1,146835.43147361444,24717.414138279433,53523.42737604871,199.4392312981886,13,2021.0
C.Det.2|Wcav|SUB:SPN-S000000171886,R2,146835.43147361444,24717.414138279433,53523.42737604871,199.4392312981886,13,2021.0
C.Det.2|Wcav|SUB:SPN-S000000171925,R0,476430.0903808272,31681.654716444602,87074.12285590416,560.568731031436,16,4256.799999999999
C.Det.2|Wcav|SUB:SPN-S000000171925,R1,303862.36592497304,31681.654716444602,87074.12285590416,494.12311233677457,16,4256.799999999999
C.Det.2|Wcav|SUB:SPN-S000000171925,R2,303862.36592497304,31681.654716444602,87074.12285590416,494.12311233677457,16,4256.799999999999
C.Det.2|Wcav|SUB:SPN-S000000171927,R0,320886.61027203605,25427.53739466578,64900.69381863831,363.8200290289293,13,2889.2
C.Det.2|Wcav|SUB:SPN-S000000171927,R1,202947.96849535118,25427.53739466578,64900.69381863831,318.529311270476,13,2889.2
C.Det.2|Wcav|SUB:SPN-S000000171927,R2,202947.96849535118,25427.53739466578,64900.69381863831,318.529311270476,13,2889.2
C.Det.2|Wcav|SUB:SPN-S000000171968,R0,308771.3052812988,21696.319691205517,58287.87312815493,358.96267323731576,11,2765.8
C.Det.2|Wcav|SUB:SPN-S000000171968,R1,196391.07616735995,21696.319691205517,58287.87312815493,315.72974784834423,11,2765.8
C.Det.2|Wcav|SUB:SPN-S000000171968,R2,196391.07616735995,21696.319691205517,58287.87312815493,315.72974784834423,11,2765.8
C.Det.2|Wcav|SUB:SPN-S000000171971,R0,263518.61246793444,19643.383842471772,50421.59652913925,299.9980959529124,10,2370.7000000000003
C.Det.2|Wcav|SUB:SPN-S000000171971,R1,166817.11800327612,19643.383842471772,50421.59652913925,262.8522934845344,10,2370.7000000000003
C.Det.2|Wcav|SUB:SPN-S000000171971,R2,166817.11800327612,19643.383842471772,50421.59652913925,262.8522934845344,10,2370.7000000000003
C.Det.2|Wcav|SUB:SPN-S000000171973,R0,267392.47253606026,24863.99724921594,57744.00188907623,286.5103061373061,13,2347.9999999999995
C.Det.2|Wcav|SUB:SPN-S000000171973,R1,166364.94496081054,24863.99724921594,57744.00188907623,245.39653104969503,13,2347.9999999999995
C.Det.2|Wcav|SUB:SPN-S000000171973,R2,166364.94496081054,24863.99724921594,57744.00188907623,245.39653104969503,13,2347.9999999999995
C.Det.2|Wcav|SUB:SPN-S000000171975,R0,231135.98109842156,23066.45060631395,51907.96438583958,247.6736112532261,12,2025.2
C.Det.2|Wcav|SUB:SPN-S000000171975,R1,141676.40707316628,23066.45060631395,51907.96438583958,205.03931128676572,12,2025.2
C.Det.2|Wcav|SUB:SPN-S000000171975,R2,141676.40707316628,23066.45060631395,51907.96438583958,205.03931128676572,12,2025.2
C.Det.2|Wcav|SUB:SPN-S000000172025,R0,317597.8872875194,35510.90125107933,72376.08681439019,312.38743519344587,19,2533.4
C.Det.2|Wcav|SUB:SPN-S000000172025,R1,191207.19396038423,35510.90125107933,72376.08681439019,250.74574104577434,19,2533.4
C.Det.2|Wcav|SUB:SPN-S000000172025,R2,191207.19396038423,35510.90125107933,72376.08681439019,250.74574104577434,19,2533.4
C.Det.2|Wcav|SUB:SPN-S000000173197,R0,157336.26494643022,19542.097576280532,35563.29530833211,138.3796264150541,11,1096.2
C.Det.2|Wcav|SUB:SPN-S000000173197,R1,93037.25124114168,19542.097576280532,35563.29530833211,111.43324748452814,11,1096.2
C.Det.2|Wcav|SUB:SPN-S000000173197,R2,93037.25124114168,19542.097576280532,35563.29530833211,111.43324748452814,11,1096.2
C.Det.2|Wcav|SUB:SPN-S000000174089,R0,248073.2422554462,26670.121351964106,56255.098514182464,247.65887456526207,14,2020.1
C.Det.2|Wcav|SUB:SPN-S000000174089,R1,150727.98285139803,26670.121351964106,56255.098514182464,200.2955629659093,14,2020.1
C.Det.2|Wcav|SUB:SPN-S000000174089,R2,150727.98285139803,26670.121351964106,56255.098514182464,200.2955629659093,14,2020.1
C.Det.2|Wcav|SUB:SPN-S000000174930,R0,307210.0871227441,33505.900259401344,69150.4776335813,304.55909483148434,18,2480.9
C.Det.2|Wcav|SUB:SPN-S000000174930,R1,186434.86995281628,33505.900259401344,69150.4776335813,246.36709752890758,18,2480.9
C.Det.2|Wcav|SUB:SPN-S000000174930,R2,186434.86995281628,33505.900259401344,69150.4776335813,246.36709752890758,18,2480.9
C.Det.2|Wcav|SUB:SPN-S000000175224,R0,317555.6545600357,38753.8961339416,73371.71252123878,290.708871814954,21,2318.5
C.Det.2|Wcav|SUB:SPN-S000000175224,R1,188147.21838127222,38753.8961339416,73371.71252123878,232.54102958512004,21,2318.5
C.Det.2|Wcav|SUB:SPN-S000000175224,R2,188147.21838127222,38753.8961339416,73371.71252123878,232.54102958512004,21,2318.5
C.Det.3|Wnone|LSOA:E01030421,R0,1053416.6993749882,143775.05636271572,300479.3528356659,1143.4062121059844,77,11002.0
C.Det.3|Wnone|LSOA:E01030421,R1,983459.2300445864,143775.05636271572,300479.3528356659,1099.6504488974376,77,11002.0
C.Det.3|Wnone|LSOA:E01030421,R2,983459.2300445864,143775.05636271572,300479.3528356659,1099.6504488974376,77,11002.0
C.Det.3|Wnone|LSOA:E01030422,R0,254836.65951525368,41551.60240942304,80846.10279905525,304.195470720452,23,2706.1000000000004
C.Det.3|Wnone|LSOA:E01030422,R1,237424.32187775738,41551.60240942304,80846.10279905525,293.9138950347044,23,2706.1000000000004
C.Det.3|Wnone|LSOA:E01030422,R2,237424.32187775738,41551.60240942304,80846.10279905525,293.9138950347044,23,2706.1000000000004
C.Det.3|Wnone|LSOA:E01030423,R0,455979.62827865046,64526.60947277943,131085.37053134092,515.1486971625752,35,4808.0
C.Det.3|Wnone|LSOA:E01030423,R1,425368.37542813085,64526.60947277943,131085.37053134092,496.30288492220666,35,4808.0
C.Det.3|Wnone|LSOA:E01030423,R2,425368.37542813085,64526.60947277943,131085.37053134092,496.30288492220666,35,4808.0
C.Det.3|Wnone|LSOA:E01030424,R0,333035.56668176554,39861.651181507594,86860.56171680076,320.09156081847965,21,3231.7000000000003
C.Det.3|Wnone|LSOA:E01030424,R1,311260.2347351807,39861.651181507594,86860.56171680076,307.5689887706615,21,3231.7000000000003
C.Det.3|Wnone|LSOA:E01030424,R2,311260.2347351807,39861.651181507594,86860.56171680076,307.5689887706615,21,3231.7000000000003
C.Det.3|Wnone|LSOA:E01030425,R0,722880.6415312589,110364.8813072564,219494.8669863348,852.0282209520885,60,7470.1
C.Det.3|Wnone|LSOA:E01030425,R1,673269.6046954524,110364.8813072564,219494.8669863348,824.597018388486,60,7470.1
C.Det.3|Wnone|LSOA:E01030425,R2,673269.6046954524,110364.8813072564,219494.8669863348,824.597018388486,60,7470.1
C.Det.3|Wnone|LSOA:E01030426,R0,677703.635552851,118126.42766554473,223887.90909255564,868.937129959911,67,7478.7
C.Det.3|Wnone|LSOA:E01030426,R1,630739.5660134625,118126.42766554473,223887.90909255564,840.4330067604623,67,7478.7
C.Det.3|Wnone|LSOA:E01030426,R2,630739.5660134625,118126.42766554473,223887.90909255564,840.4330067604623,67,7478.7
C.Det.3|Wnone|LSOA:E01030427,R0,803544.0106007825,156021.98223562996,289643.3265944875,1149.2308420656593,86,9057.200000000003
C.Det.3|Wnone|LSOA:E01030427,R1,745747.7829439391,156021.98223562996,289643.3265944875,1116.7652235245803,86,9057.200000000003
C.Det.3|Wnone|LSOA:E01030427,R2,745747.7829439391,156021.98223562996,289643.3265944875,1116.7652235245803,86,9057.200000000003
C.Det.3|Wnone|LSOA:E01030428,R0,277995.86298762535,34399.3752649798,73336.59799331213,284.5581695971718,19,2831.5
C.Det.3|Wnone|LSOA:E01030428,R1,259742.29233401877,34399.3752649798,73336.59799331213,273.2560017753468,19,2831.5
C.Det.3|Wnone|LSOA:E01030428,R2,259742.29233401877,34399.3752649798,73336.59799331213,273.2560017753468,19,2831.5
C.Det.3|Wnone|LSOA:E01030429,R0,166880.30063224828,23286.37530600214,47432.79073576511,185.68278647482845,13,1753.0
C.Det.3|Wnone|LSOA:E01030429,R1,155723.21943819354,23286.37530600214,47432.79073576511,178.7741694041533,13,1753.0
C.Det.3|Wnone|LSOA:E01030429,R2,155723.21943819354,23286.37530600214,47432.79073576511,178.7741694041533,13,1753.0
C.Det.3|Wnone|LSOA:E01030430,R0,780493.3649868146,98322.77355988094,210834.67230081267,798.8429507576565,52,7834.199999999999
C.Det.3|Wnone|LSOA:E01030430,R1,728995.2241110771,98322.77355988094,210834.67230081267,768.243868134676,52,7834.199999999999
C.Det.3|Wnone|LSOA:E01030430,R2,728995.2241110771,98322.77355988094,210834.67230081267,768.243868134676,52,7834.199999999999
C.Det.3|Wnone|LSOA:E01030431,R0,455545.1670493052,77425.17371008405,150380.39099056862,566.5122169456373,43,5033.0
C.Det.3|Wnone|LSOA:E01030431,R1,424362.4403121066,77425.17371008405,150380.39099056862,546.8216489290706,43,5033.0
C.Det.3|Wnone|LSOA:E01030431,R2,424362.4403121066,77425.17371008405,150380.39099056862,546.8216489290706,43,5033.0
C.Det.3|Wnone|LSOA:E01030432,R0,92751.72733044394,21269.578521951422,37470.127478409806,145.78154678539786,12,1101.0
C.Det.3|Wnone|LSOA:E01030432,R1,85922.7245430502,21269.578521951422,37470.127478409806,141.841037395632,12,1101.0
C.Det.3|Wnone|LSOA:E01030432,R2,85922.7245430502,21269.578521951422,37470.127478409806,141.841037395632,12,1101.0
C.Det.3|Wnone|LSOA:E01030433,R0,178645.61957562887,29920.821841165358,58810.956478901615,226.09327649786724,16,1946.9
C.Det.3|Wnone|LSOA:E01030433,R1,166275.15763820588,29920.821841165358,58810.956478901615,218.74081555498188,16,1946.9
C.Det.3|Wnone|LSOA:E01030433,R2,166275.15763820588,29920.821841165358,58810.956478901615,218.74081555498188,16,1946.9
C.Det.3|Wnone|LSOA:E01030440,R0,1027465.360904136,83665.49494183119,224292.33735916897,1133.1588340504138,43,10794.2
C.Det.3|Wnone|LSOA:E01030440,R1,964780.0161351056,83665.49494183119,224292.33735916897,1111.5194114339836,43,10794.2
C.Det.3|Wnone|LSOA:E01030440,R2,964780.0161351056,83665.49494183119,224292.33735916897,1111.5194114339836,43,10794.2
C.Det.3|Wnone|LSOA:E01030441,R0,1210435.7303521933,113828.5747523445,278056.67680802674,1138.3423081675971,59,12176.099999999999
C.Det.3|Wnone|LSOA:E01030441,R1,1134301.6147263364,113828.5747523445,278056.67680802674,1116.3603879532197,59,12176.099999999999
C.Det.3|Wnone|LSOA:E01030441,R2,1134301.6147263364,113828.5747523445,278056.67680802674,1116.3603879532197,59,12176.099999999999
C.Det.3|Wnone|LSOA:E01030442,R0,1827429.901744992,154796.2931336409,403233.460859697,1853.9493454836645,79,18670.300000000003
C.Det.3|Wnone|LSOA:E01030442,R1,1715021.4374808974,154796.2931336409,403233.460859697,1817.7339392907527,79,18670.300000000003
C.Det.3|Wnone|LSOA:E01030442,R2,1715021.4374808974,154796.2931336409,403233.460859697,1817.7339392907527,79,18670.300000000003
C.Det.3|Wnone|LSOA:E01030443,R0,1210845.3896091052,126830.70872358137,297776.0867736301,1183.397053361355,66,12395.5
C.Det.3|Wnone|LSOA:E01030443,R1,1134151.7652848684,126830.70872358137,297776.0867736301,1161.2808707243837,66,12395.5
C.Det.3|Wnone|LSOA:E01030443,R2,1134151.7652848684,126830.70872358137,297776.0867736301,1161.2808707243837,66,12395.5
C.Det.3|Wnone|LSOA:E01030444,R0,488547.67329722666,65822.82102630992,137702.4553035035,497.43711987418027,36,5034.399999999999
C.Det.3|Wnone|LSOA:E01030444,R1,456652.22558750375,65822.82102630992,137702.4553035035,476.93031691468184,36,5034.399999999999
C.Det.3|Wnone|LSOA:E01030444,R2,456652.22558750375,65822.82102630992,137702.4553035035,476.93031691468184,36,5034.399999999999
C.Det.3|Wnone|LSOA:E01030445,R0,1399105.1205307445,119217.27652480084,306767.7863338024,1439.670340888591,62,14407.099999999999
C.Det.3|Wnone|LSOA:E01030445,R1,1312628.3706786204,119217.27652480084,306767.7863338024,1411.99615346221,62,14407.099999999999
C.Det.3|Wnone|LSOA:E01030445,R2,1312628.3706786204,119217.27652480084,306767.7863338024,1411.99615346221,62,14407.099999999999
C.Det.3|Wnone|LSOA:E01030446,R0,1586510.932923562,152276.12646117527,372996.287053677,1658.365203007418,80,16498.2
C.Det.3|Wnone|LSOA:E01030446,R1,1487724.1439342182,152276.12646117527,372996.287053677,1627.1769086482298,80,16498.2
C.Det.3|Wnone|LSOA:E01030446,R2,1487724.1439342182,152276.12646117527,372996.287053677,1627.1769086482298,80,16498.2
C.Det.3|Wnone|LSOA:E01030447,R0,483654.71532799536,49958.96875223279,116926.5101403827,455.68716647243167,26,4891.9
C.Det.3|Wnone|LSOA:E01030447,R1,452965.98495461215,49958.96875223279,116926.5101403827,447.0656517176998,26,4891.9
C.Det.3|Wnone|LSOA:E01030447,R2,452965.98495461215,49958.96875223279,116926.5101403827,447.0656517176998,26,4891.9
C.Det.3|Wnone|LSOA:E01030458,R0,781560.9171949357,82247.73969977816,193678.8343044079,783.4989224633357,45,8085.100000000001
C.Det.3|Wnone|LSOA:E01030458,R1,731942.513403585,82247.73969977816,193678.8343044079,769.0916163714796,45,8085.100000000001
C.Det.3|Wnone|LSOA:E01030458,R2,731942.513403585,82247.73969977816,193678.8343044079,769.0916163714796,45,8085.100000000001
C.Det.3|Wnone|LSOA:E01030459,R0,221900.46332156472,33454.31797181604,68147.13632777349,242.3100270619453,19,2383.4
C.Det.3|Wnone|LSOA:E01030459,R1,207276.64753017033,33454.31797181604,68147.13632777349,232.48485035202827,19,2383.4
C.Det.3|Wnone|LSOA:E01030459,R2,207276.64753017033,33454.31797181604,68147.13632777349,232.48485035202827,19,2383.4
C.Det.3|Wnone|LSOA:E01030465,R0,677399.7903651334,81733.22486016407,178939.7702018021,660.816588626567,43,6610.3
C.Det.3|Wnone|LSOA:E01030465,R1,632982.0723834457,81733.22486016407,178939.7702018021,635.2440438347658,43,6610.3
C.Det.3|Wnone|LSOA:E01030465,R2,632982.0723834457,81733.22486016407,178939.7702018021,635.2440438347658,43,6610.3
C.Det.3|Wnone|LSOA:E01030466,R0,934595.5337298247,140106.67015349498,280716.23741540243,1051.2583843249456,78,9797.000000000002
C.Det.3|Wnone|LSOA:E01030466,R1,871825.6326292395,140106.67015349498,280716.23741540243,1013.0741584906975,78,9797.000000000002
C.Det.3|Wnone|LSOA:E01030466,R2,871825.6326292395,140106.67015349498,280716.23741540243,1013.0741584906975,78,9797.000000000002
C.Det.3|Wnone|LSOA:E01030471,R0,1049002.0538683636,88669.45320109431,229383.79695111612,1051.3450565314301,46,10719.799999999997
C.Det.3|Wnone|LSOA:E01030471,R1,983895.39195173,88669.45320109431,229383.79695111612,1031.0608245886265,46,10719.799999999997
C.Det.3|Wnone|LSOA:E01030471,R2,983895.39195173,88669.45320109431,229383.79695111612,1031.0608245886265,46,10719.799999999997
C.Det.3|Wnone|LSOA:E01030472,R0,740476.3457860074,83172.20057145783,190837.47259505693,717.912035878047,45,7569.700000000001
C.Det.3|Wnone|LSOA:E01030472,R1,692766.0511269419,83172.20057145783,190837.47259505693,689.2331308414732,45,7569.700000000001
C.Det.3|Wnone|LSOA:E01030472,R2,692766.0511269419,83172.20057145783,190837.47259505693,689.2331308414732,45,7569.700000000001
C.Det.3|Wnone|LSOA:E01030473,R0,944758.3659581182,90690.55634351257,219568.13555559935,935.1766030441029,48,9678.800000000001
C.Det.3|Wnone|LSOA:E01030473,R1,885343.685935826,90690.55634351257,219568.13555559935,917.5258965066504,48,9678.800000000001
C.Det.3|Wnone|LSOA:E01030473,R2,885343.685935826,90690.55634351257,219568.13555559935,917.5258965066504,48,9678.800000000001
C.Det.3|Wnone|LSOA:E01030474,R0,117914.32873676697,23760.788445362075,45577.526156185704,187.42067183032066,13,1460.4
C.Det.3|Wnone|LSOA:E01030474,R1,109512.6468696751,23760.788445362075,45577.526156185704,185.51834808378862,13,1460.4
C.Det.3|Wnone|LSOA:E01030474,R2,109512.6468696751,23760.788445362075,45577.526156185704,185.51834808378862,13,1460.4
C.Det.3|Wnone|LSOA:E01030475,R0,799820.0272158294,92104.87863090812,206179.50281538436,773.1392861524915,49,8096.2
C.Det.3|Wnone|LSOA:E01030475,R1,748160.4687487385,92104.87863090812,206179.50281538436,739.8916279614107,49,8096.2
C.Det.3|Wnone|LSOA:E01030475,R2,748160.4687487385,92104.87863090812,206179.50281538436,739.8916279614107,49,8096.2
C.Det.3|Wnone|LSOA:E01030476,R0,643628.718887116,92066.6173883955,193300.63397691218,717.8543390338142,49,6993.5
C.Det.3|Wnone|LSOA:E01030476,R1,601068.0267852597,92066.6173883955,193300.63397691218,688.9700187681676,49,6993.5
C.Det.3|Wnone|LSOA:E01030476,R2,601068.0267852597,92066.6173883955,193300.63397691218,688.9700187681676,49,6993.5
C.Det.3|Wnone|LSOA:E01030477,R0,764798.219642814,106815.30517295678,221667.1984292065,834.9258578899914,57,7956.9
C.Det.3|Wnone|LSOA:E01030477,R1,713839.1862673562,106815.30517295678,221667.1984292065,803.5893668591599,57,7956.9
C.Det.3|Wnone|LSOA:E01030477,R2,713839.1862673562,106815.30517295678,221667.1984292065,803.5893668591599,57,7956.9
C.Det.3|Wnone|LSOA:E01030478,R0,870144.8235380205,85677.03388114978,205891.890393114,854.2249573645587,46,8865.199999999995
C.Det.3|Wnone|LSOA:E01030478,R1,815678.1355929833,85677.03388114978,205891.890393114,837.8795288036138,46,8865.199999999995
C.Det.3|Wnone|LSOA:E01030478,R2,815678.1355929833,85677.03388114978,205891.890393114,837.8795288036138,46,8865.199999999995
C.Det.3|Wnone|LSOA:E01030479,R0,292455.673471843,36561.58176654779,78765.68453775498,285.6518368419605,20,2995.0
C.Det.3|Wnone|LSOA:E01030479,R1,273578.9953838583,36561.58176654779,78765.68453775498,273.23395898300816,20,2995.0
C.Det.3|Wnone|LSOA:E01030479,R2,273578.9953838583,36561.58176654779,78765.68453775498,273.23395898300816,20,2995.0
C.Det.3|Wnone|LSOA:E01030480,R0,1093844.2216023225,112695.5965865803,263722.8017256842,1061.0323282278873,60,11164.9
C.Det.3|Wnone|LSOA:E01030480,R1,1024591.3163855745,112695.5965865803,263722.8017256842,1041.1178489700924,60,11164.9
C.Det.3|Wnone|LSOA:E01030480,R2,1024591.3163855745,112695.5965865803,263722.8017256842,1041.1178489700924,60,11164.9
C.Det.3|Wnone|LSOA:E01030490,R0,943031.0115239832,89378.95991194749,220424.41572172227,962.1458880911194,47,9765.4
C.Det.3|Wnone|LSOA:E01030490,R1,883768.3688475317,89378.95991194749,220424.41572172227,944.2000663712836,47,9765.4
C.Det.3|Wnone|LSOA:E01030490,R2,883768.3688475317,89378.95991194749,220424.41572172227,944.2000663712836,47,9765.4
C.Det.3|Wnone|LSOA:E01030491,R0,703076.7039172953,83023.12630361112,182802.4539181151,677.4609313826664,45,7043.5999999999985
C.Det.3|Wnone|LSOA:E01030491,R1,657551.8712923536,83023.12630361112,182802.4539181151,648.8972142447042,45,7043.5999999999985
C.Det.3|Wnone|LSOA:E01030491,R2,657551.8712923536,83023.12630361112,182802.4539181151,648.8972142447042,45,7043.5999999999985
C.Det.3|Wnone|LSOA:E01030492,R0,1145189.5350510734,113811.74620773512,276206.07060357684,1121.2564306103245,60,11717.6
C.Det.3|Wnone|LSOA:E01030492,R1,1072807.2056592877,113811.74620773512,276206.07060357684,1100.220976885429,60,11717.6
C.Det.3|Wnone|LSOA:E01030492,R2,1072807.2056592877,113811.74620773512,276206.07060357684,1100.220976885429,60,11717.6
C.Det.3|Wnone|LSOA:E01030499,R0,366685.3895282167,34174.970615221515,83863.10933121463,374.8583557715594,18,3780.9
C.Det.3|Wnone|LSOA:E01030499,R1,343858.60384474334,34174.970615221515,83863.10933121463,367.7345482509712,18,3780.9
C.Det.3|Wnone|LSOA:E01030499,R2,343858.60384474334,34174.970615221515,83863.10933121463,367.7345482509712,18,3780.9
C.Det.3|Wnone|LSOA:E01030500,R0,377372.13655747735,58324.16191291451,114964.90528341441,431.4348144714183,32,3908.7000000000007
C.Det.3|Wnone|LSOA:E01030500,R1,351776.4324969199,58324.16191291451,114964.90528341441,416.66705483412244,32,3908.7000000000007
C.Det.3|Wnone|LSOA:E01030500,R2,351776.4324969199,58324.16191291451,114964.90528341441,416.66705483412244,32,3908.7000000000007
C.Det.3|Wnone|LSOA:E01030501,R0,885231.8382172473,106546.0619705542,233018.79583289757,914.0378845755386,58,9350.199999999999
C.Det.3|Wnone|LSOA:E01030501,R1,827665.6152236674,106546.0619705542,233018.79583289757,891.042696485882,58,9350.199999999999
C.Det.3|Wnone|LSOA:E01030501,R2,827665.6152236674,106546.0619705542,233018.79583289757,891.042696485882,58,9350.199999999999
C.Det.3|Wnone|LSOA:E01030502,R0,466104.1251508156,61276.12486120878,128787.55721190579,486.46089836387256,34,4791.9
C.Det.3|Wnone|LSOA:E01030502,R1,435397.36667298863,61276.12486120878,128787.55721190579,467.32564511323744,34,4791.9
C.Det.3|Wnone|LSOA:E01030502,R2,435397.36667298863,61276.12486120878,128787.55721190579,467.32564511323744,34,4791.9
C.Det.3|Wnone|LSOA:E01030503,R0,227277.02737967187,24102.601829125564,56161.13993725006,259.3066187568281,13,2475.8999999999996
C.Det.3|Wnone|LSOA:E01030503,R1,212778.08629900124,24102.601829125564,56161.13993725006,254.83270264868435,13,2475.8999999999996
C.Det.3|Wnone|LSOA:E01030503,R2,212778.08629900124,24102.601829125564,56161.13993725006,254.83270264868435,13,2475.8999999999996
C.Det.3|Wnone|LSOA:E01030504,R0,335270.4376685688,50750.43634864204,100424.09347161604,371.34125258407664,28,3414.1000000000004
C.Det.3|Wnone|LSOA:E01030504,R1,312656.7326506833,50750.43634864204,100424.09347161604,358.4748009642377,28,3414.1000000000004
C.Det.3|Wnone|LSOA:E01030504,R2,312656.7326506833,50750.43634864204,100424.09347161604,358.4748009642377,28,3414.1000000000004
C.Det.3|Wnone|SUB:SPN-S000000171608,R0,138196.8334260905,22217.111046397375,43607.509620830926,165.33692344955801,12,1432.6000000000001
C.Det.3|Wnone|SUB:SPN-S000000171608,R1,128670.22619299305,22217.111046397375,43607.509620830926,160.1143636245548,12,1432.6000000000001
C.Det.3|Wnone|SUB:SPN-S000000171608,R2,128670.22619299305,22217.111046397375,43607.509620830926,160.1143636245548,12,1432.6000000000001
C.Det.3|Wnone|SUB:SPN-S000000171623,R0,195638.15756605094,22670.956120656792,51001.9875219627,194.27992582211562,12,2016.1
C.Det.3|Wnone|SUB:SPN-S000000171623,R1,182970.26047129743,22670.956120656792,51001.9875219627,185.93502041184857,12,2016.1
C.Det.3|Wnone|SUB:SPN-S000000171623,R2,182970.26047129743,22670.956120656792,51001.9875219627,185.93502041184857,12,2016.1
C.Det.3|Wnone|SUB:SPN-S000000171680,R0,382170.7274665438,24141.261882102153,71219.85120060298,394.6477040740494,12,3909.5
C.Det.3|Wnone|SUB:SPN-S000000171680,R1,358903.4673264186,24141.261882102153,71219.85120060298,386.84816323595965,12,3909.5
C.Det.3|Wnone|SUB:SPN-S000000171680,R2,358903.4673264186,24141.261882102153,71219.85120060298,386.84816323595965,12,3909.5
C.Det.3|Wnone|SUB:SPN-S000000171681,R0,299251.3177442555,21504.251261219702,60379.62007528758,342.3234172047912,11,3191.1
C.Det.3|Wnone|SUB:SPN-S000000171681,R1,280983.3402352651,21504.251261219702,60379.62007528758,335.89930656543305,11,3191.1
C.Det.3|Wnone|SUB:SPN-S000000171681,R2,280983.3402352651,21504.251261219702,60379.62007528758,335.89930656543305,11,3191.1
C.Det.3|Wnone|SUB:SPN-S000000171712,R0,217642.99184254778,21353.376395583164,51456.222274072556,196.51645345149097,11,2137.2
C.Det.3|Wnone|SUB:SPN-S000000171712,R1,204027.19931793708,21353.376395583164,51456.222274072556,190.92120206229563,11,2137.2
C.Det.3|Wnone|SUB:SPN-S000000171712,R2,204027.19931793708,21353.376395583164,51456.222274072556,190.92120206229563,11,2137.2
C.Det.3|Wnone|SUB:SPN-S000000171715,R0,221263.09800175345,24949.330489952576,57325.71008315477,219.6303118212944,13,2267.5000000000005
C.Det.3|Wnone|SUB:SPN-S000000171715,R1,207366.19235790463,24949.330489952576,57325.71008315477,215.47861214145976,13,2267.5000000000005
C.Det.3|Wnone|SUB:SPN-S000000171715,R2,207366.19235790463,24949.330489952576,57325.71008315477,215.47861214145976,13,2267.5000000000005
C.Det.3|Wnone|SUB:SPN-S000000171716,R0,218571.55369389988,19237.03130495205,48509.4805552746,218.21741843998362,10,2223.8
C.Det.3|Wnone|SUB:SPN-S000000171716,R1,205081.16024078015,19237.03130495205,48509.4805552746,213.95178456947764,10,2223.8
C.Det.3|Wnone|SUB:SPN-S000000171716,R2,205081.16024078015,19237.03130495205,48509.4805552746,213.95178456947764,10,2223.8
C.Det.3|Wnone|SUB:SPN-S000000171745,R0,154986.32765763302,29494.141205389424,55747.217863571925,227.25724113091826,16,1761.2
C.Det.3|Wnone|SUB:SPN-S000000171745,R1,143750.96567994694,29494.141205389424,55747.217863571925,221.00554401802333,16,1761.2
C.Det.3|Wnone|SUB:SPN-S000000171745,R2,143750.96567994694,29494.141205389424,55747.217863571925,221.00554401802333,16,1761.2
C.Det.3|Wnone|SUB:SPN-S000000171746,R0,288802.7239402024,43646.91546889978,85450.34629492801,327.97882031953986,24,2822.8
C.Det.3|Wnone|SUB:SPN-S000000171746,R1,268893.8327829171,43646.91546889978,85450.34629492801,318.27430219224294,24,2822.8
C.Det.3|Wnone|SUB:SPN-S000000171746,R2,268893.8327829171,43646.91546889978,85450.34629492801,318.27430219224294,24,2822.8
C.Det.3|Wnone|SUB:SPN-S000000171749,R0,280173.62991373497,31921.967563080827,72127.32857783338,278.68254319395044,17,2892.4
C.Det.3|Wnone|SUB:SPN-S000000171749,R1,262360.30567959545,31921.967563080827,72127.32857783338,273.5573156390596,17,2892.4
C.Det.3|Wnone|SUB:SPN-S000000171749,R2,262360.30567959545,31921.967563080827,72127.32857783338,273.5573156390596,17,2892.4
C.Det.3|Wnone|SUB:SPN-S000000171775,R0,126817.62421576194,17948.45998918665,36885.65279500895,135.35876517354978,10,1356.0
C.Det.3|Wnone|SUB:SPN-S000000171775,R1,118512.96061161891,17948.45998918665,36885.65279500895,130.6852655742861,10,1356.0
C.Det.3|Wnone|SUB:SPN-S000000171775,R2,118512.96061161891,17948.45998918665,36885.65279500895,130.6852655742861,10,1356.0
C.Det.3|Wnone|SUB:SPN-S000000171837,R0,463141.6634622081,44694.86204932359,109083.43161287047,442.2709774051333,23,4652.1
C.Det.3|Wnone|SUB:SPN-S000000171837,R1,434376.03732058004,44694.86204932359,109083.43161287047,433.55739968789953,23,4652.1
C.Det.3|Wnone|SUB:SPN-S000000171837,R2,434376.03732058004,44694.86204932359,109083.43161287047,433.55739968789953,23,4652.1
C.Det.3|Wnone|SUB:SPN-S000000171838,R0,236527.76838655333,28428.645982241578,61183.10140875979,236.81206867757572,15,2251.7000000000003
C.Det.3|Wnone|SUB:SPN-S000000171838,R1,220856.30658620212,28428.645982241578,61183.10140875979,232.53892725762344,15,2251.7000000000003
C.Det.3|Wnone|SUB:SPN-S000000171838,R2,220856.30658620212,28428.645982241578,61183.10140875979,232.53892725762344,15,2251.7000000000003
C.Det.3|Wnone|SUB:SPN-S000000171839,R0,808504.5962953081,101925.89757852413,218325.80920742746,795.6609742068689,54,8084.200000000001
C.Det.3|Wnone|SUB:SPN-S000000171839,R1,755766.5299532383,101925.89757852413,218325.80920742746,763.4139256580917,54,8084.200000000001
C.Det.3|Wnone|SUB:SPN-S000000171839,R2,755766.5299532383,101925.89757852413,218325.80920742746,763.4139256580917,54,8084.200000000001
C.Det.3|Wnone|SUB:SPN-S000000171845,R0,272167.0538575564,19902.25578882311,56241.43537068264,304.64423980873596,10,2849.6
C.Det.3|Wnone|SUB:SPN-S000000171845,R1,255864.78856915238,19902.25578882311,56241.43537068264,298.67256193102236,10,2849.6
C.Det.3|Wnone|SUB:SPN-S000000171845,R2,255864.78856915238,19902.25578882311,56241.43537068264,298.67256193102236,10,2849.6
C.Det.3|Wnone|SUB:SPN-S000000171850,R0,246441.3003587419,33413.05684436919,70969.80831021293,269.32525220697227,18,2675.4
C.Det.3|Wnone|SUB:SPN-S000000171850,R1,230317.01443648455,33413.05684436919,70969.80831021293,264.85449779677583,18,2675.4
C.Det.3|Wnone|SUB:SPN-S000000171850,R2,230317.01443648455,33413.05684436919,70969.80831021293,264.85449779677583,18,2675.4
C.Det.3|Wnone|SUB:SPN-S000000171851,R0,231287.8041047946,28493.547741012233,63214.66506733682,244.4782861906815,15,2464.6
C.Det.3|Wnone|SUB:SPN-S000000171851,R1,216326.35288214035,28493.547741012233,63214.66506733682,240.25986732082606,15,2464.6
C.Det.3|Wnone|SUB:SPN-S000000171851,R2,216326.35288214035,28493.547741012233,63214.66506733682,240.25986732082606,15,2464.6
C.Det.3|Wnone|SUB:SPN-S000000171852,R0,363923.6503351988,48250.859610456886,101381.9090130668,370.5445037326666,26,3710.3
C.Det.3|Wnone|SUB:SPN-S000000171852,R1,340077.5912258944,48250.859610456886,101381.9090130668,355.66063153821887,26,3710.3
C.Det.3|Wnone|SUB:SPN-S000000171852,R2,340077.5912258944,48250.859610456886,101381.9090130668,355.66063153821887,26,3710.3
C.Det.3|Wnone|SUB:SPN-S000000171854,R0,187529.44791038963,26287.452803168628,55699.07723865254,210.86061852431035,14,2059.7
C.Det.3|Wnone|SUB:SPN-S000000171854,R1,175242.0595692878,26287.452803168628,55699.07723865254,207.40797526087542,14,2059.7
C.Det.3|Wnone|SUB:SPN-S000000171854,R2,175242.0595692878,26287.452803168628,55699.07723865254,207.40797526087542,14,2059.7
C.Det.3|Wnone|SUB:SPN-S000000171855,R0,156308.42324671024,19082.19953129527,40672.87959851837,152.72882280288366,10,1480.0999999999997
C.Det.3|Wnone|SUB:SPN-S000000171855,R1,146071.1404755935,19082.19953129527,40672.87959851837,147.86837447358238,10,1480.0999999999997
C.Det.3|Wnone|SUB:SPN-S000000171855,R2,146071.1404755935,19082.19953129527,40672.87959851837,147.86837447358238,10,1480.0999999999997
C.Det.3|Wnone|SUB:SPN-S000000171856,R0,348334.60163403524,37842.05958019529,84423.97592154592,335.4251714867185,20,3314.1
C.Det.3|Wnone|SUB:SPN-S000000171856,R1,325799.34867722355,37842.05958019529,84423.97592154592,324.21555478855595,20,3314.1
C.Det.3|Wnone|SUB:SPN-S000000171856,R2,325799.34867722355,37842.05958019529,84423.97592154592,324.21555478855595,20,3314.1
C.Det.3|Wnone|SUB:SPN-S000000171862,R0,233225.87248700354,19635.685313183687,51309.37791266136,227.5178550819796,10,2348.9
C.Det.3|Wnone|SUB:SPN-S000000171862,R1,218875.4403027051,19635.685313183687,51309.37791266136,222.99362588081547,10,2348.9
C.Det.3|Wnone|SUB:SPN-S000000171862,R2,218875.4403027051,19635.685313183687,51309.37791266136,222.99362588081547,10,2348.9
C.Det.3|Wnone|SUB:SPN-S000000171871,R0,202554.9947920245,23114.13006932804,53098.78676604089,204.22338351805226,12,2090.2000000000003
C.Det.3|Wnone|SUB:SPN-S000000171871,R1,189804.6757480622,23114.13006932804,53098.78676604089,200.40776019286295,12,2090.2000000000003
C.Det.3|Wnone|SUB:SPN-S000000171871,R2,189804.6757480622,23114.13006932804,53098.78676604089,200.40776019286295,12,2090.2000000000003
C.Det.3|Wnone|SUB:SPN-S000000171872,R0,173070.76444917682,19045.519602425222,43502.09141011162,161.03752688617686,10,1742.1000000000001
C.Det.3|Wnone|SUB:SPN-S000000171872,R1,162052.0073280461,19045.519602425222,43502.09141011162,156.93639137624623,10,1742.1000000000001
C.Det.3|Wnone|SUB:SPN-S000000171872,R2,162052.0073280461,19045.519602425222,43502.09141011162,156.93639137624623,10,1742.1000000000001
C.Det.3|Wnone|SUB:SPN-S000000171874,R0,236501.0210077766,23281.13895411814,55828.99896785421,218.05800120708216,12,2346.7999999999997
C.Det.3|Wnone|SUB:SPN-S000000171874,R1,221805.43389099406,23281.13895411814,55828.99896785421,213.69400399331545,12,2346.7999999999997
C.Det.3|Wnone|SUB:SPN-S000000171874,R2,221805.43389099406,23281.13895411814,55828.99896785421,213.69400399331545,12,2346.7999999999997
C.Det.3|Wnone|SUB:SPN-S000000171875,R0,208378.67828613098,26651.066570423045,55920.27701220957,236.64638803574837,14,1979.4999999999998
C.Det.3|Wnone|SUB:SPN-S000000171875,R1,194141.94343478442,26651.066570423045,55920.27701220957,232.7499447912192,14,1979.4999999999998
C.Det.3|Wnone|SUB:SPN-S000000171875,R2,194141.94343478442,26651.066570423045,55920.27701220957,232.7499447912192,14,1979.4999999999998
C.Det.3|Wnone|SUB:SPN-S000000171926,R0,473534.9321508106,24648.26008186229,79627.30557001206,497.24357481053727,12,4867.0
C.Det.3|Wnone|SUB:SPN-S000000171926,R1,444798.8759688833,24648.26008186229,79627.30557001206,487.4335680812314,12,4867.0
C.Det.3|Wnone|SUB:SPN-S000000171926,R2,444798.8759688833,24648.26008186229,79627.30557001206,487.4335680812314,12,4867.0
C.Det.3|Wnone|SUB:SPN-S000000171974,R0,416059.830407246,31116.024283783707,85554.21381081027,444.64224214442726,16,4303.0
C.Det.3|Wnone|SUB:SPN-S000000171974,R1,390839.9413901026,31116.024283783707,85554.21381081027,435.92385373028964,16,4303.0
C.Det.3|Wnone|SUB:SPN-S000000171974,R2,390839.9413901026,31116.024283783707,85554.21381081027,435.92385373028964,16,4303.0
C.Det.3|Wnone|SUB:SPN-S000000173931,R0,208998.8060932287,27963.666737579515,59173.426252738725,216.26207003864698,15,2187.6
C.Det.3|Wnone|SUB:SPN-S000000173931,R1,195354.46069231106,27963.666737579515,59173.426252738725,207.2491341706298,15,2187.6
C.Det.3|Wnone|SUB:SPN-S000000173931,R2,195354.46069231106,27963.666737579515,59173.426252738725,207.2491341706298,15,2187.6
C.Det.3|Wnone|SUB:SPN-S000000174155,R0,369697.08771606593,38573.766943763214,89211.97265067302,353.34257889833833,20,3542.3
C.Det.3|Wnone|SUB:SPN-S000000174155,R1,345748.9992244019,38573.766943763214,89211.97265067302,341.48706733459653,20,3542.3
C.Det.3|Wnone|SUB:SPN-S000000174155,R2,345748.9992244019,38573.766943763214,89211.97265067302,341.48706733459653,20,3542.3
C.Det.3|Wnone|SUB:SPN-S000000174234,R0,335303.0070129264,47111.44170080674,99934.74071278251,373.3793736238705,25,3671.6000000000004
C.Det.3|Wnone|SUB:SPN-S000000174234,R1,313303.84349409473,47111.44170080674,99934.74071278251,367.26274148654727,25,3671.6000000000004
C.Det.3|Wnone|SUB:SPN-S000000174234,R2,313303.84349409473,47111.44170080674,99934.74071278251,367.26274148654727,25,3671.6000000000004
C.Det.3|Wnone|SUB:SPN-S000000174619,R0,717397.8613128732,73507.35881160636,173456.69016319583,648.160141818979,38,7073.799999999999
C.Det.3|Wnone|SUB:SPN-S000000174619,R1,672162.1000688348,73507.35881160636,173456.69016319583,629.0074891133033,38,7073.799999999999
C.Det.3|Wnone|SUB:SPN-S000000174619,R2,672162.1000688348,73507.35881160636,173456.69016319583,629.0074891133033,38,7073.799999999999
C.Det.3|Wnone|SUB:SPN-S000000174640,R0,845227.2295578413,94213.31939375348,212257.14460051735,784.9277076647182,49,8260.699999999999
C.Det.3|Wnone|SUB:SPN-S000000174640,R1,790793.7296124689,94213.31939375348,212257.14460051735,759.3234783301109,49,8260.699999999999
C.Det.3|Wnone|SUB:SPN-S000000174640,R2,790793.7296124689,94213.31939375348,212257.14460051735,759.3234783301109,49,8260.699999999999
C.Det.3|Wnone|SUB:SPN-S000000174673,R0,321225.83600437036,49971.66422899574,100468.15064258766,385.5782059124838,27,3524.3999999999996
C.Det.3|Wnone|SUB:SPN-S000000174673,R1,299478.8610976813,49971.66422899574,100468.15064258766,371.5617867726453,27,3524.3999999999996
C.Det.3|Wnone|SUB:SPN-S000000174673,R2,299478.8610976813,49971.66422899574,100468.15064258766,371.5617867726453,27,3524.3999999999996
C.Det.3|Wnone|SUB:SPN-S000000174692,R0,462924.21106119733,56604.583121148375,122481.06581781802,448.7139049635967,30,4565.500000000001
C.Det.3|Wnone|SUB:SPN-S000000174692,R1,432735.79562007496,56604.583121148375,122481.06581781802,430.6876973785717,30,4565.500000000001
C.Det.3|Wnone|SUB:SPN-S000000174692,R2,432735.79562007496,56604.583121148375,122481.06581781802,430.6876973785717,30,4565.500000000001
C.Det.3|Wnone|SUB:SPN-S000000174722,R0,621875.2855930348,86609.35450193031,178605.87448314432,674.9349366360731,46,6298.500000000001
C.Det.3|Wnone|SUB:SPN-S000000174722,R1,580149.9088574809,86609.35450193031,178605.87448314432,651.0329636279074,46,6298.500000000001
C.Det.3|Wnone|SUB:SPN-S000000174722,R2,580149.9088574809,86609.35450193031,178605.87448314432,651.0329636279074,46,6298.500000000001
C.Det.3|Wnone|SUB:SPN-S000000174777,R0,631565.3372985297,82852.2115228445,174310.83064619426,653.983760505473,44,6275.6
C.Det.3|Wnone|SUB:SPN-S000000174777,R1,589594.1222035966,82852.2115228445,174310.83064619426,630.0532370858609,44,6275.6
C.Det.3|Wnone|SUB:SPN-S000000174777,R2,589594.1222035966,82852.2115228445,174310.83064619426,630.0532370858609,44,6275.6
C.Det.3|Wnone|SUB:SPN-S000000174792,R0,703249.5178964771,107663.46175767819,217304.89178280532,816.5585555068348,58,7537.6
C.Det.3|Wnone|SUB:SPN-S000000174792,R1,655836.5947447093,107663.46175767819,217304.89178280532,786.8836707997203,58,7537.6
C.Det.3|Wnone|SUB:SPN-S000000174792,R2,655836.5947447093,107663.46175767819,217304.89178280532,786.8836707997203,58,7537.6
C.Det.3|Wnone|SUB:SPN-S000000174842,R0,211390.8078844826,38831.39917599341,75492.90715943914,306.99867404342643,21,2484.6
C.Det.3|Wnone|SUB:SPN-S000000174842,R1,196309.0993412212,38831.39917599341,75492.90715943914,297.58183256379726,21,2484.6
C.Det.3|Wnone|SUB:SPN-S000000174842,R2,196309.0993412212,38831.39917599341,75492.90715943914,297.58183256379726,21,2484.6
C.Det.3|Wnone|SUB:SPN-S000000174852,R0,334794.67123772326,36523.6186058893,82445.42147537728,319.8023419728497,19,3195.7999999999997
C.Det.3|Wnone|SUB:SPN-S000000174852,R1,313256.20595085877,36523.6186058893,82445.42147537728,309.36372539402237,19,3195.7999999999997
C.Det.3|Wnone|SUB:SPN-S000000174852,R2,313256.20595085877,36523.6186058893,82445.42147537728,309.36372539402237,19,3195.7999999999997
C.Det.3|Wnone|SUB:SPN-S000000174949,R0,597608.9681968626,94725.19105515156,186603.18881657574,729.5902302753511,51,6234.000000000001
C.Det.3|Wnone|SUB:SPN-S000000174949,R1,556187.3033721662,94725.19105515156,186603.18881657574,707.016113689574,51,6234.000000000001
C.Det.3|Wnone|SUB:SPN-S000000174949,R2,556187.3033721662,94725.19105515156,186603.18881657574,707.016113689574,51,6234.000000000001
C.Det.3|Wnone|SUB:SPN-S000000175257,R0,369002.8153999676,64204.17583236232,124159.94421363442,480.0955294239854,35,4107.8
C.Det.3|Wnone|SUB:SPN-S000000175257,R1,343361.2563419063,64204.17583236232,124159.94421363442,464.41150199800313,35,4107.8
C.Det.3|Wnone|SUB:SPN-S000000175257,R2,343361.2563419063,64204.17583236232,124159.94421363442,464.41150199800313,35,4107.8
C.Det.3|Wnone|SUB:SPN-S000000181195,R0,911348.3538549857,98275.91372792175,227293.763865619,836.4398185039955,51,9114.400000000001
C.Det.3|Wnone|SUB:SPN-S000000181195,R1,853677.6615911082,98275.91372792175,227293.763865619,818.7617307571061,51,9114.400000000001
C.Det.3|Wnone|SUB:SPN-S000000181195,R2,853677.6615911082,98275.91372792175,227293.763865619,818.7617307571061,51,9114.400000000001
C.Det.4|Wnone|LSOA:E01030421,R0,1006196.6692642979,371583.0179677927,752914.7193002382,1696.6781601315777,198,26073.0
C.Det.4|Wnone|LSOA:E01030421,R1,977830.2232610491,371583.0179677927,752914.7193002382,1678.0974907223372,198,26073.0
C.Det.4|Wnone|LSOA:E01030421,R2,977830.2232610491,371583.0179677927,752914.7193002382,1678.0974907223372,198,26073.0
C.Det.4|Wnone|LSOA:E01030422,R0,230105.97173710918,80858.0252128224,162979.49224314385,377.09759032754664,43,5524.3
C.Det.4|Wnone|LSOA:E01030422,R1,223654.34030887682,80858.0252128224,162979.49224314385,374.0168891918757,43,5524.3
C.Det.4|Wnone|LSOA:E01030422,R2,223654.34030887682,80858.0252128224,162979.49224314385,374.0168891918757,43,5524.3
C.Det.4|Wnone|LSOA:E01030423,R0,913506.7343762999,300215.3543801298,619858.544340677,1576.88033422733,159,21564.0
C.Det.4|Wnone|LSOA:E01030423,R1,887484.2503305069,300215.3543801298,619858.544340677,1565.2147633650804,159,21564.0
C.Det.4|Wnone|LSOA:E01030423,R2,887484.2503305069,300215.3543801298,619858.544340677,1565.2147633650804,159,21564.0
C.Det.4|Wnone|LSOA:E01030424,R0,65458.883545895864,24319.97573946643,48530.36810336892,100.36310618483948,13,1577.7
C.Det.4|Wnone|LSOA:E01030424,R1,63657.97839802383,24319.97573946643,48530.36810336892,99.50312278871742,13,1577.7
C.Det.4|Wnone|LSOA:E01030424,R2,63657.97839802383,24319.97573946643,48530.36810336892,99.50312278871742,13,1577.7
C.Det.4|Wnone|LSOA:E01030425,R0,467567.62472918234,166817.14314738853,340699.71064226696,785.6243446890495,89,11879.0
C.Det.4|Wnone|LSOA:E01030425,R1,454389.9408099132,166817.14314738853,340699.71064226696,777.6070500871429,89,11879.0
C.Det.4|Wnone|LSOA:E01030425,R2,454389.9408099132,166817.14314738853,340699.71064226696,777.6070500871429,89,11879.0
C.Det.4|Wnone|LSOA:E01030426,R0,63283.391515658055,19378.411763246862,40912.42208648198,118.46691388299784,11,1614.8999999999999
C.Det.4|Wnone|LSOA:E01030426,R1,61440.1806282288,19378.411763246862,40912.42208648198,117.30714490975214,11,1614.8999999999999
C.Det.4|Wnone|LSOA:E01030426,R2,61440.1806282288,19378.411763246862,40912.42208648198,117.30714490975214,11,1614.8999999999999
C.Det.4|Wnone|LSOA:E01030427,R0,66923.54936043826,27148.89710057269,54421.70291210679,110.19568092438311,15,1926.4
C.Det.4|Wnone|LSOA:E01030427,R1,65058.06524074541,27148.89710057269,54421.70291210679,108.48196474795465,15,1926.4
C.Det.4|Wnone|LSOA:E01030427,R2,65058.06524074541,27148.89710057269,54421.70291210679,108.48196474795465,15,1926.4
C.Det.4|Wnone|LSOA:E01030428,R0,66429.5144103682,25746.32257533993,50756.565265602025,115.32410915561279,15,1755.3000000000002
C.Det.4|Wnone|LSOA:E01030428,R1,64541.83168550332,25746.32257533993,50756.565265602025,113.9954309022321,15,1755.3000000000002
C.Det.4|Wnone|LSOA:E01030428,R2,64541.83168550332,25746.32257533993,50756.565265602025,113.9954309022321,15,1755.3000000000002
C.Det.4|Wnone|LSOA:E01030430,R0,54222.2363189268,18881.978743677835,38849.34550864069,90.29006309439023,10,1356.7999999999997
C.Det.4|Wnone|LSOA:E01030430,R1,52697.22248479603,18881.978743677835,38849.34550864069,89.41708113379919,10,1356.7999999999997
C.Det.4|Wnone|LSOA:E01030430,R2,52697.22248479603,18881.978743677835,38849.34550864069,89.41708113379919,10,1356.7999999999997
C.Det.4|Wnone|LSOA:E01030431,R0,69557.9776400103,25952.69810515504,53032.07324468263,118.07288740891498,14,1791.2
C.Det.4|Wnone|LSOA:E01030431,R1,67592.67892050522,25952.69810515504,53032.07324468263,116.81337358568611,14,1791.2
C.Det.4|Wnone|LSOA:E01030431,R2,67592.67892050522,25952.69810515504,53032.07324468263,116.81337358568611,14,1791.2
C.Det.4|Wnone|LSOA:E01030432,R0,281845.76039543736,120799.16350740206,225791.32295947886,416.7256541555021,66,6948.0
C.Det.4|Wnone|LSOA:E01030432,R1,274235.16513864783,120799.16350740206,225791.32295947886,410.5888663094291,66,6948.0
C.Det.4|Wnone|LSOA:E01030432,R2,274235.16513864783,120799.16350740206,225791.32295947886,410.5888663094291,66,6948.0
C.Det.4|Wnone|LSOA:E01030440,R0,316408.34623262053,85920.78670155254,228668.4843289022,790.2068675838127,44,10450.999999999998
C.Det.4|Wnone|LSOA:E01030440,R1,306748.3628978278,85920.78670155254,228668.4843289022,776.8465796117933,44,10450.999999999998
C.Det.4|Wnone|LSOA:E01030440,R2,306748.3628978278,85920.78670155254,228668.4843289022,776.8465796117933,44,10450.999999999998
C.Det.4|Wnone|LSOA:E01030441,R0,348686.1194035835,101512.21762845099,253283.36373003572,805.7047770454882,53,11140.7
C.Det.4|Wnone|LSOA:E01030441,R1,338180.77572691836,101512.21762845099,253283.36373003572,791.9678973353533,53,11140.7
C.Det.4|Wnone|LSOA:E01030441,R2,338180.77572691836,101512.21762845099,253283.36373003572,791.9678973353533,53,11140.7
C.Det.4|Wnone|LSOA:E01030442,R0,303727.82373927056,64428.02125728228,194114.92677103868,818.5119593322255,32,10526.7
C.Det.4|Wnone|LSOA:E01030442,R1,294352.5212687662,64428.02125728228,194114.92677103868,804.7254339292398,32,10526.7
C.Det.4|Wnone|LSOA:E01030442,R2,294352.5212687662,64428.02125728228,194114.92677103868,804.7254339292398,32,10526.7
C.Det.4|Wnone|LSOA:E01030443,R0,164844.7127132747,44782.248819114364,113054.17711308037,366.6862474783034,23,4964.1
C.Det.4|Wnone|LSOA:E01030443,R1,159869.15237809712,44782.248819114364,113054.17711308037,360.486762524164,23,4964.1
C.Det.4|Wnone|LSOA:E01030443,R2,159869.15237809712,44782.248819114364,113054.17711308037,360.486762524164,23,4964.1
C.Det.4|Wnone|LSOA:E01030444,R0,547396.8337541919,172643.14612201886,388521.10887180414,1037.2363464579219,90,15049.5
C.Det.4|Wnone|LSOA:E01030444,R1,531436.9330618478,172643.14612201886,388521.10887180414,1024.3903238969738,90,15049.5
C.Det.4|Wnone|LSOA:E01030444,R2,531436.9330618478,172643.14612201886,388521.10887180414,1024.3903238969738,90,15049.5
C.Det.4|Wnone|LSOA:E01030445,R0,327005.1926670816,94171.59079080753,224502.49587389163,671.0056633538991,50,9561.3
C.Det.4|Wnone|LSOA:E01030445,R1,317287.9554092255,94171.59079080753,224502.49587389163,662.0255523513651,50,9561.3
C.Det.4|Wnone|LSOA:E01030445,R2,317287.9554092255,94171.59079080753,224502.49587389163,662.0255523513651,50,9561.3
C.Det.4|Wnone|LSOA:E01030446,R0,212575.12250840158,62293.26815512781,150516.37868733713,435.2283560747811,33,6343.0
C.Det.4|Wnone|LSOA:E01030446,R1,206280.9920424068,62293.26815512781,150516.37868733713,428.2414538439497,33,6343.0
C.Det.4|Wnone|LSOA:E01030446,R2,206280.9920424068,62293.26815512781,150516.37868733713,428.2414538439497,33,6343.0
C.Det.4|Wnone|LSOA:E01030447,R0,117681.88411269765,39296.05921022679,89270.09197697585,229.1866897258879,21,3343.2000000000003
C.Det.4|Wnone|LSOA:E01030447,R1,114224.6735418115,39296.05921022679,89270.09197697585,226.1212813645672,21,3343.2000000000003
C.Det.4|Wnone|LSOA:E01030447,R2,114224.6735418115,39296.05921022679,89270.09197697585,226.1212813645672,21,3343.2000000000003
C.Det.4|Wnone|LSOA:E01030458,R0,171300.13602651306,49458.11900858587,115671.74237979602,320.41687534782244,26,4795.700000000001
C.Det.4|Wnone|LSOA:E01030458,R1,166329.95310560399,49458.11900858587,115671.74237979602,316.19657417690826,26,4795.700000000001
C.Det.4|Wnone|LSOA:E01030458,R2,166329.95310560399,49458.11900858587,115671.74237979602,316.19657417690826,26,4795.700000000001
C.Det.4|Wnone|LSOA:E01030465,R0,208263.85204093097,64896.833277611295,152296.07139427093,421.6796798784484,34,6240.400000000001
C.Det.4|Wnone|LSOA:E01030465,R1,202125.85240505566,64896.833277611295,152296.07139427093,414.8203252396582,34,6240.400000000001
C.Det.4|Wnone|LSOA:E01030465,R2,202125.85240505566,64896.833277611295,152296.07139427093,414.8203252396582,34,6240.400000000001
C.Det.4|Wnone|LSOA:E01030466,R0,145078.88648544034,52945.19601990419,111827.75036207918,268.9331290306779,30,4244.3
C.Det.4|Wnone|LSOA:E01030466,R1,140889.23776567535,52945.19601990419,111827.75036207918,264.90432388322756,30,4244.3
C.Det.4|Wnone|LSOA:E01030466,R2,140889.23776567535,52945.19601990419,111827.75036207918,264.90432388322756,30,4244.3
C.Det.4|Wnone|LSOA:E01030471,R0,234494.21910547378,53628.03788884566,154559.1174739157,600.6686788649133,27,7949.099999999999
C.Det.4|Wnone|LSOA:E01030471,R1,227323.7295536475,53628.03788884566,154559.1174739157,590.4973972460219,27,7949.099999999999
C.Det.4|Wnone|LSOA:E01030471,R2,227323.7295536475,53628.03788884566,154559.1174739157,590.4973972460219,27,7949.099999999999
C.Det.4|Wnone|LSOA:E01030472,R0,185839.20951476513,53278.96346573324,133373.14304281393,414.42744061363925,28,5901.8
C.Det.4|Wnone|LSOA:E01030472,R1,180293.66807500343,53278.96346573324,133373.14304281393,407.4253828372793,28,5901.8
C.Det.4|Wnone|LSOA:E01030472,R2,180293.66807500343,53278.96346573324,133373.14304281393,407.4253828372793,28,5901.8
C.Det.4|Wnone|LSOA:E01030473,R0,143134.73130567896,40744.669524623154,103153.72291204342,328.69212522719073,21,4521.499999999999
C.Det.4|Wnone|LSOA:E01030473,R1,138819.5503186363,40744.669524623154,103153.72291204342,323.0985440054278,21,4521.499999999999
C.Det.4|Wnone|LSOA:E01030473,R2,138819.5503186363,40744.669524623154,103153.72291204342,323.0985440054278,21,4521.499999999999
C.Det.4|Wnone|LSOA:E01030475,R0,418842.41846295097,125074.20760538711,284578.6818458141,806.144139811272,66,11149.1
C.Det.4|Wnone|LSOA:E01030475,R1,406553.46414076304,125074.20760538711,284578.6818458141,797.1902760067852,66,11149.1
C.Det.4|Wnone|LSOA:E01030475,R2,406553.46414076304,125074.20760538711,284578.6818458141,797.1902760067852,66,11149.1
C.Det.4|Wnone|LSOA:E01030477,R0,311165.7608669828,106651.71168810452,220260.37484914064,549.3900115966604,57,7670.799999999999
C.Det.4|Wnone|LSOA:E01030477,R1,302254.9129143101,106651.71168810452,220260.37484914064,544.5292810657471,57,7670.799999999999
C.Det.4|Wnone|LSOA:E01030477,R2,302254.9129143101,106651.71168810452,220260.37484914064,544.5292810657471,57,7670.799999999999
C.Det.4|Wnone|LSOA:E01030478,R0,149416.70976730925,43984.562066653656,103413.1418659715,292.9330245681825,23,4322.400000000001
C.Det.4|Wnone|LSOA:E01030478,R1,145020.88039036092,43984.562066653656,103413.1418659715,288.8339228102441,23,4322.400000000001
C.Det.4|Wnone|LSOA:E01030478,R2,145020.88039036092,43984.562066653656,103413.1418659715,288.8339228102441,23,4322.400000000001
C.Det.4|Wnone|LSOA:E01030479,R0,83289.60921586593,30078.57143135437,64957.06563027292,150.4825009776464,16,2362.7
C.Det.4|Wnone|LSOA:E01030479,R1,80900.54944834471,30078.57143135437,64957.06563027292,148.3763450728009,16,2362.7
C.Det.4|Wnone|LSOA:E01030479,R2,80900.54944834471,30078.57143135437,64957.06563027292,148.3763450728009,16,2362.7
C.Det.4|Wnone|LSOA:E01030480,R0,269876.40094356507,76206.83717072042,191270.93444681287,617.6761923161184,40,8598.6
C.Det.4|Wnone|LSOA:E01030480,R1,261761.88851067377,76206.83717072042,191270.93444681287,607.344027436658,40,8598.6
C.Det.4|Wnone|LSOA:E01030480,R2,261761.88851067377,76206.83717072042,191270.93444681287,607.344027436658,40,8598.6
C.Det.4|Wnone|LSOA:E01030490,R0,177800.76417874743,50810.65259331912,123526.30779510182,364.73062106778934,27,5243.2
C.Det.4|Wnone|LSOA:E01030490,R1,172518.1801272996,50810.65259331912,123526.30779510182,359.7386387183321,27,5243.2
C.Det.4|Wnone|LSOA:E01030490,R2,172518.1801272996,50810.65259331912,123526.30779510182,359.7386387183321,27,5243.2
C.Det.4|Wnone|LSOA:E01030491,R0,172513.63599864798,47620.171579387636,123029.09186860136,420.8994940102701,25,5783.199999999999
C.Det.4|Wnone|LSOA:E01030491,R1,167297.36747548738,47620.171579387636,123029.09186860136,413.584809846159,25,5783.199999999999
C.Det.4|Wnone|LSOA:E01030491,R2,167297.36747548738,47620.171579387636,123029.09186860136,413.584809846159,25,5783.199999999999
C.Det.4|Wnone|LSOA:E01030492,R0,324535.94733998965,91100.4312997364,231717.03014634497,732.4089916428478,48,10154.900000000001
C.Det.4|Wnone|LSOA:E01030492,R1,314775.51877267595,91100.4312997364,231717.03014634497,719.9291938743687,48,10154.900000000001
C.Det.4|Wnone|LSOA:E01030492,R2,314775.51877267595,91100.4312997364,231717.03014634497,719.9291938743687,48,10154.900000000001
C.Det.4|Wnone|LSOA:E01030499,R0,98903.57992314169,30476.038653702137,71670.19279164012,204.29829269731684,16,2951.1
C.Det.4|Wnone|LSOA:E01030499,R1,95967.21160442822,30476.038653702137,71670.19279164012,201.03486851868564,16,2951.1
C.Det.4|Wnone|LSOA:E01030499,R2,95967.21160442822,30476.038653702137,71670.19279164012,201.03486851868564,16,2951.1
C.Det.4|Wnone|LSOA:E01030501,R0,260940.13113190775,86086.37733677693,179568.04553033446,463.4304999029696,46,6463.0
C.Det.4|Wnone|LSOA:E01030501,R1,253455.4416207227,86086.37733677693,179568.04553033446,459.2642923441295,46,6463.0
C.Det.4|Wnone|LSOA:E01030501,R2,253455.4416207227,86086.37733677693,179568.04553033446,459.2642923441295,46,6463.0
C.Det.4|Wnone|LSOA:E01030502,R0,90425.75004538154,34608.13620156602,70685.58592055422,155.47088867728354,19,2476.1
C.Det.4|Wnone|LSOA:E01030502,R1,87867.3059423687,34608.13620156602,70685.58592055422,153.4481121822855,19,2476.1
C.Det.4|Wnone|LSOA:E01030502,R2,87867.3059423687,34608.13620156602,70685.58592055422,153.4481121822855,19,2476.1
C.Det.4|Wnone|LSOA:E01030504,R0,66371.3129889399,24035.8418986818,49748.0138184729,114.46647470758015,13,1708.7
C.Det.4|Wnone|LSOA:E01030504,R1,64487.12390054261,24035.8418986818,49748.0138184729,113.25739199509448,13,1708.7
C.Det.4|Wnone|LSOA:E01030504,R2,64487.12390054261,24035.8418986818,49748.0138184729,113.25739199509448,13,1708.7
C.Det.4|Wnone|SUB:SPN-S000000171851,R0,52074.11723390427,19071.36736719439,43141.29779279582,115.01921580567036,10,1706.8
C.Det.4|Wnone|SUB:SPN-S000000171851,R1,50540.83524226552,19071.36736719439,43141.29779279582,112.96788927773733,10,1706.8
C.Det.4|Wnone|SUB:SPN-S000000171851,R2,50540.83524226552,19071.36736719439,43141.29779279582,112.96788927773733,10,1706.8
C.Det.4|Wnone|SUB:SPN-S000000171862,R0,97422.06796413689,27223.842593518177,68161.01420681438,215.26248466367548,14,2990.0999999999995
C.Det.4|Wnone|SUB:SPN-S000000171862,R1,94496.29100788891,27223.842593518177,68161.01420681438,211.59725531117013,14,2990.0999999999995
C.Det.4|Wnone|SUB:SPN-S000000171862,R2,94496.29100788891,27223.842593518177,68161.01420681438,211.59725531117013,14,2990.0999999999995
C.Det.4|Wnone|SUB:SPN-S000000171974,R0,158557.2675736113,30600.226841301162,98137.80419841936,445.7957813058146,15,5683.2
C.Det.4|Wnone|SUB:SPN-S000000171974,R1,153637.74722718107,30600.226841301162,98137.80419841936,438.28931911093474,15,5683.2
C.Det.4|Wnone|SUB:SPN-S000000171974,R2,153637.74722718107,30600.226841301162,98137.80419841936,438.28931911093474,15,5683.2
C.Det.4|Wnone|SUB:SPN-S000000174201,R0,96670.06150327806,20070.0226442094,58662.538647811176,243.02194424468718,10,3172.8
C.Det.4|Wnone|SUB:SPN-S000000174201,R1,93709.98803168481,20070.0226442094,58662.538647811176,238.92649605196712,10,3172.8
C.Det.4|Wnone|SUB:SPN-S000000174201,R2,93709.98803168481,20070.0226442094,58662.538647811176,238.92649605196712,10,3172.8
C.Det.5|Wcav|LSOA:E01030466,R0,50610.52597706842,14572.962207009241,22777.096800271513,62.60744232715894,10,539.7
C.Det.5|Wcav|LSOA:E01030466,R1,44946.02180759408,14572.962207009241,22777.096800271513,57.70910981812837,10,539.7
C.Det.5|Wcav|LSOA:E01030466,R2,34635.88194686145,14572.962207009241,22777.096800271513,71.08868115969423,10,539.7
C.Det.5|Wsol|LSOA:E01030428,R0,239553.21015100597,23681.416608249434,53760.19710654882,261.0179791833433,13,2227.5999999999995
C.Det.5|Wsol|LSOA:E01030428,R1,215715.27096805128,23681.416608249434,53760.19710654882,241.92618288742653,13,2227.5999999999995
C.Det.5|Wsol|LSOA:E01030428,R2,163118.52011776998,23681.416608249434,53760.19710654882,274.66244501079933,13,2227.5999999999995
C.Det.5|Wsol|LSOA:E01030430,R0,137031.51213393654,20213.902503057107,40098.86691185064,164.19970011999465,11,1366.2
C.Det.5|Wsol|LSOA:E01030430,R1,124888.4023709858,20213.902503057107,40098.86691185064,155.5594450843028,11,1366.2
C.Det.5|Wsol|LSOA:E01030430,R2,90936.92886043452,20213.902503057107,40098.86691185064,177.6537424322896,11,1366.2
C.Det.5|Wsol|LSOA:E01030431,R0,203885.83853752655,30742.74490838592,59946.75176285172,239.9335868500988,17,2015.2000000000003
C.Det.5|Wsol|LSOA:E01030431,R1,184812.16112249234,30742.74490838592,59946.75176285172,225.57983332038893,17,2015.2000000000003
C.Det.5|Wsol|LSOA:E01030431,R2,136561.484273606,30742.74490838592,59946.75176285172,259.4328544523221,17,2015.2000000000003
C.Det.5|Wsol|LSOA:E01030440,R0,1038173.0361232848,79427.76832471324,201136.32271473506,1068.1443099191044,42,9278.8
C.Det.5|Wsol|LSOA:E01030440,R1,927691.7190135801,79427.76832471324,201136.32271473506,974.5048971185631,42,9278.8
C.Det.5|Wsol|LSOA:E01030440,R2,717806.5830419911,79427.76832471324,201136.32271473506,1105.065843805566,42,9278.8
C.Det.5|Wsol|LSOA:E01030441,R0,352617.3657725487,39878.207599956506,88042.96829888859,392.314804870611,21,3342.4
C.Det.5|Wsol|LSOA:E01030441,R1,317539.26365851954,39878.207599956506,88042.96829888859,364.28398753302855,21,3342.4
C.Det.5|Wsol|LSOA:E01030441,R2,239609.86524449184,39878.207599956506,88042.96829888859,417.08437197997984,21,3342.4
C.Det.5|Wsol|LSOA:E01030442,R0,632576.8376664554,46811.62165734221,121410.3631428043,664.5285622093653,24,5669.700000000001
C.Det.5|Wsol|LSOA:E01030442,R1,570735.8388719074,46811.62165734221,121410.3631428043,615.5569897844848,24,5669.700000000001
C.Det.5|Wsol|LSOA:E01030442,R2,431128.8760659185,46811.62165734221,121410.3631428043,683.9661947557117,24,5669.700000000001
C.Det.5|Wsol|LSOA:E01030443,R0,539141.7101914425,46662.2185990948,114023.56102544197,574.9115716151059,24,4903.6
C.Det.5|Wsol|LSOA:E01030443,R1,486176.09769262484,46662.2185990948,114023.56102544197,532.8548438260225,24,4903.6
C.Det.5|Wsol|LSOA:E01030443,R2,367192.3099002545,46662.2185990948,114023.56102544197,596.9589017861516,24,4903.6
C.Det.5|Wsol|LSOA:E01030444,R0,324521.5589905808,35902.7852556852,80201.9247101796,359.9438197568844,19,3058.2999999999997
C.Det.5|Wsol|LSOA:E01030444,R1,292780.3678720906,35902.7852556852,80201.9247101796,334.9293208317036,19,3058.2999999999997
C.Det.5|Wsol|LSOA:E01030444,R2,220048.62567514132,35902.7852556852,80201.9247101796,381.0039322122378,19,3058.2999999999997
C.Det.5|Wsol|LSOA:E01030445,R0,619325.6293545193,50135.525943772765,125333.17101968826,655.5872593155912,26,5609.599999999999
C.Det.5|Wsol|LSOA:E01030445,R1,557607.9701469805,50135.525943772765,125333.17101968826,605.9662159601339,26,5609.599999999999
C.Det.5|Wsol|LSOA:E01030445,R2,422958.71654624655,50135.525943772765,125333.17101968826,679.8673080985292,26,5609.599999999999
C.Det.5|Wsol|LSOA:E01030446,R0,727234.7678771232,57473.4306542526,142893.43444786462,770.8443420248034,30,6637.1
C.Det.5|Wsol|LSOA:E01030446,R1,652248.4355606484,57473.4306542526,142893.43444786462,708.9156051375224,30,6637.1
C.Det.5|Wsol|LSOA:E01030446,R2,499081.1834107757,57473.4306542526,142893.43444786462,805.0104513353612,30,6637.1
C.Det.5|Wsol|LSOA:E01030447,R0,311061.7952728352,34141.52986201929,75253.72596412979,348.5990171006184,18,2946.7
C.Det.5|Wsol|LSOA:E01030447,R1,281408.7346403378,34141.52986201929,75253.72596412979,325.77244694004014,18,2946.7
C.Det.5|Wsol|LSOA:E01030447,R2,209942.99634126126,34141.52986201929,75253.72596412979,369.3164557788898,18,2946.7
C.Det.5|Wsol|LSOA:E01030458,R0,906463.3746873908,84407.95500543792,201638.1048869885,968.6618165447945,45,8287.9
C.Det.5|Wsol|LSOA:E01030458,R1,815778.9312337495,84407.95500543792,201638.1048869885,895.583732194351,45,8287.9
C.Det.5|Wsol|LSOA:E01030458,R2,618856.0545376989,84407.95500543792,201638.1048869885,1010.209295130128,45,8287.9
C.Det.5|Wsol|LSOA:E01030459,R0,283093.26548185595,31690.439286894623,70069.99863885413,313.46287270467195,17,2654.7999999999997
C.Det.5|Wsol|LSOA:E01030459,R1,255937.66128307945,31690.439286894623,70069.99863885413,292.4163063461968,17,2654.7999999999997
C.Det.5|Wsol|LSOA:E01030459,R2,191461.11272085755,31690.439286894623,70069.99863885413,330.453416850767,17,2654.7999999999997
C.Det.5|Wsol|LSOA:E01030465,R0,513686.4202675817,44383.108130725115,107578.4172423936,547.4923203427472,23,4666.800000000001
C.Det.5|Wsol|LSOA:E01030465,R1,463408.28252553404,44383.108130725115,107578.4172423936,507.69176669988497,23,4666.800000000001
C.Det.5|Wsol|LSOA:E01030465,R2,349687.2191151727,44383.108130725115,107578.4172423936,567.9634074038513,23,4666.800000000001
C.Det.5|Wsol|LSOA:E01030466,R0,229205.15884098236,19439.807303218768,48427.960783844304,240.09377171921173,10,2059.7000000000003
C.Det.5|Wsol|LSOA:E01030466,R1,206153.19157705246,19439.807303218768,48427.960783844304,221.40431020269347,10,2059.7000000000003
C.Det.5|Wsol|LSOA:E01030466,R2,156892.8905447944,19439.807303218768,48427.960783844304,248.03304816907686,10,2059.7000000000003
C.Det.5|Wsol|LSOA:E01030471,R0,666822.1460685001,62125.34501992362,146542.63430809657,706.3549407721309,33,6084.299999999999
C.Det.5|Wsol|LSOA:E01030471,R1,597938.1790576093,62125.34501992362,146542.63430809657,649.3825065111101,33,6084.299999999999
C.Det.5|Wsol|LSOA:E01030471,R2,457774.5073163467,62125.34501992362,146542.63430809657,737.6741182052626,33,6084.299999999999
C.Det.5|Wsol|LSOA:E01030472,R0,1099423.52207097,90908.44955174248,227140.54250923858,1156.6858910719845,48,9991.3
C.Det.5|Wsol|LSOA:E01030472,R1,984536.6050021582,90908.44955174248,227140.54250923858,1060.7803387610995,48,9991.3
C.Det.5|Wsol|LSOA:E01030472,R2,756532.4429189377,90908.44955174248,227140.54250923858,1206.3664044573438,48,9991.3
C.Det.5|Wsol|LSOA:E01030473,R0,1026693.2577155901,83359.05021056366,208181.0390853944,1081.5469674193068,43,9279.9
C.Det.5|Wsol|LSOA:E01030473,R1,923074.2631200226,83359.05021056366,208181.0390853944,997.3457718667488,43,9279.9
C.Det.5|Wsol|LSOA:E01030473,R2,702772.406840543,83359.05021056366,208181.0390853944,1121.3676310002493,43,9279.9
C.Det.5|Wsol|LSOA:E01030475,R0,368660.5226181719,39076.53978824711,87590.65491548413,406.57390989934527,21,3447.3999999999996
C.Det.5|Wsol|LSOA:E01030475,R1,333117.0141692897,39076.53978824711,87590.65491548413,378.8920958655901,21,3447.3999999999996
C.Det.5|Wsol|LSOA:E01030475,R2,249608.07689638177,39076.53978824711,87590.65491548413,428.1113957625986,21,3447.3999999999996
C.Det.5|Wsol|LSOA:E01030476,R0,253521.74899909075,28293.805164339763,62168.176499983994,287.17428517797424,15,2419.7
C.Det.5|Wsol|LSOA:E01030476,R1,229709.112229242,28293.805164339763,62168.176499983994,269.10950479989964,15,2419.7
C.Det.5|Wsol|LSOA:E01030476,R2,170572.59491266182,28293.805164339763,62168.176499983994,305.12239802950666,15,2419.7
C.Det.5|Wsol|LSOA:E01030477,R0,292038.764525042,23320.312572011084,57576.17674731748,312.8926249231702,12,2667.9
C.Det.5|Wsol|LSOA:E01030477,R1,263340.00512349,23320.312572011084,57576.17674731748,290.10916481773626,12,2667.9
C.Det.5|Wsol|LSOA:E01030477,R2,198818.17310947657,23320.312572011084,57576.17674731748,325.7114153280898,12,2667.9
C.Det.5|Wsol|LSOA:E01030478,R0,1240529.0322336038,99536.0256415221,247042.05130733718,1311.147435484629,52,11269.599999999999
C.Det.5|Wsol|LSOA:E01030478,R1,1113960.9903640905,99536.0256415221,247042.05130733718,1207.4440945588844,52,11269.599999999999
C.Det.5|Wsol|LSOA:E01030478,R2,850236.2512842998,99536.0256415221,247042.05130733718,1364.5332217366006,52,11269.599999999999
C.Det.5|Wsol|LSOA:E01030480,R0,581878.3335117232,52870.51343471994,125412.48985326156,624.6874916612676,28,5315.8
C.Det.5|Wsol|LSOA:E01030480,R1,525282.8768864276,52870.51343471994,125412.48985326156,580.1555965088297,28,5315.8
C.Det.5|Wsol|LSOA:E01030480,R2,395483.6331723446,52870.51343471994,125412.48985326156,649.7815512290396,28,5315.8
C.Det.5|Wsol|LSOA:E01030490,R0,1375102.9151395676,106286.48450419627,269773.870955298,1438.650808962382,56,12459.0
C.Det.5|Wsol|LSOA:E01030490,R1,1229865.9110004026,106286.48450419627,269773.870955298,1316.391330554118,56,12459.0
C.Det.5|Wsol|LSOA:E01030490,R2,948243.4910176434,106286.48450419627,269773.870955298,1499.1994468664523,56,12459.0
C.Det.5|Wsol|LSOA:E01030491,R0,758425.53447342,76196.15855307531,172641.388192096,817.4959396781425,41,6998.9
C.Det.5|Wsol|LSOA:E01030491,R1,681991.9015716272,76196.15855307531,172641.388192096,755.5854446683471,41,6998.9
C.Det.5|Wsol|LSOA:E01030491,R2,517919.77221295633,76196.15855307531,172641.388192096,857.4667499393964,41,6998.9
C.Det.5|Wsol|LSOA:E01030492,R0,1487096.0711312452,128159.35343625341,317477.0516694216,1574.7361893600626,67,13520.9
C.Det.5|Wsol|LSOA:E01030492,R1,1336094.4495307351,128159.35343625341,317477.0516694216,1451.4961976930426,67,13520.9
C.Det.5|Wsol|LSOA:E01030492,R2,1018333.9522553772,128159.35343625341,317477.0516694216,1639.0137426776928,67,13520.9
C.Det.5|Wsol|LSOA:E01030499,R0,168085.71341371024,18850.252140067456,41016.66643093353,183.50570136499357,10,1565.8999999999999
C.Det.5|Wsol|LSOA:E01030499,R1,151356.09978371146,18850.252140067456,41016.66643093353,170.1072051811096,10,1565.8999999999999
C.Det.5|Wsol|LSOA:E01030499,R2,114436.10761141719,18850.252140067456,41016.66643093353,193.29491232541164,10,1565.8999999999999
C.Det.5|Wsol|LSOA:E01030501,R0,230759.7657722623,21231.545986122932,51066.778636125906,251.67788996857368,11,2119.7
C.Det.5|Wsol|LSOA:E01030501,R1,209474.36897129612,21231.545986122932,51066.778636125906,235.73562387697498,11,2119.7
C.Det.5|Wsol|LSOA:E01030501,R2,155455.99603431625,21231.545986122932,51066.778636125906,261.58875306758665,11,2119.7
C.Det.5|Wsol|SUB:SPN-S000000171623,R0,220447.6487693387,21298.831783981903,50150.15512466634,244.18901019478974,11,2032.8999999999999
C.Det.5|Wsol|SUB:SPN-S000000171623,R1,201405.01868187328,21298.831783981903,50150.15512466634,230.86924722949914,11,2032.8999999999999
C.Det.5|Wsol|SUB:SPN-S000000171623,R2,147005.02533148465,21298.831783981903,50150.15512466634,253.24340864154144,11,2032.8999999999999
C.Det.5|Wsol|SUB:SPN-S000000171674,R0,230609.40077556553,29770.891554816437,61819.032522153844,260.5227465051244,16,2215.1
C.Det.5|Wsol|SUB:SPN-S000000171674,R1,207777.92953343262,29770.891554816437,61819.032522153844,242.3776796356976,16,2215.1
C.Det.5|Wsol|SUB:SPN-S000000171674,R2,156357.72525015127,29770.891554816437,61819.032522153844,278.7977285253868,16,2215.1
C.Det.5|Wsol|SUB:SPN-S000000171744,R0,98442.7184742479,17468.72139225535,31808.87997608118,115.49850122595535,10,1001.0
C.Det.5|Wsol|SUB:SPN-S000000171744,R1,87393.39332499601,17468.72139225535,31808.87997608118,105.8816426168133,10,1001.0
C.Det.5|Wsol|SUB:SPN-S000000171744,R2,67778.39575933706,17468.72139225535,31808.87997608118,128.4099878136455,10,1001.0
C.Det.5|Wsol|SUB:SPN-S000000174043,R0,262636.63074897905,28881.1944597224,64695.46011599259,306.07844913767315,15,2464.1000000000004
C.Det.5|Wsol|SUB:SPN-S000000174043,R1,244549.1354688668,28881.1944597224,64695.46011599259,297.02394082920875,15,2464.1000000000004
C.Det.5|Wsol|SUB:SPN-S000000174043,R2,169676.14166477817,28881.1944597224,64695.46011599259,316.42353201325545,15,2464.1000000000004
C.Det.6|Wcav|LSOA:E01030425,R0,304378.6981003698,28358.544774698283,58476.35883003202,250.1325533998196,15,2034.0
C.Det.6|Wcav|LSOA:E01030425,R1,228496.1942856263,28358.544774698283,58476.35883003202,236.25460159331615,15,2034.0
C.Det.6|Wcav|LSOA:E01030425,R2,228496.1942856263,28358.544774698283,58476.35883003202,236.25460159331615,15,2034.0
C.Det.6|Wnone|LSOA:E01030421,R0,547809.9776136413,63622.85118294778,127827.95920010941,483.7522944921752,34,4314.0
C.Det.6|Wnone|LSOA:E01030421,R1,408969.61714350036,63622.85118294778,127827.95920010941,430.36138709376473,34,4314.0
C.Det.6|Wnone|LSOA:E01030421,R2,408969.61714350036,63622.85118294778,127827.95920010941,430.36138709376473,34,4314.0
C.Det.6|Wnone|LSOA:E01030425,R0,194140.9544146751,22048.198687063705,43770.713396397696,168.18127577469417,12,1482.8
C.Det.6|Wnone|LSOA:E01030425,R1,145515.80606780463,22048.198687063705,43770.713396397696,149.90550884537828,12,1482.8
C.Det.6|Wnone|LSOA:E01030425,R2,145515.80606780463,22048.198687063705,43770.713396397696,149.90550884537828,12,1482.8
C.Det.6|Wnone|LSOA:E01030427,R0,207478.80739510528,27401.605225637395,54255.94981575918,219.82845780236215,15,1869.4
C.Det.6|Wnone|LSOA:E01030427,R1,153396.72178542384,27401.605225637395,54255.94981575918,197.34458989225968,15,1869.4
C.Det.6|Wnone|LSOA:E01030427,R2,153396.72178542384,27401.605225637395,54255.94981575918,197.34458989225968,15,1869.4
C.Det.6|Wnone|LSOA:E01030428,R0,208666.8687643895,23221.797728272835,50303.97901123126,244.60239561656974,13,2056.3
C.Det.6|Wnone|LSOA:E01030428,R1,151903.42001005725,23221.797728272835,50303.97901123126,220.06205977651828,13,2056.3
C.Det.6|Wnone|LSOA:E01030428,R2,151903.42001005725,23221.797728272835,50303.97901123126,220.06205977651828,13,2056.3
C.Det.6|Wnone|LSOA:E01030430,R0,296183.7020103617,32369.522974241117,72246.23150261998,331.27272686689844,17,2826.3
C.Det.6|Wnone|LSOA:E01030430,R1,216137.77597710054,32369.522974241117,72246.23150261998,297.64834422107816,17,2826.3
C.Det.6|Wnone|LSOA:E01030430,R2,216137.77597710054,32369.522974241117,72246.23150261998,297.64834422107816,17,2826.3
C.Det.6|Wnone|LSOA:E01030431,R0,386129.4215584418,50570.99348783696,99088.95110246565,385.52469620705835,28,3323.8
C.Det.6|Wnone|LSOA:E01030431,R1,286571.59981199505,50570.99348783696,99088.95110246565,345.1051005783329,28,3323.8
C.Det.6|Wnone|LSOA:E01030431,R2,286571.59981199505,50570.99348783696,99088.95110246565,345.1051005783329,28,3323.8
C.Det.6|Wnone|LSOA:E01030440,R0,430090.53828295274,42469.6550680003,106896.49680071254,592.3340480650379,22,4794.7
C.Det.6|Wnone|LSOA:E01030440,R1,306860.3277566794,42469.6550680003,106896.49680071254,536.0492260358086,22,4794.7
C.Det.6|Wnone|LSOA:E01030440,R2,306860.3277566794,42469.6550680003,106896.49680071254,536.0492260358086,22,4794.7
C.Det.6|Wnone|LSOA:E01030441,R0,330545.34779002424,31995.888085938277,78566.24283998777,432.8009324622227,17,3548.1
C.Det.6|Wnone|LSOA:E01030441,R1,237069.54545170482,31995.888085938277,78566.24283998777,391.0998449027254,17,3548.1
C.Det.6|Wnone|LSOA:E01030441,R2,237069.54545170482,31995.888085938277,78566.24283998777,391.0998449027254,17,3548.1
C.Det.6|Wnone|LSOA:E01030442,R0,676698.770355209,62407.46694430958,159571.1002907547,887.1979971328626,32,7259.9
C.Det.6|Wnone|LSOA:E01030442,R1,483674.01546854177,62407.46694430958,159571.1002907547,800.6831440318828,32,7259.9
C.Det.6|Wnone|LSOA:E01030442,R2,483674.01546854177,62407.46694430958,159571.1002907547,800.6831440318828,32,7259.9
C.Det.6|Wnone|LSOA:E01030443,R0,687459.9248437273,66968.99275650797,156390.37630295166,740.7739474872031,35,6414.9
C.Det.6|Wnone|LSOA:E01030443,R1,501229.2560752232,66968.99275650797,156390.37630295166,665.2717035117736,35,6414.9
C.Det.6|Wnone|LSOA:E01030443,R2,501229.2560752232,66968.99275650797,156390.37630295166,665.2717035117736,35,6414.9
C.Det.6|Wnone|LSOA:E01030444,R0,288043.25798334694,29947.039563151047,65040.98797392726,270.4191896135772,16,2445.9
C.Det.6|Wnone|LSOA:E01030444,R1,211681.76216447272,29947.039563151047,65040.98797392726,241.9709462412561,16,2445.9
C.Det.6|Wnone|LSOA:E01030444,R2,211681.76216447272,29947.039563151047,65040.98797392726,241.9709462412561,16,2445.9
C.Det.6|Wnone|LSOA:E01030445,R0,341729.8290659846,30782.067914337036,80135.49590756992,463.24702345193043,16,3770.5000000000005
C.Det.6|Wnone|LSOA:E01030445,R1,243776.50881402555,30782.067914337036,80135.49590756992,419.17153819013066,16,3770.5000000000005
C.Det.6|Wnone|LSOA:E01030445,R2,243776.50881402555,30782.067914337036,80135.49590756992,419.17153819013066,16,3770.5000000000005
C.Det.6|Wnone|LSOA:E01030446,R0,600631.2587081973,59327.33199463649,143856.19752123108,728.4981967047894,31,6099.7
C.Det.6|Wnone|LSOA:E01030446,R1,433517.4288016651,59327.33199463649,143856.19752123108,656.8748373569709,31,6099.7
C.Det.6|Wnone|LSOA:E01030446,R2,433517.4288016651,59327.33199463649,143856.19752123108,656.8748373569709,31,6099.7
C.Det.6|Wnone|LSOA:E01030447,R0,199901.9892919482,24635.915277861957,51442.048755497904,219.17022155350494,13,1842.3999999999999
C.Det.6|Wnone|LSOA:E01030447,R1,147715.12065337016,24635.915277861957,51442.048755497904,196.99349082517512,13,1842.3999999999999
C.Det.6|Wnone|LSOA:E01030447,R2,147715.12065337016,24635.915277861957,51442.048755497904,196.99349082517512,13,1842.3999999999999
C.Det.6|Wnone|LSOA:E01030458,R0,324866.1008305188,31652.41728198181,76950.32634722171,406.9422559049158,17,3372.1
C.Det.6|Wnone|LSOA:E01030458,R1,234208.09134643275,31652.41728198181,76950.32634722171,367.1763021364327,17,3372.1
C.Det.6|Wnone|LSOA:E01030458,R2,234208.09134643275,31652.41728198181,76950.32634722171,367.1763021364327,17,3372.1
C.Det.6|Wnone|LSOA:E01030465,R0,335759.9194399888,37678.784785528296,75200.30680703052,281.75860466878095,21,2579.7000000000003
C.Det.6|Wnone|LSOA:E01030465,R1,250167.7737944524,37678.784785528296,75200.30680703052,250.23536989470745,21,2579.7000000000003
C.Det.6|Wnone|LSOA:E01030465,R2,250167.7737944524,37678.784785528296,75200.30680703052,250.23536989470745,21,2579.7000000000003
C.Det.6|Wnone|LSOA:E01030466,R0,514702.7509905714,63681.95506333724,128631.4932654103,501.3346723798051,35,4381.6
C.Det.6|Wnone|LSOA:E01030466,R1,381358.0065475504,63681.95506333724,128631.4932654103,448.5360922252686,35,4381.6
C.Det.6|Wnone|LSOA:E01030466,R2,381358.0065475504,63681.95506333724,128631.4932654103,448.5360922252686,35,4381.6
C.Det.6|Wnone|LSOA:E01030471,R0,412117.7108438877,45317.126254341856,107991.30038157883,551.4222704091055,24,4489.4
C.Det.6|Wnone|LSOA:E01030471,R1,295402.23622025584,45317.126254341856,107991.30038157883,498.4684961413353,24,4489.4
C.Det.6|Wnone|LSOA:E01030471,R2,295402.23622025584,45317.126254341856,107991.30038157883,498.4684961413353,24,4489.4
C.Det.6|Wnone|LSOA:E01030472,R0,384671.48679270974,32623.11273032118,85160.81810982488,528.832308836035,17,4273.0
C.Det.6|Wnone|LSOA:E01030472,R1,275224.5363074821,32623.11273032118,85160.81810982488,478.34372494809736,17,4273.0
C.Det.6|Wnone|LSOA:E01030472,R2,275224.5363074821,32623.11273032118,85160.81810982488,478.34372494809736,17,4273.0
C.Det.6|Wnone|LSOA:E01030473,R0,446653.2032019862,44822.95245883365,103172.27791960537,502.944639918599,24,4299.4
C.Det.6|Wnone|LSOA:E01030473,R1,324506.9214023573,44822.95245883365,103172.27791960537,452.37560727049504,24,4299.4
C.Det.6|Wnone|LSOA:E01030473,R2,324506.9214023573,44822.95245883365,103172.27791960537,452.37560727049504,24,4299.4
C.Det.6|Wnone|LSOA:E01030475,R0,314029.0788779069,39194.91337240717,83086.2792996047,354.27391487717756,21,2993.7000000000003
C.Det.6|Wnone|LSOA:E01030475,R1,230366.30682372279,39194.91337240717,83086.2792996047,319.1559300805375,21,2993.7000000000003
C.Det.6|Wnone|LSOA:E01030475,R2,230366.30682372279,39194.91337240717,83086.2792996047,319.1559300805375,21,2993.7000000000003
C.Det.6|Wnone|LSOA:E01030476,R0,315583.21289014793,32049.68434828167,68610.40615105155,274.98936501075707,17,2520.6
C.Det.6|Wnone|LSOA:E01030476,R1,233615.8224068237,32049.68434828167,68610.40615105155,245.0236823838761,17,2520.6
C.Det.6|Wnone|LSOA:E01030476,R2,233615.8224068237,32049.68434828167,68610.40615105155,245.0236823838761,17,2520.6
C.Det.6|Wnone|LSOA:E01030477,R0,388220.1456842639,44916.55240014709,94407.8092373313,395.9649736614008,24,3435.7000000000003
C.Det.6|Wnone|LSOA:E01030477,R1,286331.1352381365,44916.55240014709,94407.8092373313,355.19332072092885,24,3435.7000000000003
C.Det.6|Wnone|LSOA:E01030477,R2,286331.1352381365,44916.55240014709,94407.8092373313,355.19332072092885,24,3435.7000000000003
C.Det.6|Wnone|LSOA:E01030478,R0,372492.9632374564,37477.05997426697,85811.74215684841,421.3668041615367,20,3582.2999999999997
C.Det.6|Wnone|LSOA:E01030478,R1,271646.65063498606,37477.05997426697,85811.74215684841,378.72541951177055,20,3582.2999999999997
C.Det.6|Wnone|LSOA:E01030478,R2,271646.65063498606,37477.05997426697,85811.74215684841,378.72541951177055,20,3582.2999999999997
C.Det.6|Wnone|LSOA:E01030480,R0,530170.6600161734,53702.16597533687,125606.70003272552,600.2809506587719,28,5123.799999999999
C.Det.6|Wnone|LSOA:E01030480,R1,384974.8085170334,53702.16597533687,125606.70003272552,540.0364685421316,28,5123.799999999999
C.Det.6|Wnone|LSOA:E01030480,R2,384974.8085170334,53702.16597533687,125606.70003272552,540.0364685421316,28,5123.799999999999
C.Det.6|Wnone|LSOA:E01030490,R0,516981.6130989813,51244.84319593743,119008.96045817724,513.8924486195693,27,4565.7
C.Det.6|Wnone|LSOA:E01030490,R1,378931.1527122461,51244.84319593743,119008.96045817724,460.4845831746729,27,4565.7
C.Det.6|Wnone|LSOA:E01030490,R2,378931.1527122461,51244.84319593743,119008.96045817724,460.4845831746729,27,4565.7
C.Det.6|Wnone|LSOA:E01030491,R0,411797.73526739195,44553.30459610664,102025.7606766234,499.50401189568095,24,4174.1
C.Det.6|Wnone|LSOA:E01030491,R1,297831.57916760596,44553.30459610664,102025.7606766234,450.2140257935398,24,4174.1
C.Det.6|Wnone|LSOA:E01030491,R2,297831.57916760596,44553.30459610664,102025.7606766234,450.2140257935398,24,4174.1
C.Det.6|Wnone|LSOA:E01030492,R0,847735.7664531588,82631.30554264369,192005.03255594888,885.7307134644653,44,7737.7
C.Det.6|Wnone|LSOA:E01030492,R1,619875.1289976155,82631.30554264369,192005.03255594888,794.4722914193629,44,7737.7
C.Det.6|Wnone|LSOA:E01030492,R2,619875.1289976155,82631.30554264369,192005.03255594888,794.4722914193629,44,7737.7
C.Det.6|Wnone|LSOA:E01030499,R0,380668.530973593,42818.762007969475,91079.1959138292,379.0590191396667,23,3341.5000000000005
C.Det.6|Wnone|LSOA:E01030499,R1,279988.41452267126,42818.762007969475,91079.1959138292,339.9527165123392,23,3341.5000000000005
C.Det.6|Wnone|LSOA:E01030499,R2,279988.41452267126,42818.762007969475,91079.1959138292,339.9527165123392,23,3341.5000000000005
C.Det.6|Wnone|LSOA:E01030501,R0,200470.85373192342,27081.041736847943,55335.83628046657,230.18769735810662,15,1935.0
C.Det.6|Wnone|LSOA:E01030501,R1,146970.27222788165,27081.041736847943,55335.83628046657,207.50096016688428,15,1935.0
C.Det.6|Wnone|LSOA:E01030501,R2,146970.27222788165,27081.041736847943,55335.83628046657,207.50096016688428,15,1935.0
C.Det.6|Wnone|LSOA:E01030502,R0,248462.9384759356,30245.309434415314,58573.22964872251,215.51147080453688,17,1935.3
C.Det.6|Wnone|LSOA:E01030502,R1,185515.7431360866,30245.309434415314,58573.22964872251,191.5720726521124,17,1935.3
C.Det.6|Wnone|LSOA:E01030502,R2,185515.7431360866,30245.309434415314,58573.22964872251,191.5720726521124,17,1935.3
C.Det.6|Wnone|LSOA:E01030504,R0,140466.0316672322,21440.726885941614,40220.55449061263,156.29633560822705,12,1287.8999999999999
C.Det.6|Wnone|LSOA:E01030504,R1,104348.91870005132,21440.726885941614,40220.55449061263,140.68182133565801,12,1287.8999999999999
C.Det.6|Wnone|LSOA:E01030504,R2,104348.91870005132,21440.726885941614,40220.55449061263,140.68182133565801,12,1287.8999999999999
C.Det.6|Wnone|SUB:SPN-S000000171865,R0,165517.920531469,17962.703493892303,38327.42373622905,167.30699693007696,10,1479.1000000000001
C.Det.6|Wnone|SUB:SPN-S000000171865,R1,121137.55437529835,17962.703493892303,38327.42373622905,149.93924012142892,10,1479.1000000000001
C.Det.6|Wnone|SUB:SPN-S000000171865,R2,121137.55437529835,17962.703493892303,38327.42373622905,149.93924012142892,10,1479.1000000000001
C.Det.7|Wcav|LSOA:E01030421,R0,354270.0972918904,28450.74443922739,61705.63238803161,307.63889511490095,15,2307.0
C.Det.7|Wcav|LSOA:E01030421,R1,156859.5936996711,28450.74443922739,61705.63238803161,252.7983519836637,15,2307.0
C.Det.7|Wcav|LSOA:E01030421,R2,156859.5936996711,28450.74443922739,61705.63238803161,252.7983519836637,15,2307.0
C.Det.7|Wcav|LSOA:E01030424,R0,231861.30604344571,22176.47661783204,44349.67632568696,209.45301677571615,12,1496.6
C.Det.7|Wcav|LSOA:E01030424,R1,108313.1461460751,22176.47661783204,44349.67632568696,171.91437246911255,12,1496.6
C.Det.7|Wcav|LSOA:E01030424,R2,108313.1461460751,22176.47661783204,44349.67632568696,171.91437246911255,12,1496.6
C.Det.7|Wcav|LSOA:E01030428,R0,233074.66306057363,23303.79907606599,45057.83681851749,205.2388076098633,13,1499.1
C.Det.7|Wcav|LSOA:E01030428,R1,109504.46893086843,23303.79907606599,45057.83681851749,169.90653927712975,13,1499.1
C.Det.7|Wcav|LSOA:E01030428,R2,109504.46893086843,23303.79907606599,45057.83681851749,169.90653927712975,13,1499.1
C.Det.7|Wcav|LSOA:E01030431,R0,307741.6203641091,26479.76630364408,55622.0545470277,253.3690444445988,14,1989.8000000000002
C.Det.7|Wcav|LSOA:E01030431,R1,137805.14755356841,26479.76630364408,55622.0545470277,211.45750513856566,14,1989.8000000000002
C.Det.7|Wcav|LSOA:E01030431,R2,137805.14755356841,26479.76630364408,55622.0545470277,211.45750513856566,14,1989.8000000000002
C.Det.7|Wcav|LSOA:E01030440,R0,638774.8450111991,40090.06334585125,97674.79071664526,577.4670913409041,21,4218.299999999999
C.Det.7|Wcav|LSOA:E01030440,R1,263533.4519259935,40090.06334585125,97674.79071664526,446.19851245944204,21,4218.299999999999
C.Det.7|Wcav|LSOA:E01030440,R2,263533.4519259935,40090.06334585125,97674.79071664526,446.19851245944204,21,4218.299999999999
C.Det.7|Wcav|LSOA:E01030441,R0,480912.85318498587,27141.79640031014,69873.70526701525,441.72619480789626,14,3192.3999999999996
C.Det.7|Wcav|LSOA:E01030441,R1,190956.86289871077,27141.79640031014,69873.70526701525,326.55014363264337,14,3192.3999999999996
C.Det.7|Wcav|LSOA:E01030441,R2,190956.86289871077,27141.79640031014,69873.70526701525,326.55014363264337,14,3192.3999999999996
C.Det.7|Wcav|LSOA:E01030442,R0,1009798.2497717075,60032.081695154804,150850.56137294514,920.0938937020794,31,6686.8
C.Det.7|Wcav|LSOA:E01030442,R1,407759.31968859775,60032.081695154804,150850.56137294514,692.9917685336216,31,6686.8
C.Det.7|Wcav|LSOA:E01030442,R2,407759.31968859775,60032.081695154804,150850.56137294514,692.9917685336216,31,6686.8
C.Det.7|Wcav|LSOA:E01030443,R0,806930.1652185076,53928.25113920887,127283.10246333282,718.925501914341,28,5312.5
C.Det.7|Wcav|LSOA:E01030443,R1,335827.71910842083,53928.25113920887,127283.10246333282,558.1948581416005,28,5312.5
C.Det.7|Wcav|LSOA:E01030443,R2,335827.71910842083,53928.25113920887,127283.10246333282,558.1948581416005,28,5312.5
C.Det.7|Wcav|LSOA:E01030444,R0,527253.5681449428,38285.26139896693,86835.70969975842,457.743200032793,20,3445.3999999999996
C.Det.7|Wcav|LSOA:E01030444,R1,229679.97035790724,38285.26139896693,86835.70969975842,374.80556754008455,20,3445.3999999999996
C.Det.7|Wcav|LSOA:E01030444,R2,229679.97035790724,38285.26139896693,86835.70969975842,374.80556754008455,20,3445.3999999999996
C.Det.7|Wcav|LSOA:E01030446,R0,442531.14521334757,32438.3201714705,74147.24000272878,394.87667253008146,17,2910.4
C.Det.7|Wcav|LSOA:E01030446,R1,187762.72409813202,32438.3201714705,74147.24000272878,315.27622097768074,17,2910.4
C.Det.7|Wcav|LSOA:E01030446,R2,187762.72409813202,32438.3201714705,74147.24000272878,315.27622097768074,17,2910.4
C.Det.7|Wcav|LSOA:E01030447,R0,286002.86990910326,24570.22557527114,51905.34538193166,257.4421580899835,13,1854.7
C.Det.7|Wcav|LSOA:E01030447,R1,130766.51684999763,24570.22557527114,51905.34538193166,210.65168824600286,13,1854.7
C.Det.7|Wcav|LSOA:E01030447,R2,130766.51684999763,24570.22557527114,51905.34538193166,210.65168824600286,13,1854.7
C.Det.7|Wcav|LSOA:E01030458,R0,349434.4617965321,29231.82070988146,62357.41002124643,306.77299677246486,16,2274.7
C.Det.7|Wcav|LSOA:E01030458,R1,155608.65588449046,29231.82070988146,62357.41002124643,251.56542286094134,16,2274.7
C.Det.7|Wcav|LSOA:E01030458,R2,155608.65588449046,29231.82070988146,62357.41002124643,251.56542286094134,16,2274.7
C.Det.7|Wcav|LSOA:E01030465,R0,219877.63773561415,21586.55646168644,42335.643119682856,189.01405555901945,12,1422.1999999999998
C.Det.7|Wcav|LSOA:E01030465,R1,99958.46994992705,21586.55646168644,42335.643119682856,156.575069953143,12,1422.1999999999998
C.Det.7|Wcav|LSOA:E01030465,R2,99958.46994992705,21586.55646168644,42335.643119682856,156.575069953143,12,1422.1999999999998
C.Det.7|Wcav|LSOA:E01030466,R0,253560.30317743248,21897.0517568045,44959.70342303544,212.0834789388099,12,1646.4999999999998
C.Det.7|Wcav|LSOA:E01030466,R1,110820.14102417117,21897.0517568045,44959.70342303544,171.70518784134822,12,1646.4999999999998
C.Det.7|Wcav|LSOA:E01030466,R2,110820.14102417117,21897.0517568045,44959.70342303544,171.70518784134822,12,1646.4999999999998
C.Det.7|Wcav|LSOA:E01030471,R0,357744.56688847806,30333.948606111746,64646.40624356095,327.7488823598633,16,2331.1000000000004
C.Det.7|Wcav|LSOA:E01030471,R1,161226.13689635435,30333.948606111746,64646.40624356095,266.11802098492194,16,2331.1000000000004
C.Det.7|Wcav|LSOA:E01030471,R2,161226.13689635435,30333.948606111746,64646.40624356095,266.11802098492194,16,2331.1000000000004
C.Det.7|Wcav|LSOA:E01030473,R0,402299.1783365095,26955.845173294496,64360.24406595988,359.040029322903,14,2648.2000000000003
C.Det.7|Wcav|LSOA:E01030473,R1,168506.66570881283,26955.845173294496,64360.24406595988,281.54582786727417,14,2648.2000000000003
C.Det.7|Wcav|LSOA:E01030473,R2,168506.66570881283,26955.845173294496,64360.24406595988,281.54582786727417,14,2648.2000000000003
C.Det.7|Wcav|LSOA:E01030475,R0,325548.1355588143,29657.429044534045,60190.506170589506,275.8392743878423,16,2101.8
C.Det.7|Wcav|LSOA:E01030475,R1,148426.9182921827,29657.429044534045,60190.506170589506,229.613208131028,16,2101.8
C.Det.7|Wcav|LSOA:E01030475,R2,148426.9182921827,29657.429044534045,60190.506170589506,229.613208131028,16,2101.8
C.Det.7|Wcav|LSOA:E01030476,R0,319291.630805461,33777.17117222944,63477.490358282,281.0253852236328,19,2053.5
C.Det.7|Wcav|LSOA:E01030476,R1,150027.1276459673,33777.17117222944,63477.490358282,232.6837566447754,19,2053.5
C.Det.7|Wcav|LSOA:E01030476,R2,150027.1276459673,33777.17117222944,63477.490358282,232.6837566447754,19,2053.5
C.Det.7|Wcav|LSOA:E01030478,R0,361564.9553204062,24142.70404983056,56769.338718527266,325.1782890170041,13,2384.4000000000005
C.Det.7|Wcav|LSOA:E01030478,R1,150280.78313205065,24142.70404983056,56769.338718527266,253.21175857127795,13,2384.4000000000005
C.Det.7|Wcav|LSOA:E01030478,R2,150280.78313205065,24142.70404983056,56769.338718527266,253.21175857127795,13,2384.4000000000005
C.Det.7|Wcav|LSOA:E01030480,R0,535226.2825318526,36151.94882303916,85304.42756897445,480.07518799193815,19,3525.4999999999995
C.Det.7|Wcav|LSOA:E01030480,R1,224852.68255455414,36151.94882303916,85304.42756897445,378.9506445403662,19,3525.4999999999995
C.Det.7|Wcav|LSOA:E01030480,R2,224852.68255455414,36151.94882303916,85304.42756897445,378.9506445403662,19,3525.4999999999995
C.Det.7|Wcav|LSOA:E01030490,R0,475805.7262859283,34134.64855893524,78468.78968050153,417.6776122095392,18,3118.0
C.Det.7|Wcav|LSOA:E01030490,R1,204381.18350715545,34134.64855893524,78468.78968050153,336.81484614788366,18,3118.0
C.Det.7|Wcav|LSOA:E01030490,R2,204381.18350715545,34134.64855893524,78468.78968050153,336.81484614788366,18,3118.0
C.Det.7|Wcav|LSOA:E01030491,R0,420112.9174726363,26608.08445884791,64313.641358709225,378.7082682348655,14,2773.9000000000005
C.Det.7|Wcav|LSOA:E01030491,R1,172438.6060396412,26608.08445884791,64313.641358709225,290.11492775430366,14,2773.9000000000005
C.Det.7|Wcav|LSOA:E01030491,R2,172438.6060396412,26608.08445884791,64313.641358709225,290.11492775430366,14,2773.9000000000005
C.Det.7|Wcav|LSOA:E01030492,R0,969129.0998984422,59479.26441461925,148351.48481988086,875.1977419811999,31,6403.1
C.Det.7|Wcav|LSOA:E01030492,R1,395698.4152739954,59479.26441461925,148351.48481988086,666.1826581288367,31,6403.1
C.Det.7|Wcav|LSOA:E01030492,R2,395698.4152739954,59479.26441461925,148351.48481988086,666.1826581288367,31,6403.1
C.Det.7|Wcav|LSOA:E01030502,R0,234282.0495290989,20320.63430649091,42246.92227641436,202.5024925044914,11,1522.6
C.Det.7|Wcav|LSOA:E01030502,R1,104489.39200476892,20320.63430649091,42246.92227641436,166.85996170063922,11,1522.6
C.Det.7|Wcav|LSOA:E01030502,R2,104489.39200476892,20320.63430649091,42246.92227641436,166.85996170063922,11,1522.6
C.Det.7|Wcav|LSOA:E01030504,R0,182518.57589750714,19042.13988979387,35723.952603382575,156.83562409841272,11,1178.9
C.Det.7|Wcav|LSOA:E01030504,R1,83473.3194728507,19042.13988979387,35723.952603382575,130.08738705681608,11,1178.9
C.Det.7|Wcav|LSOA:E01030504,R2,83473.3194728507,19042.13988979387,35723.952603382575,130.08738705681608,11,1178.9
C.Det.7|Wcav|SUB:SPN-S000000171711,R0,313393.33290611784,19483.448595102425,48204.798456267825,288.8744532860814,10,2081.9
C.Det.7|Wcav|SUB:SPN-S000000171711,R1,124193.10371139992,19483.448595102425,48204.798456267825,213.40961764407467,10,2081.9
C.Det.7|Wcav|SUB:SPN-S000000171711,R2,124193.10371139992,19483.448595102425,48204.798456267825,213.40961764407467,10,2081.9
C.Det.8|Wcav|LSOA:E01030440,R0,273764.2189647312,19318.29627733918,45270.842508436355,256.99385935321055,10,1832.6000000000001
C.Det.8|Wcav|LSOA:E01030440,R1,197267.03571164986,19318.29627733918,45270.842508436355,228.09230868611928,10,1832.6000000000001
C.Det.8|Wcav|LSOA:E01030440,R2,154646.41282238864,19318.29627733918,45270.842508436355,193.65789368512281,10,1832.6000000000001
C.Det.8|Wcav|LSOA:E01030442,R0,461069.1396013879,32585.485691332884,76006.89715471643,438.00864193542145,17,3110.3
C.Det.8|Wcav|LSOA:E01030442,R1,331188.16530363495,32585.485691332884,76006.89715471643,384.3447821101804,17,3110.3
C.Det.8|Wcav|LSOA:E01030442,R2,260998.9407445827,32585.485691332884,76006.89715471643,331.7663616830507,17,3110.3
C.Det.8|Wcav|LSOA:E01030471,R0,274337.838811922,20593.782155925932,44860.36396024881,228.92937136042974,11,1704.8000000000002
C.Det.8|Wcav|LSOA:E01030471,R1,195537.98008312716,20593.782155925932,44860.36396024881,201.11902287341715,11,1704.8000000000002
C.Det.8|Wcav|LSOA:E01030471,R2,152722.16150940437,20593.782155925932,44860.36396024881,165.31954324291587,11,1704.8000000000002
C.Det.8|Wcav|LSOA:E01030480,R0,292973.37759344454,23843.455794574103,50344.402036703446,251.14781350511507,13,1851.2999999999997
C.Det.8|Wcav|LSOA:E01030480,R1,207742.1739504289,23843.455794574103,50344.402036703446,215.92037716257153,13,1851.2999999999997
C.Det.8|Wcav|LSOA:E01030480,R2,163773.00325891934,23843.455794574103,50344.402036703446,183.69175491385175,13,1851.2999999999997
C.Det.8|Wcav|LSOA:E01030492,R0,604209.4923841162,40063.31096185542,97070.2091252291,580.2288079361332,21,4104.599999999999
C.Det.8|Wcav|LSOA:E01030492,R1,437452.80743031803,40063.31096185542,97070.2091252291,519.5827992309985,21,4104.599999999999
C.Det.8|Wcav|LSOA:E01030492,R2,342229.43868881156,40063.31096185542,97070.2091252291,440.19995668180223,21,4104.599999999999
C.Det.8|Wnone|LSOA:E01030466,R0,200365.45170519303,19374.67515522507,36589.99001066779,150.45569545443112,11,1144.2
C.Det.8|Wnone|LSOA:E01030466,R1,138783.6302835904,19374.67515522507,36589.99001066779,134.50865629642212,11,1144.2
C.Det.8|Wnone|LSOA:E01030466,R2,110049.02705996789,19374.67515522507,36589.99001066779,126.12428665262756,11,1144.2
C.Det.8|Wsol|LSOA:E01030441,R0,244107.7647047331,21413.839643518564,42377.222116648874,198.56542371418058,12,1493.3
C.Det.8|Wsol|LSOA:E01030441,R1,173333.76207480312,21413.839643518564,42377.222116648874,173.11811281956574,12,1493.3
C.Det.8|Wsol|LSOA:E01030441,R2,135515.77196000796,21413.839643518564,42377.222116648874,142.01589765656405,12,1493.3
C.Det.8|Wsol|LSOA:E01030442,R0,346705.9922382714,19717.79988095441,51886.63046230785,365.21633604013874,10,2503.8
C.Det.8|Wsol|LSOA:E01030442,R1,255658.7185656894,19717.79988095441,51886.63046230785,336.5284068510095,10,2503.8
C.Det.8|Wsol|LSOA:E01030442,R2,198698.9898550163,19717.79988095441,51886.63046230785,284.76794226584923,10,2503.8
C.Det.8|Wsol|LSOA:E01030471,R0,384932.94668687216,25033.498030311246,61629.62735838387,382.06837694654524,13,2672.1
C.Det.8|Wsol|LSOA:E01030471,R1,281341.7763297009,25033.498030311246,61629.62735838387,348.6558265042239,13,2672.1
C.Det.8|Wsol|LSOA:E01030471,R2,218839.1007392613,25033.498030311246,61629.62735838387,292.4384731766479,13,2672.1
C.Det.8|Wsol|LSOA:E01030472,R0,355788.8761468451,28861.51666746664,62440.68760754903,312.50644139577054,16,2282.8
C.Det.8|Wsol|LSOA:E01030472,R1,252578.35799513897,28861.51666746664,62440.68760754903,268.5311877447876,16,2282.8
C.Det.8|Wsol|LSOA:E01030472,R2,199503.300065446,28861.51666746664,62440.68760754903,230.6993723119024,16,2282.8
C.Det.8|Wsol|LSOA:E01030478,R0,375214.7490522695,25202.945494209307,61935.180486368874,378.562197621656,13,2632.9
C.Det.8|Wsol|LSOA:E01030478,R1,273916.59098127554,25202.945494209307,61935.180486368874,343.1388951392868,13,2632.9
C.Det.8|Wsol|LSOA:E01030478,R2,213872.3637994729,25202.945494209307,61935.180486368874,291.44444161551473,13,2632.9
C.Det.8|Wsol|LSOA:E01030490,R0,463345.45893643156,28693.48442716581,71770.35139522745,453.2206265558931,15,3185.7000000000003
C.Det.8|Wsol|LSOA:E01030490,R1,336305.77775641705,28693.48442716581,71770.35139522745,407.11619525330303,15,3185.7000000000003
C.Det.8|Wsol|LSOA:E01030490,R2,263071.1784574316,28693.48442716581,71770.35139522745,345.8167846445501,15,3185.7000000000003
C.Det.8|Wsol|LSOA:E01030491,R0,354788.0143051796,28794.30255715375,60314.68221247911,306.96185962052806,16,2254.9
C.Det.8|Wsol|LSOA:E01030491,R1,252675.53544744087,28794.30255715375,60314.68221247911,267.15511064523304,16,2254.9
C.Det.8|Wsol|LSOA:E01030491,R2,198463.54953413724,28794.30255715375,60314.68221247911,225.037890267313,16,2254.9
C.Det.9|Wsol|LSOA:E01030441,R0,399698.1127662747,28228.92044991082,62660.99972731808,281.3208512448219,15,2383.0
C.Det.9|Wsol|LSOA:E01030441,R1,243925.95020296855,28228.92044991082,62660.99972731808,201.84116483668788,15,2383.0
C.Det.9|Wsol|LSOA:E01030441,R2,185560.5014593497,28228.92044991082,62660.99972731808,188.69217663232806,15,2383.0
C.Det.9|Wsol|LSOA:E01030446,R0,418650.122883215,26806.606047336525,63669.07354968015,372.1376680965112,14,2708.0999999999995
C.Det.9|Wsol|LSOA:E01030446,R1,288884.882894434,26806.606047336525,63669.07354968015,318.902451572758,14,2708.0999999999995
C.Det.9|Wsol|LSOA:E01030446,R2,213213.68831801822,26806.606047336525,63669.07354968015,328.0356962899329,14,2708.0999999999995
C.Det.9|Wsol|LSOA:E01030458,R0,312849.5865905222,20650.46081483288,47881.09420209046,244.13014435245483,11,1920.1
C.Det.9|Wsol|LSOA:E01030458,R1,200125.9779975065,20650.46081483288,47881.09420209046,190.93309296277457,11,1920.1
C.Det.9|Wsol|LSOA:E01030458,R2,151023.73474162543,20650.46081483288,47881.09420209046,181.2634307351083,11,1920.1
C.Det.9|Wsol|LSOA:E01030471,R0,434124.34801606694,21498.84087814574,57428.56894533425,369.3437833958672,11,2701.6000000000004
C.Det.9|Wsol|LSOA:E01030471,R1,286006.3409688851,21498.84087814574,57428.56894533425,308.8501525516316,11,2701.6000000000004
C.Det.9|Wsol|LSOA:E01030471,R2,216824.0552415809,21498.84087814574,57428.56894533425,303.9143404138736,11,2701.6000000000004
C.Det.9|Wsol|LSOA:E01030478,R0,580621.2420825013,31092.89545111708,80070.33963131475,522.6165836867817,16,3761.4
C.Det.9|Wsol|LSOA:E01030478,R1,402171.53304171213,31092.89545111708,80070.33963131475,451.6710938468228,16,3761.4
C.Det.9|Wsol|LSOA:E01030478,R2,297237.692963169,31092.89545111708,80070.33963131475,466.2422953940247,16,3761.4
C.Det.9|Wsol|LSOA:E01030490,R0,213171.49261930014,21799.049060628568,42570.3055522725,176.43422326977773,12,1396.1000000000001
C.Det.9|Wsol|LSOA:E01030490,R1,146254.11081881574,21799.049060628568,42570.3055522725,157.1171387925288,12,1396.1000000000001
C.Det.9|Wsol|LSOA:E01030490,R2,104370.73342617156,21799.049060628568,42570.3055522725,143.91362384971657,12,1396.1000000000001
C.Det.9|Wsol|LSOA:E01030491,R0,525153.6857240837,34186.48340504829,79994.75504218941,440.5725090349806,18,3314.1
C.Det.9|Wsol|LSOA:E01030491,R1,349904.4874065996,34186.48340504829,79994.75504218941,363.49491827671875,18,3314.1
C.Det.9|Wsol|LSOA:E01030491,R2,261025.9427581178,34186.48340504829,79994.75504218941,357.42292920665346,18,3314.1
C.Det.9|Wsol|LSOA:E01030492,R0,497748.57524710643,27773.610690409223,69506.54298355855,428.47199683377613,15,3137.2999999999997
C.Det.9|Wsol|LSOA:E01030492,R1,332809.9381431286,27773.610690409223,69506.54298355855,360.5423994221192,15,3137.2999999999997
C.Det.9|Wsol|LSOA:E01030492,R2,249921.0523520307,27773.610690409223,69506.54298355855,355.83179303635507,15,3137.2999999999997
C.Flat.1|Wcav|LSOA:E01030422,R0,24571.44232346643,14850.794738045144,22052.239032195856,73.38542154237173,10,564.0
C.Flat.1|Wcav|LSOA:E01030422,R1,23574.356113791517,14850.794738045144,22052.239032195856,73.33206120786708,10,564.0
C.Flat.1|Wcav|LSOA:E01030422,R2,23574.356113791517,14850.794738045144,22052.239032195856,73.33206120786708,10,564.0
C.Flat.1|Wcav|SUB:SPN-S000000171675,R0,55833.43454721663,26400.46077856335,46255.701686685105,153.48803758557358,15,1353.0
C.Flat.1|Wcav|SUB:SPN-S000000171675,R1,53361.477567254864,26400.46077856335,46255.701686685105,148.5432615215185,15,1353.0
C.Flat.1|Wcav|SUB:SPN-S000000171675,R2,53361.477567254864,26400.46077856335,46255.701686685105,148.5432615215185,15,1353.0
C.Flat.1|Wcav|SUB:SPN-S000000171717,R0,37183.30765922529,20844.730964844613,31250.406472208524,80.90047081687301,14,787.0
C.Flat.1|Wcav|SUB:SPN-S000000171717,R1,35717.24590060655,20844.730964844613,31250.406472208524,80.30901116857704,14,787.0
C.Flat.1|Wcav|SUB:SPN-S000000171717,R2,35717.24590060655,20844.730964844613,31250.406472208524,80.30901116857704,14,787.0
C.Flat.1|Wcav|SUB:SPN-S000000171812,R0,39854.21619725829,19704.870559222298,28244.708153159576,73.02307473684996,14,700.0
C.Flat.1|Wcav|SUB:SPN-S000000171812,R1,38548.29990518821,19704.870559222298,28244.708153159576,72.82021792776709,14,700.0
C.Flat.1|Wcav|SUB:SPN-S000000171812,R2,38548.29990518821,19704.870559222298,28244.708153159576,72.82021792776709,14,700.0
C.Flat.1|Wcav|SUB:SPN-S000000171929,R0,30982.28115422816,16493.030843902576,24250.806745751463,52.11857099460281,12,558.0
C.Flat.1|Wcav|SUB:SPN-S000000171929,R1,29928.850150481758,16493.030843902576,24250.806745751463,51.827072952338156,12,558.0
C.Flat.1|Wcav|SUB:SPN-S000000171929,R2,29928.850150481758,16493.030843902576,24250.806745751463,51.827072952338156,12,558.0
C.Flat.1|Wcav|SUB:SPN-S000000174301,R0,26066.946578659044,15176.06297482409,24649.048474612704,61.9774445963113,10,591.0
C.Flat.1|Wcav|SUB:SPN-S000000174301,R1,24984.513862510616,15176.06297482409,24649.048474612704,61.85211155103011,10,591.0
C.Flat.1|Wcav|SUB:SPN-S000000174301,R2,24984.513862510616,15176.06297482409,24649.048474612704,61.85211155103011,10,591.0
C.Flat.1|Wcav|SUB:SPN-S000000174543,R0,19738.31853603685,11668.630655798679,13950.961056196375,29.962136882752862,10,252.0
C.Flat.1|Wcav|SUB:SPN-S000000174543,R1,19221.95846093764,11668.630655798679,13950.961056196375,28.84830435949427,10,252.0
C.Flat.1|Wcav|SUB:SPN-S000000174543,R2,19221.95846093764,11668.630655798679,13950.961056196375,28.84830435949427,10,252.0
C.Flat.1|Wcav|SUB:SPN-S000000174640,R0,30816.91520910684,15763.464215055397,22478.91279444695,57.150027768666504,11,571.0
C.Flat.1|Wcav|SUB:SPN-S000000174640,R1,29751.06043461999,15763.464215055397,22478.91279444695,56.878630572403445,11,571.0
C.Flat.1|Wcav|SUB:SPN-S000000174640,R2,29751.06043461999,15763.464215055397,22478.91279444695,56.878630572403445,11,571.0
C.Flat.1|Wnone|LSOA:E01030421,R0,46666.32640873402,28334.03077579188,40715.69222576464,142.04944397438572,20,1010.0
C.Flat.1|Wnone|LSOA:E01030421,R1,44905.795105947094,28334.03077579188,40715.69222576464,141.92407198531285,20,1010.0
C.Flat.1|Wnone|LSOA:E01030421,R2,44905.795105947094,28334.03077579188,40715.69222576464,141.92407198531285,20,1010.0
C.Flat.1|Wnone|LSOA:E01030422,R0,155436.62337577145,79775.44046102237,127301.59317987534,409.21709152100675,54,3461.6000000000004
C.Flat.1|Wnone|LSOA:E01030422,R1,149212.6597500384,79775.44046102237,127301.59317987534,408.7012779033281,54,3461.6000000000004
C.Flat.1|Wnone|LSOA:E01030422,R2,149212.6597500384,79775.44046102237,127301.59317987534,408.7012779033281,54,3461.6000000000004
C.Flat.1|Wnone|LSOA:E01030423,R0,41157.82664329517,25052.64969327626,34776.51246403289,126.60337780668536,18,872.0
C.Flat.1|Wnone|LSOA:E01030423,R1,39644.813877872206,25052.64969327626,34776.51246403289,126.59359519900256,18,872.0
C.Flat.1|Wnone|LSOA:E01030423,R2,39644.813877872206,25052.64969327626,34776.51246403289,126.59359519900256,18,872.0
C.Flat.1|Wnone|LSOA:E01030424,R0,260944.69470614108,142868.46795554363,214856.99112853795,598.5308005203364,97,5404.7
C.Flat.1|Wnone|LSOA:E01030424,R1,251093.31037047372,142868.46795554363,214856.99112853795,595.6828500506143,97,5404.7
C.Flat.1|Wnone|LSOA:E01030424,R2,251093.31037047372,142868.46795554363,214856.99112853795,595.6828500506143,97,5404.7
C.Flat.1|Wnone|LSOA:E01030425,R0,31650.162340058858,14399.716439717668,18846.800382529822,43.69079850747568,11,452.0
C.Flat.1|Wnone|LSOA:E01030425,R1,30753.199528613968,14399.716439717668,18846.800382529822,41.550698343795595,11,452.0
C.Flat.1|Wnone|LSOA:E01030425,R2,30753.199528613968,14399.716439717668,18846.800382529822,41.550698343795595,11,452.0
C.Flat.1|Wnone|LSOA:E01030426,R0,62333.404445879314,33591.00754523932,47393.87816912368,135.85577698219825,24,1178.4
C.Flat.1|Wnone|LSOA:E01030426,R1,60181.52664131627,33591.00754523932,47393.87816912368,135.53617411865886,24,1178.4
C.Flat.1|Wnone|LSOA:E01030426,R2,60181.52664131627,33591.00754523932,47393.87816912368,135.53617411865886,24,1178.4
C.Flat.1|Wnone|LSOA:E01030428,R0,51675.50059347584,18700.79179352484,33843.89115793607,114.31565390158006,12,1128.2
C.Flat.1|Wnone|LSOA:E01030428,R1,49590.78099838958,18700.79179352484,33843.89115793607,114.08456791019826,12,1128.2
C.Flat.1|Wnone|LSOA:E01030428,R2,49590.78099838958,18700.79179352484,33843.89115793607,114.08456791019826,12,1128.2
C.Flat.1|Wnone|LSOA:E01030430,R0,33138.867962738535,17017.826451391018,29296.357291382916,87.30701905718362,10,797.4999999999999
C.Flat.1|Wnone|LSOA:E01030430,R1,31687.705905836367,17017.826451391018,29296.357291382916,87.15324615522937,10,797.4999999999999
C.Flat.1|Wnone|LSOA:E01030430,R2,31687.705905836367,17017.826451391018,29296.357291382916,87.15324615522937,10,797.4999999999999
C.Flat.1|Wnone|LSOA:E01030432,R0,84380.83065414235,43285.763988967024,59930.6422552312,159.45346111268486,32,1442.0
C.Flat.1|Wnone|LSOA:E01030432,R1,81705.56470444467,43285.763988967024,59930.6422552312,159.27186051746835,32,1442.0
C.Flat.1|Wnone|LSOA:E01030432,R2,81705.56470444467,43285.763988967024,59930.6422552312,159.27186051746835,32,1442.0
C.Flat.1|Wnone|LSOA:E01030433,R0,166085.66481716442,79320.6505061633,108729.35038174364,253.69577956337966,58,2675.4999999999995
C.Flat.1|Wnone|LSOA:E01030433,R1,160988.97626269594,79320.6505061633,108729.35038174364,253.0510926516925,58,2675.4999999999995
C.Flat.1|Wnone|LSOA:E01030433,R2,160988.97626269594,79320.6505061633,108729.35038174364,253.0510926516925,58,2675.4999999999995
C.Flat.1|Wnone|LSOA:E01030445,R0,90440.4752883001,47081.98956512733,75311.70190714399,241.3132617112266,31,2049.0
C.Flat.1|Wnone|LSOA:E01030445,R1,86754.2485396901,47081.98956512733,75311.70190714399,241.0022882414223,31,2049.0
C.Flat.1|Wnone|LSOA:E01030445,R2,86754.2485396901,47081.98956512733,75311.70190714399,241.0022882414223,31,2049.0
C.Flat.1|Wnone|LSOA:E01030459,R0,37036.053011369404,20987.516010555468,31399.564807376108,86.45506764368906,14,810.0
C.Flat.1|Wnone|LSOA:E01030459,R1,35556.17546342485,20987.516010555468,31399.564807376108,86.29151650561475,14,810.0
C.Flat.1|Wnone|LSOA:E01030459,R2,35556.17546342485,20987.516010555468,31399.564807376108,86.29151650561475,14,810.0
C.Flat.1|Wnone|LSOA:E01030473,R0,33790.518465048415,19310.55965602026,29881.577161633817,94.07842902955433,13,759.2
C.Flat.1|Wnone|LSOA:E01030473,R1,32436.410545374798,19310.55965602026,29881.577161633817,93.98525479680976,13,759.2
C.Flat.1|Wnone|LSOA:E01030473,R2,32436.410545374798,19310.55965602026,29881.577161633817,93.98525479680976,13,759.2
C.Flat.1|Wnone|LSOA:E01030477,R0,86749.4661039823,49982.620189545625,73236.39861786996,223.89273001401477,35,1801.0
C.Flat.1|Wnone|LSOA:E01030477,R1,83527.13459203919,49982.620189545625,73236.39861786996,223.33191830365791,35,1801.0
C.Flat.1|Wnone|LSOA:E01030477,R2,83527.13459203919,49982.620189545625,73236.39861786996,223.33191830365791,35,1801.0
C.Flat.1|Wnone|LSOA:E01030478,R0,47978.84672610689,26918.812924343045,38295.51050569276,119.60845145888001,19,959.0
C.Flat.1|Wnone|LSOA:E01030478,R1,46258.36405256654,26918.812924343045,38295.51050569276,119.38659540899945,19,959.0
C.Flat.1|Wnone|LSOA:E01030478,R2,46258.36405256654,26918.812924343045,38295.51050569276,119.38659540899945,19,959.0
C.Flat.1|Wnone|LSOA:E01030479,R0,152514.87399103705,90563.51327999344,138092.7938557918,433.46969137643134,63,3304.1
C.Flat.1|Wnone|LSOA:E01030479,R1,146679.58280241588,90563.51327999344,138092.7938557918,432.5474354777755,63,3304.1
C.Flat.1|Wnone|LSOA:E01030479,R2,146679.58280241588,90563.51327999344,138092.7938557918,432.5474354777755,63,3304.1
C.Flat.1|Wnone|LSOA:E01030480,R0,35480.78319708028,19002.30562801157,30550.07263554356,87.59394170881905,12,813.5
C.Flat.1|Wnone|LSOA:E01030480,R1,33996.63047239364,19002.30562801157,30550.07263554356,87.43173322635332,12,813.5
C.Flat.1|Wnone|LSOA:E01030480,R2,33996.63047239364,19002.30562801157,30550.07263554356,87.43173322635332,12,813.5
C.Flat.1|Wnone|LSOA:E01030490,R0,29093.95281404771,17916.30776748406,26672.95206954635,81.63918549570141,12,684.4
C.Flat.1|Wnone|LSOA:E01030490,R1,27865.427166876325,17916.30776748406,26672.95206954635,81.53916589195552,12,684.4
C.Flat.1|Wnone|LSOA:E01030490,R2,27865.427166876325,17916.30776748406,26672.95206954635,81.53916589195552,12,684.4
C.Flat.1|Wnone|LSOA:E01030491,R0,57858.22519720394,20768.980890699764,34719.50092675157,114.35071443747019,14,1148.2
C.Flat.1|Wnone|LSOA:E01030491,R1,55726.438970444,20768.980890699764,34719.50092675157,113.63363339289994,14,1148.2
C.Flat.1|Wnone|LSOA:E01030491,R2,55726.438970444,20768.980890699764,34719.50092675157,113.63363339289994,14,1148.2
C.Flat.1|Wnone|LSOA:E01030500,R0,71828.41871334334,25843.77731392358,50033.93144914757,189.5088112048873,15,1700.1
C.Flat.1|Wnone|LSOA:E01030500,R1,68712.289873395,25843.77731392358,50033.93144914757,184.48653999953888,15,1700.1
C.Flat.1|Wnone|LSOA:E01030500,R2,68712.289873395,25843.77731392358,50033.93144914757,184.48653999953888,15,1700.1
C.Flat.1|Wnone|LSOA:E01030501,R0,30910.972336742445,19265.958064216265,28294.22052271343,86.46657157620315,13,728.0
C.Flat.1|Wnone|LSOA:E01030501,R1,29603.246433435277,19265.958064216265,28294.22052271343,86.35840314618018,13,728.0
C.Flat.1|Wnone|LSOA:E01030501,R2,29603.246433435277,19265.958064216265,28294.22052271343,86.35840314618018,13,728.0
C.Flat.1|Wnone|LSOA:E01030503,R0,140698.26115368222,76467.61414000037,109286.60835308985,315.79829569343394,54,2730.499999999999
C.Flat.1|Wnone|LSOA:E01030503,R1,135726.26263047146,76467.61414000037,109286.60835308985,314.9266598957763,54,2730.499999999999
C.Flat.1|Wnone|LSOA:E01030503,R2,135726.26263047146,76467.61414000037,109286.60835308985,314.9266598957763,54,2730.499999999999
C.Flat.1|Wnone|SUB:SPN-S000000171619,R0,119373.44007441677,61145.64583728263,91962.18082563192,221.87371406846376,44,2123.0
C.Flat.1|Wnone|SUB:SPN-S000000171619,R1,115418.4736569522,61145.64583728263,91962.18082563192,221.20593956938683,44,2123.0
C.Flat.1|Wnone|SUB:SPN-S000000171619,R2,115418.4736569522,61145.64583728263,91962.18082563192,221.20593956938683,44,2123.0
C.Flat.1|Wnone|SUB:SPN-S000000171621,R0,39789.94371550287,22375.83249837399,27335.015573773177,60.399863239835135,19,508.0
C.Flat.1|Wnone|SUB:SPN-S000000171621,R1,38749.02737363619,22375.83249837399,27335.015573773177,58.15451831199639,19,508.0
C.Flat.1|Wnone|SUB:SPN-S000000171621,R2,38749.02737363619,22375.83249837399,27335.015573773177,58.15451831199639,19,508.0
C.Flat.1|Wnone|SUB:SPN-S000000171633,R0,38961.9972841554,17753.640263880676,22032.60260552769,57.181420627575825,14,518.8
C.Flat.1|Wnone|SUB:SPN-S000000171633,R1,37915.83345928381,17753.640263880676,22032.60260552769,54.35392500220576,14,518.8
C.Flat.1|Wnone|SUB:SPN-S000000171633,R2,37915.83345928381,17753.640263880676,22032.60260552769,54.35392500220576,14,518.8
C.Flat.1|Wnone|SUB:SPN-S000000171635,R0,33786.39154354326,19047.306459695108,26794.313184710318,81.35451762658039,14,635.0
C.Flat.1|Wnone|SUB:SPN-S000000171635,R1,32646.12388026227,19047.306459695108,26794.313184710318,81.32212632558627,14,635.0
C.Flat.1|Wnone|SUB:SPN-S000000171635,R2,32646.12388026227,19047.306459695108,26794.313184710318,81.32212632558627,14,635.0
C.Flat.1|Wnone|SUB:SPN-S000000171637,R0,56619.735095821125,33048.653611845846,45720.90527640608,155.00845145888002,24,1131.0
C.Flat.1|Wnone|SUB:SPN-S000000171637,R1,54624.67947814227,33048.653611845846,45720.90527640608,154.97432102763116,24,1131.0
C.Flat.1|Wnone|SUB:SPN-S000000171637,R2,54624.67947814227,33048.653611845846,45720.90527640608,154.97432102763116,24,1131.0
C.Flat.1|Wnone|SUB:SPN-S000000171647,R0,34896.25558114228,20739.410131045992,28758.12036806247,100.18186543006024,15,713.7
C.Flat.1|Wnone|SUB:SPN-S000000171647,R1,33645.705574492466,20739.410131045992,28758.12036806247,100.16584369258865,15,713.7
C.Flat.1|Wnone|SUB:SPN-S000000171647,R2,33645.705574492466,20739.410131045992,28758.12036806247,100.16584369258865,15,713.7
C.Flat.1|Wnone|SUB:SPN-S000000171674,R0,55459.18651112321,27640.04366169022,47075.140143851124,147.2241778117349,16,1339.0
C.Flat.1|Wnone|SUB:SPN-S000000171674,R1,53018.039583532496,27640.04366169022,47075.140143851124,144.46663185797055,16,1339.0
C.Flat.1|Wnone|SUB:SPN-S000000171674,R2,53018.039583532496,27640.04366169022,47075.140143851124,144.46663185797055,16,1339.0
C.Flat.1|Wnone|SUB:SPN-S000000171675,R0,88591.56758013865,43267.15292530967,74274.93627001104,236.31401202519328,25,2110.0
C.Flat.1|Wnone|SUB:SPN-S000000171675,R1,84727.45388712757,43267.15292530967,74274.93627001104,229.68541268432907,25,2110.0
C.Flat.1|Wnone|SUB:SPN-S000000171675,R2,84727.45388712757,43267.15292530967,74274.93627001104,229.68541268432907,25,2110.0
C.Flat.1|Wnone|SUB:SPN-S000000171677,R0,64121.11245480274,34179.82992418975,56368.73310548444,167.51594821295387,21,1496.0
C.Flat.1|Wnone|SUB:SPN-S000000171677,R1,61408.13256502779,34179.82992418975,56368.73310548444,167.2467033066548,21,1496.0
C.Flat.1|Wnone|SUB:SPN-S000000171677,R2,61408.13256502779,34179.82992418975,56368.73310548444,167.2467033066548,21,1496.0
C.Flat.1|Wnone|SUB:SPN-S000000171695,R0,60215.098913644324,26747.96126108613,38071.45515321917,82.72845229851363,20,864.3
C.Flat.1|Wnone|SUB:SPN-S000000171695,R1,58501.97147787486,26747.96126108613,38071.45515321917,78.66855264510522,20,864.3
C.Flat.1|Wnone|SUB:SPN-S000000171695,R2,58501.97147787486,26747.96126108613,38071.45515321917,78.66855264510522,20,864.3
C.Flat.1|Wnone|SUB:SPN-S000000171697,R0,31401.390021091647,16523.424032874103,22689.972709787573,68.85957739444179,12,566.0
C.Flat.1|Wnone|SUB:SPN-S000000171697,R1,30372.052437147868,16523.424032874103,22689.972709787573,68.82218609396536,12,566.0
C.Flat.1|Wnone|SUB:SPN-S000000171697,R2,30372.052437147868,16523.424032874103,22689.972709787573,68.82218609396536,12,566.0
C.Flat.1|Wnone|SUB:SPN-S000000171705,R0,36445.34406203289,19300.214152859822,30912.038771719275,88.97795338836326,12,833.0
C.Flat.1|Wnone|SUB:SPN-S000000171705,R1,34923.80034639231,19300.214152859822,30912.038771719275,88.80861503265115,12,833.0
C.Flat.1|Wnone|SUB:SPN-S000000171705,R2,34923.80034639231,19300.214152859822,30912.038771719275,88.80861503265115,12,833.0
C.Flat.1|Wnone|SUB:SPN-S000000171709,R0,67388.02558433462,35852.66552901713,59558.73955916668,185.25200693070337,21,1633.0
C.Flat.1|Wnone|SUB:SPN-S000000171709,R1,64404.5032278841,35852.66552901713,59558.73955916668,179.28392170335528,21,1633.0
C.Flat.1|Wnone|SUB:SPN-S000000171709,R2,64404.5032278841,35852.66552901713,59558.73955916668,179.28392170335528,21,1633.0
C.Flat.1|Wnone|SUB:SPN-S000000171717,R0,53587.88462600765,27427.617996285444,40848.21487259935,93.53038637583494,19,1000.0
C.Flat.1|Wnone|SUB:SPN-S000000171717,R1,51706.399700862414,27427.617996285444,40848.21487259935,92.93371242837182,19,1000.0
C.Flat.1|Wnone|SUB:SPN-S000000171717,R2,51706.399700862414,27427.617996285444,40848.21487259935,92.93371242837182,19,1000.0
C.Flat.1|Wnone|SUB:SPN-S000000171719,R0,39146.22734665802,20914.361969727295,29053.526545250887,80.83879618171518,15,729.0
C.Flat.1|Wnone|SUB:SPN-S000000171719,R1,37805.32391354743,20914.361969727295,29053.526545250887,80.6121543846067,15,729.0
C.Flat.1|Wnone|SUB:SPN-S000000171719,R2,37805.32391354743,20914.361969727295,29053.526545250887,80.6121543846067,15,729.0
C.Flat.1|Wnone|SUB:SPN-S000000171723,R0,61001.757567919005,35257.33236070648,50465.79918035952,157.73564356214217,25,1248.8999999999999
C.Flat.1|Wnone|SUB:SPN-S000000171723,R1,58770.64617540204,35257.33236070648,50465.79918035952,157.42026066540723,25,1248.8999999999999
C.Flat.1|Wnone|SUB:SPN-S000000171723,R2,58770.64617540204,35257.33236070648,50465.79918035952,157.42026066540723,25,1248.8999999999999
C.Flat.1|Wnone|SUB:SPN-S000000171730,R0,47377.49210973473,27220.739321610163,38977.29134803429,118.05299691935532,19,985.3
C.Flat.1|Wnone|SUB:SPN-S000000171730,R1,45604.01167523719,27220.739321610163,38977.29134803429,117.67105643529702,19,985.3
C.Flat.1|Wnone|SUB:SPN-S000000171730,R2,45604.01167523719,27220.739321610163,38977.29134803429,117.67105643529702,19,985.3
C.Flat.1|Wnone|SUB:SPN-S000000171741,R0,78383.12143780803,42784.17633951924,59971.44857236916,180.00398936963265,31,1473.0
C.Flat.1|Wnone|SUB:SPN-S000000171741,R1,75716.72033160926,42784.17633951924,59971.44857236916,179.78797567945733,31,1473.0
C.Flat.1|Wnone|SUB:SPN-S000000171741,R2,75716.72033160926,42784.17633951924,59971.44857236916,179.78797567945733,31,1473.0
C.Flat.1|Wnone|SUB:SPN-S000000171743,R0,40493.374594468914,23549.00460428028,36358.85384543423,110.82706877729257,15,961.4
C.Flat.1|Wnone|SUB:SPN-S000000171743,R1,38757.95806178391,23549.00460428028,36358.85384543423,110.66822871179039,15,961.4
C.Flat.1|Wnone|SUB:SPN-S000000171743,R2,38757.95806178391,23549.00460428028,36358.85384543423,110.66822871179039,15,961.4
C.Flat.1|Wnone|SUB:SPN-S000000171780,R0,37755.65595649302,21053.243442821982,29398.02372257163,84.10845145888001,15,739.0
C.Flat.1|Wnone|SUB:SPN-S000000171780,R1,36407.688724887055,21053.243442821982,29398.02372257163,83.83770852914742,15,739.0
C.Flat.1|Wnone|SUB:SPN-S000000171780,R2,36407.688724887055,21053.243442821982,29398.02372257163,83.83770852914742,15,739.0
C.Flat.1|Wnone|SUB:SPN-S000000171797,R0,26777.017203475618,14173.11121401205,20677.47794534351,48.768001084655296,10,503.0
C.Flat.1|Wnone|SUB:SPN-S000000171797,R1,25835.39975804048,14173.11121401205,20677.47794534351,48.48878512664334,10,503.0
C.Flat.1|Wnone|SUB:SPN-S000000171797,R2,25835.39975804048,14173.11121401205,20677.47794534351,48.48878512664334,10,503.0
C.Flat.1|Wnone|SUB:SPN-S000000171798,R0,50359.37067581259,29678.9892447576,44164.89929529967,144.18653042625834,21,1055.0
C.Flat.1|Wnone|SUB:SPN-S000000171798,R1,48505.08609121916,29678.9892447576,44164.89929529967,144.0512666106905,21,1055.0
C.Flat.1|Wnone|SUB:SPN-S000000171798,R2,48505.08609121916,29678.9892447576,44164.89929529967,144.0512666106905,21,1055.0
C.Flat.1|Wnone|SUB:SPN-S000000171810,R0,34855.02193845415,17127.31351381463,28208.99081655364,79.24357166877981,11,753.3
C.Flat.1|Wnone|SUB:SPN-S000000171810,R1,33475.769274598366,17127.31351381463,28208.99081655364,79.08641798585127,11,753.3
C.Flat.1|Wnone|SUB:SPN-S000000171810,R2,33475.769274598366,17127.31351381463,28208.99081655364,79.08641798585127,11,753.3
C.Flat.1|Wnone|SUB:SPN-S000000171813,R0,92064.22395924102,39966.25304395322,56384.269093034854,120.78490808303343,29,1387.0
C.Flat.1|Wnone|SUB:SPN-S000000171813,R1,89343.53514006587,39966.25304395322,56384.269093034854,119.82115439786838,29,1387.0
C.Flat.1|Wnone|SUB:SPN-S000000171813,R2,89343.53514006587,39966.25304395322,56384.269093034854,119.82115439786838,29,1387.0
C.Flat.1|Wnone|SUB:SPN-S000000171814,R0,30475.275255591863,15794.84851109713,25767.201518894075,71.58243306453767,10,677.5
C.Flat.1|Wnone|SUB:SPN-S000000171814,R1,29235.693474687294,15794.84851109713,25767.201518894075,71.4417773205016,10,677.5
C.Flat.1|Wnone|SUB:SPN-S000000171814,R2,29235.693474687294,15794.84851109713,25767.201518894075,71.4417773205016,10,677.5
C.Flat.1|Wnone|SUB:SPN-S000000171828,R0,39704.22950304667,17815.30914260368,22435.24415565242,58.46196003922005,14,526.6
C.Flat.1|Wnone|SUB:SPN-S000000171828,R1,38640.75900759852,17815.30914260368,22435.24415565242,55.64190354864258,14,526.6
C.Flat.1|Wnone|SUB:SPN-S000000171828,R2,38640.75900759852,17815.30914260368,22435.24415565242,55.64190354864258,14,526.6
C.Flat.1|Wnone|SUB:SPN-S000000171830,R0,42341.236870673514,21282.46679585206,28175.51824106127,57.14443974385735,16,684.0
C.Flat.1|Wnone|SUB:SPN-S000000171830,R1,41019.75968361572,21282.46679585206,28175.51824106127,56.849880435824815,16,684.0
C.Flat.1|Wnone|SUB:SPN-S000000171830,R2,41019.75968361572,21282.46679585206,28175.51824106127,56.849880435824815,16,684.0
C.Flat.1|Wnone|SUB:SPN-S000000171833,R0,29692.451549979825,18015.68144411241,26752.351097374863,85.36984005413026,12,692.0
C.Flat.1|Wnone|SUB:SPN-S000000171833,R1,28457.365053840418,18015.68144411241,26752.351097374863,85.28214710130095,12,692.0
C.Flat.1|Wnone|SUB:SPN-S000000171833,R2,28457.365053840418,18015.68144411241,26752.351097374863,85.28214710130095,12,692.0
C.Flat.1|Wnone|SUB:SPN-S000000171836,R0,40004.49333802593,22252.818661588106,33792.9176516653,101.4647886972209,15,850.9
C.Flat.1|Wnone|SUB:SPN-S000000171836,R1,38474.59351739729,22252.818661588106,33792.9176516653,101.09117429925706,15,850.9
C.Flat.1|Wnone|SUB:SPN-S000000171836,R2,38474.59351739729,22252.818661588106,33792.9176516653,101.09117429925706,15,850.9
C.Flat.1|Wnone|SUB:SPN-S000000171840,R0,39592.50846507566,24395.711635881496,39368.33196469108,103.96437747338973,16,953.9
C.Flat.1|Wnone|SUB:SPN-S000000171840,R1,37855.58970547142,24395.711635881496,39368.33196469108,103.77823677162937,16,953.9
C.Flat.1|Wnone|SUB:SPN-S000000171840,R2,37855.58970547142,24395.711635881496,39368.33196469108,103.77823677162937,16,953.9
C.Flat.1|Wnone|SUB:SPN-S000000171849,R0,34354.073452007,14237.53477528012,18584.31576650407,52.14838586021987,11,438.6
C.Flat.1|Wnone|SUB:SPN-S000000171849,R1,33455.36103558433,14237.53477528012,18584.31576650407,50.20978687331027,11,438.6
C.Flat.1|Wnone|SUB:SPN-S000000171849,R2,33455.36103558433,14237.53477528012,18584.31576650407,50.20978687331027,11,438.6
C.Flat.1|Wnone|SUB:SPN-S000000171864,R0,50856.707121943655,25135.279901450554,42632.73595641762,139.80684221763553,15,1232.3999999999999
C.Flat.1|Wnone|SUB:SPN-S000000171864,R1,48605.088657712404,25135.279901450554,42632.73595641762,135.30282002891306,15,1232.3999999999999
C.Flat.1|Wnone|SUB:SPN-S000000171864,R2,48605.088657712404,25135.279901450554,42632.73595641762,135.30282002891306,15,1232.3999999999999
C.Flat.1|Wnone|SUB:SPN-S000000171870,R0,83585.5090330806,45135.63486991354,62788.31237825226,172.17535437664003,33,1519.0
C.Flat.1|Wnone|SUB:SPN-S000000171870,R1,80794.30467453637,45135.63486991354,62788.31237825226,171.84319474758905,33,1519.0
C.Flat.1|Wnone|SUB:SPN-S000000171870,R2,80794.30467453637,45135.63486991354,62788.31237825226,171.84319474758905,33,1519.0
C.Flat.1|Wnone|SUB:SPN-S000000171873,R0,39266.927852067194,18938.78569822562,33016.59174291068,103.12711634029294,11,946.0
C.Flat.1|Wnone|SUB:SPN-S000000171873,R1,37544.4534437058,18938.78569822562,33016.59174291068,102.9426302225482,11,946.0
C.Flat.1|Wnone|SUB:SPN-S000000171873,R2,37544.4534437058,18938.78569822562,33016.59174291068,102.9426302225482,11,946.0
C.Flat.1|Wnone|SUB:SPN-S000000171885,R0,23437.44235629237,14483.145720801891,21041.510180926613,71.88894077795214,10,532.0
C.Flat.1|Wnone|SUB:SPN-S000000171885,R1,22503.6165626577,14483.145720801891,21041.510180926613,71.85129899159615,10,532.0
C.Flat.1|Wnone|SUB:SPN-S000000171885,R2,22503.6165626577,14483.145720801891,21041.510180926613,71.85129899159615,10,532.0
C.Flat.1|Wnone|SUB:SPN-S000000171886,R0,53019.06630174717,22198.445939540434,41731.762794381306,145.75124219508126,12,1284.8
C.Flat.1|Wnone|SUB:SPN-S000000171886,R1,50671.712031344454,22198.445939540434,41731.762794381306,141.05571500579967,12,1284.8
C.Flat.1|Wnone|SUB:SPN-S000000171886,R2,50671.712031344454,22198.445939540434,41731.762794381306,141.05571500579967,12,1284.8
C.Flat.1|Wnone|SUB:SPN-S000000171888,R0,50037.01255593865,24710.442267889273,32749.10665869774,70.53917422695015,19,761.6
C.Flat.1|Wnone|SUB:SPN-S000000171888,R1,48573.44775462509,24710.442267889273,32749.10665869774,70.43730467228004,19,761.6
C.Flat.1|Wnone|SUB:SPN-S000000171888,R2,48573.44775462509,24710.442267889273,32749.10665869774,70.43730467228004,19,761.6
C.Flat.1|Wnone|SUB:SPN-S000000171929,R0,31268.525502484277,17757.188466805248,25082.755709652356,62.228676645992365,13,594.0
C.Flat.1|Wnone|SUB:SPN-S000000171929,R1,30169.005622855115,17757.188466805248,25082.755709652356,61.96021475520538,13,594.0
C.Flat.1|Wnone|SUB:SPN-S000000171929,R2,30169.005622855115,17757.188466805248,25082.755709652356,61.96021475520538,13,594.0
C.Flat.1|Wnone|SUB:SPN-S000000173197,R0,52714.88109125786,28423.50059135684,43696.370862143434,113.98502776866651,19,1091.9
C.Flat.1|Wnone|SUB:SPN-S000000173197,R1,50707.67568663534,28423.50059135684,43696.370862143434,113.2971143560643,19,1091.9
C.Flat.1|Wnone|SUB:SPN-S000000173197,R2,50707.67568663534,28423.50059135684,43696.370862143434,113.2971143560643,19,1091.9
C.Flat.1|Wnone|SUB:SPN-S000000173993,R0,46121.31251840377,23499.633268683574,38552.60106862297,112.06864387612382,15,1014.5
C.Flat.1|Wnone|SUB:SPN-S000000173993,R1,44277.37692046578,23499.633268683574,38552.60106862297,111.88125267030928,15,1014.5
C.Flat.1|Wnone|SUB:SPN-S000000173993,R2,44277.37692046578,23499.633268683574,38552.60106862297,111.88125267030928,15,1014.5
C.Flat.1|Wnone|SUB:SPN-S000000174043,R0,27717.794084188747,14037.96391696882,20214.14026394427,51.616319123479244,10,497.0
C.Flat.1|Wnone|SUB:SPN-S000000174043,R1,26791.845725395928,14037.96391696882,20214.14026394427,51.4457381185235,10,497.0
C.Flat.1|Wnone|SUB:SPN-S000000174043,R2,26791.845725395928,14037.96391696882,20214.14026394427,51.4457381185235,10,497.0
C.Flat.1|Wnone|SUB:SPN-S000000174080,R0,37533.498216786706,20702.847282630457,31357.711568394498,86.3578815489325,14,791.0
C.Flat.1|Wnone|SUB:SPN-S000000174080,R1,36090.73594886869,20702.847282630457,31357.711568394498,85.89507354567118,14,791.0
C.Flat.1|Wnone|SUB:SPN-S000000174080,R2,36090.73594886869,20702.847282630457,31357.711568394498,85.89507354567118,14,791.0
C.Flat.1|Wnone|SUB:SPN-S000000174198,R0,54851.30159338712,28977.443864206925,45887.72295961538,160.99129119886229,20,1204.6
C.Flat.1|Wnone|SUB:SPN-S000000174198,R1,52732.156253799745,28977.443864206925,45887.72295961538,160.89930243775325,20,1204.6
C.Flat.1|Wnone|SUB:SPN-S000000174198,R2,52732.156253799745,28977.443864206925,45887.72295961538,160.89930243775325,20,1204.6
C.Flat.1|Wnone|SUB:SPN-S000000174239,R0,57788.51834360001,35706.10786924345,53200.08825431182,172.9422045991621,26,1207.1
C.Flat.1|Wnone|SUB:SPN-S000000174239,R1,55685.85971348974,35706.10786924345,53200.08825431182,172.92326981851386,26,1207.1
C.Flat.1|Wnone|SUB:SPN-S000000174239,R2,55685.85971348974,35706.10786924345,53200.08825431182,172.92326981851386,26,1207.1
C.Flat.1|Wnone|SUB:SPN-S000000174301,R0,54992.1985364068,29907.593574300237,44673.90641362015,105.12026684011212,21,1070.0
C.Flat.1|Wnone|SUB:SPN-S000000174301,R1,52998.70335355267,29907.593574300237,44673.90641362015,104.47101768540305,21,1070.0
C.Flat.1|Wnone|SUB:SPN-S000000174301,R2,52998.70335355267,29907.593574300237,44673.90641362015,104.47101768540305,21,1070.0
C.Flat.1|Wnone|SUB:SPN-S000000174543,R0,25073.041474352496,14961.522872098287,19710.610363739986,33.49043586177819,12,397.0
C.Flat.1|Wnone|SUB:SPN-S000000174543,R1,24302.102058999015,14961.522872098287,19710.610363739986,33.09614461572703,12,397.0
C.Flat.1|Wnone|SUB:SPN-S000000174543,R2,24302.102058999015,14961.522872098287,19710.610363739986,33.09614461572703,12,397.0
C.Flat.1|Wnone|SUB:SPN-S000000174640,R0,30202.18318978542,17113.818982819346,24486.65509640728,75.25001388433326,12,616.0
C.Flat.1|Wnone|SUB:SPN-S000000174640,R1,29095.127227541103,17113.818982819346,24486.65509640728,75.05760650557337,12,616.0
C.Flat.1|Wnone|SUB:SPN-S000000174640,R2,29095.127227541103,17113.818982819346,24486.65509640728,75.05760650557337,12,616.0
C.Flat.1|Wnone|SUB:SPN-S000000174720,R0,44538.72323331305,22546.380964204654,29816.73750440454,61.95033670771125,18,631.0
C.Flat.1|Wnone|SUB:SPN-S000000174720,R1,43282.29971685134,22546.380964204654,29816.73750440454,59.157934554679215,18,631.0
C.Flat.1|Wnone|SUB:SPN-S000000174720,R2,43282.29971685134,22546.380964204654,29816.73750440454,59.157934554679215,18,631.0
C.Flat.1|Wnone|SUB:SPN-S000000174722,R0,37569.605297578426,17994.81417998783,25683.856172976106,52.61638573583432,13,619.0
C.Flat.1|Wnone|SUB:SPN-S000000174722,R1,36373.085035059106,17994.81417998783,25683.856172976106,51.268465287028505,13,619.0
C.Flat.1|Wnone|SUB:SPN-S000000174722,R2,36373.085035059106,17994.81417998783,25683.856172976106,51.268465287028505,13,619.0
C.Flat.1|Wnone|SUB:SPN-S000000174777,R0,26413.685557272896,13589.301776408207,17782.470275214087,38.32580262753733,11,356.5
C.Flat.1|Wnone|SUB:SPN-S000000174777,R1,25698.42708831085,13589.301776408207,17782.470275214087,36.40666627366074,11,356.5
C.Flat.1|Wnone|SUB:SPN-S000000174777,R2,25698.42708831085,13589.301776408207,17782.470275214087,36.40666627366074,11,356.5
C.Flat.1|Wnone|SUB:SPN-S000000174785,R0,75469.89885149016,33868.2909997727,46816.00706065183,107.13740980154438,26,1044.4
C.Flat.1|Wnone|SUB:SPN-S000000174785,R1,73393.76087864503,33868.2909997727,46816.00706065183,101.811867787519,26,1044.4
C.Flat.1|Wnone|SUB:SPN-S000000174785,R2,73393.76087864503,33868.2909997727,46816.00706065183,101.811867787519,26,1044.4
C.Flat.1|Wnone|SUB:SPN-S000000174792,R0,29999.111108341727,14682.856453586188,18951.808568431617,45.53769216704106,12,383.0
C.Flat.1|Wnone|SUB:SPN-S000000174792,R1,29214.325756107603,14682.856453586188,18951.808568431617,43.844843530501215,12,383.0
C.Flat.1|Wnone|SUB:SPN-S000000174792,R2,29214.325756107603,14682.856453586188,18951.808568431617,43.844843530501215,12,383.0
C.Flat.1|Wnone|SUB:SPN-S000000174925,R0,94182.54086241304,42163.43174072433,58768.67451780988,137.83334299068287,33,1259.3999999999999
C.Flat.1|Wnone|SUB:SPN-S000000174925,R1,91628.70217299109,42163.43174072433,58768.67451780988,133.0730111499286,33,1259.3999999999999
C.Flat.1|Wnone|SUB:SPN-S000000174925,R2,91628.70217299109,42163.43174072433,58768.67451780988,133.0730111499286,33,1259.3999999999999
C.Flat.1|Wnone|SUB:SPN-S000000174930,R0,108163.77005569758,51174.70362756343,75369.95988595615,146.43779520515267,38,1688.0
C.Flat.1|Wnone|SUB:SPN-S000000174930,R1,104904.30630417656,51174.70362756343,75369.95988595615,145.94348783841116,38,1688.0
C.Flat.1|Wnone|SUB:SPN-S000000174930,R2,104904.30630417656,51174.70362756343,75369.95988595615,145.94348783841116,38,1688.0
C.Flat.1|Wnone|SUB:SPN-S000000174940,R0,46173.8627157184,23987.434276110962,34532.07479541459,84.47656930239147,18,772.2
C.Flat.1|Wnone|SUB:SPN-S000000174940,R1,44735.91446792327,23987.434276110962,34532.07479541459,84.40348235343694,18,772.2
C.Flat.1|Wnone|SUB:SPN-S000000174940,R2,44735.91446792327,23987.434276110962,34532.07479541459,84.40348235343694,18,772.2
C.Flat.1|Wnone|SUB:SPN-S000000174949,R0,71215.58544001906,31429.419584661548,45006.25983864617,101.1240790132854,24,986.3
C.Flat.1|Wnone|SUB:SPN-S000000174949,R1,69237.09970026594,31429.419584661548,45006.25983864617,97.0843672086061,24,986.3
C.Flat.1|Wnone|SUB:SPN-S000000174949,R2,69237.09970026594,31429.419584661548,45006.25983864617,97.0843672086061,24,986.3
C.Flat.1|Wnone|SUB:SPN-S000000174989,R0,61696.37280320203,28935.232399300283,45165.81013036195,96.12782482506361,20,1064.0
C.Flat.1|Wnone|SUB:SPN-S000000174989,R1,59645.85058919363,28935.232399300283,45165.81013036195,95.80418455788805,20,1064.0
C.Flat.1|Wnone|SUB:SPN-S000000174989,R2,59645.85058919363,28935.232399300283,45165.81013036195,95.80418455788805,20,1064.0
C.Flat.1|Wnone|SUB:SPN-S000000175003,R0,60182.76576745638,31657.978289624625,49121.00477791227,122.76639138724059,22,1175.1
C.Flat.1|Wnone|SUB:SPN-S000000175003,R1,58012.027823937395,31657.978289624625,49121.00477791227,122.16372528796725,22,1175.1
C.Flat.1|Wnone|SUB:SPN-S000000175003,R2,58012.027823937395,31657.978289624625,49121.00477791227,122.16372528796725,22,1175.1
C.Flat.1|Wnone|SUB:SPN-S000000175255,R0,53861.28303786201,23523.06291985297,30231.82246523849,78.2210505203617,18,726.2
C.Flat.1|Wnone|SUB:SPN-S000000175255,R1,52403.718667432724,23523.06291985297,30231.82246523849,74.30304008548941,18,726.2
C.Flat.1|Wnone|SUB:SPN-S000000175255,R2,52403.718667432724,23523.06291985297,30231.82246523849,74.30304008548941,18,726.2
C.Flat.1|Wnone|SUB:SPN-S000000175257,R0,41242.53341082203,23958.651449268087,35753.96357019924,110.45592882194018,16,922.0
C.Flat.1|Wnone|SUB:SPN-S000000175257,R1,39588.47177935327,23958.651449268087,35753.96357019924,110.32522389892922,16,922.0
C.Flat.1|Wnone|SUB:SPN-S000000175257,R2,39588.47177935327,23958.651449268087,35753.96357019924,110.32522389892922,16,922.0
C.Flat.1|Wnone|SUB:SPN-S000000175297,R0,67484.05865533334,37130.26904350772,61165.26989146208,158.928927298734,24,1495.0
C.Flat.1|Wnone|SUB:SPN-S000000175297,R1,64751.1671593303,37130.26904350772,61165.26989146208,158.62330149286223,24,1495.0
C.Flat.1|Wnone|SUB:SPN-S000000175297,R2,64751.1671593303,37130.26904350772,61165.26989146208,158.62330149286223,24,1495.0
C.Flat.1|Wnone|SUB:SPN-S000000181145,R0,94048.92320067142,41373.66623287765,68137.41467583273,179.905039887334,26,1877.0
C.Flat.1|Wnone|SUB:SPN-S000000181145,R1,90539.82712431521,41373.66623287765,68137.41467583273,179.51340390778418,26,1877.0
C.Flat.1|Wnone|SUB:SPN-S000000181145,R2,90539.82712431521,41373.66623287765,68137.41467583273,179.51340390778418,26,1877.0
C.Flat.2|Wcav|SUB:SPN-S000000171675,R0,28406.876063559146,16976.66160694228,28127.455630475753,96.55103505600646,10,778.0
C.Flat.2|Wcav|SUB:SPN-S000000171675,R1,23353.47303995179,16976.66160694228,28127.455630475753,89.83818226055071,10,778.0
C.Flat.2|Wcav|SUB:SPN-S000000171675,R2,23353.47303995179,16976.66160694228,28127.455630475753,89.83818226055071,10,778.0
C.Flat.2|Wcav|SUB:SPN-S000000174301,R0,30644.80042306744,14703.203163329898,23130.449052353746,57.28875343218091,10,550.0
C.Flat.2|Wcav|SUB:SPN-S000000174301,R1,26129.938647725437,14703.203163329898,23130.449052353746,54.5024872736899,10,550.0
C.Flat.2|Wcav|SUB:SPN-S000000174301,R2,26129.938647725437,14703.203163329898,23130.449052353746,54.5024872736899,10,550.0
C.Flat.2|Wnone|LSOA:E01030422,R0,129605.26561835915,67020.18193311353,101613.79206456503,249.30178611768696,46,2483.2
C.Flat.2|Wnone|LSOA:E01030422,R1,110333.8260083438,67020.18193311353,101613.79206456503,233.88533121306128,46,2483.2
C.Flat.2|Wnone|LSOA:E01030422,R2,110333.8260083438,67020.18193311353,101613.79206456503,233.88533121306128,46,2483.2
C.Flat.2|Wnone|LSOA:E01030423,R0,38411.62100110312,20213.47914858896,29150.631377284102,76.4739580891927,14,737.0
C.Flat.2|Wnone|LSOA:E01030423,R1,32615.596610811528,20213.47914858896,29150.631377284102,71.8992931874593,14,737.0
C.Flat.2|Wnone|LSOA:E01030423,R2,32615.596610811528,20213.47914858896,29150.631377284102,71.8992931874593,14,737.0
C.Flat.2|Wnone|LSOA:E01030424,R0,224299.3931232846,119180.01246319995,182425.37325149038,447.33753765395363,81,4575.5
C.Flat.2|Wnone|LSOA:E01030424,R1,190520.55770840164,119180.01246319995,182425.37325149038,431.4274690951524,81,4575.5
C.Flat.2|Wnone|LSOA:E01030424,R2,190520.55770840164,119180.01246319995,182425.37325149038,431.4274690951524,81,4575.5
C.Flat.2|Wnone|LSOA:E01030426,R0,101817.97216462286,52237.347184976796,77009.89458247754,199.44858158267382,36,1925.8000000000002
C.Flat.2|Wnone|LSOA:E01030426,R1,87034.87091133257,52237.347184976796,77009.89458247754,193.48447742769403,36,1925.8000000000002
C.Flat.2|Wnone|LSOA:E01030426,R2,87034.87091133257,52237.347184976796,77009.89458247754,193.48447742769403,36,1925.8000000000002
C.Flat.2|Wnone|LSOA:E01030428,R0,68654.19108861315,24064.722962999964,44218.86686755699,182.45458403397183,16,1690.5
C.Flat.2|Wnone|LSOA:E01030428,R1,57296.546307084565,24064.722962999964,44218.86686755699,169.9059463841135,16,1690.5
C.Flat.2|Wnone|LSOA:E01030428,R2,57296.546307084565,24064.722962999964,44218.86686755699,169.9059463841135,16,1690.5
C.Flat.2|Wnone|LSOA:E01030429,R0,24228.604038127425,13365.861976862474,18309.31941550415,57.647227011011736,10,436.0
C.Flat.2|Wnone|LSOA:E01030429,R1,21093.100328356915,13365.861976862474,18309.31941550415,57.19092763614798,10,436.0
C.Flat.2|Wnone|LSOA:E01030429,R2,21093.100328356915,13365.861976862474,18309.31941550415,57.19092763614798,10,436.0
C.Flat.2|Wnone|LSOA:E01030432,R0,69309.4476642545,35194.57517802831,50582.86416518048,138.4401782057634,25,1244.0
C.Flat.2|Wnone|LSOA:E01030432,R1,59597.22835982343,35194.57517802831,50582.86416518048,134.75948350310864,25,1244.0
C.Flat.2|Wnone|LSOA:E01030432,R2,59597.22835982343,35194.57517802831,50582.86416518048,134.75948350310864,25,1244.0
C.Flat.2|Wnone|LSOA:E01030433,R0,136297.601910943,69176.47817125509,96470.5484907878,290.9660193588694,50,2390.5
C.Flat.2|Wnone|LSOA:E01030433,R1,117962.268976091,69176.47817125509,96470.5484907878,285.5286292175937,50,2390.5
C.Flat.2|Wnone|LSOA:E01030433,R2,117962.268976091,69176.47817125509,96470.5484907878,285.5286292175937,50,2390.5
C.Flat.2|Wnone|LSOA:E01030445,R0,106303.6791228904,54048.82669228547,86119.24917423254,238.91852337035388,35,2249.0
C.Flat.2|Wnone|LSOA:E01030445,R1,89439.65477477654,54048.82669228547,86119.24917423254,227.7617121814546,35,2249.0
C.Flat.2|Wnone|LSOA:E01030445,R2,89439.65477477654,54048.82669228547,86119.24917423254,227.7617121814546,35,2249.0
C.Flat.2|Wnone|LSOA:E01030458,R0,35814.84896582203,16412.070317532776,26065.187622471596,69.29055085737716,11,663.6
C.Flat.2|Wnone|LSOA:E01030458,R1,30468.709366338153,16412.070317532776,26065.187622471596,65.57959741629149,11,663.6
C.Flat.2|Wnone|LSOA:E01030458,R2,30468.709366338153,16412.070317532776,26065.187622471596,65.57959741629149,11,663.6
C.Flat.2|Wnone|LSOA:E01030477,R0,114072.23649281616,54153.83464989635,80839.85699140605,206.08481175717546,37,2026.0
C.Flat.2|Wnone|LSOA:E01030477,R1,97493.87119436094,54153.83464989635,80839.85699140605,195.88222838812322,37,2026.0
C.Flat.2|Wnone|LSOA:E01030477,R2,97493.87119436094,54153.83464989635,80839.85699140605,195.88222838812322,37,2026.0
C.Flat.2|Wnone|LSOA:E01030478,R0,44088.38423156171,27114.796270134804,41653.39935376661,113.34417870150364,18,1060.0
C.Flat.2|Wnone|LSOA:E01030478,R1,36847.4796784933,27114.796270134804,41653.39935376661,105.69369448083846,18,1060.0
C.Flat.2|Wnone|LSOA:E01030478,R2,36847.4796784933,27114.796270134804,41653.39935376661,105.69369448083846,18,1060.0
C.Flat.2|Wnone|LSOA:E01030479,R0,150905.1089858213,77435.14763785609,122119.01859201453,299.29056837646357,52,2987.7000000000003
C.Flat.2|Wnone|LSOA:E01030479,R1,128203.4352073246,77435.14763785609,122119.01859201453,278.58633115784954,52,2987.7000000000003
C.Flat.2|Wnone|LSOA:E01030479,R2,128203.4352073246,77435.14763785609,122119.01859201453,278.58633115784954,52,2987.7000000000003
C.Flat.2|Wnone|LSOA:E01030480,R0,53881.223918847085,26739.98590485815,41096.79434790025,103.30444039880038,18,1017.6
C.Flat.2|Wnone|LSOA:E01030480,R1,45875.56758325391,26739.98590485815,41096.79434790025,97.10809751880254,18,1017.6
C.Flat.2|Wnone|LSOA:E01030480,R2,45875.56758325391,26739.98590485815,41096.79434790025,97.10809751880254,18,1017.6
C.Flat.2|Wnone|LSOA:E01030490,R0,23696.46607497696,15577.77786528734,24288.52271025235,79.33588511705126,10,629.6
C.Flat.2|Wnone|LSOA:E01030490,R1,19486.11851941429,15577.77786528734,24288.52271025235,73.99630404395194,10,629.6
C.Flat.2|Wnone|LSOA:E01030490,R2,19486.11851941429,15577.77786528734,24288.52271025235,73.99630404395194,10,629.6
C.Flat.2|Wnone|LSOA:E01030491,R0,54777.497342300754,27618.83767900838,40607.49483529334,101.9643379912346,19,1019.0
C.Flat.2|Wnone|LSOA:E01030491,R1,46733.70067139962,27618.83767900838,40607.49483529334,97.99947028273729,19,1019.0
C.Flat.2|Wnone|LSOA:E01030491,R2,46733.70067139962,27618.83767900838,40607.49483529334,97.99947028273729,19,1019.0
C.Flat.2|Wnone|LSOA:E01030500,R0,58733.83789665618,24480.602882378986,43645.887983236455,157.6822606157352,15,1374.1000000000001
C.Flat.2|Wnone|LSOA:E01030500,R1,48911.17562767853,24480.602882378986,43645.887983236455,147.73903068534656,15,1374.1000000000001
C.Flat.2|Wnone|LSOA:E01030500,R2,48911.17562767853,24480.602882378986,43645.887983236455,147.73903068534656,15,1374.1000000000001
C.Flat.2|Wnone|LSOA:E01030503,R0,191140.2720255406,84834.16508696995,127857.82278200686,365.8417234260174,59,3655.5
C.Flat.2|Wnone|LSOA:E01030503,R1,162776.5750310754,84834.16508696995,127857.82278200686,346.0948239222094,59,3655.5
C.Flat.2|Wnone|LSOA:E01030503,R2,162776.5750310754,84834.16508696995,127857.82278200686,346.0948239222094,59,3655.5
C.Flat.2|Wnone|SUB:SPN-S000000171619,R0,117617.8813005097,61973.84193231104,94654.429714008,249.29175033725835,44,2193.8
C.Flat.2|Wnone|SUB:SPN-S000000171619,R1,101206.92050846608,61973.84193231104,94654.429714008,244.16644295638645,44,2193.8
C.Flat.2|Wnone|SUB:SPN-S000000171619,R2,101206.92050846608,61973.84193231104,94654.429714008,244.16644295638645,44,2193.8
C.Flat.2|Wnone|SUB:SPN-S000000171621,R0,37250.189846529596,16675.73191643387,25132.72802960757,76.31264811466204,12,571.0
C.Flat.2|Wnone|SUB:SPN-S000000171621,R1,32155.411790622813,16675.73191643387,25132.72802960757,67.98062064928887,12,571.0
C.Flat.2|Wnone|SUB:SPN-S000000171621,R2,32155.411790622813,16675.73191643387,25132.72802960757,67.98062064928887,12,571.0
C.Flat.2|Wnone|SUB:SPN-S000000171633,R0,23942.02128234847,12887.061212083598,16337.677125165736,53.59910973745494,10,389.7
C.Flat.2|Wnone|SUB:SPN-S000000171633,R1,20874.112868172106,12887.061212083598,16337.677125165736,51.321485426682685,10,389.7
C.Flat.2|Wnone|SUB:SPN-S000000171633,R2,20874.112868172106,12887.061212083598,16337.677125165736,51.321485426682685,10,389.7
C.Flat.2|Wnone|SUB:SPN-S000000171637,R0,40750.50573042014,18072.62246055728,25236.13931631227,83.35214746922456,13,627.7
C.Flat.2|Wnone|SUB:SPN-S000000171637,R1,35204.70527069294,18072.62246055728,25236.13931631227,74.45085184863491,13,627.7
C.Flat.2|Wnone|SUB:SPN-S000000171637,R2,35204.70527069294,18072.62246055728,25236.13931631227,74.45085184863491,13,627.7
C.Flat.2|Wnone|SUB:SPN-S000000171675,R0,41215.98271503614,24223.953574105344,41468.28240036745,154.2748415527344,14,1173.0
C.Flat.2|Wnone|SUB:SPN-S000000171675,R1,33636.55644768452,24223.953574105344,41468.28240036745,143.6118483886719,14,1173.0
C.Flat.2|Wnone|SUB:SPN-S000000171675,R2,33636.55644768452,24223.953574105344,41468.28240036745,143.6118483886719,14,1173.0
C.Flat.2|Wnone|SUB:SPN-S000000171685,R0,28352.596528816517,16082.37100737066,23547.007325367398,59.49181246934433,11,599.0
C.Flat.2|Wnone|SUB:SPN-S000000171685,R1,24091.526679041574,16082.37100737066,23547.007325367398,58.05671999459245,11,599.0
C.Flat.2|Wnone|SUB:SPN-S000000171685,R2,24091.526679041574,16082.37100737066,23547.007325367398,58.05671999459245,11,599.0
C.Flat.2|Wnone|SUB:SPN-S000000171695,R0,32199.619853197695,16466.531799057793,24520.588156128673,74.44764163557834,12,561.0
C.Flat.2|Wnone|SUB:SPN-S000000171695,R1,28046.38726655399,16466.531799057793,24520.588156128673,73.68459495551338,12,561.0
C.Flat.2|Wnone|SUB:SPN-S000000171695,R2,28046.38726655399,16466.531799057793,24520.588156128673,73.68459495551338,12,561.0
C.Flat.2|Wnone|SUB:SPN-S000000171697,R0,31555.98318576803,15351.11563830097,21350.01918479838,65.91929674482849,11,536.0
C.Flat.2|Wnone|SUB:SPN-S000000171697,R1,27341.259910438464,15351.11563830097,21350.01918479838,64.56646722181961,11,536.0
C.Flat.2|Wnone|SUB:SPN-S000000171697,R2,27341.259910438464,15351.11563830097,21350.01918479838,64.56646722181961,11,536.0
C.Flat.2|Wnone|SUB:SPN-S000000171706,R0,25643.051245114155,15207.737152140211,22727.94066578859,57.71226410459861,11,527.0
C.Flat.2|Wnone|SUB:SPN-S000000171706,R1,21961.29455796237,15207.737152140211,22727.94066578859,56.79642732590895,11,527.0
C.Flat.2|Wnone|SUB:SPN-S000000171706,R2,21961.29455796237,15207.737152140211,22727.94066578859,56.79642732590895,11,527.0
C.Flat.2|Wnone|SUB:SPN-S000000171717,R0,40020.47154347508,22323.66793966594,32808.08342567977,91.02365134794717,16,780.0
C.Flat.2|Wnone|SUB:SPN-S000000171717,R1,34475.96157178379,22323.66793966594,32808.08342567977,89.76819362602406,16,780.0
C.Flat.2|Wnone|SUB:SPN-S000000171717,R2,34475.96157178379,22323.66793966594,32808.08342567977,89.76819362602406,16,780.0
C.Flat.2|Wnone|SUB:SPN-S000000171719,R0,40988.06910322077,20112.531518534277,28743.88871441569,80.20583149569642,14,731.0
C.Flat.2|Wnone|SUB:SPN-S000000171719,R1,35216.11283506454,20112.531518534277,28743.88871441569,77.8890249932981,14,731.0
C.Flat.2|Wnone|SUB:SPN-S000000171719,R2,35216.11283506454,20112.531518534277,28743.88871441569,77.8890249932981,14,731.0
C.Flat.2|Wnone|SUB:SPN-S000000171723,R0,57608.28411674263,29356.34246759623,42772.05125156029,110.66258425182146,20,1098.1999999999998
C.Flat.2|Wnone|SUB:SPN-S000000171723,R1,49045.34576429395,29356.34246759623,42772.05125156029,103.75648432363764,20,1098.1999999999998
C.Flat.2|Wnone|SUB:SPN-S000000171723,R2,49045.34576429395,29356.34246759623,42772.05125156029,103.75648432363764,20,1098.1999999999998
C.Flat.2|Wnone|SUB:SPN-S000000171730,R0,43416.278994121996,23489.377068617323,34223.62805448297,89.02603958204625,16,878.6
C.Flat.2|Wnone|SUB:SPN-S000000171730,R1,36795.61972038792,23489.377068617323,34223.62805448297,82.70242604220653,16,878.6
C.Flat.2|Wnone|SUB:SPN-S000000171730,R2,36795.61972038792,23489.377068617323,34223.62805448297,82.70242604220653,16,878.6
C.Flat.2|Wnone|SUB:SPN-S000000171741,R0,99984.379373968,45500.25635656717,64637.086829657856,197.3484244261757,32,1632.0
C.Flat.2|Wnone|SUB:SPN-S000000171741,R1,86388.24673063398,45500.25635656717,64637.086829657856,185.1011581218829,32,1632.0
C.Flat.2|Wnone|SUB:SPN-S000000171741,R2,86388.24673063398,45500.25635656717,64637.086829657856,185.1011581218829,32,1632.0
C.Flat.2|Wnone|SUB:SPN-S000000171744,R0,35085.91539910323,19319.913150881323,27808.614100580475,72.48825373290278,14,658.0
C.Flat.2|Wnone|SUB:SPN-S000000171744,R1,30122.170629546163,19319.913150881323,27808.614100580475,70.78304503423307,14,658.0
C.Flat.2|Wnone|SUB:SPN-S000000171744,R2,30122.170629546163,19319.913150881323,27808.614100580475,70.78304503423307,14,658.0
C.Flat.2|Wnone|SUB:SPN-S000000171780,R0,32006.58645775131,15356.303027066002,21355.52675144762,64.09010160118234,11,536.0
C.Flat.2|Wnone|SUB:SPN-S000000171780,R1,27673.193979746044,15356.303027066002,21355.52675144762,62.07377919344665,11,536.0
C.Flat.2|Wnone|SUB:SPN-S000000171780,R2,27673.193979746044,15356.303027066002,21355.52675144762,62.07377919344665,11,536.0
C.Flat.2|Wnone|SUB:SPN-S000000171797,R0,55864.17080794668,28173.273184300608,40023.0779992115,110.49959941370348,20,993.0
C.Flat.2|Wnone|SUB:SPN-S000000171797,R1,48044.744030470116,28173.273184300608,40023.0779992115,107.45535825303023,20,993.0
C.Flat.2|Wnone|SUB:SPN-S000000171797,R2,48044.744030470116,28173.273184300608,40023.0779992115,107.45535825303023,20,993.0
C.Flat.2|Wnone|SUB:SPN-S000000171798,R0,72483.95881833753,32076.73424033505,47774.47498271759,136.75703684556004,22,1190.0
C.Flat.2|Wnone|SUB:SPN-S000000171798,R1,62093.87323850673,32076.73424033505,47774.47498271759,121.53889730303978,22,1190.0
C.Flat.2|Wnone|SUB:SPN-S000000171798,R2,62093.87323850673,32076.73424033505,47774.47498271759,121.53889730303978,22,1190.0
C.Flat.2|Wnone|SUB:SPN-S000000171810,R0,28566.55263528212,17135.109512835686,27291.246991233333,76.10420597555834,11,717.0
C.Flat.2|Wnone|SUB:SPN-S000000171810,R1,23850.706732911538,17135.109512835686,27291.246991233333,70.71945951693665,11,717.0
C.Flat.2|Wnone|SUB:SPN-S000000171810,R2,23850.706732911538,17135.109512835686,27291.246991233333,70.71945951693665,11,717.0
C.Flat.2|Wnone|SUB:SPN-S000000171813,R0,75268.65856948358,38286.264265030244,52916.196772190204,170.44028893610292,28,1297.0
C.Flat.2|Wnone|SUB:SPN-S000000171813,R1,65516.773494786816,38286.264265030244,52916.196772190204,168.36369345686555,28,1297.0
C.Flat.2|Wnone|SUB:SPN-S000000171813,R2,65516.773494786816,38286.264265030244,52916.196772190204,168.36369345686555,28,1297.0
C.Flat.2|Wnone|SUB:SPN-S000000171830,R0,28244.861642293265,14750.666790498562,19948.209936245144,58.29997584628052,11,479.0
C.Flat.2|Wnone|SUB:SPN-S000000171830,R1,24455.430062154694,14750.666790498562,19948.209936245144,57.02744349622079,11,479.0
C.Flat.2|Wnone|SUB:SPN-S000000171830,R2,24455.430062154694,14750.666790498562,19948.209936245144,57.02744349622079,11,479.0
C.Flat.2|Wnone|SUB:SPN-S000000171849,R0,30076.18206200081,15934.908970167624,21768.497713808967,77.25,12,515.0
C.Flat.2|Wnone|SUB:SPN-S000000171849,R1,26454.042893019905,15934.908970167624,21768.497713808967,77.25,12,515.0
C.Flat.2|Wnone|SUB:SPN-S000000171849,R2,26454.042893019905,15934.908970167624,21768.497713808967,77.25,12,515.0
C.Flat.2|Wnone|SUB:SPN-S000000171859,R0,31286.341342185675,15017.171080216925,20629.4060126038,69.63246058664102,11,508.0
C.Flat.2|Wnone|SUB:SPN-S000000171859,R1,27266.027308722376,15017.171080216925,20629.4060126038,66.44095575733674,11,508.0
C.Flat.2|Wnone|SUB:SPN-S000000171859,R2,27266.027308722376,15017.171080216925,20629.4060126038,66.44095575733674,11,508.0
C.Flat.2|Wnone|SUB:SPN-S000000171870,R0,86886.65754584773,42709.862535561115,60109.90142594854,171.92243300864018,31,1453.0
C.Flat.2|Wnone|SUB:SPN-S000000171870,R1,75063.46507077527,42709.862535561115,60109.90142594854,165.91874450048385,31,1453.0
C.Flat.2|Wnone|SUB:SPN-S000000171870,R2,75063.46507077527,42709.862535561115,60109.90142594854,165.91874450048385,31,1453.0
C.Flat.2|Wnone|SUB:SPN-S000000173197,R0,33410.515038504825,19358.33865639906,29324.102786935407,71.68185080083623,13,738.0
C.Flat.2|Wnone|SUB:SPN-S000000173197,R1,28232.53013704792,19358.33865639906,29324.102786935407,67.39730365151337,13,738.0
C.Flat.2|Wnone|SUB:SPN-S000000173197,R2,28232.53013704792,19358.33865639906,29324.102786935407,67.39730365151337,13,738.0
C.Flat.2|Wnone|SUB:SPN-S000000174080,R0,26076.987960644445,14444.440882574156,21784.015441489995,53.57871864537927,10,526.0
C.Flat.2|Wnone|SUB:SPN-S000000174080,R1,22096.347016305626,14444.440882574156,21784.015441489995,49.83657520477485,10,526.0
C.Flat.2|Wnone|SUB:SPN-S000000174080,R2,22096.347016305626,14444.440882574156,21784.015441489995,49.83657520477485,10,526.0
C.Flat.2|Wnone|SUB:SPN-S000000174239,R0,78487.38846789647,35065.38301366157,52886.4267037977,155.94102083362264,25,1237.0
C.Flat.2|Wnone|SUB:SPN-S000000174239,R1,67574.9226004922,35065.38301366157,52886.4267037977,138.57752850714638,25,1237.0
C.Flat.2|Wnone|SUB:SPN-S000000174239,R2,67574.9226004922,35065.38301366157,52886.4267037977,138.57752850714638,25,1237.0
C.Flat.2|Wnone|SUB:SPN-S000000174301,R0,53205.24387285064,29274.065335495405,44186.398921617234,113.71081320451702,20,1089.0
C.Flat.2|Wnone|SUB:SPN-S000000174301,R1,44944.785896002126,29274.065335495405,44186.398921617234,106.6964265532507,20,1089.0
C.Flat.2|Wnone|SUB:SPN-S000000174301,R2,44944.785896002126,29274.065335495405,44186.398921617234,106.6964265532507,20,1089.0
C.Flat.2|Wnone|SUB:SPN-S000000174640,R0,40663.28879655362,20243.916165180002,29104.46714529293,75.75180335094055,14,742.0
C.Flat.2|Wnone|SUB:SPN-S000000174640,R1,34759.10826054792,20243.916165180002,29104.46714529293,73.07488576580064,14,742.0
C.Flat.2|Wnone|SUB:SPN-S000000174640,R2,34759.10826054792,20243.916165180002,29104.46714529293,73.07488576580064,14,742.0
C.Flat.2|Wnone|SUB:SPN-S000000174692,R0,48425.98235406772,23146.890962366306,31367.998545534945,104.72215140057425,17,777.0
C.Flat.2|Wnone|SUB:SPN-S000000174692,R1,42118.54362398136,23146.890962366306,31367.998545534945,98.17129231457831,17,777.0
C.Flat.2|Wnone|SUB:SPN-S000000174692,R2,42118.54362398136,23146.890962366306,31367.998545534945,98.17129231457831,17,777.0
C.Flat.2|Wnone|SUB:SPN-S000000174751,R0,44729.70630566067,24931.481017609243,36764.74430001771,101.44988341525668,18,869.0
C.Flat.2|Wnone|SUB:SPN-S000000174751,R1,38536.06168350107,24931.481017609243,36764.74430001771,100.02685227623388,18,869.0
C.Flat.2|Wnone|SUB:SPN-S000000174751,R2,38536.06168350107,24931.481017609243,36764.74430001771,100.02685227623388,18,869.0
C.Flat.2|Wnone|SUB:SPN-S000000174777,R0,37697.4281961583,20807.15849366108,29069.494303251144,96.825,16,645.5
C.Flat.2|Wnone|SUB:SPN-S000000174777,R1,33157.445995037575,20807.15849366108,29069.494303251144,96.825,16,645.5
C.Flat.2|Wnone|SUB:SPN-S000000174777,R2,33157.445995037575,20807.15849366108,29069.494303251144,96.825,16,645.5
C.Flat.2|Wnone|SUB:SPN-S000000174785,R0,55400.362387074405,29245.907658609423,41417.388848700124,127.26730240314652,22,942.3000000000001
C.Flat.2|Wnone|SUB:SPN-S000000174785,R1,48325.15894237027,29245.907658609423,41417.388848700124,125.92798394844436,22,942.3000000000001
C.Flat.2|Wnone|SUB:SPN-S000000174785,R2,48325.15894237027,29245.907658609423,41417.388848700124,125.92798394844436,22,942.3000000000001
C.Flat.2|Wnone|SUB:SPN-S000000174792,R0,33213.865452291444,19223.407393244976,30678.372455517783,72.73807018808218,13,730.0
C.Flat.2|Wnone|SUB:SPN-S000000174792,R1,28193.09310797988,19223.407393244976,30678.372455517783,71.2723953849597,13,730.0
C.Flat.2|Wnone|SUB:SPN-S000000174792,R2,28193.09310797988,19223.407393244976,30678.372455517783,71.2723953849597,13,730.0
C.Flat.2|Wnone|SUB:SPN-S000000174925,R0,60055.08712748707,39028.94005431802,64881.65546996522,185.89071071208025,25,1588.0
C.Flat.2|Wnone|SUB:SPN-S000000174925,R1,49689.48547001065,39028.94005431802,64881.65546996522,172.88519523471012,25,1588.0
C.Flat.2|Wnone|SUB:SPN-S000000174925,R2,49689.48547001065,39028.94005431802,64881.65546996522,172.88519523471012,25,1588.0
C.Flat.2|Wnone|SUB:SPN-S000000174930,R0,56319.27668533679,29407.807029659663,44675.35121437929,120.97446194821642,21,1032.0
C.Flat.2|Wnone|SUB:SPN-S000000174930,R1,48582.78160103166,29407.807029659663,44675.35121437929,118.70305726276013,21,1032.0
C.Flat.2|Wnone|SUB:SPN-S000000174930,R2,48582.78160103166,29407.807029659663,44675.35121437929,118.70305726276013,21,1032.0
C.Flat.2|Wnone|SUB:SPN-S000000174940,R0,29923.165653356467,16362.188999671713,26042.579194918406,61.6524452768749,11,626.1999999999999
C.Flat.2|Wnone|SUB:SPN-S000000174940,R1,25357.428235975738,16362.188999671713,26042.579194918406,57.7293861583865,11,626.1999999999999
C.Flat.2|Wnone|SUB:SPN-S000000174940,R2,25357.428235975738,16362.188999671713,26042.579194918406,57.7293861583865,11,626.1999999999999
C.Flat.2|Wnone|SUB:SPN-S000000174948,R0,35099.01445931868,16598.714866061324,26361.71477201474,67.20341712157213,11,676.0
C.Flat.2|Wnone|SUB:SPN-S000000174948,R1,29891.412069021382,16598.714866061324,26361.71477201474,64.31697180709723,11,676.0
C.Flat.2|Wnone|SUB:SPN-S000000174948,R2,29891.412069021382,16598.714866061324,26361.71477201474,64.31697180709723,11,676.0
C.Flat.2|Wnone|SUB:SPN-S000000174949,R0,33203.04321054531,19114.670269010854,28324.39091272584,81.292329042502,14,645.7
C.Flat.2|Wnone|SUB:SPN-S000000174949,R1,28772.393799691396,19114.670269010854,28324.39091272584,80.71914201055789,14,645.7
C.Flat.2|Wnone|SUB:SPN-S000000174949,R2,28772.393799691396,19114.670269010854,28324.39091272584,80.71914201055789,14,645.7
C.Flat.2|Wnone|SUB:SPN-S000000175003,R0,30395.744222159126,16171.036409242723,23228.018138798667,69.38477204262115,12,531.4
C.Flat.2|Wnone|SUB:SPN-S000000175003,R1,26442.199723049645,16171.036409242723,23228.018138798667,68.58038675064847,12,531.4
C.Flat.2|Wnone|SUB:SPN-S000000175003,R2,26442.199723049645,16171.036409242723,23228.018138798667,68.58038675064847,12,531.4
C.Flat.2|Wnone|SUB:SPN-S000000175026,R0,54413.613010527966,26885.894011977714,39383.37802259821,111.50767311204362,19,958.0
C.Flat.2|Wnone|SUB:SPN-S000000175026,R1,46945.77668729695,26885.894011977714,39383.37802259821,108.91053328556389,19,958.0
C.Flat.2|Wnone|SUB:SPN-S000000175026,R2,46945.77668729695,26885.894011977714,39383.37802259821,108.91053328556389,19,958.0
C.Flat.2|Wnone|SUB:SPN-S000000175257,R0,65660.50347559407,29756.27646887294,44724.28897093401,117.82149760301662,20,1153.0
C.Flat.2|Wnone|SUB:SPN-S000000175257,R1,56139.76140968257,29756.27646887294,44724.28897093401,112.27878592333539,20,1153.0
C.Flat.2|Wnone|SUB:SPN-S000000175257,R2,56139.76140968257,29756.27646887294,44724.28897093401,112.27878592333539,20,1153.0
C.Flat.2|Wnone|SUB:SPN-S000000181145,R0,31546.21058300855,15267.309483778472,22006.526485702474,63.09142488580469,11,528.0
C.Flat.2|Wnone|SUB:SPN-S000000181145,R1,27273.05484996391,15267.309483778472,22006.526485702474,61.05615913006767,11,528.0
C.Flat.2|Wnone|SUB:SPN-S000000181145,R2,27273.05484996391,15267.309483778472,22006.526485702474,61.05615913006767,11,528.0
C.Flat.2|Wnone|SUB:SPN-S000000181539,R0,46556.843220309354,23666.307229118556,43658.11504143531,174.26612536860446,13,1325.0
C.Flat.2|Wnone|SUB:SPN-S000000181539,R1,37995.25770944756,23666.307229118556,43658.11504143531,162.22139736998318,13,1325.0
C.Flat.2|Wnone|SUB:SPN-S000000181539,R2,37995.25770944756,23666.307229118556,43658.11504143531,162.22139736998318,13,1325.0
C.Flat.3|Wcav|SUB:SPN-S000000171774,R0,13689.106866280812,16189.424251801947,25609.70234916989,77.3759375,10,685.0
C.Flat.3|Wcav|SUB:SPN-S000000171774,R1,12939.674477108383,16189.424251801947,25609.70234916989,77.1702958984375,10,685.0
C.Flat.3|Wcav|SUB:SPN-S000000171774,R2,12939.674477108383,16189.424251801947,25609.70234916989,77.1702958984375,10,685.0
C.Flat.3|Wcav|SUB:SPN-S000000171802,R0,14478.703794046818,18239.412918991453,27495.764436275484,77.3614449609077,12,721.0
C.Flat.3|Wcav|SUB:SPN-S000000171802,R1,13648.74848411782,18239.412918991453,27495.764436275484,76.94229432437294,12,721.0
C.Flat.3|Wcav|SUB:SPN-S000000171802,R2,13648.74848411782,18239.412918991453,27495.764436275484,76.94229432437294,12,721.0
C.Flat.3|Wcav|SUB:SPN-S000000173991,R0,12312.703038865333,17331.289722829108,27216.85536590033,67.14623969778705,12,641.0
C.Flat.3|Wcav|SUB:SPN-S000000173991,R1,11542.8199631073,17331.289722829108,27216.85536590033,66.08762739637129,12,641.0
C.Flat.3|Wcav|SUB:SPN-S000000173991,R2,11542.8199631073,17331.289722829108,27216.85536590033,66.08762739637129,12,641.0
C.Flat.3|Wnone|LSOA:E01030421,R0,100461.79783677837,121470.57544976301,184436.48480708722,535.5584193483029,79,4838.0
C.Flat.3|Wnone|LSOA:E01030421,R1,94926.86507523063,121470.57544976301,184436.48480708722,532.788536944473,79,4838.0
C.Flat.3|Wnone|LSOA:E01030421,R2,94926.86507523063,121470.57544976301,184436.48480708722,532.788536944473,79,4838.0
C.Flat.3|Wnone|LSOA:E01030423,R0,95565.6875386868,96030.51778082235,148848.51529032615,481.90399984506104,61,3950.0
C.Flat.3|Wnone|LSOA:E01030423,R1,90971.89385488618,96030.51778082235,148848.51529032615,478.773035486054,61,3950.0
C.Flat.3|Wnone|LSOA:E01030423,R2,90971.89385488618,96030.51778082235,148848.51529032615,478.773035486054,61,3950.0
C.Flat.3|Wnone|LSOA:E01030424,R0,16594.363473783276,17367.11945263153,29849.18494016843,91.17972868039664,11,819.6
C.Flat.3|Wnone|LSOA:E01030424,R1,15676.539038690518,17367.11945263153,29849.18494016843,90.82285665218956,11,819.6
C.Flat.3|Wnone|LSOA:E01030424,R2,15676.539038690518,17367.11945263153,29849.18494016843,90.82285665218956,11,819.6
C.Flat.3|Wnone|LSOA:E01030425,R0,119640.94124793893,115423.69156919223,179718.01388484443,599.618686224733,73,4762.0
C.Flat.3|Wnone|LSOA:E01030425,R1,114116.5843022746,115423.69156919223,179718.01388484443,598.062865148572,73,4762.0
C.Flat.3|Wnone|LSOA:E01030425,R2,114116.5843022746,115423.69156919223,179718.01388484443,598.062865148572,73,4762.0
C.Flat.3|Wnone|LSOA:E01030426,R0,13970.983399785453,22764.85644010472,32577.95050840195,81.83274952614495,16,815.6
C.Flat.3|Wnone|LSOA:E01030426,R1,13009.045832742464,22764.85644010472,32577.95050840195,80.73714195429251,16,815.6
C.Flat.3|Wnone|LSOA:E01030426,R2,13009.045832742464,22764.85644010472,32577.95050840195,80.73714195429251,16,815.6
C.Flat.3|Wnone|LSOA:E01030429,R0,9182.298029686663,15045.763748362395,24293.449445991144,87.0,10,580.0
C.Flat.3|Wnone|LSOA:E01030429,R1,8565.04895964196,15045.763748362395,24293.449445991144,87.0,10,580.0
C.Flat.3|Wnone|LSOA:E01030429,R2,8565.04895964196,15045.763748362395,24293.449445991144,87.0,10,580.0
C.Flat.3|Wnone|LSOA:E01030432,R0,14636.625597183263,18711.568921982023,28697.532972223416,83.6647301343835,12,755.0
C.Flat.3|Wnone|LSOA:E01030432,R1,13802.528509491109,18711.568921982023,28697.532972223416,83.02086923113022,12,755.0
C.Flat.3|Wnone|LSOA:E01030432,R2,13802.528509491109,18711.568921982023,28697.532972223416,83.02086923113022,12,755.0
C.Flat.3|Wnone|LSOA:E01030444,R0,66720.55661682396,79060.82058170499,120929.33184232833,348.84049101353924,51,3185.0
C.Flat.3|Wnone|LSOA:E01030444,R1,63020.063616473286,79060.82058170499,120929.33184232833,346.7195149375514,51,3185.0
C.Flat.3|Wnone|LSOA:E01030444,R2,63020.063616473286,79060.82058170499,120929.33184232833,346.7195149375514,51,3185.0
C.Flat.3|Wnone|LSOA:E01030445,R0,24530.508492776433,33446.1508549814,50639.143872679604,136.11587135442736,22,1310.0
C.Flat.3|Wnone|LSOA:E01030445,R1,23029.645689774647,33446.1508549814,50639.143872679604,134.03023233959394,22,1310.0
C.Flat.3|Wnone|LSOA:E01030445,R2,23029.645689774647,33446.1508549814,50639.143872679604,134.03023233959394,22,1310.0
C.Flat.3|Wnone|LSOA:E01030447,R0,8553.054231201226,13749.758987978003,19017.094345679245,49.45297295455874,10,469.0
C.Flat.3|Wnone|LSOA:E01030447,R1,7958.123908033505,13749.758987978003,19017.094345679245,49.35286804639174,10,469.0
C.Flat.3|Wnone|LSOA:E01030447,R2,7958.123908033505,13749.758987978003,19017.094345679245,49.35286804639174,10,469.0
C.Flat.3|Wnone|LSOA:E01030459,R0,53481.359880271426,65395.142342826155,98897.77791351483,283.0291834715866,43,2581.0
C.Flat.3|Wnone|LSOA:E01030459,R1,50507.36414295868,65395.142342826155,98897.77791351483,281.45265436754727,43,2581.0
C.Flat.3|Wnone|LSOA:E01030459,R2,50507.36414295868,65395.142342826155,98897.77791351483,281.45265436754727,43,2581.0
C.Flat.3|Wnone|LSOA:E01030465,R0,10337.669502591409,16668.056586982144,25702.94999418647,80.98434087692482,11,648.0
C.Flat.3|Wnone|LSOA:E01030465,R1,9613.73749750505,16668.056586982144,25702.94999418647,80.27636902740036,11,648.0
C.Flat.3|Wnone|LSOA:E01030465,R2,9613.73749750505,16668.056586982144,25702.94999418647,80.27636902740036,11,648.0
C.Flat.3|Wnone|LSOA:E01030501,R0,38234.53330328465,55963.25203976533,83669.10714139637,239.12283487248078,37,2173.0
C.Flat.3|Wnone|LSOA:E01030501,R1,35781.19959701611,55963.25203976533,83669.10714139637,236.20183086324846,37,2173.0
C.Flat.3|Wnone|LSOA:E01030501,R2,35781.19959701611,55963.25203976533,83669.10714139637,236.20183086324846,37,2173.0
C.Flat.3|Wnone|LSOA:E01030502,R0,27295.595007257936,31613.30794605267,49135.09566192697,147.89205766113653,20,1305.0
C.Flat.3|Wnone|LSOA:E01030502,R1,25827.79684725948,31613.30794605267,49135.09566192697,147.26008126670436,20,1305.0
C.Flat.3|Wnone|LSOA:E01030502,R2,25827.79684725948,31613.30794605267,49135.09566192697,147.26008126670436,20,1305.0
C.Flat.3|Wnone|SUB:SPN-S000000171606,R0,151964.20500788273,187273.20612745453,282253.4980121491,796.4196154647226,123,7385.0
C.Flat.3|Wnone|SUB:SPN-S000000171606,R1,143365.48279052143,187273.20612745453,282253.4980121491,791.3597212171052,123,7385.0
C.Flat.3|Wnone|SUB:SPN-S000000171606,R2,143365.48279052143,187273.20612745453,282253.4980121491,791.3597212171052,123,7385.0
C.Flat.3|Wnone|SUB:SPN-S000000171621,R0,25052.057076870224,17508.055977161086,30437.697315447647,132.75,10,885.0
C.Flat.3|Wnone|SUB:SPN-S000000171621,R1,24030.880842538867,17508.055977161086,30437.697315447647,132.75,10,885.0
C.Flat.3|Wnone|SUB:SPN-S000000171621,R2,24030.880842538867,17508.055977161086,30437.697315447647,132.75,10,885.0
C.Flat.3|Wnone|SUB:SPN-S000000171633,R0,36389.24018744295,30882.396209446626,52395.364842663614,188.94171875,18,1490.0
C.Flat.3|Wnone|SUB:SPN-S000000171633,R1,34711.56882245355,30882.396209446626,52395.364842663614,188.01633154296874,18,1490.0
C.Flat.3|Wnone|SUB:SPN-S000000171633,R2,34711.56882245355,30882.396209446626,52395.364842663614,188.01633154296874,18,1490.0
C.Flat.3|Wnone|SUB:SPN-S000000171733,R0,26706.678986802814,27197.71526949321,46367.31364245179,140.9334117086194,17,1162.0
C.Flat.3|Wnone|SUB:SPN-S000000171733,R1,25399.011666130224,27197.71526949321,46367.31364245179,140.27753671746504,17,1162.0
C.Flat.3|Wnone|SUB:SPN-S000000171733,R2,25399.011666130224,27197.71526949321,46367.31364245179,140.27753671746504,17,1162.0
C.Flat.3|Wnone|SUB:SPN-S000000171802,R0,22846.613788901257,29568.57905011926,43755.607835759154,121.8746777366097,20,1145.0
C.Flat.3|Wnone|SUB:SPN-S000000171802,R1,21496.47015851416,29568.57905011926,43755.607835759154,119.8490626201615,20,1145.0
C.Flat.3|Wnone|SUB:SPN-S000000171802,R2,21496.47015851416,29568.57905011926,43755.607835759154,119.8490626201615,20,1145.0
C.Flat.3|Wnone|SUB:SPN-S000000171804,R0,47067.25442162194,30253.273786469246,57174.80427144279,244.97461859337258,17,1735.0
C.Flat.3|Wnone|SUB:SPN-S000000171804,R1,45069.33260464686,30253.273786469246,57174.80427144279,244.77981718997677,17,1735.0
C.Flat.3|Wnone|SUB:SPN-S000000171804,R2,45069.33260464686,30253.273786469246,57174.80427144279,244.77981718997677,17,1735.0
C.Flat.3|Wnone|SUB:SPN-S000000171810,R0,40295.47164017864,37624.13000472149,60267.16272292582,205.90684956021167,23,1629.9
C.Flat.3|Wnone|SUB:SPN-S000000171810,R1,38435.00204780159,37624.13000472149,60267.16272292582,204.75334953013638,23,1629.9
C.Flat.3|Wnone|SUB:SPN-S000000171810,R2,38435.00204780159,37624.13000472149,60267.16272292582,204.75334953013638,23,1629.9
C.Flat.3|Wnone|SUB:SPN-S000000171811,R0,32808.28717750575,24271.547221341236,41133.19180078362,173.85,14,1159.0
C.Flat.3|Wnone|SUB:SPN-S000000171811,R1,31470.9501655396,24271.547221341236,41133.19180078362,173.85,14,1159.0
C.Flat.3|Wnone|SUB:SPN-S000000171811,R2,31470.9501655396,24271.547221341236,41133.19180078362,173.85,14,1159.0
C.Flat.3|Wnone|SUB:SPN-S000000171833,R0,19323.424496373547,23046.355763396656,37892.95885399406,104.92132296434019,15,920.0
C.Flat.3|Wnone|SUB:SPN-S000000171833,R1,18291.940001575575,23046.355763396656,37892.95885399406,104.48876158597176,15,920.0
C.Flat.3|Wnone|SUB:SPN-S000000171833,R2,18291.940001575575,23046.355763396656,37892.95885399406,104.48876158597176,15,920.0
C.Flat.3|Wnone|SUB:SPN-S000000171834,R0,98001.16673139538,153031.8443852531,237465.64086468506,567.4688229814356,106,5619.0
C.Flat.3|Wnone|SUB:SPN-S000000171834,R1,91347.93732573534,153031.8443852531,237465.64086468506,559.6632966464044,106,5619.0
C.Flat.3|Wnone|SUB:SPN-S000000171834,R2,91347.93732573534,153031.8443852531,237465.64086468506,559.6632966464044,106,5619.0
C.Flat.3|Wnone|SUB:SPN-S000000171846,R0,119256.33846297563,106722.85990700332,184300.22095469575,614.0419901315789,64,4781.0
C.Flat.3|Wnone|SUB:SPN-S000000171846,R1,113855.23650826122,106722.85990700332,184300.22095469575,610.8924266550164,64,4781.0
C.Flat.3|Wnone|SUB:SPN-S000000171846,R2,113855.23650826122,106722.85990700332,184300.22095469575,610.8924266550164,64,4781.0
C.Flat.3|Wnone|SUB:SPN-S000000171874,R0,36176.86886354819,25541.858066367204,45791.389706004935,191.7,15,1278.0
C.Flat.3|Wnone|SUB:SPN-S000000171874,R1,34702.22114888664,25541.858066367204,45791.389706004935,191.7,15,1278.0
C.Flat.3|Wnone|SUB:SPN-S000000171874,R2,34702.22114888664,25541.858066367204,45791.389706004935,191.7,15,1278.0
C.Flat.3|Wnone|SUB:SPN-S000000171969,R0,12810.374037650985,14596.300162778489,21653.22939177623,66.62287098158451,10,578.0
C.Flat.3|Wnone|SUB:SPN-S000000171969,R1,12103.010794728883,14596.300162778489,21653.22939177623,65.7088979756976,10,578.0
C.Flat.3|Wnone|SUB:SPN-S000000171969,R2,12103.010794728883,14596.300162778489,21653.22939177623,65.7088979756976,10,578.0
C.Flat.3|Wnone|SUB:SPN-S000000174043,R0,35294.71004386541,27231.90189182551,45395.19084203565,185.69077530106253,16,1265.0
C.Flat.3|Wnone|SUB:SPN-S000000174043,R1,33829.20980151425,27231.90189182551,45395.19084203565,185.67539526300845,16,1265.0
C.Flat.3|Wnone|SUB:SPN-S000000174043,R2,33829.20980151425,27231.90189182551,45395.19084203565,185.67539526300845,16,1265.0
C.Flat.3|Wnone|SUB:SPN-S000000174088,R0,53421.94515340087,97887.70645604942,139864.6694427484,317.4382960491057,73,3196.0
C.Flat.3|Wnone|SUB:SPN-S000000174088,R1,49549.66321136108,97887.70645604942,139864.6694427484,313.3696760527866,73,3196.0
C.Flat.3|Wnone|SUB:SPN-S000000174088,R2,49549.66321136108,97887.70645604942,139864.6694427484,313.3696760527866,73,3196.0
C.Flat.3|Wnone|SUB:SPN-S000000174239,R0,10391.23446828132,14509.325858573819,22201.21306246122,57.86585766522108,10,558.0
C.Flat.3|Wnone|SUB:SPN-S000000174239,R1,9755.12341254032,14509.325858573819,22201.21306246122,57.10583858878152,10,558.0
C.Flat.3|Wnone|SUB:SPN-S000000174239,R2,9755.12341254032,14509.325858573819,22201.21306246122,57.10583858878152,10,558.0
C.Flat.3|Wnone|SUB:SPN-S000000174301,R0,49014.18082390705,42811.69642791053,71327.68969690063,250.11480954244863,26,1896.0
C.Flat.3|Wnone|SUB:SPN-S000000174301,R1,46850.57689802649,42811.69642791053,71327.68969690063,249.59850086378015,26,1896.0
C.Flat.3|Wnone|SUB:SPN-S000000174301,R2,46850.57689802649,42811.69642791053,71327.68969690063,249.59850086378015,26,1896.0
C.Flat.3|Wnone|SUB:SPN-S000000174793,R0,55650.0117080831,84491.31023181419,133156.2287648812,318.77768056590963,58,3133.0
C.Flat.3|Wnone|SUB:SPN-S000000174793,R1,51995.00796348594,84491.31023181419,133156.2287648812,314.2604340631841,58,3133.0
C.Flat.3|Wnone|SUB:SPN-S000000174793,R2,51995.00796348594,84491.31023181419,133156.2287648812,314.2604340631841,58,3133.0
C.Flat.3|Wnone|SUB:SPN-S000000175003,R0,27900.542306713352,24711.623881633528,40748.83295550441,140.81095636680016,15,1131.0
C.Flat.3|Wnone|SUB:SPN-S000000175003,R1,26592.222976127523,24711.623881633528,40748.83295550441,139.92853695089775,15,1131.0
C.Flat.3|Wnone|SUB:SPN-S000000175003,R2,26592.222976127523,24711.623881633528,40748.83295550441,139.92853695089775,15,1131.0
C.Flat.3|Wnone|SUB:SPN-S000000175026,R0,155659.61840088916,161165.99025101322,273737.25914160546,827.2945023955949,101,6843.0
C.Flat.3|Wnone|SUB:SPN-S000000175026,R1,147992.8958372276,161165.99025101322,273737.25914160546,823.658302877861,101,6843.0
C.Flat.3|Wnone|SUB:SPN-S000000175026,R2,147992.8958372276,161165.99025101322,273737.25914160546,823.658302877861,101,6843.0
C.Flat.3|Wnone|SUB:SPN-S000000181539,R0,166086.28625215398,255293.08812094538,399489.60385121795,951.8457205745059,177,9366.0
C.Flat.3|Wnone|SUB:SPN-S000000181539,R1,155011.1934156437,255293.08812094538,399489.60385121795,938.419400885913,177,9366.0
C.Flat.3|Wnone|SUB:SPN-S000000181539,R2,155011.1934156437,255293.08812094538,399489.60385121795,938.419400885913,177,9366.0
C.Flat.4|Wnone|LSOA:E01030422,R0,17675.895230328184,15573.922329688636,24877.175738781545,82.09707521599472,10,674.0999999999999
C.Flat.4|Wnone|LSOA:E01030422,R1,16946.76075307463,15573.922329688636,24877.175738781545,81.53815971197818,10,674.0999999999999
C.Flat.4|Wnone|LSOA:E01030422,R2,16946.76075307463,15573.922329688636,24877.175738781545,81.53815971197818,10,674.0999999999999
C.Flat.4|Wnone|LSOA:E01030423,R0,29606.31887008161,19809.168949157167,32236.87950842845,128.59303741939485,12,887.0
C.Flat.4|Wnone|LSOA:E01030423,R1,28386.61385354441,19809.168949157167,32236.87950842845,128.4935746527778,12,887.0
C.Flat.4|Wnone|LSOA:E01030423,R2,28386.61385354441,19809.168949157167,32236.87950842845,128.4935746527778,12,887.0
C.Flat.4|Wnone|LSOA:E01030426,R0,36936.092228064765,39056.956658939715,59895.72299611545,157.05937929854662,26,1502.8
C.Flat.4|Wnone|LSOA:E01030426,R1,35506.2756978397,39056.956658939715,59895.72299611545,156.16279424718007,26,1502.8
C.Flat.4|Wnone|LSOA:E01030426,R2,35506.2756978397,39056.956658939715,59895.72299611545,156.16279424718007,26,1502.8
C.Flat.4|Wnone|LSOA:E01030427,R0,12873.270392349117,14753.672817757451,21584.282973110865,57.99069507663533,10,554.5
C.Flat.4|Wnone|LSOA:E01030427,R1,12376.121092650483,14753.672817757451,21584.282973110865,56.85578066861427,10,554.5
C.Flat.4|Wnone|LSOA:E01030427,R2,12376.121092650483,14753.672817757451,21584.282973110865,56.85578066861427,10,554.5
C.Flat.4|Wnone|LSOA:E01030428,R0,22228.83284104307,21182.62758036361,29800.103940410074,76.61008531978545,15,752.9
C.Flat.4|Wnone|LSOA:E01030428,R1,21434.25619220978,21182.62758036361,29800.103940410074,76.00780012927729,15,752.9
C.Flat.4|Wnone|LSOA:E01030428,R2,21434.25619220978,21182.62758036361,29800.103940410074,76.00780012927729,15,752.9
C.Flat.4|Wnone|LSOA:E01030429,R0,14459.01303091343,13339.626325235886,17702.651521835112,49.145159681532114,10,434.0
C.Flat.4|Wnone|LSOA:E01030429,R1,13979.391554510858,13339.626325235886,17702.651521835112,47.56006141493056,10,434.0
C.Flat.4|Wnone|LSOA:E01030429,R2,13979.391554510858,13339.626325235886,17702.651521835112,47.56006141493056,10,434.0
C.Flat.4|Wnone|LSOA:E01030433,R0,31947.120717823127,34289.36143418688,43571.926485535674,106.39229914658172,27,1001.2
C.Flat.4|Wnone|LSOA:E01030433,R1,30869.760919107634,34289.36143418688,43571.926485535674,102.71197438371735,27,1001.2
C.Flat.4|Wnone|LSOA:E01030433,R2,30869.760919107634,34289.36143418688,43571.926485535674,102.71197438371735,27,1001.2
C.Flat.4|Wnone|LSOA:E01030445,R0,99530.96104271148,65986.89873751457,112507.85369968179,432.9540646275112,40,3152.0
C.Flat.4|Wnone|LSOA:E01030445,R1,95433.8847024926,65986.89873751457,112507.85369968179,432.16954262667724,40,3152.0
C.Flat.4|Wnone|LSOA:E01030445,R2,95433.8847024926,65986.89873751457,112507.85369968179,432.16954262667724,40,3152.0
C.Flat.4|Wnone|LSOA:E01030447,R0,18626.194289107923,18632.27795594005,28508.258189463486,87.9807899362261,12,750.0
C.Flat.4|Wnone|LSOA:E01030447,R1,17861.87948801469,18632.27795594005,28508.258189463486,87.49617300188343,12,750.0
C.Flat.4|Wnone|LSOA:E01030447,R2,17861.87948801469,18632.27795594005,28508.258189463486,87.49617300188343,12,750.0
C.Flat.4|Wnone|LSOA:E01030458,R0,38987.67601034972,20134.124917988614,37380.24139449175,166.0324499472966,12,1168.2
C.Flat.4|Wnone|LSOA:E01030458,R1,37400.98686194369,20134.124917988614,37380.24139449175,165.82719496527778,12,1168.2
C.Flat.4|Wnone|LSOA:E01030458,R2,37400.98686194369,20134.124917988614,37380.24139449175,165.82719496527778,12,1168.2
C.Flat.4|Wnone|LSOA:E01030477,R0,43268.869825480506,43255.01901951497,63955.854382853955,182.38255887372023,29,1656.0
C.Flat.4|Wnone|LSOA:E01030477,R1,41572.69977799358,43255.01901951497,63955.854382853955,181.05444119966862,29,1656.0
C.Flat.4|Wnone|LSOA:E01030477,R2,41572.69977799358,43255.01901951497,63955.854382853955,181.05444119966862,29,1656.0
C.Flat.4|Wnone|LSOA:E01030479,R0,26633.541341910885,23269.546615080544,34381.50092529591,107.39154578218006,16,859.6
C.Flat.4|Wnone|LSOA:E01030479,R1,25587.76732306103,23269.546615080544,34381.50092529591,106.94840723428672,16,859.6
C.Flat.4|Wnone|LSOA:E01030479,R2,25587.76732306103,23269.546615080544,34381.50092529591,106.94840723428672,16,859.6
C.Flat.4|Wnone|LSOA:E01030491,R0,29513.323695342966,27678.047913902912,41069.229316943616,111.81545541333394,19,1051.7
C.Flat.4|Wnone|LSOA:E01030491,R1,28401.021205522477,27678.047913902912,41069.229316943616,110.89292488266537,19,1051.7
C.Flat.4|Wnone|LSOA:E01030491,R2,28401.021205522477,27678.047913902912,41069.229316943616,110.89292488266537,19,1051.7
C.Flat.4|Wnone|LSOA:E01030500,R0,16107.059683976306,16460.866070366486,24769.177395146056,69.71971069132321,11,630.8000000000001
C.Flat.4|Wnone|LSOA:E01030500,R1,15471.037637371552,16460.866070366486,24769.177395146056,69.2613613784556,11,630.8000000000001
C.Flat.4|Wnone|LSOA:E01030500,R2,15471.037637371552,16460.866070366486,24769.177395146056,69.2613613784556,11,630.8000000000001
C.Flat.4|Wnone|LSOA:E01030501,R0,19234.04569790081,17147.863340747455,26570.498755803324,88.0,11,697.0
C.Flat.4|Wnone|LSOA:E01030501,R1,18436.935325746195,17147.863340747455,26570.498755803324,88.0,11,697.0
C.Flat.4|Wnone|LSOA:E01030501,R2,18436.935325746195,17147.863340747455,26570.498755803324,88.0,11,697.0
C.Flat.4|Wnone|LSOA:E01030503,R0,81402.7180702693,63431.80147479464,106023.93917468595,343.99046913784,42,3031.6
C.Flat.4|Wnone|LSOA:E01030503,R1,78184.5323421942,63431.80147479464,106023.93917468595,341.2659676564373,42,3031.6
C.Flat.4|Wnone|LSOA:E01030503,R2,78184.5323421942,63431.80147479464,106023.93917468595,341.2659676564373,42,3031.6
C.Flat.4|Wnone|SUB:SPN-S000000171677,R0,59707.40337423438,25870.43664337129,52287.809262136485,268.55,14,1810.0
C.Flat.4|Wnone|SUB:SPN-S000000171677,R1,57197.12185471902,25870.43664337129,52287.809262136485,268.55,14,1810.0
C.Flat.4|Wnone|SUB:SPN-S000000171677,R2,57197.12185471902,25870.43664337129,52287.809262136485,268.55,14,1810.0
C.Flat.4|Wnone|SUB:SPN-S000000171686,R0,26910.108385753636,25205.61835019762,37106.04986857902,103.11990483553447,17,959.0
C.Flat.4|Wnone|SUB:SPN-S000000171686,R1,25889.03953647103,25205.61835019762,37106.04986857902,102.30464345721516,17,959.0
C.Flat.4|Wnone|SUB:SPN-S000000171686,R2,25889.03953647103,25205.61835019762,37106.04986857902,102.30464345721516,17,959.0
C.Flat.4|Wnone|SUB:SPN-S000000171705,R0,27268.254165129067,18593.590926804736,31032.049282062417,123.05,11,857.5
C.Flat.4|Wnone|SUB:SPN-S000000171705,R1,26124.9430858188,18593.590926804736,31032.049282062417,123.05,11,857.5
C.Flat.4|Wnone|SUB:SPN-S000000171705,R2,26124.9430858188,18593.590926804736,31032.049282062417,123.05,11,857.5
C.Flat.4|Wnone|SUB:SPN-S000000171706,R0,11626.792137167347,13592.630140808371,18051.895107976285,38.48031650099654,11,369.0
C.Flat.4|Wnone|SUB:SPN-S000000171706,R1,11232.769914306533,13592.630140808371,18051.895107976285,37.12142754034988,11,369.0
C.Flat.4|Wnone|SUB:SPN-S000000171706,R2,11232.769914306533,13592.630140808371,18051.895107976285,37.12142754034988,11,369.0
C.Flat.4|Wnone|SUB:SPN-S000000171716,R0,28673.98451250205,22757.482724176232,36767.53095855794,130.48,14,984.8
C.Flat.4|Wnone|SUB:SPN-S000000171716,R1,27480.155808976677,22757.482724176232,36767.53095855794,130.48,14,984.8
C.Flat.4|Wnone|SUB:SPN-S000000171716,R2,27480.155808976677,22757.482724176232,36767.53095855794,130.48,14,984.8
C.Flat.4|Wnone|SUB:SPN-S000000171721,R0,17167.035342157025,20219.638737767775,30899.755743426576,86.76234492932336,13,810.0
C.Flat.4|Wnone|SUB:SPN-S000000171721,R1,16474.6329158369,20219.638737767775,30899.755743426576,85.42981235310184,13,810.0
C.Flat.4|Wnone|SUB:SPN-S000000171721,R2,16474.6329158369,20219.638737767775,30899.755743426576,85.42981235310184,13,810.0
C.Flat.4|Wnone|SUB:SPN-S000000171744,R0,17439.592814048377,15167.617322415277,22679.690993215645,58.18536819969872,11,523.3
C.Flat.4|Wnone|SUB:SPN-S000000171744,R1,16837.517588213406,15167.617322415277,22679.690993215645,56.46067386204619,11,523.3
C.Flat.4|Wnone|SUB:SPN-S000000171744,R2,16837.517588213406,15167.617322415277,22679.690993215645,56.46067386204619,11,523.3
C.Flat.4|Wnone|SUB:SPN-S000000171746,R0,20142.767104931398,18942.46551275645,27458.00771386121,75.05065464952256,13,704.0
C.Flat.4|Wnone|SUB:SPN-S000000171746,R1,19390.488115751723,18942.46551275645,27458.00771386121,74.43046353798846,13,704.0
C.Flat.4|Wnone|SUB:SPN-S000000171746,R2,19390.488115751723,18942.46551275645,27458.00771386121,74.43046353798846,13,704.0
C.Flat.4|Wnone|SUB:SPN-S000000171792,R0,20927.04341319192,18550.00798236711,28422.824533788546,90.1454231175315,12,753.0
C.Flat.4|Wnone|SUB:SPN-S000000171792,R1,20084.437952830493,18550.00798236711,28422.824533788546,89.37211697507472,12,753.0
C.Flat.4|Wnone|SUB:SPN-S000000171792,R2,20084.437952830493,18550.00798236711,28422.824533788546,89.37211697507472,12,753.0
C.Flat.4|Wnone|SUB:SPN-S000000171796,R0,17285.422429993057,16288.370186193279,24232.736436828523,69.2516530402109,11,628.0
C.Flat.4|Wnone|SUB:SPN-S000000171796,R1,16615.498818632906,16288.370186193279,24232.736436828523,68.63589755028165,11,628.0
C.Flat.4|Wnone|SUB:SPN-S000000171796,R2,16615.498818632906,16288.370186193279,24232.736436828523,68.63589755028165,11,628.0
C.Flat.4|Wnone|SUB:SPN-S000000171797,R0,54314.15094439914,53527.543960583476,81052.31609759056,240.6291769394237,35,2128.0
C.Flat.4|Wnone|SUB:SPN-S000000171797,R1,52143.779891169055,53527.543960583476,81052.31609759056,239.07875721421755,35,2128.0
C.Flat.4|Wnone|SUB:SPN-S000000171797,R2,52143.779891169055,53527.543960583476,81052.31609759056,239.07875721421755,35,2128.0
C.Flat.4|Wnone|SUB:SPN-S000000171798,R0,49842.7518831521,39708.2213779181,65044.051625128646,210.12208372085811,25,1687.0
C.Flat.4|Wnone|SUB:SPN-S000000171798,R1,47835.04731402106,39708.2213779181,65044.051625128646,209.28316150982815,25,1687.0
C.Flat.4|Wnone|SUB:SPN-S000000171798,R2,47835.04731402106,39708.2213779181,65044.051625128646,209.28316150982815,25,1687.0
C.Flat.4|Wnone|SUB:SPN-S000000171804,R0,231567.85680277788,158590.39167284017,278284.70325828425,999.9825136835008,97,7403.0
C.Flat.4|Wnone|SUB:SPN-S000000171804,R1,222081.74177330066,158590.39167284017,278284.70325828425,997.8035057931673,97,7403.0
C.Flat.4|Wnone|SUB:SPN-S000000171804,R2,222081.74177330066,158590.39167284017,278284.70325828425,997.8035057931673,97,7403.0
C.Flat.4|Wnone|SUB:SPN-S000000171807,R0,13627.658919761685,16612.86333448603,26891.904041741378,68.87430591303077,11,643.0
C.Flat.4|Wnone|SUB:SPN-S000000171807,R1,13078.011067756946,16612.86333448603,26891.904041741378,67.8165053617833,11,643.0
C.Flat.4|Wnone|SUB:SPN-S000000171807,R2,13078.011067756946,16612.86333448603,26891.904041741378,67.8165053617833,11,643.0
C.Flat.4|Wnone|SUB:SPN-S000000171811,R0,25609.07617296353,17041.228547916926,28369.536779836937,115.335,10,787.9
C.Flat.4|Wnone|SUB:SPN-S000000171811,R1,24533.565510548084,17041.228547916926,28369.536779836937,115.335,10,787.9
C.Flat.4|Wnone|SUB:SPN-S000000171811,R2,24533.565510548084,17041.228547916926,28369.536779836937,115.335,10,787.9
C.Flat.4|Wnone|SUB:SPN-S000000171813,R0,33805.20202485123,32384.270556491356,43890.062231826414,111.82426530944643,24,1074.0
C.Flat.4|Wnone|SUB:SPN-S000000171813,R1,32659.10366877522,32384.270556491356,43890.062231826414,107.89597889390504,24,1074.0
C.Flat.4|Wnone|SUB:SPN-S000000171813,R2,32659.10366877522,32384.270556491356,43890.062231826414,107.89597889390504,24,1074.0
C.Flat.4|Wnone|SUB:SPN-S000000171814,R0,73036.9974466196,46772.97037302981,79869.61976788967,329.3,27,2275.0
C.Flat.4|Wnone|SUB:SPN-S000000171814,R1,69972.4738088726,46772.97037302981,79869.61976788967,329.3,27,2275.0
C.Flat.4|Wnone|SUB:SPN-S000000171814,R2,69972.4738088726,46772.97037302981,79869.61976788967,329.3,27,2275.0
C.Flat.4|Wnone|SUB:SPN-S000000171874,R0,39104.975494147584,31169.274776745857,49039.09987560172,160.01839069087922,20,1345.0
C.Flat.4|Wnone|SUB:SPN-S000000171874,R1,37559.20839046329,31169.274776745857,49039.09987560172,159.19358474944093,20,1345.0
C.Flat.4|Wnone|SUB:SPN-S000000171874,R2,37559.20839046329,31169.274776745857,49039.09987560172,159.19358474944093,20,1345.0
C.Flat.4|Wnone|SUB:SPN-S000000171969,R0,18037.831544718396,17537.516428832292,25745.631734993323,69.71860484483506,12,651.0
C.Flat.4|Wnone|SUB:SPN-S000000171969,R1,17350.23314726388,17537.516428832292,25745.631734993323,69.16312702668904,12,651.0
C.Flat.4|Wnone|SUB:SPN-S000000171969,R2,17350.23314726388,17537.516428832292,25745.631734993323,69.16312702668904,12,651.0
C.Flat.4|Wnone|SUB:SPN-S000000174088,R0,21644.197224217263,20671.853352898812,32358.079106637768,81.78682524569072,14,780.0
C.Flat.4|Wnone|SUB:SPN-S000000174088,R1,20830.103905581753,20671.853352898812,32358.079106637768,81.08165078419256,14,780.0
C.Flat.4|Wnone|SUB:SPN-S000000174088,R2,20830.103905581753,20671.853352898812,32358.079106637768,81.08165078419256,14,780.0
C.Flat.4|Wnone|SUB:SPN-S000000174201,R0,27754.7597297607,19780.94359660834,32695.023973650208,125.52,12,893.8
C.Flat.4|Wnone|SUB:SPN-S000000174201,R1,26593.17891343147,19780.94359660834,32695.023973650208,125.52,12,893.8
C.Flat.4|Wnone|SUB:SPN-S000000174201,R2,26593.17891343147,19780.94359660834,32695.023973650208,125.52,12,893.8
C.Flat.4|Wnone|SUB:SPN-S000000174239,R0,35213.91709011716,34443.28852243972,51682.555360414015,149.70658727904737,23,1328.0
C.Flat.4|Wnone|SUB:SPN-S000000174239,R1,33822.1034796829,34443.28852243972,51682.555360414015,148.57120357666525,23,1328.0
C.Flat.4|Wnone|SUB:SPN-S000000174239,R2,33822.1034796829,34443.28852243972,51682.555360414015,148.57120357666525,23,1328.0
C.Flat.4|Wnone|SUB:SPN-S000000174301,R0,40097.8516921371,55493.54032540297,67204.17250984425,132.4784180589818,46,1241.5
C.Flat.4|Wnone|SUB:SPN-S000000174301,R1,38712.26767192517,55493.54032540297,67204.17250984425,128.23560861749485,46,1241.5
C.Flat.4|Wnone|SUB:SPN-S000000174301,R2,38712.26767192517,55493.54032540297,67204.17250984425,128.23560861749485,46,1241.5
C.Flat.4|Wnone|SUB:SPN-S000000174692,R0,18301.624494899446,21155.399190665405,29690.652851078376,77.80263963602359,15,748.0
C.Flat.4|Wnone|SUB:SPN-S000000174692,R1,17611.660011428125,21155.399190665405,29690.652851078376,76.46137715381687,15,748.0
C.Flat.4|Wnone|SUB:SPN-S000000174692,R2,17611.660011428125,21155.399190665405,29690.652851078376,76.46137715381687,15,748.0
C.Flat.4|Wnone|SUB:SPN-S000000174720,R0,34883.00768822758,24514.772689077032,40998.88847524841,155.08860164920867,15,1187.0
C.Flat.4|Wnone|SUB:SPN-S000000174720,R1,33440.52291421605,24514.772689077032,40998.88847524841,155.08298763892765,15,1187.0
C.Flat.4|Wnone|SUB:SPN-S000000174720,R2,33440.52291421605,24514.772689077032,40998.88847524841,155.08298763892765,15,1187.0
C.Flat.4|Wnone|SUB:SPN-S000000174751,R0,238721.5102473619,193160.97660598735,315492.9958810911,980.9293879975819,126,7830.0
C.Flat.4|Wnone|SUB:SPN-S000000174751,R1,229245.10198308725,193160.97660598735,315492.9958810911,977.0254561153778,126,7830.0
C.Flat.4|Wnone|SUB:SPN-S000000174751,R2,229245.10198308725,193160.97660598735,315492.9958810911,977.0254561153778,126,7830.0
C.Flat.4|Wnone|SUB:SPN-S000000174940,R0,21346.498151811065,15310.172053336139,24310.425556248112,86.33688314964657,10,639.8
C.Flat.4|Wnone|SUB:SPN-S000000174940,R1,20504.695607750014,15310.172053336139,24310.425556248112,86.12190794270833,10,639.8
C.Flat.4|Wnone|SUB:SPN-S000000174940,R2,20504.695607750014,15310.172053336139,24310.425556248112,86.12190794270833,10,639.8
C.Flat.4|Wnone|SUB:SPN-S000000174948,R0,32385.960891073104,29289.63384486871,47444.73538681091,137.38254319004417,19,1172.0
C.Flat.4|Wnone|SUB:SPN-S000000174948,R1,31093.760676302,29289.63384486871,47444.73538681091,136.20649075499742,19,1172.0
C.Flat.4|Wnone|SUB:SPN-S000000174948,R2,31093.760676302,29289.63384486871,47444.73538681091,136.20649075499742,19,1172.0
C.Flat.4|Wnone|SUB:SPN-S000000175003,R0,58449.5817139286,49663.31035394434,74233.37383997376,225.9879764927455,34,1941.0
C.Flat.4|Wnone|SUB:SPN-S000000175003,R1,56213.968063237306,49663.31035394434,74233.37383997376,224.64995145877475,34,1941.0
C.Flat.4|Wnone|SUB:SPN-S000000175003,R2,56213.968063237306,49663.31035394434,74233.37383997376,224.64995145877475,34,1941.0
C.Flat.4|Wnone|SUB:SPN-S000000175026,R0,88385.60973670954,72022.2606600243,118221.24686426947,375.2558674574646,47,3160.7
C.Flat.4|Wnone|SUB:SPN-S000000175026,R1,84847.11300750967,72022.2606600243,118221.24686426947,371.9444339708295,47,3160.7
C.Flat.4|Wnone|SUB:SPN-S000000175026,R2,84847.11300750967,72022.2606600243,118221.24686426947,371.9444339708295,47,3160.7
C.Flat.4|Wnone|SUB:SPN-S000000175297,R0,24471.326780603602,24315.20469952571,36598.57129782682,89.93673995713057,17,877.7
C.Flat.4|Wnone|SUB:SPN-S000000175297,R1,23573.3988013861,24315.20469952571,36598.57129782682,88.96886922821216,17,877.7
C.Flat.4|Wnone|SUB:SPN-S000000175297,R2,23573.3988013861,24315.20469952571,36598.57129782682,88.96886922821216,17,877.7
C.Flat.4|Wnone|SUB:SPN-S000000181145,R0,17239.64862819695,14261.160783118336,21347.3869667004,62.659693196614576,10,517.0
C.Flat.4|Wnone|SUB:SPN-S000000181145,R1,16601.467948449223,14261.160783118336,21347.3869667004,62.327397135416675,10,517.0
C.Flat.4|Wnone|SUB:SPN-S000000181145,R2,16601.467948449223,14261.160783118336,21347.3869667004,62.327397135416675,10,517.0
C.Flat.4|Wnone|SUB:SPN-S000000181196,R0,65712.92516237231,45999.80797065809,75459.90964791068,288.37230964006693,28,2070.1000000000004
C.Flat.4|Wnone|SUB:SPN-S000000181196,R1,62992.58600261822,45999.80797065809,75459.90964791068,287.9406223163842,28,2070.1000000000004
C.Flat.4|Wnone|SUB:SPN-S000000181196,R2,62992.58600261822,45999.80797065809,75459.90964791068,287.9406223163842,28,2070.1000000000004
C.Flat.4|Wnone|SUB:SPN-S000000181226,R0,30529.307705329647,30286.61261290692,45683.65664135243,134.64454119047093,20,1178.0
C.Flat.4|Wnone|SUB:SPN-S000000181226,R1,29307.24376307236,30286.61261290692,45683.65664135243,133.72530687901298,20,1178.0
C.Flat.4|Wnone|SUB:SPN-S000000181226,R2,29307.24376307236,30286.61261290692,45683.65664135243,133.72530687901298,20,1178.0
C.Flat.4|Wnone|SUB:SPN-S000000181236,R0,84545.61823854438,72791.49053941984,121987.23859031341,372.64989634062954,46,3005.0
C.Flat.4|Wnone|SUB:SPN-S000000181236,R1,81091.62434827206,72791.49053941984,121987.23859031341,369.41514674650705,46,3005.0
C.Flat.4|Wnone|SUB:SPN-S000000181236,R2,81091.62434827206,72791.49053941984,121987.23859031341,369.41514674650705,46,3005.0
C.Flat.4|Wnone|SUB:SPN-S000000181316,R0,32568.749495188888,35347.48724840018,55425.310881380996,137.86836771302305,24,1326.0
C.Flat.4|Wnone|SUB:SPN-S000000181316,R1,31322.17098962202,35347.48724840018,55425.310881380996,135.5150170574296,24,1326.0
C.Flat.4|Wnone|SUB:SPN-S000000181316,R2,31322.17098962202,35347.48724840018,55425.310881380996,135.5150170574296,24,1326.0
C.Flat.4|Wnone|SUB:SPN-S000000181361,R0,106685.06433999055,91701.6597480785,137286.77187323454,417.26005722966266,61,3573.4
C.Flat.4|Wnone|SUB:SPN-S000000181361,R1,102577.65099384522,91701.6597480785,137286.77187323454,414.8409500147128,61,3573.4
C.Flat.4|Wnone|SUB:SPN-S000000181361,R2,102577.65099384522,91701.6597480785,137286.77187323454,414.8409500147128,61,3573.4
C.Flat.4|Wnone|SUB:SPN-S000000181539,R0,120823.83826149162,89730.80111646093,142999.12253802264,506.03031337580603,60,3790.0
C.Flat.4|Wnone|SUB:SPN-S000000181539,R1,115963.95186884326,89730.80111646093,142999.12253802264,504.740464387653,60,3790.0
C.Flat.4|Wnone|SUB:SPN-S000000181539,R2,115963.95186884326,89730.80111646093,142999.12253802264,504.740464387653,60,3790.0
C.Flat.5|Wcav|LSOA:E01030422,R0,88651.99167303852,24028.777607857643,37939.11832714185,133.195,16,1047.4
C.Flat.5|Wcav|LSOA:E01030422,R1,56524.46321807339,24028.777607857643,37939.11832714185,121.65141335260112,16,1047.4
C.Flat.5|Wcav|LSOA:E01030422,R2,56524.46321807339,24028.777607857643,37939.11832714185,121.65141335260112,16,1047.4
C.Flat.5|Wcav|LSOA:E01030424,R0,57846.60715914925,18972.781893850166,27517.851234250673,87.07,13,698.7
C.Flat.5|Wcav|LSOA:E01030424,R1,36906.80817222894,18972.781893850166,27517.851234250673,80.23030014248809,13,698.7
C.Flat.5|Wcav|LSOA:E01030424,R2,36906.80817222894,18972.781893850166,27517.851234250673,80.23030014248809,13,698.7
C.Flat.5|Wcav|LSOA:E01030430,R0,264479.2098915581,59570.110023073365,97360.15955122339,389.025,36,2593.5
C.Flat.5|Wcav|LSOA:E01030430,R1,168334.81925514637,59570.110023073365,97360.15955122339,389.025,36,2593.5
C.Flat.5|Wcav|LSOA:E01030430,R2,168334.81925514637,59570.110023073365,97360.15955122339,389.025,36,2593.5
C.Flat.5|Wcav|LSOA:E01030480,R0,81234.78475012272,18149.43915040262,30475.510081945744,120.31,11,852.4
C.Flat.5|Wcav|LSOA:E01030480,R1,51745.66842478131,18149.43915040262,30475.510081945744,116.62343441668412,11,852.4
C.Flat.5|Wcav|LSOA:E01030480,R2,51745.66842478131,18149.43915040262,30475.510081945744,116.62343441668412,11,852.4
C.Flat.5|Wcav|SUB:SPN-S000000171626,R0,73793.79035032503,19912.648984581298,30159.365942883363,108.97183811431955,13,793.0
C.Flat.5|Wcav|SUB:SPN-S000000171626,R1,47268.051472766776,19912.648984581298,30159.365942883363,104.79473167563384,13,793.0
C.Flat.5|Wcav|SUB:SPN-S000000171626,R2,47268.051472766776,19912.648984581298,30159.365942883363,104.79473167563384,13,793.0
C.Flat.5|Wcav|SUB:SPN-S000000171631,R0,75662.26966742726,27165.250955477713,38825.640089341716,123.58082549342106,19,993.6
C.Flat.5|Wcav|SUB:SPN-S000000171631,R1,48993.65609288368,27165.250955477713,38825.640089341716,116.56962847838568,19,993.6
C.Flat.5|Wcav|SUB:SPN-S000000171631,R2,48993.65609288368,27165.250955477713,38825.640089341716,116.56962847838568,19,993.6
C.Flat.5|Wcav|SUB:SPN-S000000171632,R0,126255.3721850043,38864.627254855295,58451.81758004641,188.05,26,1537.3000000000002
C.Flat.5|Wcav|SUB:SPN-S000000171632,R1,80971.31599140559,38864.627254855295,58451.81758004641,175.69691787423744,26,1537.3000000000002
C.Flat.5|Wcav|SUB:SPN-S000000171632,R2,80971.31599140559,38864.627254855295,58451.81758004641,175.69691787423744,26,1537.3000000000002
C.Flat.5|Wcav|SUB:SPN-S000000171705,R0,86660.80630403306,21122.09770031537,34059.45625838231,128.3,13,908.0
C.Flat.5|Wcav|SUB:SPN-S000000171705,R1,55205.97039143251,21122.09770031537,34059.45625838231,124.47210469947672,13,908.0
C.Flat.5|Wcav|SUB:SPN-S000000171705,R2,55205.97039143251,21122.09770031537,34059.45625838231,124.47210469947672,13,908.0
C.Flat.5|Wcav|SUB:SPN-S000000171706,R0,53439.82426168393,14908.413508315327,23268.45549776161,79.77689324629934,10,569.0
C.Flat.5|Wcav|SUB:SPN-S000000171706,R1,34304.85939649078,14908.413508315327,23268.45549776161,76.37612227483382,10,569.0
C.Flat.5|Wcav|SUB:SPN-S000000171706,R2,34304.85939649078,14908.413508315327,23268.45549776161,76.37612227483382,10,569.0
C.Flat.5|Wcav|SUB:SPN-S000000171710,R0,428918.27908382233,75449.80656027498,145302.3646656822,630.9,41,4206.0
C.Flat.5|Wcav|SUB:SPN-S000000171710,R1,272996.433309098,75449.80656027498,145302.3646656822,630.9,41,4206.0
C.Flat.5|Wcav|SUB:SPN-S000000171710,R2,272996.433309098,75449.80656027498,145302.3646656822,630.9,41,4206.0
C.Flat.5|Wcav|SUB:SPN-S000000171730,R0,50922.25319540896,22159.950873016016,30592.570148841227,103.04847157260828,16,765.0
C.Flat.5|Wcav|SUB:SPN-S000000171730,R1,33045.30637016222,22159.950873016016,30592.570148841227,95.64547213228914,16,765.0
C.Flat.5|Wcav|SUB:SPN-S000000171730,R2,33045.30637016222,22159.950873016016,30592.570148841227,95.64547213228914,16,765.0
C.Flat.5|Wcav|SUB:SPN-S000000171804,R0,37895.677539606244,16991.454174832135,24066.894932941585,72.40576320125172,13,521.0
C.Flat.5|Wcav|SUB:SPN-S000000171804,R1,25333.9449996638,16991.454174832135,24066.894932941585,65.1140164594906,13,521.0
C.Flat.5|Wcav|SUB:SPN-S000000171804,R2,25333.9449996638,16991.454174832135,24066.894932941585,65.1140164594906,13,521.0
C.Flat.5|Wcav|SUB:SPN-S000000171810,R0,80288.49670604471,23076.5449174241,36275.70587057983,119.63,15,929.1999999999999
C.Flat.5|Wcav|SUB:SPN-S000000171810,R1,51312.30742660416,23076.5449174241,36275.70587057983,110.72082775187943,15,929.1999999999999
C.Flat.5|Wcav|SUB:SPN-S000000171810,R2,51312.30742660416,23076.5449174241,36275.70587057983,110.72082775187943,15,929.1999999999999
C.Flat.5|Wcav|SUB:SPN-S000000171812,R0,68659.1026661061,24172.569039461407,35013.441994146866,106.23185192228618,17,870.0
C.Flat.5|Wcav|SUB:SPN-S000000171812,R1,44278.30611826289,24172.569039461407,35013.441994146866,100.75043774001908,17,870.0
C.Flat.5|Wcav|SUB:SPN-S000000171812,R2,44278.30611826289,24172.569039461407,35013.441994146866,100.75043774001908,17,870.0
C.Flat.5|Wcav|SUB:SPN-S000000171815,R0,99610.03283243146,29659.775190257304,45024.51670696247,152.24761175983608,20,1137.1000000000001
C.Flat.5|Wcav|SUB:SPN-S000000171815,R1,64608.04021824959,29659.775190257304,45024.51670696247,140.27911098993243,20,1137.1000000000001
C.Flat.5|Wcav|SUB:SPN-S000000171815,R2,64608.04021824959,29659.775190257304,45024.51670696247,140.27911098993243,20,1137.1000000000001
C.Flat.5|Wcav|SUB:SPN-S000000171828,R0,119876.24453160627,43738.3561675277,57669.92322650185,194.8080528578596,33,1385.0
C.Flat.5|Wcav|SUB:SPN-S000000171828,R1,79072.234971022,43738.3561675277,57669.92322650185,180.27619005891054,33,1385.0
C.Flat.5|Wcav|SUB:SPN-S000000171828,R2,79072.234971022,43738.3561675277,57669.92322650185,180.27619005891054,33,1385.0
C.Flat.5|Wcav|SUB:SPN-S000000171833,R0,37322.34603998283,15074.724384479272,22463.285627363006,83.85,10,582.0
C.Flat.5|Wcav|SUB:SPN-S000000171833,R1,23240.84982288185,15074.724384479272,22463.285627363006,77.82327558409493,10,582.0
C.Flat.5|Wcav|SUB:SPN-S000000171833,R2,23240.84982288185,15074.724384479272,22463.285627363006,77.82327558409493,10,582.0
C.Flat.5|Wcav|SUB:SPN-S000000171836,R0,63320.177439033425,16126.70847451924,26978.344935934012,95.26,10,688.8000000000001
C.Flat.5|Wcav|SUB:SPN-S000000171836,R1,40140.31094043814,16126.70847451924,26978.344935934012,92.2025419479658,10,688.8000000000001
C.Flat.5|Wcav|SUB:SPN-S000000171836,R2,40140.31094043814,16126.70847451924,26978.344935934012,92.2025419479658,10,688.8000000000001
C.Flat.5|Wcav|SUB:SPN-S000000171873,R0,195491.28411880348,44443.74453767616,71407.9915238547,287.55,27,1917.0
C.Flat.5|Wcav|SUB:SPN-S000000171873,R1,124425.62117297691,44443.74453767616,71407.9915238547,287.55,27,1917.0
C.Flat.5|Wcav|SUB:SPN-S000000171873,R2,124425.62117297691,44443.74453767616,71407.9915238547,287.55,27,1917.0
C.Flat.5|Wcav|SUB:SPN-S000000171888,R0,30915.706927400824,14993.746350362753,18356.861296849234,59.13305118968652,12,421.0
C.Flat.5|Wcav|SUB:SPN-S000000171888,R1,20729.7346074785,14993.746350362753,18356.861296849234,53.72543107015541,12,421.0
C.Flat.5|Wcav|SUB:SPN-S000000171888,R2,20729.7346074785,14993.746350362753,18356.861296849234,53.72543107015541,12,421.0
C.Flat.5|Wcav|SUB:SPN-S000000171976,R0,43273.77141365365,20990.871669655207,27812.25762850452,83.12186457104953,17,567.0
C.Flat.5|Wcav|SUB:SPN-S000000171976,R1,29358.520019426178,20990.871669655207,27812.25762850452,78.53948016254384,17,567.0
C.Flat.5|Wcav|SUB:SPN-S000000171976,R2,29358.520019426178,20990.871669655207,27812.25762850452,78.53948016254384,17,567.0
C.Flat.5|Wcav|SUB:SPN-S000000173993,R0,77250.6555265972,18996.145466222824,29467.416917538565,114.3,12,779.0
C.Flat.5|Wcav|SUB:SPN-S000000173993,R1,49117.13761397268,18996.145466222824,29467.416917538565,113.3326900703862,12,779.0
C.Flat.5|Wcav|SUB:SPN-S000000173993,R2,49117.13761397268,18996.145466222824,29467.416917538565,113.3326900703862,12,779.0
C.Flat.5|Wcav|SUB:SPN-S000000174301,R0,54598.633174465984,22683.862558988447,36748.24849726955,128.7,15,879.0
C.Flat.5|Wcav|SUB:SPN-S000000174301,R1,33933.241318118264,22683.862558988447,36748.24849726955,119.1136313384434,15,879.0
C.Flat.5|Wcav|SUB:SPN-S000000174301,R2,33933.241318118264,22683.862558988447,36748.24849726955,119.1136313384434,15,879.0
C.Flat.5|Wcav|SUB:SPN-S000000174543,R0,26804.16485378831,16278.938832343792,19286.83410267775,51.6,14,344.0
C.Flat.5|Wcav|SUB:SPN-S000000174543,R1,18295.6185144573,16278.938832343792,19286.83410267775,49.72716759183115,14,344.0
C.Flat.5|Wcav|SUB:SPN-S000000174543,R2,18295.6185144573,16278.938832343792,19286.83410267775,49.72716759183115,14,344.0
C.Flat.5|Wcav|SUB:SPN-S000000175003,R0,51222.40125137799,14489.065552258016,21474.762679001455,78.14910114653156,10,559.4
C.Flat.5|Wcav|SUB:SPN-S000000175003,R1,33115.44336538661,14489.065552258016,21474.762679001455,73.96255222700536,10,559.4
C.Flat.5|Wcav|SUB:SPN-S000000175003,R2,33115.44336538661,14489.065552258016,21474.762679001455,73.96255222700536,10,559.4
C.Flat.5|Wcav|SUB:SPN-S000000175297,R0,71192.26264367471,23623.31558569085,37708.92531700182,111.05553795744243,16,897.0
C.Flat.5|Wcav|SUB:SPN-S000000175297,R1,45412.07106850857,23623.31558569085,37708.92531700182,105.5106486821255,16,897.0
C.Flat.5|Wcav|SUB:SPN-S000000175297,R2,45412.07106850857,23623.31558569085,37708.92531700182,105.5106486821255,16,897.0
C.Flat.5|Wcav|SUB:SPN-S000000181145,R0,171471.63448636414,76193.49470190398,107299.3334877092,385.7789418945313,54,2702.0
C.Flat.5|Wcav|SUB:SPN-S000000181145,R1,108129.76206917726,76193.49470190398,107299.3334877092,357.3159931963075,54,2702.0
C.Flat.5|Wcav|SUB:SPN-S000000181145,R2,108129.76206917726,76193.49470190398,107299.3334877092,357.3159931963075,54,2702.0
C.Flat.5|Wsol|LSOA:E01030480,R0,55970.58647026596,16911.882732738908,25847.185920923464,84.75,11,685.5
C.Flat.5|Wsol|LSOA:E01030480,R1,35648.07912615243,16911.882732738908,25847.185920923464,79.58837462654404,11,685.5
C.Flat.5|Wsol|LSOA:E01030480,R2,35648.07912615243,16911.882732738908,25847.185920923464,79.58837462654404,11,685.5
C.Flat.5|Wsol|SUB:SPN-S000000171686,R0,45453.35119083956,15641.746929931567,22617.131802368807,67.69266404439755,11,558.0
C.Flat.5|Wsol|SUB:SPN-S000000171686,R1,29431.075722608963,15641.746929931567,22617.131802368807,62.974968371020374,11,558.0
C.Flat.5|Wsol|SUB:SPN-S000000171686,R2,29431.075722608963,15641.746929931567,22617.131802368807,62.974968371020374,11,558.0
C.Flat.5|Wsol|SUB:SPN-S000000171705,R0,58692.487758236304,20630.31299733239,29375.885379924293,92.25359793893914,15,749.0
C.Flat.5|Wsol|SUB:SPN-S000000171705,R1,37765.90712941971,20630.31299733239,29375.885379924293,87.41979075936219,15,749.0
C.Flat.5|Wsol|SUB:SPN-S000000171705,R2,37765.90712941971,20630.31299733239,29375.885379924293,87.41979075936219,15,749.0
C.Flat.5|Wsol|SUB:SPN-S000000171798,R0,51827.29736430213,20132.191385796505,29462.111872014306,98.72176960406387,14,742.4
C.Flat.5|Wsol|SUB:SPN-S000000171798,R1,33272.66913140078,20132.191385796505,29462.111872014306,92.19402594481048,14,742.4
C.Flat.5|Wsol|SUB:SPN-S000000171798,R2,33272.66913140078,20132.191385796505,29462.111872014306,92.19402594481048,14,742.4
C.Flat.5|Wsol|SUB:SPN-S000000171804,R0,50881.874673836865,26952.494304689586,34199.894994834554,97.57322067778965,22,677.0
C.Flat.5|Wsol|SUB:SPN-S000000171804,R1,34361.689859214566,26952.494304689586,34199.894994834554,90.80302059396077,22,677.0
C.Flat.5|Wsol|SUB:SPN-S000000171804,R2,34361.689859214566,26952.494304689586,34199.894994834554,90.80302059396077,22,677.0
C.Flat.5|Wsol|SUB:SPN-S000000171806,R0,125456.51583661453,50672.445983416445,69655.88330986717,193.48865864086486,38,1607.2
C.Flat.5|Wsol|SUB:SPN-S000000171806,R1,81993.76075714736,50672.445983416445,69655.88330986717,182.99216171933995,38,1607.2
C.Flat.5|Wsol|SUB:SPN-S000000171806,R2,81993.76075714736,50672.445983416445,69655.88330986717,182.99216171933995,38,1607.2
C.Flat.5|Wsol|SUB:SPN-S000000171807,R0,88961.82258979682,34462.977116984315,49606.07232558595,163.1812963931435,24,1245.5
C.Flat.5|Wsol|SUB:SPN-S000000171807,R1,57173.20933650607,34462.977116984315,49606.07232558595,152.78077669491054,24,1245.5
C.Flat.5|Wsol|SUB:SPN-S000000171807,R2,57173.20933650607,34462.977116984315,49606.07232558595,152.78077669491054,24,1245.5
C.Flat.5|Wsol|SUB:SPN-S000000171808,R0,73837.88660130612,20641.432412062008,31505.711030131213,112.92625437888557,14,803.6999999999999
C.Flat.5|Wsol|SUB:SPN-S000000171808,R1,47756.294348943105,20641.432412062008,31505.711030131213,107.12880800391723,14,803.6999999999999
C.Flat.5|Wsol|SUB:SPN-S000000171808,R2,47756.294348943105,20641.432412062008,31505.711030131213,107.12880800391723,14,803.6999999999999
C.Flat.5|Wsol|SUB:SPN-S000000171812,R0,117186.73496107546,39142.46814278766,57550.39459569433,184.31481490285773,27,1490.0
C.Flat.5|Wsol|SUB:SPN-S000000171812,R1,75083.68885889821,39142.46814278766,57550.39459569433,174.813872992204,27,1490.0
C.Flat.5|Wsol|SUB:SPN-S000000171812,R2,75083.68885889821,39142.46814278766,57550.39459569433,174.813872992204,27,1490.0
C.Flat.5|Wsol|SUB:SPN-S000000171813,R0,65628.1011002213,22621.698698389275,32343.979130969645,96.78,16,804.3
C.Flat.5|Wsol|SUB:SPN-S000000171813,R1,42290.6497684824,22621.698698389275,32343.979130969645,91.47951244293284,16,804.3
C.Flat.5|Wsol|SUB:SPN-S000000171813,R2,42290.6497684824,22621.698698389275,32343.979130969645,91.47951244293284,16,804.3
C.Flat.5|Wsol|SUB:SPN-S000000171836,R0,140201.72777238532,35047.93515565101,58871.78327409499,207.75,22,1456.0
C.Flat.5|Wsol|SUB:SPN-S000000171836,R1,89233.00361237602,35047.93515565101,58871.78327409499,202.80767840703456,22,1456.0
C.Flat.5|Wsol|SUB:SPN-S000000171836,R2,89233.00361237602,35047.93515565101,58871.78327409499,202.80767840703456,22,1456.0
C.Flat.5|Wsol|SUB:SPN-S000000174043,R0,73275.64049463451,27284.398040344808,38329.69702263216,117.50905531591361,20,915.0
C.Flat.5|Wsol|SUB:SPN-S000000174043,R1,48413.208673913716,27284.398040344808,38329.69702263216,103.11526105938444,20,915.0
C.Flat.5|Wsol|SUB:SPN-S000000174043,R2,48413.208673913716,27284.398040344808,38329.69702263216,103.11526105938444,20,915.0
C.Flat.5|Wsol|SUB:SPN-S000000174088,R0,51654.808788361275,17234.587176211004,24871.84222230257,78.05199477259445,12,633.0
C.Flat.5|Wsol|SUB:SPN-S000000174088,R1,33564.48789036095,17234.587176211004,24871.84222230257,70.89724286868548,12,633.0
C.Flat.5|Wsol|SUB:SPN-S000000174088,R2,33564.48789036095,17234.587176211004,24871.84222230257,70.89724286868548,12,633.0
C.Flat.5|Wsol|SUB:SPN-S000000174720,R0,82356.21283569417,19462.403157646346,31298.310156692896,123.23086628496358,12,858.0
C.Flat.5|Wsol|SUB:SPN-S000000174720,R1,52829.392872924625,19462.403157646346,31298.310156692896,119.49679548272769,12,858.0
C.Flat.5|Wsol|SUB:SPN-S000000174720,R2,52829.392872924625,19462.403157646346,31298.310156692896,119.49679548272769,12,858.0
C.Flat.5|Wsol|SUB:SPN-S000000174751,R0,44604.77772690641,17479.50309467432,25298.333300671387,88.83517931914747,12,647.0
C.Flat.5|Wsol|SUB:SPN-S000000174751,R1,28082.221029871886,17479.50309467432,25298.333300671387,82.988646618123,12,647.0
C.Flat.5|Wsol|SUB:SPN-S000000174751,R2,28082.221029871886,17479.50309467432,25298.333300671387,82.988646618123,12,647.0
C.Flat.5|Wsol|SUB:SPN-S000000175003,R0,158198.16193767957,57948.63089583432,81216.05873042991,240.95893904452686,42,1973.0
C.Flat.5|Wsol|SUB:SPN-S000000175003,R1,103128.58966109002,57948.63089583432,81216.05873042991,222.05305807884037,42,1973.0
C.Flat.5|Wsol|SUB:SPN-S000000175003,R2,103128.58966109002,57948.63089583432,81216.05873042991,222.05305807884037,42,1973.0
C.Flat.5|Wsol|SUB:SPN-S000000181145,R0,35823.407393132875,17073.41723429568,24015.313405995268,68.39819525253563,13,523.0
C.Flat.5|Wsol|SUB:SPN-S000000181145,R1,23480.188439444297,17073.41723429568,24015.313405995268,63.61486279288794,13,523.0
C.Flat.5|Wsol|SUB:SPN-S000000181145,R2,23480.188439444297,17073.41723429568,24015.313405995268,63.61486279288794,13,523.0
C.Flat.6|Wcav|LSOA:E01030422,R0,92171.68800350277,17234.6937697892,29423.722155429088,129.70959553090177,11,908.5
C.Flat.6|Wcav|LSOA:E01030422,R1,56393.31330497503,17234.6937697892,29423.722155429088,113.28198108724285,11,908.5
C.Flat.6|Wcav|LSOA:E01030422,R2,56393.31330497503,17234.6937697892,29423.722155429088,113.28198108724285,11,908.5
C.Flat.6|Wcav|LSOA:E01030424,R0,91098.65490549507,20051.086678739513,32042.860872056975,128.1462439769183,13,906.4
C.Flat.6|Wcav|LSOA:E01030424,R1,56260.7932004145,20051.086678739513,32042.860872056975,113.24741231623541,13,906.4
C.Flat.6|Wcav|LSOA:E01030424,R2,56260.7932004145,20051.086678739513,32042.860872056975,113.24741231623541,13,906.4
C.Flat.6|Wcav|LSOA:E01030430,R0,109109.3920755949,27901.280735902255,45402.87911047727,178.38764782147075,17,1213.3
C.Flat.6|Wcav|LSOA:E01030430,R1,69074.22008675394,27901.280735902255,45402.87911047727,175.85735508834483,17,1213.3
C.Flat.6|Wcav|LSOA:E01030430,R2,69074.22008675394,27901.280735902255,45402.87911047727,175.85735508834483,17,1213.3
C.Flat.6|Wcav|LSOA:E01030445,R0,91787.75517702445,22068.011680743686,34962.175547968625,135.210358541326,14,935.0
C.Flat.6|Wcav|LSOA:E01030445,R1,56518.72945590364,22068.011680743686,34962.175547968625,122.48490437970726,14,935.0
C.Flat.6|Wcav|LSOA:E01030445,R2,56518.72945590364,22068.011680743686,34962.175547968625,122.48490437970726,14,935.0
C.Flat.6|Wcav|LSOA:E01030479,R0,84850.21579201292,21014.53292476528,31611.061993656338,107.80718354152081,15,770.9
C.Flat.6|Wcav|LSOA:E01030479,R1,55535.09517210836,21014.53292476528,31611.061993656338,106.74,15,770.9
C.Flat.6|Wcav|LSOA:E01030479,R2,55535.09517210836,21014.53292476528,31611.061993656338,106.74,15,770.9
C.Flat.6|Wcav|SUB:SPN-S000000171626,R0,63582.01905151287,15811.176336442799,24666.52081664968,94.68882815338844,10,659.0
C.Flat.6|Wcav|SUB:SPN-S000000171626,R1,39584.04268612205,15811.176336442799,24666.52081664968,87.45798649522527,10,659.0
C.Flat.6|Wcav|SUB:SPN-S000000171626,R2,39584.04268612205,15811.176336442799,24666.52081664968,87.45798649522527,10,659.0
C.Flat.6|Wcav|SUB:SPN-S000000171631,R0,112354.99150257467,26818.027119437556,39732.6166820374,145.59918669471443,18,1032.0
C.Flat.6|Wcav|SUB:SPN-S000000171631,R1,67229.52975319797,26818.027119437556,39732.6166820374,128.1971521305479,18,1032.0
C.Flat.6|Wcav|SUB:SPN-S000000171631,R2,67229.52975319797,26818.027119437556,39732.6166820374,128.1971521305479,18,1032.0
C.Flat.6|Wcav|SUB:SPN-S000000171706,R0,61837.589447975144,17416.918805297093,26910.23088125378,87.96016885636205,12,644.0
C.Flat.6|Wcav|SUB:SPN-S000000171706,R1,39765.876393307415,17416.918805297093,26910.23088125378,81.89996156961604,12,644.0
C.Flat.6|Wcav|SUB:SPN-S000000171706,R2,39765.876393307415,17416.918805297093,26910.23088125378,81.89996156961604,12,644.0
C.Flat.6|Wcav|SUB:SPN-S000000171710,R0,110152.99558339763,23518.038882351742,44683.82888766822,187.35,13,1249.0
C.Flat.6|Wcav|SUB:SPN-S000000171710,R1,69393.55812153337,23518.038882351742,44683.82888766822,187.35,13,1249.0
C.Flat.6|Wcav|SUB:SPN-S000000171710,R2,69393.55812153337,23518.038882351742,44683.82888766822,187.35,13,1249.0
C.Flat.6|Wcav|SUB:SPN-S000000171730,R0,95002.57959917917,22874.464960433445,32543.65314822497,120.3139150791783,16,825.3
C.Flat.6|Wcav|SUB:SPN-S000000171730,R1,56991.246768707904,22874.464960433445,32543.65314822497,107.73364734123615,16,825.3
C.Flat.6|Wcav|SUB:SPN-S000000171730,R2,56991.246768707904,22874.464960433445,32543.65314822497,107.73364734123615,16,825.3
C.Flat.6|Wcav|SUB:SPN-S000000171976,R0,56156.997390689474,17575.693473119594,23502.946115010796,72.73255331075832,14,491.0
C.Flat.6|Wcav|SUB:SPN-S000000171976,R1,36649.69790109618,17575.693473119594,23502.946115010796,70.3,14,491.0
C.Flat.6|Wcav|SUB:SPN-S000000171976,R2,36649.69790109618,17575.693473119594,23502.946115010796,70.3,14,491.0
C.Flat.6|Wcav|SUB:SPN-S000000173993,R0,80321.33014878228,19145.68185049799,30159.217782246204,117.7231788339541,12,799.0
C.Flat.6|Wcav|SUB:SPN-S000000173993,R1,48445.47860824206,19145.68185049799,30159.217782246204,103.69002964073411,12,799.0
C.Flat.6|Wcav|SUB:SPN-S000000173993,R2,48445.47860824206,19145.68185049799,30159.217782246204,103.69002964073411,12,799.0
C.Flat.6|Wcav|SUB:SPN-S000000174301,R0,69728.33636799858,16544.219629842984,26577.09110499426,87.61906863663548,11,643.0
C.Flat.6|Wcav|SUB:SPN-S000000174301,R1,42540.807201086864,16544.219629842984,26577.09110499426,77.25894764909415,11,643.0
C.Flat.6|Wcav|SUB:SPN-S000000174301,R2,42540.807201086864,16544.219629842984,26577.09110499426,77.25894764909415,11,643.0
C.Flat.6|Wsol|SUB:SPN-S000000171806,R0,61296.297805299066,15781.885852759162,23479.500416788665,83.21379579292712,11,600.1
C.Flat.6|Wsol|SUB:SPN-S000000171806,R1,37996.24054884669,15781.885852759162,23479.500416788665,72.21066588839255,11,600.1
C.Flat.6|Wsol|SUB:SPN-S000000171806,R2,37996.24054884669,15781.885852759162,23479.500416788665,72.21066588839255,11,600.1
C.Flat.6|Wsol|SUB:SPN-S000000174043,R0,56104.3188477065,14251.983567872105,21349.796191828005,69.50389248910274,10,508.0
C.Flat.6|Wsol|SUB:SPN-S000000174043,R1,34356.31570794199,14251.983567872105,21349.796191828005,60.683075299282734,10,508.0
C.Flat.6|Wsol|SUB:SPN-S000000174043,R2,34356.31570794199,14251.983567872105,21349.796191828005,60.683075299282734,10,508.0
C.Flat.6|Wsol|SUB:SPN-S000000175003,R0,54655.01616026533,14045.256593543185,20897.62804517538,67.82164146759516,10,495.1
C.Flat.6|Wsol|SUB:SPN-S000000175003,R1,33629.81532828651,14045.256593543185,20897.62804517538,59.215,10,495.1
C.Flat.6|Wsol|SUB:SPN-S000000175003,R2,33629.81532828651,14045.256593543185,20897.62804517538,59.215,10,495.1
C.Flat.7|Wcav|SUB:SPN-S000000171675,R0,73377.68920737032,18269.190850791354,29087.61218197572,95.51457764170121,12,720.0
C.Flat.7|Wcav|SUB:SPN-S000000171675,R1,70298.14513650857,18269.190850791354,29087.61218197572,95.32149482156144,12,720.0
C.Flat.7|Wcav|SUB:SPN-S000000171675,R2,34478.443735562585,18269.190850791354,29087.61218197572,90.05,12,720.0
C.Flat.7|Wcav|SUB:SPN-S000000181145,R0,88850.33882534626,29560.709616193024,41015.129434861854,138.25,22,975.0
C.Flat.7|Wcav|SUB:SPN-S000000181145,R1,85146.91478214647,29560.709616193024,41015.129434861854,138.25,22,975.0
C.Flat.7|Wcav|SUB:SPN-S000000181145,R2,38089.439350146706,29560.709616193024,41015.129434861854,107.38941243074379,22,975.0
C.Flat.7|Wnone|LSOA:E01030491,R0,350418.6346284361,25184.987646723428,67865.78929483844,475.35,13,3169.0
C.Flat.7|Wnone|LSOA:E01030491,R1,335394.8539433074,25184.987646723428,67865.78929483844,475.35,13,3169.0
C.Flat.7|Wnone|LSOA:E01030491,R2,175981.7104323387,25184.987646723428,67865.78929483844,475.35,13,3169.0
C.Flat.7|Wnone|SUB:SPN-S000000174785,R0,84434.06910186441,40834.348836472156,53807.937746403666,157.8,33,1098.0
C.Flat.7|Wnone|SUB:SPN-S000000174785,R1,80234.377761307,40834.348836472156,53807.937746403666,156.21548315944753,33,1098.0
C.Flat.7|Wnone|SUB:SPN-S000000174785,R2,35228.92091306506,40834.348836472156,53807.937746403666,136.0,33,1098.0
C.Flat.7|Wsol|SUB:SPN-S000000171705,R0,50639.94341460444,17579.946568790474,23885.088908136968,71.35,13,564.0
C.Flat.7|Wsol|SUB:SPN-S000000171705,R1,48393.231333259995,17579.946568790474,23885.088908136968,69.94626696004748,13,564.0
C.Flat.7|Wsol|SUB:SPN-S000000171705,R2,22391.031139044197,17579.946568790474,23885.088908136968,59.328150049326375,13,564.0
C.Flat.7|Wsol|SUB:SPN-S000000171806,R0,67016.95963490805,29036.088510099045,36246.082570999904,107.9,23,783.0
C.Flat.7|Wsol|SUB:SPN-S000000171806,R1,63894.707634289196,29036.088510099045,36246.082570999904,105.65615400431831,23,783.0
C.Flat.7|Wsol|SUB:SPN-S000000171806,R2,29452.13966581138,29036.088510099045,36246.082570999904,80.41047796008051,23,783.0
C.Flat.7|Wsol|SUB:SPN-S000000171807,R0,82972.85872940399,29400.725922284306,40770.39589220719,123.95,22,927.0
C.Flat.7|Wsol|SUB:SPN-S000000171807,R1,79221.38645656832,29400.725922284306,40770.39589220719,120.86604104858914,22,927.0
C.Flat.7|Wsol|SUB:SPN-S000000171807,R2,37087.014266774044,29400.725922284306,40770.39589220719,96.0369860939493,22,927.0
C.Flat.7|Wsol|SUB:SPN-S000000171808,R0,93399.57841685732,27005.054490589813,39744.60308396206,138.75,19,978.0
C.Flat.7|Wsol|SUB:SPN-S000000171808,R1,89214.90754708168,27005.054490589813,39744.60308396206,133.02872442807225,19,978.0
C.Flat.7|Wsol|SUB:SPN-S000000171808,R2,43685.22468516277,27005.054490589813,39744.60308396206,117.66473384312222,19,978.0
C.Flat.7|Wsol|SUB:SPN-S000000171812,R0,52827.1021093258,16650.079446933465,23034.988156387968,67.6,12,569.0
C.Flat.7|Wsol|SUB:SPN-S000000171812,R1,50559.243436549456,16650.079446933465,23034.988156387968,66.97461946490968,12,569.0
C.Flat.7|Wsol|SUB:SPN-S000000171812,R2,23473.87859994232,16650.079446933465,23034.988156387968,60.822616103814575,12,569.0
C.Flat.7|Wsol|SUB:SPN-S000000171813,R0,49474.4527738074,14292.332049454932,20336.050784164698,64.45,10,499.0
C.Flat.7|Wsol|SUB:SPN-S000000171813,R1,47355.22036118465,14292.332049454932,20336.050784164698,63.92822209821429,10,499.0
C.Flat.7|Wsol|SUB:SPN-S000000171813,R2,23093.522869716675,14292.332049454932,20336.050784164698,59.55,10,499.0
C.Flat.7|Wsol|SUB:SPN-S000000171870,R0,44186.01079105347,13854.157937162945,19102.927356806416,59.51321274970332,10,478.0
C.Flat.7|Wsol|SUB:SPN-S000000171870,R1,42304.70035637216,13854.157937162945,19102.927356806416,59.3343482366248,10,478.0
C.Flat.7|Wsol|SUB:SPN-S000000171870,R2,19453.9901088931,13854.157937162945,19102.927356806416,51.523722892916936,10,478.0
C.Flat.7|Wsol|SUB:SPN-S000000174043,R0,37067.17412213147,14419.194832807818,19079.45558328151,54.75,11,421.0
C.Flat.7|Wsol|SUB:SPN-S000000174043,R1,35394.12886857972,14419.194832807818,19079.45558328151,53.6972002200356,11,421.0
C.Flat.7|Wsol|SUB:SPN-S000000174043,R2,16316.052970848832,14419.194832807818,19079.45558328151,43.95633663504464,11,421.0
C.Flat.7|Wsol|SUB:SPN-S000000175003,R0,57745.61389895601,21297.050768900524,29122.759586328564,96.75,16,679.0
C.Flat.7|Wsol|SUB:SPN-S000000175003,R1,55016.32960136697,21297.050768900524,29122.759586328564,94.49551966310653,16,679.0
C.Flat.7|Wsol|SUB:SPN-S000000175003,R2,25507.658782440158,21297.050768900524,29122.759586328564,73.98681038992746,16,679.0
C.Flat.8|Wcav|SUB:SPN-S000000171632,R0,106342.51817371589,17540.29118651365,27545.726862015887,105.28814903492646,11,738.0
C.Flat.8|Wcav|SUB:SPN-S000000171632,R1,33359.27227420452,17540.29118651365,27545.726862015887,90.61256564690378,11,738.0
C.Flat.8|Wcav|SUB:SPN-S000000171632,R2,33359.27227420452,17540.29118651365,27545.726862015887,90.61256564690378,11,738.0
C.Flat.8|Wnone|SUB:SPN-S000000171674,R0,129440.20016451163,17285.801845801056,29727.438576585402,119.12165523897059,10,857.0
C.Flat.8|Wnone|SUB:SPN-S000000171674,R1,43699.43087604557,17285.801845801056,29727.438576585402,97.62503314950979,10,857.0
C.Flat.8|Wnone|SUB:SPN-S000000171674,R2,43699.43087604557,17285.801845801056,29727.438576585402,97.62503314950979,10,857.0
C.Flat.8|Wsol|SUB:SPN-S000000171804,R0,73458.20765749215,14237.160467511463,20507.733633584892,72.99396478630516,10,505.0
C.Flat.8|Wsol|SUB:SPN-S000000171804,R1,21950.443072265534,14237.160467511463,20507.733633584892,63.5435682328016,10,505.0
C.Flat.8|Wsol|SUB:SPN-S000000171804,R2,21950.443072265534,14237.160467511463,20507.733633584892,63.5435682328016,10,505.0
C.Flat.8|Wsol|SUB:SPN-S000000175003,R0,84733.13533627943,17307.670772506637,23666.86024196747,81.93231881893382,13,569.6
C.Flat.8|Wsol|SUB:SPN-S000000175003,R1,24793.337286556707,17307.670772506637,23666.86024196747,75.23545129065927,13,569.6
C.Flat.8|Wsol|SUB:SPN-S000000175003,R2,24793.337286556707,17307.670772506637,23666.86024196747,75.23545129065927,13,569.6
C.Park.1|Wnone|LSOA:E01030422,R0,115352.46095047035,18499.335892763833,39446.65475508828,148.63658488059266,10,1426.0
C.Park.1|Wnone|LSOA:E01030422,R1,108315.75499683904,18499.335892763833,39446.65475508828,145.15336720898554,10,1426.0
C.Park.1|Wnone|LSOA:E01030422,R2,108315.75499683904,18499.335892763833,39446.65475508828,145.15336720898554,10,1426.0
C.Park.1|Wnone|LSOA:E01030446,R0,123983.7126784754,26061.7635385428,49795.98916512643,185.0670306097586,15,1658.9
C.Park.1|Wnone|LSOA:E01030446,R1,112948.96326873687,26061.7635385428,49795.98916512643,181.10580837982445,15,1658.9
C.Park.1|Wnone|LSOA:E01030446,R2,112948.96326873687,26061.7635385428,49795.98916512643,181.10580837982445,15,1658.9
C.Park.1|Wnone|LSOA:E01030458,R0,401259.1386707897,52898.63902853947,118732.52261168222,517.1640683598323,31,5026.0
C.Park.1|Wnone|LSOA:E01030458,R1,373163.19418994,52898.63902853947,118732.52261168222,504.6215972113262,31,5026.0
C.Park.1|Wnone|LSOA:E01030458,R2,373163.19418994,52898.63902853947,118732.52261168222,504.6215972113262,31,5026.0
C.Park.1|Wnone|LSOA:E01030459,R0,65188.25648228653,21003.010438224763,31386.735727399944,82.08177137316274,15,836.3999999999999
C.Park.1|Wnone|LSOA:E01030459,R1,59252.22745484809,21003.010438224763,31386.735727399944,79.8676191336379,15,836.3999999999999
C.Park.1|Wnone|LSOA:E01030459,R2,59252.22745484809,21003.010438224763,31386.735727399944,79.8676191336379,15,836.3999999999999
C.Park.1|Wnone|LSOA:E01030466,R0,1722572.8546965774,327477.79081785213,634180.0447582365,2429.586134165762,200,22620.5
C.Park.1|Wnone|LSOA:E01030466,R1,1573234.8222028369,327477.79081785213,634180.0447582365,2373.9439521598333,200,22620.5
C.Park.1|Wnone|LSOA:E01030466,R2,1573234.8222028369,327477.79081785213,634180.0447582365,2373.9439521598333,200,22620.5
C.Park.1|Wnone|LSOA:E01030480,R0,463610.6235877752,42586.26185095074,108133.44325347841,570.8526771397742,24,5671.5
C.Park.1|Wnone|LSOA:E01030480,R1,434945.25825904333,42586.26185095074,108133.44325347841,556.6065742859383,24,5671.5
C.Park.1|Wnone|LSOA:E01030480,R2,434945.25825904333,42586.26185095074,108133.44325347841,556.6065742859383,24,5671.5
C.Park.1|Wnone|LSOA:E01030490,R0,574124.4657390108,66931.0909683425,160880.03499692847,738.703788711604,38,7128.2
C.Park.1|Wnone|LSOA:E01030490,R1,537243.6366966591,66931.0909683425,160880.03499692847,721.1399333918489,38,7128.2
C.Park.1|Wnone|LSOA:E01030490,R2,537243.6366966591,66931.0909683425,160880.03499692847,721.1399333918489,38,7128.2
C.Park.1|Wnone|LSOA:E01030502,R0,575632.9716737767,87141.48566419416,174460.96148045218,783.231424872134,54,7378.699999999998
C.Park.1|Wnone|LSOA:E01030502,R1,531737.4742636885,87141.48566419416,174460.96148045218,765.1286794797442,54,7378.699999999998
C.Park.1|Wnone|LSOA:E01030502,R2,531737.4742636885,87141.48566419416,174460.96148045218,765.1286794797442,54,7378.699999999998
C.Semi.10|Wsol|LSOA:E01030478,R0,293685.4121334496,21456.905826345035,50250.02074512772,320.41946696175836,12,2187.1
C.Semi.10|Wsol|LSOA:E01030478,R1,276413.27392122813,21456.905826345035,50250.02074512772,317.6064051163383,12,2187.1
C.Semi.10|Wsol|LSOA:E01030478,R2,155240.6337338664,21456.905826345035,50250.02074512772,315.13377226751203,12,2187.1
C.Semi.10|Wsol|LSOA:E01030480,R0,171500.278019046,18555.799564777117,36654.19786800861,179.1970706256762,10,1250.8
C.Semi.10|Wsol|LSOA:E01030480,R1,161792.2122390366,18555.799564777117,36654.19786800861,178.10547042666818,10,1250.8
C.Semi.10|Wsol|LSOA:E01030480,R2,91156.96370899385,18555.799564777117,36654.19786800861,170.89152080266834,10,1250.8
C.Semi.10|Wsol|LSOA:E01030490,R0,313283.558936283,28889.448391958787,61514.48160628921,335.5463555658008,16,2295.6000000000004
C.Semi.10|Wsol|LSOA:E01030490,R1,295612.89057587914,28889.448391958787,61514.48160628921,333.78304898866816,16,2295.6000000000004
C.Semi.10|Wsol|LSOA:E01030490,R2,165570.7870206982,28889.448391958787,61514.48160628921,327.64645908816425,16,2295.6000000000004
C.Semi.10|Wsol|LSOA:E01030491,R0,189761.5987391494,26945.78605596667,47712.3678147434,201.8972316219508,16,1462.8
C.Semi.10|Wsol|LSOA:E01030491,R1,177016.6842729858,26945.78605596667,47712.3678147434,197.21315707488867,16,1462.8
C.Semi.10|Wsol|LSOA:E01030491,R2,102348.98932106262,26945.78605596667,47712.3678147434,187.60268242376208,16,1462.8
C.Semi.10|Wsol|LSOA:E01030492,R0,188240.55598376712,21539.195324348922,43995.22864248647,204.9379946206503,12,1452.1
C.Semi.10|Wsol|LSOA:E01030492,R1,175772.7987314108,21539.195324348922,43995.22864248647,200.66749640087184,12,1452.1
C.Semi.10|Wsol|LSOA:E01030492,R2,100859.94842009267,21539.195324348922,43995.22864248647,195.4575701002038,12,1452.1
C.Semi.10|Wsol|SUB:SPN-S000000171797,R0,99470.89838412034,16804.204492740326,27886.10917252596,107.22869563977706,10,779.0
C.Semi.10|Wsol|SUB:SPN-S000000171797,R1,92319.87072642543,16804.204492740326,27886.10917252596,104.234479698027,10,779.0
C.Semi.10|Wsol|SUB:SPN-S000000171797,R2,54427.25927491467,16804.204492740326,27886.10917252596,99.53212705576065,10,779.0
C.Semi.10|Wsol|SUB:SPN-S000000171975,R0,92137.5521834545,16396.649928024355,26839.413948075467,103.63319612394324,10,733.7
C.Semi.10|Wsol|SUB:SPN-S000000171975,R1,85159.15938224897,16396.649928024355,26839.413948075467,100.34753887379227,10,733.7
C.Semi.10|Wsol|SUB:SPN-S000000171975,R2,50801.63196099151,16396.649928024355,26839.413948075467,98.62539321737245,10,733.7
C.Semi.11|Wcav|LSOA:E01030425,R0,78552.40421418897,17268.60604125679,30449.27461603857,103.84757840970018,10,928.5
C.Semi.11|Wcav|LSOA:E01030425,R1,65742.73589529135,17268.60604125679,30449.27461603857,97.45960546543834,10,928.5
C.Semi.11|Wcav|LSOA:E01030425,R2,65742.73589529135,17268.60604125679,30449.27461603857,97.45960546543834,10,928.5
C.Semi.11|Wcav|LSOA:E01030429,R0,79833.46549167522,18734.421840345432,32607.93268677969,119.40096855085176,11,968.3
C.Semi.11|Wcav|LSOA:E01030429,R1,66825.67447559047,18734.421840345432,32607.93268677969,114.32615750782513,11,968.3
C.Semi.11|Wcav|LSOA:E01030429,R2,66825.67447559047,18734.421840345432,32607.93268677969,114.32615750782513,11,968.3
C.Semi.11|Wcav|LSOA:E01030459,R0,197654.3603323006,52262.66455894599,86317.2366963938,297.11115885763786,31,2388.4
C.Semi.11|Wcav|LSOA:E01030459,R1,166097.29761875988,52262.66455894599,86317.2366963938,283.2550550081124,31,2388.4
C.Semi.11|Wcav|LSOA:E01030459,R2,166097.29761875988,52262.66455894599,86317.2366963938,283.2550550081124,31,2388.4
C.Semi.11|Wcav|LSOA:E01030479,R0,64514.6585740039,16734.03332240515,27911.713725730697,84.86613893994706,10,775.3
C.Semi.11|Wcav|LSOA:E01030479,R1,54128.48175076001,16734.03332240515,27911.713725730697,80.47841013411055,10,775.3
C.Semi.11|Wcav|LSOA:E01030479,R2,54128.48175076001,16734.03332240515,27911.713725730697,80.47841013411055,10,775.3
C.Semi.11|Wcav|LSOA:E01030500,R0,162295.56755539472,36746.57608805741,64630.020415477,237.97808790190402,21,1909.8
C.Semi.11|Wcav|LSOA:E01030500,R1,135597.00755450618,36746.57608805741,64630.020415477,227.3411824602874,21,1909.8
C.Semi.11|Wcav|LSOA:E01030500,R2,135597.00755450618,36746.57608805741,64630.020415477,227.3411824602874,21,1909.8
C.Semi.11|Wcav|LSOA:E01030501,R0,113796.4151125204,28773.9365497877,47785.63639814168,147.93720473334545,17,1331.0
C.Semi.11|Wcav|LSOA:E01030501,R1,95261.89380021389,28773.9365497877,47785.63639814168,139.0614116125422,17,1331.0
C.Semi.11|Wcav|LSOA:E01030501,R2,95261.89380021389,28773.9365497877,47785.63639814168,139.0614116125422,17,1331.0
C.Semi.1|Wnone|LSOA:E01030421,R0,217580.3713287631,42693.965773608885,80683.98672210674,274.02106124513216,24,2679.0
C.Semi.1|Wnone|LSOA:E01030421,R1,194602.8319076465,42693.965773608885,80683.98672210674,264.3445959884178,24,2679.0
C.Semi.1|Wnone|LSOA:E01030421,R2,194602.8319076465,42693.965773608885,80683.98672210674,264.3445959884178,24,2679.0
C.Semi.1|Wnone|LSOA:E01030422,R0,397793.575983198,85358.29926091374,155111.96626947477,498.5658544761641,49,4809.7
C.Semi.1|Wnone|LSOA:E01030422,R1,355826.47187234834,85358.29926091374,155111.96626947477,482.04445379941666,49,4809.7
C.Semi.1|Wnone|LSOA:E01030422,R2,355826.47187234834,85358.29926091374,155111.96626947477,482.04445379941666,49,4809.7
C.Semi.1|Wnone|LSOA:E01030423,R0,319173.0608726193,72219.08952551063,121263.4264381702,397.0685808512254,43,3414.0
C.Semi.1|Wnone|LSOA:E01030423,R1,284093.6637514005,72219.08952551063,121263.4264381702,389.6404785280675,43,3414.0
C.Semi.1|Wnone|LSOA:E01030423,R2,284093.6637514005,72219.08952551063,121263.4264381702,389.6404785280675,43,3414.0
C.Semi.1|Wnone|LSOA:E01030424,R0,749891.0277558592,161416.71346219117,295366.63420065184,944.8169672182577,91,9200.5
C.Semi.1|Wnone|LSOA:E01030424,R1,671290.0952150668,161416.71346219117,295366.63420065184,913.5258353341292,91,9200.5
C.Semi.1|Wnone|LSOA:E01030424,R2,671290.0952150668,161416.71346219117,295366.63420065184,913.5258353341292,91,9200.5
C.Semi.1|Wnone|LSOA:E01030425,R0,275947.7269716644,63526.704790285214,110334.53299398476,342.4249230297952,37,3248.5
C.Semi.1|Wnone|LSOA:E01030425,R1,246425.2184143774,63526.704790285214,110334.53299398476,330.8548786415348,37,3248.5
C.Semi.1|Wnone|LSOA:E01030425,R2,246425.2184143774,63526.704790285214,110334.53299398476,330.8548786415348,37,3248.5
C.Semi.1|Wnone|LSOA:E01030426,R0,250890.40898837647,52837.80841690913,96515.1487089711,313.18620899677643,30,3019.2
C.Semi.1|Wnone|LSOA:E01030426,R1,224042.4413118617,52837.80841690913,96515.1487089711,301.866159051837,30,3019.2
C.Semi.1|Wnone|LSOA:E01030426,R2,224042.4413118617,52837.80841690913,96515.1487089711,301.866159051837,30,3019.2
C.Semi.1|Wnone|LSOA:E01030427,R0,647375.2889798139,133193.85521684942,245768.4358739344,812.6936195963951,76,7921.400000000001
C.Semi.1|Wnone|LSOA:E01030427,R1,578476.1204971113,133193.85521684942,245768.4358739344,782.9878253308484,76,7921.400000000001
C.Semi.1|Wnone|LSOA:E01030427,R2,578476.1204971113,133193.85521684942,245768.4358739344,782.9878253308484,76,7921.400000000001
C.Semi.1|Wnone|LSOA:E01030428,R0,610091.2828890259,130598.68127425629,234002.67814884783,754.286012227316,75,7113.500000000001
C.Semi.1|Wnone|LSOA:E01030428,R1,544453.1864354791,130598.68127425629,234002.67814884783,728.4874839401043,75,7113.500000000001
C.Semi.1|Wnone|LSOA:E01030428,R2,544453.1864354791,130598.68127425629,234002.67814884783,728.4874839401043,75,7113.500000000001
C.Semi.1|Wnone|LSOA:E01030429,R0,230580.27977810625,52469.50950303804,93050.87337238513,288.96151685374826,30,2783.1
C.Semi.1|Wnone|LSOA:E01030429,R1,206301.28698610442,52469.50950303804,93050.87337238513,279.57569484818947,30,2783.1
C.Semi.1|Wnone|LSOA:E01030429,R2,206301.28698610442,52469.50950303804,93050.87337238513,279.57569484818947,30,2783.1
C.Semi.1|Wnone|LSOA:E01030430,R0,467309.52436186036,95118.60207692115,181559.1277942053,601.2586203965747,53,5951.2
C.Semi.1|Wnone|LSOA:E01030430,R1,418597.4100590056,95118.60207692115,181559.1277942053,574.2514510554233,53,5951.2
C.Semi.1|Wnone|LSOA:E01030430,R2,418597.4100590056,95118.60207692115,181559.1277942053,574.2514510554233,53,5951.2
C.Semi.1|Wnone|LSOA:E01030431,R0,754300.5864815679,166936.28147224535,291587.8677604122,930.6613680540304,98,8725.300000000003
C.Semi.1|Wnone|LSOA:E01030431,R1,673175.8451483555,166936.28147224535,291587.8677604122,899.675336445013,98,8725.300000000003
C.Semi.1|Wnone|LSOA:E01030431,R2,673175.8451483555,166936.28147224535,291587.8677604122,899.675336445013,98,8725.300000000003
C.Semi.1|Wnone|LSOA:E01030432,R0,1135938.1117816614,251930.70006456267,441214.7352615262,1592.282888310995,143,12910.5
C.Semi.1|Wnone|LSOA:E01030432,R1,1017879.8051452626,251930.70006456267,441214.7352615262,1578.943072207404,143,12910.5
C.Semi.1|Wnone|LSOA:E01030432,R2,1017879.8051452626,251930.70006456267,441214.7352615262,1578.943072207404,143,12910.5
C.Semi.1|Wnone|LSOA:E01030433,R0,790145.0430159186,173183.73025466804,303671.5214419119,971.5365217366531,100,9026.000000000002
C.Semi.1|Wnone|LSOA:E01030433,R1,705117.4280355289,173183.73025466804,303671.5214419119,943.2377554219642,100,9026.000000000002
C.Semi.1|Wnone|LSOA:E01030433,R2,705117.4280355289,173183.73025466804,303671.5214419119,943.2377554219642,100,9026.000000000002
C.Semi.1|Wnone|LSOA:E01030440,R0,402540.18997101334,87401.33778337478,157874.08792311558,503.7549635598719,51,4877.000000000001
C.Semi.1|Wnone|LSOA:E01030440,R1,359610.2008889187,87401.33778337478,157874.08792311558,485.613470765347,51,4877.000000000001
C.Semi.1|Wnone|LSOA:E01030440,R2,359610.2008889187,87401.33778337478,157874.08792311558,485.613470765347,51,4877.000000000001
C.Semi.1|Wnone|LSOA:E01030441,R0,265200.14206853,58092.27455458119,105225.79304197349,332.3194701610637,33,3215.9
C.Semi.1|Wnone|LSOA:E01030441,R1,237075.13706893963,58092.27455458119,105225.79304197349,320.77963146282235,33,3215.9
C.Semi.1|Wnone|LSOA:E01030441,R2,237075.13706893963,58092.27455458119,105225.79304197349,320.77963146282235,33,3215.9
C.Semi.1|Wnone|LSOA:E01030443,R0,133148.79541524302,23829.889732746647,47730.960363483915,171.76502320402906,13,1695.4
C.Semi.1|Wnone|LSOA:E01030443,R1,119416.17993183516,23829.889732746647,47730.960363483915,164.36040705892074,13,1695.4
C.Semi.1|Wnone|LSOA:E01030443,R2,119416.17993183516,23829.889732746647,47730.960363483915,164.36040705892074,13,1695.4
C.Semi.1|Wnone|LSOA:E01030444,R0,299793.4647602808,64366.55600794348,117384.13903095387,403.72124586465003,36,3612.8999999999996
C.Semi.1|Wnone|LSOA:E01030444,R1,268867.21972298855,64366.55600794348,117384.13903095387,390.61004365475384,36,3612.8999999999996
C.Semi.1|Wnone|LSOA:E01030444,R2,268867.21972298855,64366.55600794348,117384.13903095387,390.61004365475384,36,3612.8999999999996
C.Semi.1|Wnone|LSOA:E01030446,R0,94617.64096314185,18362.629984920848,36602.80600358457,129.51133818330422,10,1236.6000000000001
C.Semi.1|Wnone|LSOA:E01030446,R1,84590.00695892272,18362.629984920848,36602.80600358457,126.34142544743867,10,1236.6000000000001
C.Semi.1|Wnone|LSOA:E01030446,R2,84590.00695892272,18362.629984920848,36602.80600358457,126.34142544743867,10,1236.6000000000001
C.Semi.1|Wnone|LSOA:E01030447,R0,410000.0943000126,86803.99430983626,162668.93795127817,519.3647894079917,48,5135.1
C.Semi.1|Wnone|LSOA:E01030447,R1,366940.32865958835,86803.99430983626,162668.93795127817,500.7675350657471,48,5135.1
C.Semi.1|Wnone|LSOA:E01030447,R2,366940.32865958835,86803.99430983626,162668.93795127817,500.7675350657471,48,5135.1
C.Semi.1|Wnone|LSOA:E01030458,R0,219657.64930906327,45988.09921013356,91988.30681471761,324.24729799582707,25,2972.3
C.Semi.1|Wnone|LSOA:E01030458,R1,197147.0013366567,45988.09921013356,91988.30681471761,317.3026664098889,25,2972.3
C.Semi.1|Wnone|LSOA:E01030458,R2,197147.0013366567,45988.09921013356,91988.30681471761,317.3026664098889,25,2972.3
C.Semi.1|Wnone|LSOA:E01030459,R0,291253.5089804161,65278.971747623014,116259.02985261274,364.81553725390785,38,3526.0999999999995
C.Semi.1|Wnone|LSOA:E01030459,R1,260370.80278708116,65278.971747623014,116259.02985261274,352.22534154331663,38,3526.0999999999995
C.Semi.1|Wnone|LSOA:E01030459,R2,260370.80278708116,65278.971747623014,116259.02985261274,352.22534154331663,38,3526.0999999999995
C.Semi.1|Wnone|LSOA:E01030465,R0,562440.4208384341,116387.66201810034,206726.58546012684,690.2777771280606,68,6432.999999999999
C.Semi.1|Wnone|LSOA:E01030465,R1,501245.68875359365,116387.66201810034,206726.58546012684,666.0540594484986,68,6432.999999999999
C.Semi.1|Wnone|LSOA:E01030465,R2,501245.68875359365,116387.66201810034,206726.58546012684,666.0540594484986,68,6432.999999999999
C.Semi.1|Wnone|LSOA:E01030466,R0,338126.4322252456,74453.48515389932,132545.3144429332,419.9879944351147,43,3998.8999999999996
C.Semi.1|Wnone|LSOA:E01030466,R1,301898.87129423185,74453.48515389932,132545.3144429332,405.44215804219573,43,3998.8999999999996
C.Semi.1|Wnone|LSOA:E01030466,R2,301898.87129423185,74453.48515389932,132545.3144429332,405.44215804219573,43,3998.8999999999996
C.Semi.1|Wnone|LSOA:E01030471,R0,147086.79395448297,28957.889950035213,56806.97390612588,198.47247627305785,16,1912.1999999999998
C.Semi.1|Wnone|LSOA:E01030471,R1,131991.86033258488,28957.889950035213,56806.97390612588,188.91720095214004,16,1912.1999999999998
C.Semi.1|Wnone|LSOA:E01030471,R2,131991.86033258488,28957.889950035213,56806.97390612588,188.91720095214004,16,1912.1999999999998
C.Semi.1|Wnone|LSOA:E01030472,R0,179759.8642498711,36306.15175494697,69330.47057239455,228.401728322614,21,2275.7999999999997
C.Semi.1|Wnone|LSOA:E01030472,R1,160880.1444135313,36306.15175494697,69330.47057239455,219.95553929400472,21,2275.7999999999997
C.Semi.1|Wnone|LSOA:E01030472,R2,160880.1444135313,36306.15175494697,69330.47057239455,219.95553929400472,21,2275.7999999999997
C.Semi.1|Wnone|LSOA:E01030473,R0,898504.2118701173,191650.80706747778,359850.6316003744,1171.9939670631827,106,11418.3
C.Semi.1|Wnone|LSOA:E01030473,R1,806485.3281780232,191650.80706747778,359850.6316003744,1131.6455637439556,106,11418.3
C.Semi.1|Wnone|LSOA:E01030473,R2,806485.3281780232,191650.80706747778,359850.6316003744,1131.6455637439556,106,11418.3
C.Semi.1|Wnone|LSOA:E01030474,R0,756157.3088594049,171401.3717379672,287780.42417666316,929.4731531868458,100,8059.7
C.Semi.1|Wnone|LSOA:E01030474,R1,672701.3605759493,171401.3717379672,287780.42417666316,911.1485132973175,100,8059.7
C.Semi.1|Wnone|LSOA:E01030474,R2,672701.3605759493,171401.3717379672,287780.42417666316,911.1485132973175,100,8059.7
C.Semi.1|Wnone|LSOA:E01030475,R0,350709.39588820713,76225.9543376489,136598.79338873568,436.5484632600904,44,4160.1
C.Semi.1|Wnone|LSOA:E01030475,R1,313390.3090215213,76225.9543376489,136598.79338873568,422.0382961645236,44,4160.1
C.Semi.1|Wnone|LSOA:E01030475,R2,313390.3090215213,76225.9543376489,136598.79338873568,422.0382961645236,44,4160.1
C.Semi.1|Wnone|LSOA:E01030476,R0,445935.4569011656,89539.25704995888,170660.5618302047,566.3911431624231,50,5614.300000000001
C.Semi.1|Wnone|LSOA:E01030476,R1,399401.74709322525,89539.25704995888,170660.5618302047,546.6641151831719,50,5614.300000000001
C.Semi.1|Wnone|LSOA:E01030476,R2,399401.74709322525,89539.25704995888,170660.5618302047,546.6641151831719,50,5614.300000000001
C.Semi.1|Wnone|LSOA:E01030477,R0,657163.7436986982,144473.3058147914,260954.13696223305,825.5096612665733,82,7992.8
C.Semi.1|Wnone|LSOA:E01030477,R1,588067.5041140579,144473.3058147914,260954.13696223305,798.3164643990905,82,7992.8
C.Semi.1|Wnone|LSOA:E01030477,R2,588067.5041140579,144473.3058147914,260954.13696223305,798.3164643990905,82,7992.8
C.Semi.1|Wnone|LSOA:E01030478,R0,335142.4735957363,67528.40271538535,126417.27414937624,420.2223760196423,38,4047.1
C.Semi.1|Wnone|LSOA:E01030478,R1,299928.62158366106,67528.40271538535,126417.27414937624,406.76911369328343,38,4047.1
C.Semi.1|Wnone|LSOA:E01030478,R2,299928.62158366106,67528.40271538535,126417.27414937624,406.76911369328343,38,4047.1
C.Semi.1|Wnone|LSOA:E01030479,R0,544735.7763946826,120354.27372668906,213311.4647442542,679.2454613520074,70,6468.3
C.Semi.1|Wnone|LSOA:E01030479,R1,487209.93975792406,120354.27372668906,213311.4647442542,657.86959422095,70,6468.3
C.Semi.1|Wnone|LSOA:E01030479,R2,487209.93975792406,120354.27372668906,213311.4647442542,657.86959422095,70,6468.3
C.Semi.1|Wnone|LSOA:E01030480,R0,240531.19010717564,37996.74919859144,79221.71811080296,323.33267905115815,21,3127.9999999999995
C.Semi.1|Wnone|LSOA:E01030480,R1,215428.15668912724,37996.74919859144,79221.71811080296,312.96521015061023,21,3127.9999999999995
C.Semi.1|Wnone|LSOA:E01030480,R2,215428.15668912724,37996.74919859144,79221.71811080296,312.96521015061023,21,3127.9999999999995
C.Semi.1|Wnone|LSOA:E01030490,R0,290089.68187088356,61115.003500544255,112487.3752009887,360.82077334338584,35,3416.3
C.Semi.1|Wnone|LSOA:E01030490,R1,259413.2086830285,61115.003500544255,112487.3752009887,353.3392340284353,35,3416.3
C.Semi.1|Wnone|LSOA:E01030490,R2,259413.2086830285,61115.003500544255,112487.3752009887,353.3392340284353,35,3416.3
C.Semi.1|Wnone|LSOA:E01030491,R0,519849.3658579766,110638.17685278386,197298.54186841342,643.7868657121055,65,6085.3
C.Semi.1|Wnone|LSOA:E01030491,R1,464092.4617118202,110638.17685278386,197298.54186841342,622.0047717164008,65,6085.3
C.Semi.1|Wnone|LSOA:E01030491,R2,464092.4617118202,110638.17685278386,197298.54186841342,622.0047717164008,65,6085.3
C.Semi.1|Wnone|LSOA:E01030492,R0,446995.97704926296,91469.53604128116,177597.1178653101,566.5772580640302,52,5616.1
C.Semi.1|Wnone|LSOA:E01030492,R1,399982.54172558914,91469.53604128116,177597.1178653101,545.8989716725047,52,5616.1
C.Semi.1|Wnone|LSOA:E01030492,R2,399982.54172558914,91469.53604128116,177597.1178653101,545.8989716725047,52,5616.1
C.Semi.1|Wnone|LSOA:E01030499,R0,1531581.6009866842,329930.2536464813,595876.7126642577,1907.6267333550625,186,18121.699999999997
C.Semi.1|Wnone|LSOA:E01030499,R1,1369706.6657151207,329930.2536464813,595876.7126642577,1853.2924950248819,186,18121.699999999997
C.Semi.1|Wnone|LSOA:E01030499,R2,1369706.6657151207,329930.2536464813,595876.7126642577,1853.2924950248819,186,18121.699999999997
C.Semi.1|Wnone|LSOA:E01030500,R0,918023.060062791,192495.10815094123,351395.3471016047,1141.6063360618734,108,10866.0
C.Semi.1|Wnone|LSOA:E01030500,R1,820140.6586375348,192495.10815094123,351395.3471016047,1103.3535754963543,108,10866.0
C.Semi.1|Wnone|LSOA:E01030500,R2,820140.6586375348,192495.10815094123,351395.3471016047,1103.3535754963543,108,10866.0
C.Semi.1|Wnone|LSOA:E01030501,R0,247916.43592545443,50072.91997815228,96133.10823874074,314.5017761097702,28,3122.7
C.Semi.1|Wnone|LSOA:E01030501,R1,221858.64032993597,50072.91997815228,96133.10823874074,302.98785647111015,28,3122.7
C.Semi.1|Wnone|LSOA:E01030501,R2,221858.64032993597,50072.91997815228,96133.10823874074,302.98785647111015,28,3122.7
C.Semi.1|Wnone|LSOA:E01030502,R0,352756.87650282343,78498.94148840164,138669.47328332905,448.46822142616577,45,4127.5
C.Semi.1|Wnone|LSOA:E01030502,R1,315603.3994158575,78498.94148840164,138669.47328332905,442.4602901914999,45,4127.5
C.Semi.1|Wnone|LSOA:E01030502,R2,315603.3994158575,78498.94148840164,138669.47328332905,442.4602901914999,45,4127.5
C.Semi.1|Wnone|LSOA:E01030503,R0,306654.2817085282,46782.23913540785,101744.6585183379,444.39797334383,25,4124.9
C.Semi.1|Wnone|LSOA:E01030503,R1,275428.50579535536,46782.23913540785,101744.6585183379,433.7073863168538,25,4124.9
C.Semi.1|Wnone|LSOA:E01030503,R2,275428.50579535536,46782.23913540785,101744.6585183379,433.7073863168538,25,4124.9
C.Semi.1|Wnone|LSOA:E01030504,R0,1086295.5296115943,240146.03524130385,424603.2737423395,1343.2353019930213,138,12696.7
C.Semi.1|Wnone|LSOA:E01030504,R1,969121.5426206435,240146.03524130385,424603.2737423395,1296.0791196192688,138,12696.7
C.Semi.1|Wnone|LSOA:E01030504,R2,969121.5426206435,240146.03524130385,424603.2737423395,1296.0791196192688,138,12696.7
C.Semi.1|Wnone|SUB:SPN-R000000852116-000-001Z,R0,172129.90940506622,32858.24662174311,64555.32630049576,224.1662788536967,18,2205.0
C.Semi.1|Wnone|SUB:SPN-R000000852116-000-001Z,R1,154162.4719169619,32858.24662174311,64555.32630049576,213.81721241662203,18,2205.0
C.Semi.1|Wnone|SUB:SPN-R000000852116-000-001Z,R2,154162.4719169619,32858.24662174311,64555.32630049576,213.81721241662203,18,2205.0
C.Semi.1|Wnone|SUB:SPN-S000000171610,R0,84784.83395890582,17987.34270148142,32986.28002695971,105.97300950250737,10,1018.9
C.Semi.1|Wnone|SUB:SPN-S000000171610,R1,75789.96677028127,17987.34270148142,32986.28002695971,102.38449320446826,10,1018.9
C.Semi.1|Wnone|SUB:SPN-S000000171610,R2,75789.96677028127,17987.34270148142,32986.28002695971,102.38449320446826,10,1018.9
C.Semi.1|Wnone|SUB:SPN-S000000171611,R0,158165.3953664644,34693.22508867885,63842.680294735634,209.50265835106865,19,1960.3999999999999
C.Semi.1|Wnone|SUB:SPN-S000000171611,R1,141910.93327846628,34693.22508867885,63842.680294735634,202.4885532472897,19,1960.3999999999999
C.Semi.1|Wnone|SUB:SPN-S000000171611,R2,141910.93327846628,34693.22508867885,63842.680294735634,202.4885532472897,19,1960.3999999999999
C.Semi.1|Wnone|SUB:SPN-S000000171616,R0,298171.58742833976,66083.62986946994,111947.58965658769,357.7947195510718,39,3180.9000000000005
C.Semi.1|Wnone|SUB:SPN-S000000171616,R1,265012.39770542656,66083.62986946994,111947.58965658769,346.16230723937565,39,3180.9000000000005
C.Semi.1|Wnone|SUB:SPN-S000000171616,R2,265012.39770542656,66083.62986946994,111947.58965658769,346.16230723937565,39,3180.9000000000005
C.Semi.1|Wnone|SUB:SPN-S000000171617,R0,321876.56912303506,72513.5615073939,124149.37572195497,405.96902603024336,42,3564.3
C.Semi.1|Wnone|SUB:SPN-S000000171617,R1,287101.2856409049,72513.5615073939,124149.37572195497,399.36410107320347,42,3564.3
C.Semi.1|Wnone|SUB:SPN-S000000171617,R2,287101.2856409049,72513.5615073939,124149.37572195497,399.36410107320347,42,3564.3
C.Semi.1|Wnone|SUB:SPN-S000000171618,R0,296550.3329704318,61557.836955879,115311.5580930344,384.58452796640125,34,3617.2
C.Semi.1|Wnone|SUB:SPN-S000000171618,R1,265791.71924501006,61557.836955879,115311.5580930344,371.4485983744223,34,3617.2
C.Semi.1|Wnone|SUB:SPN-S000000171618,R2,265791.71924501006,61557.836955879,115311.5580930344,371.4485983744223,34,3617.2
C.Semi.1|Wnone|SUB:SPN-S000000171619,R0,143965.78143088176,32509.69083627803,56659.71463880229,178.28670331770496,19,1683.3000000000002
C.Semi.1|Wnone|SUB:SPN-S000000171619,R1,128548.29234976262,32509.69083627803,56659.71463880229,172.34453067526414,19,1683.3000000000002
C.Semi.1|Wnone|SUB:SPN-S000000171619,R2,128548.29234976262,32509.69083627803,56659.71463880229,172.34453067526414,19,1683.3000000000002
C.Semi.1|Wnone|SUB:SPN-S000000171624,R0,329499.177447567,62032.50316138375,127749.66904845324,485.92547194735357,33,4461.0
C.Semi.1|Wnone|SUB:SPN-S000000171624,R1,295889.67392579786,62032.50316138375,127749.66904845324,475.2877811853177,33,4461.0
C.Semi.1|Wnone|SUB:SPN-S000000171624,R2,295889.67392579786,62032.50316138375,127749.66904845324,475.2877811853177,33,4461.0
C.Semi.1|Wnone|SUB:SPN-S000000171625,R0,415500.48889086104,80904.15491931883,165389.7092161807,643.76109976708,43,5728.400000000001
C.Semi.1|Wnone|SUB:SPN-S000000171625,R1,372928.6209393888,80904.15491931883,165389.7092161807,632.365451421654,43,5728.400000000001
C.Semi.1|Wnone|SUB:SPN-S000000171625,R2,372928.6209393888,80904.15491931883,165389.7092161807,632.365451421654,43,5728.400000000001
C.Semi.1|Wnone|SUB:SPN-S000000171630,R0,213476.7174618869,46716.214118977674,82061.19508593119,267.36713074033906,27,2475.3999999999996
C.Semi.1|Wnone|SUB:SPN-S000000171630,R1,190819.11726834805,46716.214118977674,82061.19508593119,263.4362169264193,27,2475.3999999999996
C.Semi.1|Wnone|SUB:SPN-S000000171630,R2,190819.11726834805,46716.214118977674,82061.19508593119,263.4362169264193,27,2475.3999999999996
C.Semi.1|Wnone|SUB:SPN-S000000171631,R0,247056.274113235,56290.79111383473,95035.69223923047,347.93299263351986,33,2694.2
C.Semi.1|Wnone|SUB:SPN-S000000171631,R1,220959.04644880042,56290.79111383473,95035.69223923047,344.55761731439213,33,2694.2
C.Semi.1|Wnone|SUB:SPN-S000000171631,R2,220959.04644880042,56290.79111383473,95035.69223923047,344.55761731439213,33,2694.2
C.Semi.1|Wnone|SUB:SPN-S000000171632,R0,92843.9670201898,21183.44417674083,37474.421132713804,139.8973108422836,12,1097.5
C.Semi.1|Wnone|SUB:SPN-S000000171632,R1,83485.52178102244,21183.44417674083,37474.421132713804,135.9754479362369,12,1097.5
C.Semi.1|Wnone|SUB:SPN-S000000171632,R2,83485.52178102244,21183.44417674083,37474.421132713804,135.9754479362369,12,1097.5
C.Semi.1|Wnone|SUB:SPN-S000000171633,R0,271442.13993984205,61522.16747106317,104683.3230549415,339.7090464712144,36,2970.0999999999995
C.Semi.1|Wnone|SUB:SPN-S000000171633,R1,241917.4868995606,61522.16747106317,104683.3230549415,333.82501761243367,36,2970.0999999999995
C.Semi.1|Wnone|SUB:SPN-S000000171633,R2,241917.4868995606,61522.16747106317,104683.3230549415,333.82501761243367,36,2970.0999999999995
C.Semi.1|Wnone|SUB:SPN-S000000171634,R0,561293.577360108,124338.10368623343,215348.7739360102,766.5177139004538,71,6205.099999999999
C.Semi.1|Wnone|SUB:SPN-S000000171634,R1,501837.041910912,124338.10368623343,215348.7739360102,758.010315767813,71,6205.099999999999
C.Semi.1|Wnone|SUB:SPN-S000000171634,R2,501837.041910912,124338.10368623343,215348.7739360102,758.010315767813,71,6205.099999999999
C.Semi.1|Wnone|SUB:SPN-S000000171635,R0,525481.5695716586,119643.90208989521,191751.01088329213,631.4329526770143,73,5172.3
C.Semi.1|Wnone|SUB:SPN-S000000171635,R1,464994.1096930629,119643.90208989521,191751.01088329213,605.2113063531442,73,5172.3
C.Semi.1|Wnone|SUB:SPN-S000000171635,R2,464994.1096930629,119643.90208989521,191751.01088329213,605.2113063531442,73,5172.3
C.Semi.1|Wnone|SUB:SPN-S000000171636,R0,659725.7488791142,146988.0647603808,246930.18847664737,788.0908959781889,87,6939.500000000001
C.Semi.1|Wnone|SUB:SPN-S000000171636,R1,586024.6979844435,146988.0647603808,246930.18847664737,768.4239694834296,87,6939.500000000001
C.Semi.1|Wnone|SUB:SPN-S000000171636,R2,586024.6979844435,146988.0647603808,246930.18847664737,768.4239694834296,87,6939.500000000001
C.Semi.1|Wnone|SUB:SPN-S000000171637,R0,452618.7798936154,100102.908761525,172296.6937128445,574.3445453296175,58,4970.3
C.Semi.1|Wnone|SUB:SPN-S000000171637,R1,403623.98220874666,100102.908761525,172296.6937128445,565.0330678282107,58,4970.3
C.Semi.1|Wnone|SUB:SPN-S000000171637,R2,403623.98220874666,100102.908761525,172296.6937128445,565.0330678282107,58,4970.3
C.Semi.1|Wnone|SUB:SPN-S000000171647,R0,430342.1454825137,96134.76721138248,169196.78813963,589.983807729591,55,5014.6
C.Semi.1|Wnone|SUB:SPN-S000000171647,R1,385743.4484460404,96134.76721138248,169196.78813963,580.3310446421286,55,5014.6
C.Semi.1|Wnone|SUB:SPN-S000000171647,R2,385743.4484460404,96134.76721138248,169196.78813963,580.3310446421286,55,5014.6
C.Semi.1|Wnone|SUB:SPN-S000000171648,R0,274839.10059374484,61292.16046322429,112432.90432305512,359.0242912918158,34,3458.6
C.Semi.1|Wnone|SUB:SPN-S000000171648,R1,246623.16164172936,61292.16046322429,112432.90432305512,346.7307454393926,34,3458.6
C.Semi.1|Wnone|SUB:SPN-S000000171648,R2,246623.16164172936,61292.16046322429,112432.90432305512,346.7307454393926,34,3458.6
C.Semi.1|Wnone|SUB:SPN-S000000171695,R0,128651.51524867638,29567.495545789985,51825.19304426707,171.9599713245795,17,1517.0
C.Semi.1|Wnone|SUB:SPN-S000000171695,R1,115279.99870000078,29567.495545789985,51825.19304426707,168.0443238260326,17,1517.0
C.Semi.1|Wnone|SUB:SPN-S000000171695,R2,115279.99870000078,29567.495545789985,51825.19304426707,168.0443238260326,17,1517.0
C.Semi.1|Wnone|SUB:SPN-S000000171696,R0,204315.81972079922,43062.86163055457,80598.15350829289,259.62474850816375,24,2571.0
C.Semi.1|Wnone|SUB:SPN-S000000171696,R1,183064.93339774007,43062.86163055457,80598.15350829289,250.79872394408466,24,2571.0
C.Semi.1|Wnone|SUB:SPN-S000000171696,R2,183064.93339774007,43062.86163055457,80598.15350829289,250.79872394408466,24,2571.0
C.Semi.1|Wnone|SUB:SPN-S000000171698,R0,211419.91802556402,46000.285950683814,81563.21573468484,261.4229152042666,26,2421.1
C.Semi.1|Wnone|SUB:SPN-S000000171698,R1,188788.34650110573,46000.285950683814,81563.21573468484,257.20416071284353,26,2421.1
C.Semi.1|Wnone|SUB:SPN-S000000171698,R2,188788.34650110573,46000.285950683814,81563.21573468484,257.20416071284353,26,2421.1
C.Semi.1|Wnone|SUB:SPN-S000000171700,R0,292678.5707617261,63588.86493156962,113400.18285306435,368.6422996856477,36,3347.5
C.Semi.1|Wnone|SUB:SPN-S000000171700,R1,261473.23252976092,63588.86493156962,113400.18285306435,363.1340495748811,36,3347.5
C.Semi.1|Wnone|SUB:SPN-S000000171700,R2,261473.23252976092,63588.86493156962,113400.18285306435,363.1340495748811,36,3347.5
C.Semi.1|Wnone|SUB:SPN-S000000171712,R0,148441.16438412576,29600.010491136774,57436.01681331881,197.00666437162894,16,1884.9
C.Semi.1|Wnone|SUB:SPN-S000000171712,R1,133296.37784178974,29600.010491136774,57436.01681331881,190.36788251409558,16,1884.9
C.Semi.1|Wnone|SUB:SPN-S000000171712,R2,133296.37784178974,29600.010491136774,57436.01681331881,190.36788251409558,16,1884.9
C.Semi.1|Wnone|SUB:SPN-S000000171716,R0,85319.99564840124,17844.711098489708,32745.670521073233,106.23973750603987,10,1019.1
C.Semi.1|Wnone|SUB:SPN-S000000171716,R1,76168.63249471574,17844.711098489708,32745.670521073233,102.4212916759057,10,1019.1
C.Semi.1|Wnone|SUB:SPN-S000000171716,R2,76168.63249471574,17844.711098489708,32745.670521073233,102.4212916759057,10,1019.1
C.Semi.1|Wnone|SUB:SPN-S000000171719,R0,668568.5740451724,151455.48721740703,262611.61221700883,880.869520493486,88,7667.5
C.Semi.1|Wnone|SUB:SPN-S000000171719,R1,598180.9150890649,151455.48721740703,262611.61221700883,870.4154794416954,88,7667.5
C.Semi.1|Wnone|SUB:SPN-S000000171719,R2,598180.9150890649,151455.48721740703,262611.61221700883,870.4154794416954,88,7667.5
C.Semi.1|Wnone|SUB:SPN-S000000171720,R0,224013.83179391152,50523.094525838635,87185.56991003123,321.40741596990847,29,2487.0000000000005
C.Semi.1|Wnone|SUB:SPN-S000000171720,R1,200650.96441945064,50523.094525838635,87185.56991003123,318.8732264815985,29,2487.0000000000005
C.Semi.1|Wnone|SUB:SPN-S000000171720,R2,200650.96441945064,50523.094525838635,87185.56991003123,318.8732264815985,29,2487.0000000000005
C.Semi.1|Wnone|SUB:SPN-S000000171721,R0,278059.71705184504,63204.564047417516,109038.73527677983,383.638763244737,37,3200.2
C.Semi.1|Wnone|SUB:SPN-S000000171721,R1,249192.19171886728,63204.564047417516,109038.73527677983,380.2494219067105,37,3200.2
C.Semi.1|Wnone|SUB:SPN-S000000171721,R2,249192.19171886728,63204.564047417516,109038.73527677983,380.2494219067105,37,3200.2
C.Semi.1|Wnone|SUB:SPN-S000000171722,R0,653012.0284537957,139856.25353629419,259123.99900134874,937.2286460598777,77,7982.3
C.Semi.1|Wnone|SUB:SPN-S000000171722,R1,586950.795524316,139856.25353629419,259123.99900134874,908.9532144414018,77,7982.3
C.Semi.1|Wnone|SUB:SPN-S000000171722,R2,586950.795524316,139856.25353629419,259123.99900134874,908.9532144414018,77,7982.3
C.Semi.1|Wnone|SUB:SPN-S000000171723,R0,304527.5795787016,63802.59885100134,119283.42732744098,429.45198452726754,35,3738.6
C.Semi.1|Wnone|SUB:SPN-S000000171723,R1,273619.8968534629,63802.59885100134,119283.42732744098,416.18820256177924,35,3738.6
C.Semi.1|Wnone|SUB:SPN-S000000171723,R2,273619.8968534629,63802.59885100134,119283.42732744098,416.18820256177924,35,3738.6
C.Semi.1|Wnone|SUB:SPN-S000000171724,R0,475500.76615024544,96655.29983460583,182327.5028225045,680.5467670969936,53,5813.0
C.Semi.1|Wnone|SUB:SPN-S000000171724,R1,427364.07776286977,96655.29983460583,182327.5028225045,659.9426160964136,53,5813.0
C.Semi.1|Wnone|SUB:SPN-S000000171724,R2,427364.07776286977,96655.29983460583,182327.5028225045,659.9426160964136,53,5813.0
C.Semi.1|Wnone|SUB:SPN-S000000171725,R0,333479.1402419264,66597.06965992953,130228.89805846271,443.3407268365563,36,4301.3
C.Semi.1|Wnone|SUB:SPN-S000000171725,R1,299458.71253813663,66597.06965992953,130228.89805846271,419.1853423710251,36,4301.3
C.Semi.1|Wnone|SUB:SPN-S000000171725,R2,299458.71253813663,66597.06965992953,130228.89805846271,419.1853423710251,36,4301.3
C.Semi.1|Wnone|SUB:SPN-S000000171730,R0,286704.25704625365,63465.75179812768,107754.14508338277,364.4408354669502,37,3069.4
C.Semi.1|Wnone|SUB:SPN-S000000171730,R1,255366.8037716773,63465.75179812768,107754.14508338277,358.1874454076894,37,3069.4
C.Semi.1|Wnone|SUB:SPN-S000000171730,R2,255366.8037716773,63465.75179812768,107754.14508338277,358.1874454076894,37,3069.4
C.Semi.1|Wnone|SUB:SPN-S000000171731,R0,331328.5166628866,74770.87019302866,126215.07066185196,402.7428562206869,44,3592.6
C.Semi.1|Wnone|SUB:SPN-S000000171731,R1,294909.5485299208,74770.87019302866,126215.07066185196,394.7769630431357,44,3592.6
C.Semi.1|Wnone|SUB:SPN-S000000171731,R2,294909.5485299208,74770.87019302866,126215.07066185196,394.7769630431357,44,3592.6
C.Semi.1|Wnone|SUB:SPN-S000000171732,R0,531159.2774175266,122414.30056237595,197054.0365725517,624.354910296018,75,5340.4
C.Semi.1|Wnone|SUB:SPN-S000000171732,R1,470431.8573041753,122414.30056237595,197054.0365725517,601.9483559352622,75,5340.4
C.Semi.1|Wnone|SUB:SPN-S000000171732,R2,470431.8573041753,122414.30056237595,197054.0365725517,601.9483559352622,75,5340.4
C.Semi.1|Wnone|SUB:SPN-S000000171733,R0,340020.62032138504,79619.84731085776,129664.11363576689,407.0535605077138,49,3623.2
C.Semi.1|Wnone|SUB:SPN-S000000171733,R1,301834.7217645751,79619.84731085776,129664.11363576689,392.2158537576306,49,3623.2
C.Semi.1|Wnone|SUB:SPN-S000000171733,R2,301834.7217645751,79619.84731085776,129664.11363576689,392.2158537576306,49,3623.2
C.Semi.1|Wnone|SUB:SPN-S000000171734,R0,452781.1936372265,97983.32923089767,180633.13511056383,586.1202149467878,54,5582.6
C.Semi.1|Wnone|SUB:SPN-S000000171734,R1,405935.92891130823,97983.32923089767,180633.13511056383,565.9779173865065,54,5582.6
C.Semi.1|Wnone|SUB:SPN-S000000171734,R2,405935.92891130823,97983.32923089767,180633.13511056383,565.9779173865065,54,5582.6
C.Semi.1|Wnone|SUB:SPN-S000000171740,R0,77584.40885293561,18049.51106572472,29769.251797272904,105.07167957935852,11,856.8000000000001
C.Semi.1|Wnone|SUB:SPN-S000000171740,R1,69344.07027364521,18049.51106572472,29769.251797272904,103.84537636744228,11,856.8000000000001
C.Semi.1|Wnone|SUB:SPN-S000000171740,R2,69344.07027364521,18049.51106572472,29769.251797272904,103.84537636744228,11,856.8000000000001
C.Semi.1|Wnone|SUB:SPN-S000000171741,R0,590471.1811187635,137698.67701760796,222607.87534086648,722.7178997902723,84,6104.6
C.Semi.1|Wnone|SUB:SPN-S000000171741,R1,524480.9854677169,137698.67701760796,222607.87534086648,707.3172514012375,84,6104.6
C.Semi.1|Wnone|SUB:SPN-S000000171741,R2,524480.9854677169,137698.67701760796,222607.87534086648,707.3172514012375,84,6104.6
C.Semi.1|Wnone|SUB:SPN-S000000171744,R0,173949.08060185815,34041.704955868845,63432.911761073614,224.80141815140766,19,2064.4
C.Semi.1|Wnone|SUB:SPN-S000000171744,R1,155760.94478274882,34041.704955868845,63432.911761073614,219.15453395898422,19,2064.4
C.Semi.1|Wnone|SUB:SPN-S000000171744,R2,155760.94478274882,34041.704955868845,63432.911761073614,219.15453395898422,19,2064.4
C.Semi.1|Wnone|SUB:SPN-S000000171745,R0,117758.61065540601,26996.70381166655,48395.899338890435,148.26940557813677,15,1440.0000000000002
C.Semi.1|Wnone|SUB:SPN-S000000171745,R1,105432.05277960602,26996.70381166655,48395.899338890435,143.4593227273012,15,1440.0000000000002
C.Semi.1|Wnone|SUB:SPN-S000000171745,R2,105432.05277960602,26996.70381166655,48395.899338890435,143.4593227273012,15,1440.0000000000002
C.Semi.1|Wnone|SUB:SPN-S000000171746,R0,114653.9043141981,23700.165743004887,44188.71484178756,162.0106759092192,13,1384.1000000000001
C.Semi.1|Wnone|SUB:SPN-S000000171746,R1,102969.16709032631,23700.165743004887,44188.71484178756,157.04993912072052,13,1384.1000000000001
C.Semi.1|Wnone|SUB:SPN-S000000171746,R2,102969.16709032631,23700.165743004887,44188.71484178756,157.04993912072052,13,1384.1000000000001
C.Semi.1|Wnone|SUB:SPN-S000000171749,R0,98349.37917698128,21906.556224488224,40965.92769331395,129.58892986180143,12,1263.6000000000001
C.Semi.1|Wnone|SUB:SPN-S000000171749,R1,88287.66359236499,21906.556224488224,40965.92769331395,122.6771998361125,12,1263.6000000000001
C.Semi.1|Wnone|SUB:SPN-S000000171749,R2,88287.66359236499,21906.556224488224,40965.92769331395,122.6771998361125,12,1263.6000000000001
C.Semi.1|Wnone|SUB:SPN-S000000171773,R0,121195.29333031812,27144.6810526621,48983.04238164698,163.23460791463447,15,1466.3999999999999
C.Semi.1|Wnone|SUB:SPN-S000000171773,R1,108706.83120361643,27144.6810526621,48983.04238164698,157.92680396087206,15,1466.3999999999999
C.Semi.1|Wnone|SUB:SPN-S000000171773,R2,108706.83120361643,27144.6810526621,48983.04238164698,157.92680396087206,15,1466.3999999999999
C.Semi.1|Wnone|SUB:SPN-S000000171774,R0,224524.48419987256,50121.787582070385,90701.50368968854,290.05239696195486,28,2753.6
C.Semi.1|Wnone|SUB:SPN-S000000171774,R1,201250.50404608916,50121.787582070385,90701.50368968854,280.07903392714223,28,2753.6
C.Semi.1|Wnone|SUB:SPN-S000000171774,R2,201250.50404608916,50121.787582070385,90701.50368968854,280.07903392714223,28,2753.6
C.Semi.1|Wnone|SUB:SPN-S000000171775,R0,226809.3859994742,49335.39837676466,91706.26369502928,297.63553267840024,27,2827.1
C.Semi.1|Wnone|SUB:SPN-S000000171775,R1,203486.55791571003,49335.39837676466,91706.26369502928,287.5357847698041,27,2827.1
C.Semi.1|Wnone|SUB:SPN-S000000171775,R2,203486.55791571003,49335.39837676466,91706.26369502928,287.5357847698041,27,2827.1
C.Semi.1|Wnone|SUB:SPN-S000000171780,R0,336951.9157465999,76101.04384462145,133285.01767191617,416.1629130655231,44,3940.8
C.Semi.1|Wnone|SUB:SPN-S000000171780,R1,300358.7429171683,76101.04384462145,133285.01767191617,400.8070110825455,44,3940.8
C.Semi.1|Wnone|SUB:SPN-S000000171780,R2,300358.7429171683,76101.04384462145,133285.01767191617,400.8070110825455,44,3940.8
C.Semi.1|Wnone|SUB:SPN-S000000171781,R0,159539.12017589132,34518.71507964663,64714.65844518338,206.76288390691334,19,2042.1000000000001
C.Semi.1|Wnone|SUB:SPN-S000000171781,R1,142694.40614064247,34518.71507964663,64714.65844518338,199.39623371577463,19,2042.1000000000001
C.Semi.1|Wnone|SUB:SPN-S000000171781,R2,142694.40614064247,34518.71507964663,64714.65844518338,199.39623371577463,19,2042.1000000000001
C.Semi.1|Wnone|SUB:SPN-S000000171789,R0,275784.8236581015,59564.93092501421,110512.75434150094,348.82793679170106,33,3433.3
C.Semi.1|Wnone|SUB:SPN-S000000171789,R1,246852.5393790529,59564.93092501421,110512.75434150094,336.65604616631214,33,3433.3
C.Semi.1|Wnone|SUB:SPN-S000000171789,R2,246852.5393790529,59564.93092501421,110512.75434150094,336.65604616631214,33,3433.3
C.Semi.1|Wnone|SUB:SPN-S000000171790,R0,124955.7842623574,27711.55697111244,52180.17794004129,168.10892068606137,15,1617.4999999999998
C.Semi.1|Wnone|SUB:SPN-S000000171790,R1,112318.85382451917,27711.55697111244,52180.17794004129,162.49716431304725,15,1617.4999999999998
C.Semi.1|Wnone|SUB:SPN-S000000171790,R2,112318.85382451917,27711.55697111244,52180.17794004129,162.49716431304725,15,1617.4999999999998
C.Semi.1|Wnone|SUB:SPN-S000000171828,R0,192188.70582131948,41731.01514549784,76897.90766088973,254.53108769129753,23,2369.1
C.Semi.1|Wnone|SUB:SPN-S000000171828,R1,172407.15859569368,41731.01514549784,76897.90766088973,246.02485577189657,23,2369.1
C.Semi.1|Wnone|SUB:SPN-S000000171828,R2,172407.15859569368,41731.01514549784,76897.90766088973,246.02485577189657,23,2369.1
C.Semi.1|Wnone|SUB:SPN-S000000171830,R0,81788.83657817966,18183.4114663217,32849.046019470166,122.81692981219548,10,980.7
C.Semi.1|Wnone|SUB:SPN-S000000171830,R1,73568.9702384796,18183.4114663217,32849.046019470166,119.34078668990148,10,980.7
C.Semi.1|Wnone|SUB:SPN-S000000171830,R2,73568.9702384796,18183.4114663217,32849.046019470166,119.34078668990148,10,980.7
C.Semi.1|Wnone|SUB:SPN-S000000171832,R0,331800.70312771277,76409.46201749699,125579.43304599833,409.052395962951,47,3564.4
C.Semi.1|Wnone|SUB:SPN-S000000171832,R1,295316.71540899307,76409.46201749699,125579.43304599833,401.21107735169113,47,3564.4
C.Semi.1|Wnone|SUB:SPN-S000000171832,R2,295316.71540899307,76409.46201749699,125579.43304599833,401.21107735169113,47,3564.4
C.Semi.1|Wnone|SUB:SPN-S000000171833,R0,257350.61075872136,58579.69099164031,99415.19072701718,311.7287623698721,34,2818.7000000000003
C.Semi.1|Wnone|SUB:SPN-S000000171833,R1,229100.18977443245,58579.69099164031,99415.19072701718,302.9583016793663,34,2818.7000000000003
C.Semi.1|Wnone|SUB:SPN-S000000171833,R2,229100.18977443245,58579.69099164031,99415.19072701718,302.9583016793663,34,2818.7000000000003
C.Semi.1|Wnone|SUB:SPN-S000000171834,R0,100580.01641250664,21961.08839384099,42487.06528813779,144.12291569513675,12,1341.9
C.Semi.1|Wnone|SUB:SPN-S000000171834,R1,90115.51131559112,21961.08839384099,42487.06528813779,140.88532149575656,12,1341.9
C.Semi.1|Wnone|SUB:SPN-S000000171834,R2,90115.51131559112,21961.08839384099,42487.06528813779,140.88532149575656,12,1341.9
C.Semi.1|Wnone|SUB:SPN-S000000171840,R0,142693.69739389367,27623.006819307873,55644.79564352893,209.9198834367914,15,1929.9
C.Semi.1|Wnone|SUB:SPN-S000000171840,R1,128130.95385454164,27623.006819307873,55644.79564352893,205.29286874848924,15,1929.9
C.Semi.1|Wnone|SUB:SPN-S000000171840,R2,128130.95385454164,27623.006819307873,55644.79564352893,205.29286874848924,15,1929.9
C.Semi.1|Wnone|SUB:SPN-S000000171849,R0,139617.06567692995,29899.771305780127,55239.422706186764,177.34257302270078,17,1754.3999999999999
C.Semi.1|Wnone|SUB:SPN-S000000171849,R1,125095.89758264572,29899.771305780127,55239.422706186764,171.3419322429575,17,1754.3999999999999
C.Semi.1|Wnone|SUB:SPN-S000000171849,R2,125095.89758264572,29899.771305780127,55239.422706186764,171.3419322429575,17,1754.3999999999999
C.Semi.1|Wnone|SUB:SPN-S000000171850,R0,133997.55471220467,24514.391377732612,51729.62839221439,209.60863279059953,13,1856.8
C.Semi.1|Wnone|SUB:SPN-S000000171850,R1,120365.46032657595,24514.391377732612,51729.62839221439,205.9293274753266,13,1856.8
C.Semi.1|Wnone|SUB:SPN-S000000171850,R2,120365.46032657595,24514.391377732612,51729.62839221439,205.9293274753266,13,1856.8
C.Semi.1|Wnone|SUB:SPN-S000000171851,R0,390260.6396298279,82728.16109671985,149726.95996890828,494.6896084220348,50,4879.9000000000015
C.Semi.1|Wnone|SUB:SPN-S000000171851,R1,349520.78746361396,82728.16109671985,149726.95996890828,477.77960070552365,50,4879.9000000000015
C.Semi.1|Wnone|SUB:SPN-S000000171851,R2,349520.78746361396,82728.16109671985,149726.95996890828,477.77960070552365,50,4879.9000000000015
C.Semi.1|Wnone|SUB:SPN-S000000171853,R0,126722.67428078016,28609.30386350565,51782.01263416947,170.8540523369786,16,1568.3
C.Semi.1|Wnone|SUB:SPN-S000000171853,R1,113748.2148949333,28609.30386350565,51782.01263416947,165.259760829559,16,1568.3
C.Semi.1|Wnone|SUB:SPN-S000000171853,R2,113748.2148949333,28609.30386350565,51782.01263416947,165.259760829559,16,1568.3
C.Semi.1|Wnone|SUB:SPN-S000000171857,R0,474145.4647938004,108422.33961726002,184593.5822268776,636.9260017514079,63,5237.100000000002
C.Semi.1|Wnone|SUB:SPN-S000000171857,R1,423680.48834750743,108422.33961726002,184593.5822268776,629.1640935994659,63,5237.100000000002
C.Semi.1|Wnone|SUB:SPN-S000000171857,R2,423680.48834750743,108422.33961726002,184593.5822268776,629.1640935994659,63,5237.100000000002
C.Semi.1|Wnone|SUB:SPN-S000000171858,R0,113118.63172656557,25084.772442969097,44260.55185236027,173.0209860319443,14,1291.1
C.Semi.1|Wnone|SUB:SPN-S000000171858,R1,101657.22927163729,25084.772442969097,44260.55185236027,170.99207195491704,14,1291.1
C.Semi.1|Wnone|SUB:SPN-S000000171858,R2,101657.22927163729,25084.772442969097,44260.55185236027,170.99207195491704,14,1291.1
C.Semi.1|Wnone|SUB:SPN-S000000171859,R0,746794.8215318149,164855.93217046192,291759.54585205467,1079.408686576906,93,8561.500000000002
C.Semi.1|Wnone|SUB:SPN-S000000171859,R1,670080.6308677371,164855.93217046192,291759.54585205467,1068.8170234738238,93,8561.500000000002
C.Semi.1|Wnone|SUB:SPN-S000000171859,R2,670080.6308677371,164855.93217046192,291759.54585205467,1068.8170234738238,93,8561.500000000002
C.Semi.1|Wnone|SUB:SPN-S000000171860,R0,505784.8037976846,112061.30281918518,201219.42140261893,727.7734834272063,63,6000.8
C.Semi.1|Wnone|SUB:SPN-S000000171860,R1,454233.57742998423,112061.30281918518,201219.42140261893,706.1241060472466,63,6000.8
C.Semi.1|Wnone|SUB:SPN-S000000171860,R2,454233.57742998423,112061.30281918518,201219.42140261893,706.1241060472466,63,6000.8
C.Semi.1|Wnone|SUB:SPN-S000000171861,R0,101140.21247843711,19332.92389112837,36942.00705438407,131.03903634087405,12,1294.6999999999998
C.Semi.1|Wnone|SUB:SPN-S000000171861,R1,90443.58220303002,19332.92389112837,36942.00705438407,126.59941668711528,12,1294.6999999999998
C.Semi.1|Wnone|SUB:SPN-S000000171861,R2,90443.58220303002,19332.92389112837,36942.00705438407,126.59941668711528,12,1294.6999999999998
C.Semi.1|Wnone|SUB:SPN-S000000171864,R0,89071.27753375878,20922.72555952231,36918.06769608875,112.0889114082371,12,1097.8
C.Semi.1|Wnone|SUB:SPN-S000000171864,R1,79612.27671016447,20922.72555952231,36918.06769608875,107.96596921513,12,1097.8
C.Semi.1|Wnone|SUB:SPN-S000000171864,R2,79612.27671016447,20922.72555952231,36918.06769608875,107.96596921513,12,1097.8
C.Semi.1|Wnone|SUB:SPN-S000000171887,R0,79073.69531061187,19336.06044441208,32415.97886833843,107.0124644858315,12,944.7
C.Semi.1|Wnone|SUB:SPN-S000000171887,R1,70907.15574159054,19336.06044441208,32415.97886833843,103.56892339925075,12,944.7
C.Semi.1|Wnone|SUB:SPN-S000000171887,R2,70907.15574159054,19336.06044441208,32415.97886833843,103.56892339925075,12,944.7
C.Semi.1|Wnone|SUB:SPN-S000000171888,R0,406746.16143912124,94491.47395535391,158653.87445104972,555.8222591564895,56,4485.5
C.Semi.1|Wnone|SUB:SPN-S000000171888,R1,363623.69505857624,94491.47395535391,158653.87445104972,549.6215816565883,56,4485.5
C.Semi.1|Wnone|SUB:SPN-S000000171888,R2,363623.69505857624,94491.47395535391,158653.87445104972,549.6215816565883,56,4485.5
C.Semi.1|Wnone|SUB:SPN-S000000173197,R0,101325.1957477009,23616.6426659191,39274.29230346806,121.90351119180019,14,1097.5
C.Semi.1|Wnone|SUB:SPN-S000000173197,R1,89988.5830558269,23616.6426659191,39274.29230346806,117.39025582982943,14,1097.5
C.Semi.1|Wnone|SUB:SPN-S000000173197,R2,89988.5830558269,23616.6426659191,39274.29230346806,117.39025582982943,14,1097.5
C.Semi.1|Wnone|SUB:SPN-S000000173929,R0,139765.95297115584,29521.159740527586,56547.60958531437,188.24858972469863,16,1807.9
C.Semi.1|Wnone|SUB:SPN-S000000173929,R1,125632.11841411277,29521.159740527586,56547.60958531437,181.97502059618412,16,1807.9
C.Semi.1|Wnone|SUB:SPN-S000000173929,R2,125632.11841411277,29521.159740527586,56547.60958531437,181.97502059618412,16,1807.9
C.Semi.1|Wnone|SUB:SPN-S000000173931,R0,315872.64115655614,67736.42357096096,118961.40205862303,390.68393366349454,39,3510.2
C.Semi.1|Wnone|SUB:SPN-S000000173931,R1,281634.03431821044,67736.42357096096,118961.40205862303,383.86004477733627,39,3510.2
C.Semi.1|Wnone|SUB:SPN-S000000173931,R2,281634.03431821044,67736.42357096096,118961.40205862303,383.86004477733627,39,3510.2
C.Semi.1|Wnone|SUB:SPN-S000000174077,R0,234301.96695625503,49637.97447243927,86559.41078637633,284.38888655408425,29,2589.3
C.Semi.1|Wnone|SUB:SPN-S000000174077,R1,208547.57616977225,49637.97447243927,86559.41078637633,274.6381475254598,29,2589.3
C.Semi.1|Wnone|SUB:SPN-S000000174077,R2,208547.57616977225,49637.97447243927,86559.41078637633,274.6381475254598,29,2589.3
C.Semi.1|Wnone|SUB:SPN-S000000174155,R0,176854.81411892304,34711.47545618881,67824.77940887972,236.59961228520717,19,2260.5
C.Semi.1|Wnone|SUB:SPN-S000000174155,R1,158879.0888855487,34711.47545618881,67824.77940887972,228.68477030878043,19,2260.5
C.Semi.1|Wnone|SUB:SPN-S000000174155,R2,158879.0888855487,34711.47545618881,67824.77940887972,228.68477030878043,19,2260.5
C.Semi.1|Wnone|SUB:SPN-S000000174160,R0,378528.332095363,84421.41788332869,150715.04535517504,471.9693963171903,48,4525.200000000001
C.Semi.1|Wnone|SUB:SPN-S000000174160,R1,338157.58226404304,84421.41788332869,150715.04535517504,455.6314550444615,48,4525.200000000001
C.Semi.1|Wnone|SUB:SPN-S000000174160,R2,338157.58226404304,84421.41788332869,150715.04535517504,455.6314550444615,48,4525.200000000001
C.Semi.1|Wnone|SUB:SPN-S000000174232,R0,227749.46175265274,51778.76925479751,88474.65719412535,298.32659195494097,30,2516.4999999999995
C.Semi.1|Wnone|SUB:SPN-S000000174232,R1,203353.59697802266,51778.76925479751,88474.65719412535,294.20501921437676,30,2516.4999999999995
C.Semi.1|Wnone|SUB:SPN-S000000174232,R2,203353.59697802266,51778.76925479751,88474.65719412535,294.20501921437676,30,2516.4999999999995
C.Semi.1|Wnone|SUB:SPN-S000000174722,R0,88865.84294539012,19352.500153355446,33923.99499844592,116.89516134626183,11,995.2
C.Semi.1|Wnone|SUB:SPN-S000000174722,R1,79410.17671774593,19352.500153355446,33923.99499844592,115.37791023099008,11,995.2
C.Semi.1|Wnone|SUB:SPN-S000000174722,R2,79410.17671774593,19352.500153355446,33923.99499844592,115.37791023099008,11,995.2
C.Semi.1|Wnone|SUB:SPN-S000000175224,R0,381484.93343873497,78558.0335765448,148390.55432272496,512.3155652336337,43,4731.7
C.Semi.1|Wnone|SUB:SPN-S000000175224,R1,342414.34488674044,78558.0335765448,148390.55432272496,495.4457945338803,43,4731.7
C.Semi.1|Wnone|SUB:SPN-S000000175224,R2,342414.34488674044,78558.0335765448,148390.55432272496,495.4457945338803,43,4731.7
C.Semi.1|Wnone|SUB:SPN-S000000175228,R0,228263.93247961358,49196.00069913955,90858.08337271227,326.1210489927153,27,2798.6000000000004
C.Semi.1|Wnone|SUB:SPN-S000000175228,R1,205164.0912235768,49196.00069913955,90858.08337271227,316.21521815124004,27,2798.6000000000004
C.Semi.1|Wnone|SUB:SPN-S000000175228,R2,205164.0912235768,49196.00069913955,90858.08337271227,316.21521815124004,27,2798.6000000000004
C.Semi.1|Wnone|SUB:SPN-S000000181225,R0,136415.32346137802,29181.103272442306,53813.78353005501,173.5253866967961,17,1726.8
C.Semi.1|Wnone|SUB:SPN-S000000181225,R1,122178.45750124042,29181.103272442306,53813.78353005501,167.37424092323948,17,1726.8
C.Semi.1|Wnone|SUB:SPN-S000000181225,R2,122178.45750124042,29181.103272442306,53813.78353005501,167.37424092323948,17,1726.8
C.Semi.1|Wnone|SUB:SPN-S000000181252,R0,358650.0877925498,80058.33568725048,136929.65859510982,435.4916970032351,47,3969.8
C.Semi.1|Wnone|SUB:SPN-S000000181252,R1,319224.2987157871,80058.33568725048,136929.65859510982,420.4820611027885,47,3969.8
C.Semi.1|Wnone|SUB:SPN-S000000181252,R2,319224.2987157871,80058.33568725048,136929.65859510982,420.4820611027885,47,3969.8
C.Semi.1|Wnone|SUB:SPN-S000000181316,R0,119509.99973975276,26807.95782726904,48184.74361548093,149.49392712936918,15,1446.3
C.Semi.1|Wnone|SUB:SPN-S000000181316,R1,106755.98003010871,26807.95782726904,48184.74361548093,144.10319914650032,15,1446.3
C.Semi.1|Wnone|SUB:SPN-S000000181316,R2,106755.98003010871,26807.95782726904,48184.74361548093,144.10319914650032,15,1446.3
C.Semi.2|Wcav|LSOA:E01030421,R0,148764.50199113722,34604.46340094918,59482.46229049442,191.48777154544047,20,1699.0
C.Semi.2|Wcav|LSOA:E01030421,R1,92777.5076875679,34604.46340094918,59482.46229049442,180.96589136004704,20,1699.0
C.Semi.2|Wcav|LSOA:E01030421,R2,92777.5076875679,34604.46340094918,59482.46229049442,180.96589136004704,20,1699.0
C.Semi.2|Wcav|LSOA:E01030422,R0,350617.0084424208,72785.67606754572,130659.3872581419,432.4945180586133,42,4026.8
C.Semi.2|Wcav|LSOA:E01030422,R1,229348.2388497722,72785.67606754572,130659.3872581419,413.24818438909824,42,4026.8
C.Semi.2|Wcav|LSOA:E01030422,R2,229348.2388497722,72785.67606754572,130659.3872581419,413.24818438909824,42,4026.8
C.Semi.2|Wcav|LSOA:E01030423,R0,149987.27357735045,34709.30341130784,60232.074298120424,189.82982182294526,20,1713.1
C.Semi.2|Wcav|LSOA:E01030423,R1,95508.94741577574,34709.30341130784,60232.074298120424,178.5401834745452,20,1713.1
C.Semi.2|Wcav|LSOA:E01030423,R2,95508.94741577574,34709.30341130784,60232.074298120424,178.5401834745452,20,1713.1
C.Semi.2|Wcav|LSOA:E01030424,R0,414826.73222173867,80504.07587999746,150296.16685454053,507.927278354457,45,4771.9
C.Semi.2|Wcav|LSOA:E01030424,R1,273124.46026809077,80504.07587999746,150296.16685454053,487.76315017445165,45,4771.9
C.Semi.2|Wcav|LSOA:E01030424,R2,273124.46026809077,80504.07587999746,150296.16685454053,487.76315017445165,45,4771.9
C.Semi.2|Wcav|LSOA:E01030425,R0,186654.24645679764,41795.77135292778,72957.86071742275,231.80943475172026,24,2138.9
C.Semi.2|Wcav|LSOA:E01030425,R1,123217.56929904225,41795.77135292778,72957.86071742275,218.96503263117114,24,2138.9
C.Semi.2|Wcav|LSOA:E01030425,R2,123217.56929904225,41795.77135292778,72957.86071742275,218.96503263117114,24,2138.9
C.Semi.2|Wcav|LSOA:E01030426,R0,214424.53590895596,41715.121135712274,78201.82784216895,260.6519984033149,23,2471.3
C.Semi.2|Wcav|LSOA:E01030426,R1,141099.9959869915,41715.121135712274,78201.82784216895,252.3311635791474,23,2471.3
C.Semi.2|Wcav|LSOA:E01030426,R2,141099.9959869915,41715.121135712274,78201.82784216895,252.3311635791474,23,2471.3
C.Semi.2|Wcav|LSOA:E01030427,R0,354725.6708757414,72713.51999422515,131120.28477812375,437.6354369459725,42,4075.2000000000007
C.Semi.2|Wcav|LSOA:E01030427,R1,230443.34023728024,72713.51999422515,131120.28477812375,419.38326120926405,42,4075.2000000000007
C.Semi.2|Wcav|LSOA:E01030427,R2,230443.34023728024,72713.51999422515,131120.28477812375,419.38326120926405,42,4075.2000000000007
C.Semi.2|Wcav|LSOA:E01030428,R0,281461.94709065,57047.503405261254,104665.93885704892,344.31444923958617,32,3238.3
C.Semi.2|Wcav|LSOA:E01030428,R1,185580.14946347583,57047.503405261254,104665.93885704892,330.7582637250587,32,3238.3
C.Semi.2|Wcav|LSOA:E01030428,R2,185580.14946347583,57047.503405261254,104665.93885704892,330.7582637250587,32,3238.3
C.Semi.2|Wcav|LSOA:E01030429,R0,177578.34121846268,32084.07165075913,61395.28354253879,221.75719791652716,18,2046.8
C.Semi.2|Wcav|LSOA:E01030429,R1,118464.78778976477,32084.07165075913,61395.28354253879,207.7061495943598,18,2046.8
C.Semi.2|Wcav|LSOA:E01030429,R2,118464.78778976477,32084.07165075913,61395.28354253879,207.7061495943598,18,2046.8
C.Semi.2|Wcav|LSOA:E01030430,R0,285880.2449839747,56859.61316554826,103814.2102104218,349.78453020559357,33,3290.4
C.Semi.2|Wcav|LSOA:E01030430,R1,186860.59092073463,56859.61316554826,103814.2102104218,337.2762515871433,33,3290.4
C.Semi.2|Wcav|LSOA:E01030430,R2,186860.59092073463,56859.61316554826,103814.2102104218,337.2762515871433,33,3290.4
C.Semi.2|Wcav|LSOA:E01030431,R0,533575.8881503001,108574.63215142793,197100.21769089185,657.5607702770219,62,6125.4000000000015
C.Semi.2|Wcav|LSOA:E01030431,R1,353806.3623164155,108574.63215142793,197100.21769089185,625.0398748915694,62,6125.4000000000015
C.Semi.2|Wcav|LSOA:E01030431,R2,353806.3623164155,108574.63215142793,197100.21769089185,625.0398748915694,62,6125.4000000000015
C.Semi.2|Wcav|LSOA:E01030432,R0,425696.87222608447,90475.75845690473,162035.05890590476,527.6930945037301,51,4881.499999999999
C.Semi.2|Wcav|LSOA:E01030432,R1,279917.0282091759,90475.75845690473,162035.05890590476,500.3588798698604,51,4881.499999999999
C.Semi.2|Wcav|LSOA:E01030432,R2,279917.0282091759,90475.75845690473,162035.05890590476,500.3588798698604,51,4881.499999999999
C.Semi.2|Wcav|LSOA:E01030433,R0,261297.315874378,55656.76949817179,98963.47643950928,325.42371087370105,32,2993.4
C.Semi.2|Wcav|LSOA:E01030433,R1,170906.89989564964,55656.76949817179,98963.47643950928,307.75303354572424,32,2993.4
C.Semi.2|Wcav|LSOA:E01030433,R2,170906.89989564964,55656.76949817179,98963.47643950928,307.75303354572424,32,2993.4
C.Semi.2|Wcav|LSOA:E01030440,R0,170538.80282164848,33549.88228132113,62901.88066643359,216.96743614738156,19,1967.0
C.Semi.2|Wcav|LSOA:E01030440,R1,110583.23851027145,33549.88228132113,62901.88066643359,202.02431505591167,19,1967.0
C.Semi.2|Wcav|LSOA:E01030440,R2,110583.23851027145,33549.88228132113,62901.88066643359,202.02431505591167,19,1967.0
C.Semi.2|Wcav|LSOA:E01030441,R0,256934.99129407178,48689.755689697005,93139.88019455559,332.1462774183628,27,2962.5
C.Semi.2|Wcav|LSOA:E01030441,R1,174118.82303388324,48689.755689697005,93139.88019455559,298.4180618852929,27,2962.5
C.Semi.2|Wcav|LSOA:E01030441,R2,174118.82303388324,48689.755689697005,93139.88019455559,298.4180618852929,27,2962.5
C.Semi.2|Wcav|LSOA:E01030443,R0,222165.61626992095,31020.209625855827,65682.05269823666,286.1042502946752,17,2570.7
C.Semi.2|Wcav|LSOA:E01030443,R1,149097.69233556907,31020.209625855827,65682.05269823666,260.77726808940884,17,2570.7
C.Semi.2|Wcav|LSOA:E01030443,R2,149097.69233556907,31020.209625855827,65682.05269823666,260.77726808940884,17,2570.7
C.Semi.2|Wcav|LSOA:E01030444,R0,255909.80181845377,45730.977809437754,88926.4925493198,320.5573437536835,25,2954.5
C.Semi.2|Wcav|LSOA:E01030444,R1,170339.13420184614,45730.977809437754,88926.4925493198,299.77619219987895,25,2954.5
C.Semi.2|Wcav|LSOA:E01030444,R2,170339.13420184614,45730.977809437754,88926.4925493198,299.77619219987895,25,2954.5
C.Semi.2|Wcav|LSOA:E01030447,R0,440219.566177304,85665.75177582371,160903.6732898988,563.771703761585,47,5078.099999999999
C.Semi.2|Wcav|LSOA:E01030447,R1,296688.0491750601,85665.75177582371,160903.6732898988,512.6566065049149,47,5078.099999999999
C.Semi.2|Wcav|LSOA:E01030447,R2,296688.0491750601,85665.75177582371,160903.6732898988,512.6566065049149,47,5078.099999999999
C.Semi.2|Wcav|LSOA:E01030458,R0,376883.0915759164,66298.88787587367,132413.4614592624,479.0801620928,37,4355.7
C.Semi.2|Wcav|LSOA:E01030458,R1,252032.12437612616,66298.88787587367,132413.4614592624,440.70263574127057,37,4355.7
C.Semi.2|Wcav|LSOA:E01030458,R2,252032.12437612616,66298.88787587367,132413.4614592624,440.70263574127057,37,4355.7
C.Semi.2|Wcav|LSOA:E01030459,R0,209811.2606338215,41469.234494508164,75824.26024089238,257.1872157301293,24,2417.1000000000004
C.Semi.2|Wcav|LSOA:E01030459,R1,136935.84386149014,41469.234494508164,75824.26024089238,247.76031287457818,24,2417.1000000000004
C.Semi.2|Wcav|LSOA:E01030459,R2,136935.84386149014,41469.234494508164,75824.26024089238,247.76031287457818,24,2417.1000000000004
C.Semi.2|Wcav|LSOA:E01030465,R0,280105.939233156,67243.72731250271,113553.76119736405,378.8651526238844,40,3191.9
C.Semi.2|Wcav|LSOA:E01030465,R1,174317.1220724424,67243.72731250271,113553.76119736405,354.5245005243335,40,3191.9
C.Semi.2|Wcav|LSOA:E01030465,R2,174317.1220724424,67243.72731250271,113553.76119736405,354.5245005243335,40,3191.9
C.Semi.2|Wcav|LSOA:E01030466,R0,285619.57055700757,47456.839072784875,95027.3326374906,365.9143652767167,26,3299.8999999999996
C.Semi.2|Wcav|LSOA:E01030466,R1,191855.97668005846,47456.839072784875,95027.3326374906,333.2793362180898,26,3299.8999999999996
C.Semi.2|Wcav|LSOA:E01030466,R2,191855.97668005846,47456.839072784875,95027.3326374906,333.2793362180898,26,3299.8999999999996
C.Semi.2|Wcav|LSOA:E01030471,R0,203554.79418448053,34329.12227904819,68760.6096818241,259.96231633273203,19,2351.2000000000003
C.Semi.2|Wcav|LSOA:E01030471,R1,136599.18454043014,34329.12227904819,68760.6096818241,237.6078584620516,19,2351.2000000000003
C.Semi.2|Wcav|LSOA:E01030471,R2,136599.18454043014,34329.12227904819,68760.6096818241,237.6078584620516,19,2351.2000000000003
C.Semi.2|Wcav|LSOA:E01030472,R0,248085.78318693122,48313.41931070251,91277.13050429616,318.0617986906359,27,2865.2
C.Semi.2|Wcav|LSOA:E01030472,R1,166839.62170085812,48313.41931070251,91277.13050429616,289.2958740125486,27,2865.2
C.Semi.2|Wcav|LSOA:E01030472,R2,166839.62170085812,48313.41931070251,91277.13050429616,289.2958740125486,27,2865.2
C.Semi.2|Wcav|LSOA:E01030473,R0,585666.8488562419,101826.95248285527,199775.1738794317,749.0098925296659,56,6766.099999999999
C.Semi.2|Wcav|LSOA:E01030473,R1,393125.58747699345,101826.95248285527,199775.1738794317,683.6008326205115,56,6766.099999999999
C.Semi.2|Wcav|LSOA:E01030473,R2,393125.58747699345,101826.95248285527,199775.1738794317,683.6008326205115,56,6766.099999999999
C.Semi.2|Wcav|LSOA:E01030475,R0,221000.53492586536,43341.104648591325,80922.35940056197,281.92080703030155,24,2545.2999999999997
C.Semi.2|Wcav|LSOA:E01030475,R1,149188.83958292438,43341.104648591325,80922.35940056197,257.04963948831335,24,2545.2999999999997
C.Semi.2|Wcav|LSOA:E01030475,R2,149188.83958292438,43341.104648591325,80922.35940056197,257.04963948831335,24,2545.2999999999997
C.Semi.2|Wcav|LSOA:E01030476,R0,217908.96094615175,46666.27478027953,83761.99263417676,268.33746959804023,26,2502.2
C.Semi.2|Wcav|LSOA:E01030476,R1,144351.52553173038,46666.27478027953,83761.99263417676,255.3923620240977,26,2502.2
C.Semi.2|Wcav|LSOA:E01030476,R2,144351.52553173038,46666.27478027953,83761.99263417676,255.3923620240977,26,2502.2
C.Semi.2|Wcav|LSOA:E01030477,R0,335544.61011999473,69970.16498205703,126018.38005520806,414.23569054993254,40,3853.1000000000004
C.Semi.2|Wcav|LSOA:E01030477,R1,219238.4181987859,69970.16498205703,126018.38005520806,395.66266930476087,40,3853.1000000000004
C.Semi.2|Wcav|LSOA:E01030477,R2,219238.4181987859,69970.16498205703,126018.38005520806,395.66266930476087,40,3853.1000000000004
C.Semi.2|Wcav|LSOA:E01030478,R0,408932.3070337497,80272.67678654019,149568.41017357598,503.3329282615068,45,4704.700000000001
C.Semi.2|Wcav|LSOA:E01030478,R1,272088.86507201,80272.67678654019,149568.41017357598,478.60792903714605,45,4704.700000000001
C.Semi.2|Wcav|LSOA:E01030478,R2,272088.86507201,80272.67678654019,149568.41017357598,478.60792903714605,45,4704.700000000001
C.Semi.2|Wcav|LSOA:E01030479,R0,483681.8631227281,89347.7927747119,168459.61918784314,602.498349414283,50,5573.3
C.Semi.2|Wcav|LSOA:E01030479,R1,322509.58534141956,89347.7927747119,168459.61918784314,565.8175203260251,50,5573.3
C.Semi.2|Wcav|LSOA:E01030479,R2,322509.58534141956,89347.7927747119,168459.61918784314,565.8175203260251,50,5573.3
C.Semi.2|Wcav|LSOA:E01030480,R0,298194.48591242876,45353.63091402542,92363.60576749501,384.8490391938008,25,3447.3
C.Semi.2|Wcav|LSOA:E01030480,R1,200739.96285065805,45353.63091402542,92363.60576749501,347.67272440042274,25,3447.3
C.Semi.2|Wcav|LSOA:E01030480,R2,200739.96285065805,45353.63091402542,92363.60576749501,347.67272440042274,25,3447.3
C.Semi.2|Wcav|LSOA:E01030490,R0,243436.9206200726,40952.50561029451,82496.4071490267,302.24786723509817,23,2810.7
C.Semi.2|Wcav|LSOA:E01030490,R1,160796.80003400525,40952.50561029451,82496.4071490267,286.1490052594538,23,2810.7
C.Semi.2|Wcav|LSOA:E01030490,R2,160796.80003400525,40952.50561029451,82496.4071490267,286.1490052594538,23,2810.7
C.Semi.2|Wcav|LSOA:E01030491,R0,257791.4700715644,47573.97327433421,90971.08941990309,326.24634726368737,27,2978.8000000000006
C.Semi.2|Wcav|LSOA:E01030491,R1,172096.9259811364,47573.97327433421,90971.08941990309,301.660948968076,27,2978.8000000000006
C.Semi.2|Wcav|LSOA:E01030491,R2,172096.9259811364,47573.97327433421,90971.08941990309,301.660948968076,27,2978.8000000000006
C.Semi.2|Wcav|LSOA:E01030492,R0,335231.16783047887,66245.3819617884,123349.91919993461,410.1942623324761,38,3857.1000000000004
C.Semi.2|Wcav|LSOA:E01030492,R1,220548.50344171902,66245.3819617884,123349.91919993461,394.33159653056686,38,3857.1000000000004
C.Semi.2|Wcav|LSOA:E01030492,R2,220548.50344171902,66245.3819617884,123349.91919993461,394.33159653056686,38,3857.1000000000004
C.Semi.2|Wcav|LSOA:E01030499,R0,748621.3931329326,152953.58436592363,278719.5727945276,924.8194206914904,86,8594.1
C.Semi.2|Wcav|LSOA:E01030499,R1,490126.47776513593,152953.58436592363,278719.5727945276,881.8930897660376,86,8594.1
C.Semi.2|Wcav|LSOA:E01030499,R2,490126.47776513593,152953.58436592363,278719.5727945276,881.8930897660376,86,8594.1
C.Semi.2|Wcav|LSOA:E01030500,R0,566796.6635156451,108562.85722702835,201144.47219246966,695.2742398738642,61,6518.900000000001
C.Semi.2|Wcav|LSOA:E01030500,R1,370964.3193133904,108562.85722702835,201144.47219246966,668.165858074292,61,6518.900000000001
C.Semi.2|Wcav|LSOA:E01030500,R2,370964.3193133904,108562.85722702835,201144.47219246966,668.165858074292,61,6518.900000000001
C.Semi.2|Wcav|LSOA:E01030501,R0,271306.9674984664,51109.202575568794,98096.43477440964,336.56504624923474,28,3129.4
C.Semi.2|Wcav|LSOA:E01030501,R1,180132.9852031193,51109.202575568794,98096.43477440964,318.083560469048,28,3129.4
C.Semi.2|Wcav|LSOA:E01030501,R2,180132.9852031193,51109.202575568794,98096.43477440964,318.083560469048,28,3129.4
C.Semi.2|Wcav|LSOA:E01030502,R0,244646.41477758333,49921.32993693539,91067.52225890354,300.6976998776561,28,2811.4
C.Semi.2|Wcav|LSOA:E01030502,R1,161145.968251074,49921.32993693539,91067.52225890354,287.519047864973,28,2811.4
C.Semi.2|Wcav|LSOA:E01030502,R2,161145.968251074,49921.32993693539,91067.52225890354,287.519047864973,28,2811.4
C.Semi.2|Wcav|LSOA:E01030503,R0,193228.40351133197,26255.351286319503,56633.51395683645,255.17043186296283,14,2235.9
C.Semi.2|Wcav|LSOA:E01030503,R1,131269.64251630922,26255.351286319503,56633.51395683645,227.2585624845761,14,2235.9
C.Semi.2|Wcav|LSOA:E01030503,R2,131269.64251630922,26255.351286319503,56633.51395683645,227.2585624845761,14,2235.9
C.Semi.2|Wcav|LSOA:E01030504,R0,522167.71440814796,110489.68187174709,197732.27000913082,648.991429393125,63,5991.6
C.Semi.2|Wcav|LSOA:E01030504,R1,334136.8128563262,110489.68187174709,197732.27000913082,621.1316138746378,63,5991.6
C.Semi.2|Wcav|LSOA:E01030504,R2,334136.8128563262,110489.68187174709,197732.27000913082,621.1316138746378,63,5991.6
C.Semi.2|Wcav|SUB:SPN-R000000852116-000-001Z,R0,133408.915888069,25606.29966058355,48859.16839311652,166.8552869559193,14,1538.8999999999999
C.Semi.2|Wcav|SUB:SPN-R000000852116-000-001Z,R1,88906.76752903196,25606.29966058355,48859.16839311652,156.1524118070074,14,1538.8999999999999
C.Semi.2|Wcav|SUB:SPN-R000000852116-000-001Z,R2,88906.76752903196,25606.29966058355,48859.16839311652,156.1524118070074,14,1538.8999999999999
C.Semi.2|Wcav|SUB:SPN-S000000171610,R0,170833.91198832472,33992.949149779146,62934.88776812846,210.7060730233025,19,1966.2
C.Semi.2|Wcav|SUB:SPN-S000000171610,R1,113674.76059722663,33992.949149779146,62934.88776812846,199.95899407162375,19,1966.2
C.Semi.2|Wcav|SUB:SPN-S000000171610,R2,113674.76059722663,33992.949149779146,62934.88776812846,199.95899407162375,19,1966.2
C.Semi.2|Wcav|SUB:SPN-S000000171611,R0,209864.63897269464,44854.813013768275,80477.0050197318,261.2756683810665,25,2404.6
C.Semi.2|Wcav|SUB:SPN-S000000171611,R1,137058.50961406901,44854.813013768275,80477.0050197318,247.35251007051423,25,2404.6
C.Semi.2|Wcav|SUB:SPN-S000000171611,R2,137058.50961406901,44854.813013768275,80477.0050197318,247.35251007051423,25,2404.6
C.Semi.2|Wcav|SUB:SPN-S000000171616,R0,231434.74248973507,51634.05328470878,89880.64043349939,292.4699712216573,30,2646.3
C.Semi.2|Wcav|SUB:SPN-S000000171616,R1,145247.81426268764,51634.05328470878,89880.64043349939,277.25799215368704,30,2646.3
C.Semi.2|Wcav|SUB:SPN-S000000171616,R2,145247.81426268764,51634.05328470878,89880.64043349939,277.25799215368704,30,2646.3
C.Semi.2|Wcav|SUB:SPN-S000000171617,R0,230994.51271896838,51151.60133734866,89972.79166256393,290.6679494289914,29,2642.9000000000005
C.Semi.2|Wcav|SUB:SPN-S000000171617,R1,146583.77782821422,51151.60133734866,89972.79166256393,275.50969542746384,29,2642.9000000000005
C.Semi.2|Wcav|SUB:SPN-S000000171617,R2,146583.77782821422,51151.60133734866,89972.79166256393,275.50969542746384,29,2642.9000000000005
C.Semi.2|Wcav|SUB:SPN-S000000171618,R0,286079.18371962075,53260.100200295594,102114.93449975649,352.8483433017508,29,3294.9999999999995
C.Semi.2|Wcav|SUB:SPN-S000000171618,R1,190048.8322093069,53260.100200295594,102114.93449975649,335.1709268735787,29,3294.9999999999995
C.Semi.2|Wcav|SUB:SPN-S000000171618,R2,190048.8322093069,53260.100200295594,102114.93449975649,335.1709268735787,29,3294.9999999999995
C.Semi.2|Wcav|SUB:SPN-S000000171619,R0,173829.65076986456,34166.843664440676,63649.0039943904,217.83994322687477,19,2001.4999999999998
C.Semi.2|Wcav|SUB:SPN-S000000171619,R1,116428.64575195668,34166.843664440676,63649.0039943904,202.89111351507484,19,2001.4999999999998
C.Semi.2|Wcav|SUB:SPN-S000000171619,R2,116428.64575195668,34166.843664440676,63649.0039943904,202.89111351507484,19,2001.4999999999998
C.Semi.2|Wcav|SUB:SPN-S000000171621,R0,112976.054846238,23655.203443522045,43278.41681805103,147.0069224510206,13,1299.1
C.Semi.2|Wcav|SUB:SPN-S000000171621,R1,77262.427734691,23655.203443522045,43278.41681805103,134.815536616809,13,1299.1
C.Semi.2|Wcav|SUB:SPN-S000000171621,R2,77262.427734691,23655.203443522045,43278.41681805103,134.815536616809,13,1299.1
C.Semi.2|Wcav|SUB:SPN-S000000171624,R0,124822.36626596362,23540.433813220214,44753.244314753414,161.5600905565818,13,1442.2
C.Semi.2|Wcav|SUB:SPN-S000000171624,R1,84252.09289733929,23540.433813220214,44753.244314753414,145.3323359191608,13,1442.2
C.Semi.2|Wcav|SUB:SPN-S000000171624,R2,84252.09289733929,23540.433813220214,44753.244314753414,145.3323359191608,13,1442.2
C.Semi.2|Wcav|SUB:SPN-S000000171625,R0,305375.36993895203,53521.58705170221,105431.65638514835,390.7135530493615,29,3530.2999999999997
C.Semi.2|Wcav|SUB:SPN-S000000171625,R1,204717.8249179533,53521.58705170221,105431.65638514835,356.71957851757355,29,3530.2999999999997
C.Semi.2|Wcav|SUB:SPN-S000000171625,R2,204717.8249179533,53521.58705170221,105431.65638514835,356.71957851757355,29,3530.2999999999997
C.Semi.2|Wcav|SUB:SPN-S000000171630,R0,217031.44904060572,47575.787307724735,83965.17100143476,272.31685891793734,27,2484.0
C.Semi.2|Wcav|SUB:SPN-S000000171630,R1,138925.3912674915,47575.787307724735,83965.17100143476,257.9343078785211,27,2484.0
C.Semi.2|Wcav|SUB:SPN-S000000171630,R2,138925.3912674915,47575.787307724735,83965.17100143476,257.9343078785211,27,2484.0
C.Semi.2|Wcav|SUB:SPN-S000000171631,R0,150293.37367926893,37785.82573777797,61694.854189626916,204.67541316745536,23,1712.0
C.Semi.2|Wcav|SUB:SPN-S000000171631,R1,93614.8974013748,37785.82573777797,61694.854189626916,190.88564347348228,23,1712.0
C.Semi.2|Wcav|SUB:SPN-S000000171631,R2,93614.8974013748,37785.82573777797,61694.854189626916,190.88564347348228,23,1712.0
C.Semi.2|Wcav|SUB:SPN-S000000171633,R0,139322.32091174513,29553.748966732135,52956.88876172378,174.29000095081244,17,1595.2
C.Semi.2|Wcav|SUB:SPN-S000000171633,R1,89947.51780707538,29553.748966732135,52956.88876172378,164.9952749306549,17,1595.2
C.Semi.2|Wcav|SUB:SPN-S000000171633,R2,89947.51780707538,29553.748966732135,52956.88876172378,164.9952749306549,17,1595.2
C.Semi.2|Wcav|SUB:SPN-S000000171634,R0,118126.55585135185,25956.525805549176,45563.98131846985,146.45262851417192,15,1353.8999999999999
C.Semi.2|Wcav|SUB:SPN-S000000171634,R1,78373.05030933922,25956.525805549176,45563.98131846985,138.27313497618195,15,1353.8999999999999
C.Semi.2|Wcav|SUB:SPN-S000000171634,R2,78373.05030933922,25956.525805549176,45563.98131846985,138.27313497618195,15,1353.8999999999999
C.Semi.2|Wcav|SUB:SPN-S000000171635,R0,120288.72179679203,28728.197378487108,48671.48564437056,166.4200776499062,17,1370.3
C.Semi.2|Wcav|SUB:SPN-S000000171635,R1,73671.51260056172,28728.197378487108,48671.48564437056,158.88179343077957,17,1370.3
C.Semi.2|Wcav|SUB:SPN-S000000171635,R2,73671.51260056172,28728.197378487108,48671.48564437056,158.88179343077957,17,1370.3
C.Semi.2|Wcav|SUB:SPN-S000000171636,R0,125043.30305877037,27769.645571015662,48605.540032944875,154.375098478725,16,1434.9
C.Semi.2|Wcav|SUB:SPN-S000000171636,R1,82812.83631212401,27769.645571015662,48605.540032944875,146.53998536405607,16,1434.9
C.Semi.2|Wcav|SUB:SPN-S000000171636,R2,82812.83631212401,27769.645571015662,48605.540032944875,146.53998536405607,16,1434.9
C.Semi.2|Wcav|SUB:SPN-S000000171637,R0,114330.31740997115,24381.63618014013,43350.53012996307,147.1966897362497,14,1305.8
C.Semi.2|Wcav|SUB:SPN-S000000171637,R1,71218.42593171503,24381.63618014013,43350.53012996307,139.39009035688284,14,1305.8
C.Semi.2|Wcav|SUB:SPN-S000000171637,R2,71218.42593171503,24381.63618014013,43350.53012996307,139.39009035688284,14,1305.8
C.Semi.2|Wcav|SUB:SPN-S000000171647,R0,101769.78226660637,21520.341373735413,38815.75069349204,128.2242006791212,12,1168.7
C.Semi.2|Wcav|SUB:SPN-S000000171647,R1,68739.560271991,21520.341373735413,38815.75069349204,118.23559097218401,12,1168.7
C.Semi.2|Wcav|SUB:SPN-S000000171647,R2,68739.560271991,21520.341373735413,38815.75069349204,118.23559097218401,12,1168.7
C.Semi.2|Wcav|SUB:SPN-S000000171695,R0,129842.49070476071,26809.042036068644,48673.01698463711,159.8378223128756,15,1490.9
C.Semi.2|Wcav|SUB:SPN-S000000171695,R1,86220.53547900051,26809.042036068644,48673.01698463711,152.01186810193846,15,1490.9
C.Semi.2|Wcav|SUB:SPN-S000000171695,R2,86220.53547900051,26809.042036068644,48673.01698463711,152.01186810193846,15,1490.9
C.Semi.2|Wcav|SUB:SPN-S000000171696,R0,112073.74678968999,22948.031561334075,41756.737227574995,138.20726114565855,13,1288.2
C.Semi.2|Wcav|SUB:SPN-S000000171696,R1,72221.22201746181,22948.031561334075,41756.737227574995,132.98430759735825,13,1288.2
C.Semi.2|Wcav|SUB:SPN-S000000171696,R2,72221.22201746181,22948.031561334075,41756.737227574995,132.98430759735825,13,1288.2
C.Semi.2|Wcav|SUB:SPN-S000000171698,R0,139734.1056724894,29561.98449314063,52672.82999142236,174.103785553608,17,1601.6
C.Semi.2|Wcav|SUB:SPN-S000000171698,R1,90244.32879478118,29561.98449314063,52672.82999142236,165.5101371397493,17,1601.6
C.Semi.2|Wcav|SUB:SPN-S000000171698,R2,90244.32879478118,29561.98449314063,52672.82999142236,165.5101371397493,17,1601.6
C.Semi.2|Wcav|SUB:SPN-S000000171700,R0,261660.38929026926,54331.807908960865,99047.06653279634,328.995098586947,30,3008.8999999999996
C.Semi.2|Wcav|SUB:SPN-S000000171700,R1,176037.18074765994,54331.807908960865,99047.06653279634,304.67094896807606,30,3008.8999999999996
C.Semi.2|Wcav|SUB:SPN-S000000171700,R2,176037.18074765994,54331.807908960865,99047.06653279634,304.67094896807606,30,3008.8999999999996
C.Semi.2|Wcav|SUB:SPN-S000000171712,R0,100422.60417467527,20017.40222683451,37283.49414399038,131.73551176976324,11,1160.3
C.Semi.2|Wcav|SUB:SPN-S000000171712,R1,68223.79450234812,20017.40222683451,37283.49414399038,117.09949364478823,11,1160.3
C.Semi.2|Wcav|SUB:SPN-S000000171712,R2,68223.79450234812,20017.40222683451,37283.49414399038,117.09949364478823,11,1160.3
C.Semi.2|Wcav|SUB:SPN-S000000171713,R0,119861.49375881866,26503.989776726852,46826.81475390558,151.40902690572165,15,1370.1
C.Semi.2|Wcav|SUB:SPN-S000000171713,R1,75899.51546059505,26503.989776726852,46826.81475390558,143.04839498973004,15,1370.1
C.Semi.2|Wcav|SUB:SPN-S000000171713,R2,75899.51546059505,26503.989776726852,46826.81475390558,143.04839498973004,15,1370.1
C.Semi.2|Wcav|SUB:SPN-S000000171719,R0,189947.4467106457,41229.259150327154,73118.85316445443,236.83887326513866,24,2177.4
C.Semi.2|Wcav|SUB:SPN-S000000171719,R1,121890.1795660984,41229.259150327154,73118.85316445443,225.61176294220402,24,2177.4
C.Semi.2|Wcav|SUB:SPN-S000000171719,R2,121890.1795660984,41229.259150327154,73118.85316445443,225.61176294220402,24,2177.4
C.Semi.2|Wcav|SUB:SPN-S000000171720,R0,98803.72532082273,21566.199354729768,38430.8989338673,127.61959314367512,12,1135.0
C.Semi.2|Wcav|SUB:SPN-S000000171720,R1,67479.07828872278,21566.199354729768,38430.8989338673,117.61134687508475,12,1135.0
C.Semi.2|Wcav|SUB:SPN-S000000171720,R2,67479.07828872278,21566.199354729768,38430.8989338673,117.61134687508475,12,1135.0
C.Semi.2|Wcav|SUB:SPN-S000000171721,R0,118552.47066001798,23644.270161827306,44157.449203435994,155.19586634740114,13,1368.1
C.Semi.2|Wcav|SUB:SPN-S000000171721,R1,80677.12755341844,23644.270161827306,44157.449203435994,139.06411801420123,13,1368.1
C.Semi.2|Wcav|SUB:SPN-S000000171721,R2,80677.12755341844,23644.270161827306,44157.449203435994,139.06411801420123,13,1368.1
C.Semi.2|Wcav|SUB:SPN-S000000171722,R0,212976.58649804833,38730.25177007581,74390.56789207281,284.8349754322373,21,2458.5
C.Semi.2|Wcav|SUB:SPN-S000000171722,R1,146358.43071147037,38730.25177007581,74390.56789207281,256.334553163388,21,2458.5
C.Semi.2|Wcav|SUB:SPN-S000000171722,R2,146358.43071147037,38730.25177007581,74390.56789207281,256.334553163388,21,2458.5
C.Semi.2|Wcav|SUB:SPN-S000000171723,R0,139527.52580260613,26908.9308522661,50632.998710538115,181.3133602404078,15,1608.8999999999999
C.Semi.2|Wcav|SUB:SPN-S000000171723,R1,94775.84139326774,26908.9308522661,50632.998710538115,163.000366776769,15,1608.8999999999999
C.Semi.2|Wcav|SUB:SPN-S000000171723,R2,94775.84139326774,26908.9308522661,50632.998710538115,163.000366776769,15,1608.8999999999999
C.Semi.2|Wcav|SUB:SPN-S000000171724,R0,133404.44025251232,25286.678995847178,47697.30513694516,167.09927867299893,14,1536.3
C.Semi.2|Wcav|SUB:SPN-S000000171724,R1,89298.0556707407,25286.678995847178,47697.30513694516,155.7583356024657,14,1536.3
C.Semi.2|Wcav|SUB:SPN-S000000171724,R2,89298.0556707407,25286.678995847178,47697.30513694516,155.7583356024657,14,1536.3
C.Semi.2|Wcav|SUB:SPN-S000000171725,R0,218581.69115012203,42201.856626047746,79829.04861591634,288.53028051288516,23,2519.7000000000003
C.Semi.2|Wcav|SUB:SPN-S000000171725,R1,149707.19117883203,42201.856626047746,79829.04861591634,261.15202041355076,23,2519.7000000000003
C.Semi.2|Wcav|SUB:SPN-S000000171725,R2,149707.19117883203,42201.856626047746,79829.04861591634,261.15202041355076,23,2519.7000000000003
C.Semi.2|Wcav|SUB:SPN-S000000171730,R0,105627.54863693746,25625.99866611541,42959.298902470764,147.88582324960984,15,1203.3
C.Semi.2|Wcav|SUB:SPN-S000000171730,R1,66900.21053163083,25625.99866611541,42959.298902470764,135.72211782519403,15,1203.3
C.Semi.2|Wcav|SUB:SPN-S000000171730,R2,66900.21053163083,25625.99866611541,42959.298902470764,135.72211782519403,15,1203.3
C.Semi.2|Wcav|SUB:SPN-S000000171731,R0,105049.33865866894,25044.89559974827,41985.79570565968,134.57443617711792,15,1199.4
C.Semi.2|Wcav|SUB:SPN-S000000171731,R1,66174.25816711842,25044.89559974827,41985.79570565968,125.60099530287192,15,1199.4
C.Semi.2|Wcav|SUB:SPN-S000000171731,R2,66174.25816711842,25044.89559974827,41985.79570565968,125.60099530287192,15,1199.4
C.Semi.2|Wcav|SUB:SPN-S000000171732,R0,188722.01573177113,50993.407207328244,80151.48320889357,313.61736624768986,32,2136.1000000000004
C.Semi.2|Wcav|SUB:SPN-S000000171732,R1,108968.20965295147,50993.407207328244,80151.48320889357,308.9197596921203,32,2136.1000000000004
C.Semi.2|Wcav|SUB:SPN-S000000171732,R2,108968.20965295147,50993.407207328244,80151.48320889357,308.9197596921203,32,2136.1000000000004
C.Semi.2|Wcav|SUB:SPN-S000000171733,R0,153440.07031261676,34511.378635914225,60104.777048231525,192.7505615584126,20,1755.6000000000001
C.Semi.2|Wcav|SUB:SPN-S000000171733,R1,98251.3728463114,34511.378635914225,60104.777048231525,182.31545439476048,20,1755.6000000000001
C.Semi.2|Wcav|SUB:SPN-S000000171733,R2,98251.3728463114,34511.378635914225,60104.777048231525,182.31545439476048,20,1755.6000000000001
C.Semi.2|Wcav|SUB:SPN-S000000171734,R0,270899.4722197581,58991.77860349414,105091.49789613477,366.79356230176927,33,3102.3999999999996
C.Semi.2|Wcav|SUB:SPN-S000000171734,R1,181868.15541066375,58991.77860349414,105091.49789613477,328.5895646416482,33,3102.3999999999996
C.Semi.2|Wcav|SUB:SPN-S000000171734,R2,181868.15541066375,58991.77860349414,105091.49789613477,328.5895646416482,33,3102.3999999999996
C.Semi.2|Wcav|SUB:SPN-S000000171741,R0,109868.40302987918,24139.268944045507,42338.736874639864,139.13354509640678,14,1255.2
C.Semi.2|Wcav|SUB:SPN-S000000171741,R1,69368.83811354177,24139.268944045507,42338.736874639864,131.26144102559692,14,1255.2
C.Semi.2|Wcav|SUB:SPN-S000000171741,R2,69368.83811354177,24139.268944045507,42338.736874639864,131.26144102559692,14,1255.2
C.Semi.2|Wcav|SUB:SPN-S000000171744,R0,232664.99551265338,51263.6369814362,90343.55480173769,294.1216531544143,29,2659.5
C.Semi.2|Wcav|SUB:SPN-S000000171744,R1,146742.03374584654,51263.6369814362,90343.55480173769,278.1360372572348,29,2659.5
C.Semi.2|Wcav|SUB:SPN-S000000171744,R2,146742.03374584654,51263.6369814362,90343.55480173769,278.1360372572348,29,2659.5
C.Semi.2|Wcav|SUB:SPN-S000000171745,R0,118871.02227367503,26510.400632952755,46510.742808959694,159.51863960708008,15,1359.4
C.Semi.2|Wcav|SUB:SPN-S000000171745,R1,78247.30237556803,26510.400632952755,46510.742808959694,143.54155677773798,15,1359.4
C.Semi.2|Wcav|SUB:SPN-S000000171745,R2,78247.30237556803,26510.400632952755,46510.742808959694,143.54155677773798,15,1359.4
C.Semi.2|Wcav|SUB:SPN-S000000171746,R0,143534.32414896897,25894.961726763704,50219.414909128136,188.11727863200005,14,1657.8000000000002
C.Semi.2|Wcav|SUB:SPN-S000000171746,R1,97549.56419428534,25894.961726763704,50219.414909128136,167.6134431922886,14,1657.8000000000002
C.Semi.2|Wcav|SUB:SPN-S000000171746,R2,97549.56419428534,25894.961726763704,50219.414909128136,167.6134431922886,14,1657.8000000000002
C.Semi.2|Wcav|SUB:SPN-S000000171749,R0,81720.15506252977,17682.933779975858,31468.8466711693,102.42561088721352,10,938.5
C.Semi.2|Wcav|SUB:SPN-S000000171749,R1,51935.32598489853,17682.933779975858,31468.8466711693,97.51474959080656,10,938.5
C.Semi.2|Wcav|SUB:SPN-S000000171749,R2,51935.32598489853,17682.933779975858,31468.8466711693,97.51474959080656,10,938.5
C.Semi.2|Wcav|SUB:SPN-S000000171773,R0,91914.8405558847,20961.43521790843,36284.33964905098,127.99785449579463,12,1048.0
C.Semi.2|Wcav|SUB:SPN-S000000171773,R1,58791.99467840447,20961.43521790843,36284.33964905098,117.02130136615087,12,1048.0
C.Semi.2|Wcav|SUB:SPN-S000000171773,R2,58791.99467840447,20961.43521790843,36284.33964905098,117.02130136615087,12,1048.0
C.Semi.2|Wcav|SUB:SPN-S000000171774,R0,114252.71287070974,20372.0247359591,39769.69295644824,153.22161158934404,11,1321.4
C.Semi.2|Wcav|SUB:SPN-S000000171774,R1,78293.06181524505,20372.0247359591,39769.69295644824,136.19611581994903,11,1321.4
C.Semi.2|Wcav|SUB:SPN-S000000171774,R2,78293.06181524505,20372.0247359591,39769.69295644824,136.19611581994903,11,1321.4
C.Semi.2|Wcav|SUB:SPN-S000000171775,R0,203230.53628649123,40259.92133219296,75082.96758458028,258.6278709533098,22,2339.4999999999995
C.Semi.2|Wcav|SUB:SPN-S000000171775,R1,137183.73530443304,40259.92133219296,75082.96758458028,236.35344011104385,22,2339.4999999999995
C.Semi.2|Wcav|SUB:SPN-S000000171775,R2,137183.73530443304,40259.92133219296,75082.96758458028,236.35344011104385,22,2339.4999999999995
C.Semi.2|Wcav|SUB:SPN-S000000171780,R0,503414.1035714063,111372.68749530433,194994.12948848275,630.8225087883724,64,5764.5
C.Semi.2|Wcav|SUB:SPN-S000000171780,R1,321408.8565412399,111372.68749530433,194994.12948848275,599.0324054731057,64,5764.5
C.Semi.2|Wcav|SUB:SPN-S000000171780,R2,321408.8565412399,111372.68749530433,194994.12948848275,599.0324054731057,64,5764.5
C.Semi.2|Wcav|SUB:SPN-S000000171781,R0,104746.02748600891,19988.369118692433,37727.164724976225,128.2900400060481,11,1205.2
C.Semi.2|Wcav|SUB:SPN-S000000171781,R1,69518.98942960001,19988.369118692433,37727.164724976225,122.73474026761481,11,1205.2
C.Semi.2|Wcav|SUB:SPN-S000000171781,R2,69518.98942960001,19988.369118692433,37727.164724976225,122.73474026761481,11,1205.2
C.Semi.2|Wcav|SUB:SPN-S000000171789,R0,296447.4266456715,64360.78025398425,114799.93508443312,388.07690939903654,36,3393.9999999999995
C.Semi.2|Wcav|SUB:SPN-S000000171789,R1,196777.1363416684,64360.78025398425,114799.93508443312,346.81888331797427,36,3393.9999999999995
C.Semi.2|Wcav|SUB:SPN-S000000171789,R2,196777.1363416684,64360.78025398425,114799.93508443312,346.81888331797427,36,3393.9999999999995
C.Semi.2|Wcav|SUB:SPN-S000000171790,R0,219099.8625203732,42387.881687501766,80320.0370672645,288.7134680097866,23,2526.7000000000003
C.Semi.2|Wcav|SUB:SPN-S000000171790,R1,149802.30065057616,42387.881687501766,80320.0370672645,260.4504857081488,23,2526.7000000000003
C.Semi.2|Wcav|SUB:SPN-S000000171790,R2,149802.30065057616,42387.881687501766,80320.0370672645,260.4504857081488,23,2526.7000000000003
C.Semi.2|Wcav|SUB:SPN-S000000171828,R0,217304.90351761243,40425.745009814666,77712.5963039809,281.18549690922765,22,2512.3
C.Semi.2|Wcav|SUB:SPN-S000000171828,R1,146454.088051401,40425.745009814666,77712.5963039809,253.23319781156016,22,2512.3
C.Semi.2|Wcav|SUB:SPN-S000000171828,R2,146454.088051401,40425.745009814666,77712.5963039809,253.23319781156016,22,2512.3
C.Semi.2|Wcav|SUB:SPN-S000000171830,R0,122820.94913192293,26771.45192414726,47969.639349453995,154.61144508567563,15,1404.5
C.Semi.2|Wcav|SUB:SPN-S000000171830,R1,78617.89887738056,26771.45192414726,47969.639349453995,145.93222703014965,15,1404.5
C.Semi.2|Wcav|SUB:SPN-S000000171830,R2,78617.89887738056,26771.45192414726,47969.639349453995,145.93222703014965,15,1404.5
C.Semi.2|Wcav|SUB:SPN-S000000171832,R0,254751.59264228315,62436.390304228655,103844.90814134685,349.9159614797998,37,2901.8
C.Semi.2|Wcav|SUB:SPN-S000000171832,R1,159653.7450087453,62436.390304228655,103844.90814134685,321.7913932221662,37,2901.8
C.Semi.2|Wcav|SUB:SPN-S000000171832,R2,159653.7450087453,62436.390304228655,103844.90814134685,321.7913932221662,37,2901.8
C.Semi.2|Wcav|SUB:SPN-S000000171833,R0,204388.36378402018,48714.22689174903,81848.0948934654,266.8082942806962,29,2333.3
C.Semi.2|Wcav|SUB:SPN-S000000171833,R1,126865.71905515331,48714.22689174903,81848.0948934654,253.24685562275985,29,2333.3
C.Semi.2|Wcav|SUB:SPN-S000000171833,R2,126865.71905515331,48714.22689174903,81848.0948934654,253.24685562275985,29,2333.3
C.Semi.2|Wcav|SUB:SPN-S000000171834,R0,119219.36120300612,23516.110735829825,43702.142496337634,146.63850635571663,13,1369.6000000000001
C.Semi.2|Wcav|SUB:SPN-S000000171834,R1,78730.29474942129,23516.110735829825,43702.142496337634,139.93947121203783,13,1369.6000000000001
C.Semi.2|Wcav|SUB:SPN-S000000171834,R2,78730.29474942129,23516.110735829825,43702.142496337634,139.93947121203783,13,1369.6000000000001
C.Semi.2|Wcav|SUB:SPN-S000000171840,R0,122229.29368837556,25399.580044137332,46259.42153512723,158.1639020020132,14,1403.7
C.Semi.2|Wcav|SUB:SPN-S000000171840,R1,83602.05470779949,25399.580044137332,46259.42153512723,146.11707822066052,14,1403.7
C.Semi.2|Wcav|SUB:SPN-S000000171840,R2,83602.05470779949,25399.580044137332,46259.42153512723,146.11707822066052,14,1403.7
C.Semi.2|Wcav|SUB:SPN-S000000171851,R0,218614.84331556596,40258.83047717715,75587.8306805024,284.7471882810353,23,2521.0999999999995
C.Semi.2|Wcav|SUB:SPN-S000000171851,R1,148632.53705518722,40258.83047717715,75587.8306805024,255.99328968918556,23,2521.0999999999995
C.Semi.2|Wcav|SUB:SPN-S000000171851,R2,148632.53705518722,40258.83047717715,75587.8306805024,255.99328968918556,23,2521.0999999999995
C.Semi.2|Wcav|SUB:SPN-S000000171857,R0,197964.54015986086,44372.07506279735,78003.78691741786,258.5699288877787,25,2263.7
C.Semi.2|Wcav|SUB:SPN-S000000171857,R1,129342.65565681312,44372.07506279735,78003.78691741786,233.1433312220327,25,2263.7
C.Semi.2|Wcav|SUB:SPN-S000000171857,R2,129342.65565681312,44372.07506279735,78003.78691741786,233.1433312220327,25,2263.7
C.Semi.2|Wcav|SUB:SPN-S000000171864,R0,118798.43967088014,20449.015689431806,40761.51459591877,151.81129048509405,11,1374.2000000000003
C.Semi.2|Wcav|SUB:SPN-S000000171864,R1,79485.77061943235,20449.015689431806,40761.51459591877,139.02548244526966,11,1374.2000000000003
C.Semi.2|Wcav|SUB:SPN-S000000171864,R2,79485.77061943235,20449.015689431806,40761.51459591877,139.02548244526966,11,1374.2000000000003
C.Semi.2|Wcav|SUB:SPN-S000000173197,R0,114996.8228696989,24494.578714793635,43873.71783842302,142.59892867672653,14,1319.3999999999999
C.Semi.2|Wcav|SUB:SPN-S000000173197,R1,74651.54839439181,24494.578714793635,43873.71783842302,135.9483819372616,14,1319.3999999999999
C.Semi.2|Wcav|SUB:SPN-S000000173197,R2,74651.54839439181,24494.578714793635,43873.71783842302,135.9483819372616,14,1319.3999999999999
C.Semi.2|Wcav|SUB:SPN-S000000173929,R0,98512.29603072038,20027.24720478303,36878.566588733855,127.27385714656646,11,1132.5
C.Semi.2|Wcav|SUB:SPN-S000000173929,R1,67177.55758565353,20027.24720478303,36878.566588733855,116.69276857374201,11,1132.5
C.Semi.2|Wcav|SUB:SPN-S000000173929,R2,67177.55758565353,20027.24720478303,36878.566588733855,116.69276857374201,11,1132.5
C.Semi.2|Wcav|SUB:SPN-S000000173931,R0,205222.98358646524,49130.743175814016,82603.23482732303,276.53535583178655,29,2339.7
C.Semi.2|Wcav|SUB:SPN-S000000173931,R1,126959.19291230707,49130.743175814016,82603.23482732303,261.6421668472782,29,2339.7
C.Semi.2|Wcav|SUB:SPN-S000000173931,R2,126959.19291230707,49130.743175814016,82603.23482732303,261.6421668472782,29,2339.7
C.Semi.2|Wcav|SUB:SPN-S000000174077,R0,159831.10092422809,31968.16008882514,58387.14347357294,199.63833896911305,18,1831.4000000000003
C.Semi.2|Wcav|SUB:SPN-S000000174077,R1,102467.61568157945,31968.16008882514,58387.14347357294,189.89346808061913,18,1831.4000000000003
C.Semi.2|Wcav|SUB:SPN-S000000174077,R2,102467.61568157945,31968.16008882514,58387.14347357294,189.89346808061913,18,1831.4000000000003
C.Semi.2|Wcav|SUB:SPN-S000000174160,R0,182430.8293391481,34607.703670910676,65794.27124835175,229.33190987429805,19,2102.1
C.Semi.2|Wcav|SUB:SPN-S000000174160,R1,122165.97966472065,34607.703670910676,65794.27124835175,212.99679874032608,19,2102.1
C.Semi.2|Wcav|SUB:SPN-S000000174160,R2,122165.97966472065,34607.703670910676,65794.27124835175,212.99679874032608,19,2102.1
C.Semi.2|Wcav|SUB:SPN-S000000175224,R0,226969.9443220073,47358.95131194013,86383.26209065318,285.95760293348974,26,2611.8999999999996
C.Semi.2|Wcav|SUB:SPN-S000000175224,R1,152595.87938790442,47358.95131194013,86383.26209065318,264.4177604797077,26,2611.8999999999996
C.Semi.2|Wcav|SUB:SPN-S000000175224,R2,152595.87938790442,47358.95131194013,86383.26209065318,264.4177604797077,26,2611.8999999999996
C.Semi.2|Wcav|SUB:SPN-S000000175228,R0,134209.87243099528,22377.603745127068,44881.491397123675,179.88302080854098,12,1551.6
C.Semi.2|Wcav|SUB:SPN-S000000175228,R1,92023.19080962648,22377.603745127068,44881.491397123675,160.3080139087863,12,1551.6
C.Semi.2|Wcav|SUB:SPN-S000000175228,R2,92023.19080962648,22377.603745127068,44881.491397123675,160.3080139087863,12,1551.6
C.Semi.2|Wcav|SUB:SPN-S000000181225,R0,98706.90754820773,19233.703238604532,36150.767230878104,125.19179025954477,11,1140.8999999999999
C.Semi.2|Wcav|SUB:SPN-S000000181225,R1,65920.56510912688,19233.703238604532,36150.767230878104,115.4943240979405,11,1140.8999999999999
C.Semi.2|Wcav|SUB:SPN-S000000181225,R2,65920.56510912688,19233.703238604532,36150.767230878104,115.4943240979405,11,1140.8999999999999
C.Semi.2|Wcav|SUB:SPN-S000000181252,R0,359074.5140676439,86002.59440568063,144239.31312700082,499.34260472923984,51,4090.1
C.Semi.2|Wcav|SUB:SPN-S000000181252,R1,219202.81241564953,86002.59440568063,144239.31312700082,478.4915055226535,51,4090.1
C.Semi.2|Wcav|SUB:SPN-S000000181252,R2,219202.81241564953,86002.59440568063,144239.31312700082,478.4915055226535,51,4090.1
C.Semi.3|Wsol|LSOA:E01030422,R0,147069.05210666332,22367.676094073388,39137.540410736714,150.1605598945295,13,1131.3
C.Semi.3|Wsol|LSOA:E01030422,R1,136556.88466412574,22367.676094073388,39137.540410736714,146.8634550614345,13,1131.3
C.Semi.3|Wsol|LSOA:E01030422,R2,95907.61982772883,22367.676094073388,39137.540410736714,143.0747937759035,13,1131.3
C.Semi.3|Wsol|LSOA:E01030423,R0,225948.70001884474,33545.1676361355,59544.59423712868,219.29989100849176,19,1725.9
C.Semi.3|Wsol|LSOA:E01030423,R1,208432.83516951994,33545.1676361355,59544.59423712868,213.80740337662672,19,1725.9
C.Semi.3|Wsol|LSOA:E01030423,R2,148061.4742229904,33545.1676361355,59544.59423712868,214.55081611328123,19,1725.9
C.Semi.3|Wsol|LSOA:E01030424,R0,133575.66136971334,17503.741042540212,32776.81832904569,136.34882822008313,10,1046.7
C.Semi.3|Wsol|LSOA:E01030424,R1,123804.03629637249,17503.741042540212,32776.81832904569,133.1417965855714,10,1046.7
C.Semi.3|Wsol|LSOA:E01030424,R2,86630.89764152608,17503.741042540212,32776.81832904569,128.24020332818716,10,1046.7
C.Semi.3|Wsol|LSOA:E01030427,R0,167304.70294645248,24212.523331331504,42740.90989261953,164.10805563759774,14,1279.9999999999998
C.Semi.3|Wsol|LSOA:E01030427,R1,154679.69576070458,24212.523331331504,42740.90989261953,159.38271635353635,14,1279.9999999999998
C.Semi.3|Wsol|LSOA:E01030427,R2,109481.0996841305,24212.523331331504,42740.90989261953,156.12135118815104,14,1279.9999999999998
C.Semi.3|Wsol|LSOA:E01030428,R0,230466.5166710592,30630.390053790117,57604.1193117043,248.22252374988776,17,1835.9
C.Semi.3|Wsol|LSOA:E01030428,R1,214347.4575427153,30630.390053790117,57604.1193117043,243.21483695806393,17,1835.9
C.Semi.3|Wsol|LSOA:E01030428,R2,148426.89623221962,30630.390053790117,57604.1193117043,232.40183798154635,17,1835.9
C.Semi.3|Wsol|LSOA:E01030429,R0,158880.51306692406,23362.05365317598,41619.73921451405,161.85406116592583,13,1228.5
C.Semi.3|Wsol|LSOA:E01030429,R1,147551.73872741382,23362.05365317598,41619.73921451405,158.41580620566182,13,1228.5
C.Semi.3|Wsol|LSOA:E01030429,R2,103424.69797664446,23362.05365317598,41619.73921451405,155.28857660739942,13,1228.5
C.Semi.3|Wsol|LSOA:E01030430,R0,278474.6981640181,39642.04994556804,70094.43611264357,279.13092178104364,23,2121.7
C.Semi.3|Wsol|LSOA:E01030430,R1,257910.9371828869,39642.04994556804,70094.43611264357,271.73816328543336,23,2121.7
C.Semi.3|Wsol|LSOA:E01030430,R2,182353.38624914922,39642.04994556804,70094.43611264357,261.3647793389595,23,2121.7
C.Semi.3|Wsol|LSOA:E01030431,R0,294478.05323558755,40339.43725473869,73923.9937012635,303.728542528019,23,2302.4
C.Semi.3|Wsol|LSOA:E01030431,R1,273402.8421926257,40339.43725473869,73923.9937012635,297.40959859288654,23,2302.4
C.Semi.3|Wsol|LSOA:E01030431,R2,191001.01165739697,40339.43725473869,73923.9937012635,288.3299544961421,23,2302.4
C.Semi.3|Wsol|LSOA:E01030440,R0,343607.9982235086,46500.64145256794,88509.4237826693,366.4852989373083,26,2732.0
C.Semi.3|Wsol|LSOA:E01030440,R1,319297.87482993124,46500.64145256794,88509.4237826693,358.71629204088606,26,2732.0
C.Semi.3|Wsol|LSOA:E01030440,R2,221514.5909382872,46500.64145256794,88509.4237826693,342.6695411037833,26,2732.0
C.Semi.3|Wsol|LSOA:E01030441,R0,279958.0967423259,35709.74990311965,67763.64534333858,288.74360718254377,20,2196.9
C.Semi.3|Wsol|LSOA:E01030441,R1,259734.32994166279,35709.74990311965,67763.64534333858,282.3302066483615,20,2196.9
C.Semi.3|Wsol|LSOA:E01030441,R2,181409.37998032753,35709.74990311965,67763.64534333858,272.2074312661293,20,2196.9
C.Semi.3|Wsol|LSOA:E01030443,R0,202412.2914943439,27388.355591657793,51420.63018485987,224.26618549252078,15,1608.8999999999999
C.Semi.3|Wsol|LSOA:E01030443,R1,189031.037859251,27388.355591657793,51420.63018485987,221.02814156826787,15,1608.8999999999999
C.Semi.3|Wsol|LSOA:E01030443,R2,130246.03254007074,27388.355591657793,51420.63018485987,213.72924739129155,15,1608.8999999999999
C.Semi.3|Wsol|LSOA:E01030444,R0,281354.3931058113,34082.54231423393,65625.86185896708,282.3019853017414,19,2193.0
C.Semi.3|Wsol|LSOA:E01030444,R1,260501.85947352418,34082.54231423393,65625.86185896708,275.36836998058965,19,2193.0
C.Semi.3|Wsol|LSOA:E01030444,R2,182875.16957277787,34082.54231423393,65625.86185896708,266.0054608378578,19,2193.0
C.Semi.3|Wsol|LSOA:E01030458,R0,507997.1411903068,62043.5312798684,123089.90278849874,559.4012300673146,35,4029.1
C.Semi.3|Wsol|LSOA:E01030458,R1,474236.7002491619,62043.5312798684,123089.90278849874,551.1768677112345,35,4029.1
C.Semi.3|Wsol|LSOA:E01030458,R2,327175.16330002696,62043.5312798684,123089.90278849874,533.63753827265,35,4029.1
C.Semi.3|Wsol|LSOA:E01030459,R0,322544.36057194584,47135.20501605012,83118.49437948212,341.95359081017557,28,2533.7000000000003
C.Semi.3|Wsol|LSOA:E01030459,R1,300212.76422371285,47135.20501605012,83118.49437948212,335.89071611910094,28,2533.7000000000003
C.Semi.3|Wsol|LSOA:E01030459,R2,208666.80460153078,47135.20501605012,83118.49437948212,326.035449602122,28,2533.7000000000003
C.Semi.3|Wsol|LSOA:E01030465,R0,280576.20308109984,41259.60245105029,73151.00553147757,276.87529193188846,24,2156.9
C.Semi.3|Wsol|LSOA:E01030465,R1,259649.9981284346,41259.60245105029,73151.00553147757,269.41715883714375,24,2156.9
C.Semi.3|Wsol|LSOA:E01030465,R2,183247.81943964073,41259.60245105029,73151.00553147757,261.84030475289774,24,2156.9
C.Semi.3|Wsol|LSOA:E01030466,R0,183855.42661776053,26314.660255606617,47162.82076596085,184.23106522432442,15,1429.8
C.Semi.3|Wsol|LSOA:E01030466,R1,170277.63954550715,26314.660255606617,47162.82076596085,179.82581693260943,15,1429.8
C.Semi.3|Wsol|LSOA:E01030466,R2,119580.53302681874,26314.660255606617,47162.82076596085,174.25022104760723,15,1429.8
C.Semi.3|Wsol|LSOA:E01030471,R0,582883.4919640727,61865.73185652231,127662.91450682915,645.3586430894517,35,4710.5
C.Semi.3|Wsol|LSOA:E01030471,R1,542498.6274000928,61865.73185652231,127662.91450682915,632.0610900316714,35,4710.5
C.Semi.3|Wsol|LSOA:E01030471,R2,373402.43919392617,61865.73185652231,127662.91450682915,596.5772568820285,35,4710.5
C.Semi.3|Wsol|LSOA:E01030472,R0,295211.66177146666,39159.00243262612,72648.41761390891,296.423985661593,23,2271.2
C.Semi.3|Wsol|LSOA:E01030472,R1,273667.4545541317,39159.00243262612,72648.41761390891,289.22598330706717,23,2271.2
C.Semi.3|Wsol|LSOA:E01030472,R2,192626.7991494509,39159.00243262612,72648.41761390891,281.6015582659842,23,2271.2
C.Semi.3|Wsol|LSOA:E01030473,R0,497198.6720551795,59677.98758079131,117355.98132088274,538.8036152369135,33,3971.1000000000004
C.Semi.3|Wsol|LSOA:E01030473,R1,462547.58129036386,59677.98758079131,117355.98132088274,527.9933886984003,33,3971.1000000000004
C.Semi.3|Wsol|LSOA:E01030473,R2,319884.1830692317,59677.98758079131,117355.98132088274,503.54970704934794,33,3971.1000000000004
C.Semi.3|Wsol|LSOA:E01030475,R0,177565.10252580472,18504.123001137625,38171.92382091272,194.59083795716248,10,1423.8999999999999
C.Semi.3|Wsol|LSOA:E01030475,R1,165297.78942145524,18504.123001137625,38171.92382091272,190.7831799209079,10,1423.8999999999999
C.Semi.3|Wsol|LSOA:E01030475,R2,114051.3588768628,18504.123001137625,38171.92382091272,181.53186226849164,10,1423.8999999999999
C.Semi.3|Wsol|LSOA:E01030477,R0,480811.00952079333,65859.39499034532,120598.1192241882,503.75843318263526,37,3742.7
C.Semi.3|Wsol|LSOA:E01030477,R1,447654.99269671517,65859.39499034532,120598.1192241882,495.50735590755545,37,3742.7
C.Semi.3|Wsol|LSOA:E01030477,R2,311979.97108118696,65859.39499034532,120598.1192241882,485.6901154668331,37,3742.7
C.Semi.3|Wsol|LSOA:E01030478,R0,441291.46436917945,53884.80756603383,106358.17078316271,474.80204114863085,30,3516.9
C.Semi.3|Wsol|LSOA:E01030478,R1,410336.57213966444,53884.80756603383,106358.17078316271,465.057903691009,30,3516.9
C.Semi.3|Wsol|LSOA:E01030478,R2,284184.89523715875,53884.80756603383,106358.17078316271,443.9426448102826,30,3516.9
C.Semi.3|Wsol|LSOA:E01030479,R0,661294.3018322818,82591.73604462601,156578.4931341641,701.5340701542468,46,5202.5
C.Semi.3|Wsol|LSOA:E01030479,R1,615377.0726943484,82591.73604462601,156578.4931341641,688.7804978766027,46,5202.5
C.Semi.3|Wsol|LSOA:E01030479,R2,427634.91007247043,82591.73604462601,156578.4931341641,667.2382100480769,46,5202.5
C.Semi.3|Wsol|LSOA:E01030480,R0,419634.2468378864,53909.732513177994,100562.71542106205,420.4370290713416,31,3267.7
C.Semi.3|Wsol|LSOA:E01030480,R1,388537.9134049041,53909.732513177994,100562.71542106205,410.1568498032715,31,3267.7
C.Semi.3|Wsol|LSOA:E01030480,R2,272840.57848437247,53909.732513177994,100562.71542106205,396.61919059060006,31,3267.7
C.Semi.3|Wsol|LSOA:E01030490,R0,447381.16548923496,57794.21265920538,112840.67362650411,486.260100328802,32,3565.8
C.Semi.3|Wsol|LSOA:E01030490,R1,416534.31217465503,57794.21265920538,112840.67362650411,477.1331090904068,32,3565.8
C.Semi.3|Wsol|LSOA:E01030490,R2,287950.04559469875,57794.21265920538,112840.67362650411,456.8692050846872,32,3565.8
C.Semi.3|Wsol|LSOA:E01030491,R0,723121.9984513066,86434.98217296219,170863.77213821787,770.1607882226044,48,5751.9
C.Semi.3|Wsol|LSOA:E01030491,R1,671782.6081497471,86434.98217296219,170863.77213821787,753.5155223400199,48,5751.9
C.Semi.3|Wsol|LSOA:E01030491,R2,466157.9087740416,86434.98217296219,170863.77213821787,719.0242661066673,48,5751.9
C.Semi.3|Wsol|LSOA:E01030492,R0,669127.9608255154,88256.83458935004,170746.93446213088,692.751094785044,49,5282.2
C.Semi.3|Wsol|LSOA:E01030492,R1,620351.7102488781,88256.83458935004,170746.93446213088,676.251908129939,49,5282.2
C.Semi.3|Wsol|LSOA:E01030492,R2,432826.109540325,88256.83458935004,170746.93446213088,646.8831302211296,49,5282.2
C.Semi.3|Wsol|LSOA:E01030499,R0,148265.6346912466,21610.397718288405,39100.82172544474,162.37347270149482,12,1163.2
C.Semi.3|Wsol|LSOA:E01030499,R1,138609.56454230112,21610.397718288405,39100.82172544474,160.47519502845932,12,1163.2
C.Semi.3|Wsol|LSOA:E01030499,R2,95794.0181744317,21610.397718288405,39100.82172544474,157.49937128840628,12,1163.2
C.Semi.3|Wsol|LSOA:E01030500,R0,318254.369467557,37208.441761308706,72773.82044673694,330.1634996722342,21,2484.4000000000005
C.Semi.3|Wsol|LSOA:E01030500,R1,293659.21283452865,37208.441761308706,72773.82044673694,324.07722578125,21,2484.4000000000005
C.Semi.3|Wsol|LSOA:E01030500,R2,207028.58571640484,37208.441761308706,72773.82044673694,323.0493456877901,21,2484.4000000000005
C.Semi.3|Wsol|LSOA:E01030501,R0,287518.1350526576,37413.76143384028,70429.3248515988,292.009660477609,21,2244.7
C.Semi.3|Wsol|LSOA:E01030501,R1,266514.1857918721,37413.76143384028,70429.3248515988,285.29284430972314,21,2244.7
C.Semi.3|Wsol|LSOA:E01030501,R2,186695.46266066222,37413.76143384028,70429.3248515988,275.9161080906346,21,2244.7
C.Semi.3|Wsol|LSOA:E01030502,R0,271957.36632189044,30615.972093461638,61001.640220169684,284.67029568817003,17,2153.8999999999996
C.Semi.3|Wsol|LSOA:E01030502,R1,252314.36542711512,30615.972093461638,61001.640220169684,278.09865866282604,17,2153.8999999999996
C.Semi.3|Wsol|LSOA:E01030502,R2,175669.2330775112,30615.972093461638,61001.640220169684,265.6268930560276,17,2153.8999999999996
C.Semi.3|Wsol|SUB:SPN-S000000171610,R0,609440.4067795409,91883.85712500114,158651.87711600275,599.1910874654102,53,4595.099999999999
C.Semi.3|Wsol|SUB:SPN-S000000171610,R1,562932.8381600813,91883.85712500114,158651.87711600275,580.36576557865,53,4595.099999999999
C.Semi.3|Wsol|SUB:SPN-S000000171610,R2,400843.2607192985,91883.85712500114,158651.87711600275,568.2263428190104,53,4595.099999999999
C.Semi.3|Wsol|SUB:SPN-S000000171617,R0,167298.39471356408,24743.78648373558,43462.25467657325,167.77912028815066,14,1272.0
C.Semi.3|Wsol|SUB:SPN-S000000171617,R1,154926.89286026283,24743.78648373558,43462.25467657325,163.27836271085462,14,1272.0
C.Semi.3|Wsol|SUB:SPN-S000000171617,R2,109630.92573304025,24743.78648373558,43462.25467657325,156.6423636770557,14,1272.0
C.Semi.3|Wsol|SUB:SPN-S000000171618,R0,448255.83591374103,62273.2038026972,113152.63412420015,456.27938097914415,35,3482.0
C.Semi.3|Wsol|SUB:SPN-S000000171618,R1,416032.3832418632,62273.2038026972,113152.63412420015,446.8554238707795,35,3482.0
C.Semi.3|Wsol|SUB:SPN-S000000171618,R2,291419.07226801367,62273.2038026972,113152.63412420015,435.75415984891345,35,3482.0
C.Semi.3|Wsol|SUB:SPN-S000000171619,R0,165132.87443738547,23836.141015347624,43707.02007409547,192.98727353891223,13,1325.1
C.Semi.3|Wsol|SUB:SPN-S000000171619,R1,155036.0043521548,23836.141015347624,43707.02007409547,191.28818101262019,13,1325.1
C.Semi.3|Wsol|SUB:SPN-S000000171619,R2,105682.67183896643,23836.141015347624,43707.02007409547,185.48582287209533,13,1325.1
C.Semi.3|Wsol|SUB:SPN-S000000171621,R0,273718.22111280356,38421.819562172466,71049.96999056509,320.24466541090743,21,2188.7
C.Semi.3|Wsol|SUB:SPN-S000000171621,R1,257201.5128569251,38421.819562172466,71049.96999056509,317.874311890024,21,2188.7
C.Semi.3|Wsol|SUB:SPN-S000000171621,R2,175332.83754668623,38421.819562172466,71049.96999056509,309.7796143765024,21,2188.7
C.Semi.3|Wsol|SUB:SPN-S000000171625,R0,240801.35852318653,31504.62739666406,60402.08892882487,274.55423152944707,17,1940.2
C.Semi.3|Wsol|SUB:SPN-S000000171625,R1,225133.0222653993,31504.62739666406,60402.08892882487,270.60041246394223,17,1940.2
C.Semi.3|Wsol|SUB:SPN-S000000171625,R2,154145.82636290335,31504.62739666406,60402.08892882487,258.978893071915,17,1940.2
C.Semi.3|Wsol|SUB:SPN-S000000171674,R0,160544.21105981542,20664.8595801551,40662.05386510726,186.28927002328726,11,1317.3000000000002
C.Semi.3|Wsol|SUB:SPN-S000000171674,R1,149904.62314073223,20664.8595801551,40662.05386510726,182.96452257512018,11,1317.3000000000002
C.Semi.3|Wsol|SUB:SPN-S000000171674,R2,102156.73536094757,20664.8595801551,40662.05386510726,171.61059386167867,11,1317.3000000000002
C.Semi.3|Wsol|SUB:SPN-S000000171686,R0,461951.9195013521,65049.532081292025,118275.45879294418,474.8392995480701,36,3589.1
C.Semi.3|Wsol|SUB:SPN-S000000171686,R1,429239.3040890415,65049.532081292025,118275.45879294418,465.8166458464578,36,3589.1
C.Semi.3|Wsol|SUB:SPN-S000000171686,R2,300167.8786611912,65049.532081292025,118275.45879294418,455.3844735102025,36,3589.1
C.Semi.3|Wsol|SUB:SPN-S000000171695,R0,167985.28014307976,25197.353560223317,44685.68381312392,185.0447909236675,14,1309.0
C.Semi.3|Wsol|SUB:SPN-S000000171695,R1,157347.50494941525,25197.353560223317,44685.68381312392,183.31583714244513,14,1309.0
C.Semi.3|Wsol|SUB:SPN-S000000171695,R2,108702.0756063959,25197.353560223317,44685.68381312392,181.75560266944353,14,1309.0
C.Semi.3|Wsol|SUB:SPN-S000000171712,R0,221381.07775700738,32982.27138478482,57426.0091373229,215.07145692474336,19,1682.1000000000001
C.Semi.3|Wsol|SUB:SPN-S000000171712,R1,204069.31000009718,32982.27138478482,57426.0091373229,209.87689258868497,19,1682.1000000000001
C.Semi.3|Wsol|SUB:SPN-S000000171712,R2,145359.31036105446,32982.27138478482,57426.0091373229,210.83495164388023,19,1682.1000000000001
C.Semi.3|Wsol|SUB:SPN-S000000171713,R0,145199.079584225,22341.854697806553,37810.45755481167,140.64389737695834,13,1069.4
C.Semi.3|Wsol|SUB:SPN-S000000171713,R1,133688.05830535427,22341.854697806553,37810.45755481167,135.62943268786955,13,1069.4
C.Semi.3|Wsol|SUB:SPN-S000000171713,R2,96330.52832315315,22341.854697806553,37810.45755481167,137.1777859700521,13,1069.4
C.Semi.3|Wsol|SUB:SPN-S000000171720,R0,130081.14384945804,17421.952563549457,31835.572380882895,127.71645330991566,10,1007.0
C.Semi.3|Wsol|SUB:SPN-S000000171720,R1,120089.11304042686,17421.952563549457,31835.572380882895,123.6351483449381,10,1007.0
C.Semi.3|Wsol|SUB:SPN-S000000171720,R2,84840.09810351717,17421.952563549457,31835.572380882895,123.70297278645833,10,1007.0
C.Semi.3|Wsol|SUB:SPN-S000000171741,R0,141886.36560887413,23003.53535244582,37537.63727213052,140.31913342492817,14,1041.0
C.Semi.3|Wsol|SUB:SPN-S000000171741,R1,130857.69451627176,23003.53535244582,37537.63727213052,138.94031716594827,14,1041.0
C.Semi.3|Wsol|SUB:SPN-S000000171741,R2,94184.98657888995,23003.53535244582,37537.63727213052,135.13751227999282,14,1041.0
C.Semi.3|Wsol|SUB:SPN-S000000171744,R0,588088.0154704296,89050.3397183909,153675.454369916,593.0722960566433,51,4424.3
C.Semi.3|Wsol|SUB:SPN-S000000171744,R1,544446.2868704135,89050.3397183909,153675.454369916,576.4023582053743,51,4424.3
C.Semi.3|Wsol|SUB:SPN-S000000171744,R2,386736.6251442818,89050.3397183909,153675.454369916,545.9216787827593,51,4424.3
C.Semi.3|Wsol|SUB:SPN-S000000171773,R0,179532.59415005447,26276.359857934498,46153.738802164284,178.42145200466433,15,1363.2
C.Semi.3|Wsol|SUB:SPN-S000000171773,R1,166093.61671671463,26276.359857934498,46153.738802164284,173.35189272426402,15,1363.2
C.Semi.3|Wsol|SUB:SPN-S000000171773,R2,117743.50840227865,26276.359857934498,46153.738802164284,165.9287874695029,15,1363.2
C.Semi.3|Wsol|SUB:SPN-S000000171775,R0,128759.6452189121,18129.870454501928,33397.143667438795,145.68258072560923,10,1028.1
C.Semi.3|Wsol|SUB:SPN-S000000171775,R1,120474.43608737217,18129.870454501928,33397.143667438795,143.86322771261607,10,1028.1
C.Semi.3|Wsol|SUB:SPN-S000000171775,R2,82660.74267303474,18129.870454501928,33397.143667438795,139.1057230918435,10,1028.1
C.Semi.3|Wsol|SUB:SPN-S000000171780,R0,366453.9743615439,54674.73743209682,95944.10191370809,371.5720233281872,31,2780.8
C.Semi.3|Wsol|SUB:SPN-S000000171780,R1,339667.0160456387,54674.73743209682,95944.10191370809,362.05029297716004,31,2780.8
C.Semi.3|Wsol|SUB:SPN-S000000171780,R2,240204.66855500705,54674.73743209682,95944.10191370809,346.74398842945266,31,2780.8
C.Semi.3|Wsol|SUB:SPN-S000000171790,R0,303588.94772469584,41982.18755492018,77632.89040765673,342.77406051743134,23,2403.3
C.Semi.3|Wsol|SUB:SPN-S000000171790,R1,284457.6016018208,41982.18755492018,77632.89040765673,339.4182336873481,23,2403.3
C.Semi.3|Wsol|SUB:SPN-S000000171790,R2,195369.03738946968,41982.18755492018,77632.89040765673,331.87323613902936,23,2403.3
C.Semi.3|Wsol|SUB:SPN-S000000171795,R0,837094.7996261448,122526.65561516955,217178.0428673238,857.1636957767515,69,6415.7
C.Semi.3|Wsol|SUB:SPN-S000000171795,R1,777258.5240623849,122526.65561516955,217178.0428673238,838.0707739691696,69,6415.7
C.Semi.3|Wsol|SUB:SPN-S000000171795,R2,546551.3176582616,122526.65561516955,217178.0428673238,812.9460594448013,69,6415.7
C.Semi.3|Wsol|SUB:SPN-S000000171796,R0,374727.00921427645,42686.20347080441,86845.75886035486,418.63201893538275,23,3033.1
C.Semi.3|Wsol|SUB:SPN-S000000171796,R1,349067.3311303579,42686.20347080441,86845.75886035486,410.4289142590213,23,3033.1
C.Semi.3|Wsol|SUB:SPN-S000000171796,R2,239837.59372390708,42686.20347080441,86845.75886035486,387.6516197718073,23,3033.1
C.Semi.3|Wsol|SUB:SPN-S000000171797,R0,811317.4671241031,123111.42226426555,213921.74187333544,849.0006328711023,70,6171.700000000002
C.Semi.3|Wsol|SUB:SPN-S000000171797,R1,754511.5772033422,123111.42226426555,213921.74187333544,831.4238787423064,70,6171.700000000002
C.Semi.3|Wsol|SUB:SPN-S000000171797,R2,530699.1527162429,123111.42226426555,213921.74187333544,800.2261940631907,70,6171.700000000002
C.Semi.3|Wsol|SUB:SPN-S000000171798,R0,287810.7689050839,41273.69271659503,75100.21480524068,303.9252368524984,23,2270.9
C.Semi.3|Wsol|SUB:SPN-S000000171798,R1,267516.7344307931,41273.69271659503,75100.21480524068,297.8196943434323,23,2270.9
C.Semi.3|Wsol|SUB:SPN-S000000171798,R2,186014.79251431226,41273.69271659503,75100.21480524068,286.8651714393719,23,2270.9
C.Semi.3|Wsol|SUB:SPN-S000000171806,R0,160617.59690164123,18807.620141680134,38394.391110962475,186.34691580904448,10,1318.5
C.Semi.3|Wsol|SUB:SPN-S000000171806,R1,149956.18554709962,18807.620141680134,38394.391110962475,182.98618688401444,10,1318.5
C.Semi.3|Wsol|SUB:SPN-S000000171806,R2,102191.29296825556,18807.620141680134,38394.391110962475,171.50938233423477,10,1318.5
C.Semi.3|Wsol|SUB:SPN-S000000171828,R0,199115.85414299936,28901.71161935717,52077.49050734172,215.3155186648638,16,1557.0
C.Semi.3|Wsol|SUB:SPN-S000000171828,R1,185963.21174521808,28901.71161935717,52077.49050734172,212.594120693109,16,1557.0
C.Semi.3|Wsol|SUB:SPN-S000000171828,R2,128842.87813328048,28901.71161935717,52077.49050734172,208.87297977764425,16,1557.0
C.Semi.3|Wsol|SUB:SPN-S000000171830,R0,127876.39458311761,18195.904452694027,33153.77019436684,137.54823330786152,10,1001.4
C.Semi.3|Wsol|SUB:SPN-S000000171830,R1,119314.35112093031,18195.904452694027,33153.77019436684,135.61188944207282,10,1001.4
C.Semi.3|Wsol|SUB:SPN-S000000171830,R2,82736.0537738754,18195.904452694027,33153.77019436684,132.77027755322308,10,1001.4
C.Semi.3|Wsol|SUB:SPN-S000000171831,R0,179103.97060831066,25468.669318221455,46534.34445339344,203.58354191603118,14,1415.6
C.Semi.3|Wsol|SUB:SPN-S000000171831,R1,168020.42299151723,25468.669318221455,46534.34445339344,201.93052420424402,14,1415.6
C.Semi.3|Wsol|SUB:SPN-S000000171831,R2,115266.39997065591,25468.669318221455,46534.34445339344,198.23103422268733,14,1415.6
C.Semi.3|Wsol|SUB:SPN-S000000171832,R0,207643.39044284535,30508.16173631572,52806.85658776513,203.98830413858724,18,1568.4
C.Semi.3|Wsol|SUB:SPN-S000000171832,R1,191047.10558784817,30508.16173631572,52806.85658776513,198.97898590796999,18,1568.4
C.Semi.3|Wsol|SUB:SPN-S000000171832,R2,136698.53653472854,30508.16173631572,52806.85658776513,200.09462437500002,18,1568.4
C.Semi.3|Wsol|SUB:SPN-S000000171833,R0,119853.9645505592,17866.70490921934,31703.136755205556,129.67171559816396,10,934.4
C.Semi.3|Wsol|SUB:SPN-S000000171833,R1,112009.6707511385,17866.70490921934,31703.136755205556,128.18557822405504,10,934.4
C.Semi.3|Wsol|SUB:SPN-S000000171833,R2,77613.36557146962,17866.70490921934,31703.136755205556,126.48269786299458,10,934.4
C.Semi.3|Wsol|SUB:SPN-S000000171834,R0,251410.40493501636,34278.94193385659,63866.70219167316,273.0531653475733,19,1992.2999999999997
C.Semi.3|Wsol|SUB:SPN-S000000171834,R1,234321.36854600566,34278.94193385659,63866.70219167316,268.4735951034068,19,1992.2999999999997
C.Semi.3|Wsol|SUB:SPN-S000000171834,R2,162073.02577415487,34278.94193385659,63866.70219167316,259.175444731605,19,1992.2999999999997
C.Semi.3|Wsol|SUB:SPN-S000000171864,R0,276236.2378460404,42955.28699837415,72170.67270554956,266.21308431691574,25,2019.8000000000002
C.Semi.3|Wsol|SUB:SPN-S000000171864,R1,254075.66116484627,42955.28699837415,72170.67270554956,258.7941601980151,25,2019.8000000000002
C.Semi.3|Wsol|SUB:SPN-S000000171864,R2,183749.16899199758,42955.28699837415,72170.67270554956,262.1170788248698,25,2019.8000000000002
C.Semi.3|Wsol|SUB:SPN-S000000171865,R0,206015.55564943544,23852.272434370887,46822.62249200321,221.69219155502253,13,1638.2
C.Semi.3|Wsol|SUB:SPN-S000000171865,R1,191652.96280457987,23852.272434370887,46822.62249200321,217.33247245641303,13,1638.2
C.Semi.3|Wsol|SUB:SPN-S000000171865,R2,132749.140594362,23852.272434370887,46822.62249200321,208.16061907358667,13,1638.2
C.Semi.3|Wsol|SUB:SPN-S000000171971,R0,197124.47225947567,29045.354375911986,52049.128257562974,219.74246990089316,16,1537.4
C.Semi.3|Wsol|SUB:SPN-S000000171971,R1,184886.54602237378,29045.354375911986,52049.128257562974,218.05524323909634,16,1537.4
C.Semi.3|Wsol|SUB:SPN-S000000171971,R2,127453.36681763572,29045.354375911986,52049.128257562974,216.4664454568689,16,1537.4
C.Semi.3|Wsol|SUB:SPN-S000000171972,R0,311977.26215055893,43360.84257244735,79686.15665902256,323.7702787795818,24,2438.0
C.Semi.3|Wsol|SUB:SPN-S000000171972,R1,289898.9116037688,43360.84257244735,79686.15665902256,317.4501358017656,24,2438.0
C.Semi.3|Wsol|SUB:SPN-S000000171972,R2,202317.2581826277,43360.84257244735,79686.15665902256,308.54893998103864,24,2438.0
C.Semi.3|Wsol|SUB:SPN-S000000171975,R0,245711.53967193933,36706.212330525435,64130.92582672907,246.8429102283006,21,1877.1
C.Semi.3|Wsol|SUB:SPN-S000000171975,R1,227664.35360824113,36706.212330525435,64130.92582672907,240.5171597091424,21,1877.1
C.Semi.3|Wsol|SUB:SPN-S000000171975,R2,160731.65282160704,36706.212330525435,64130.92582672907,232.14106855701883,21,1877.1
C.Semi.3|Wsol|SUB:SPN-S000000174043,R0,306317.6715727942,44099.012793498754,79198.9663397551,320.8656329195333,25,2369.4
C.Semi.3|Wsol|SUB:SPN-S000000174043,R1,285272.53521364386,44099.012793498754,79198.9663397551,315.29929124789317,25,2369.4
C.Semi.3|Wsol|SUB:SPN-S000000174043,R2,199157.9069364408,44099.012793498754,79198.9663397551,309.5319075730825,25,2369.4
C.Semi.3|Wsol|SUB:SPN-S000000174077,R0,332210.7559387674,49089.66161885178,85943.18675908717,334.89430164295203,28,2526.9
C.Semi.3|Wsol|SUB:SPN-S000000174077,R1,307808.67888501077,49089.66161885178,85943.18675908717,326.1882172365397,28,2526.9
C.Semi.3|Wsol|SUB:SPN-S000000174077,R2,217624.1303327466,49089.66161885178,85943.18675908717,313.19514890360784,28,2526.9
C.Semi.3|Wsol|SUB:SPN-S000000174080,R0,253050.851680633,39923.95389268886,66413.89404754022,243.72758339506575,24,1880.8
C.Semi.3|Wsol|SUB:SPN-S000000174080,R1,233028.31963341314,39923.95389268886,66413.89404754022,237.73541680971886,24,1880.8
C.Semi.3|Wsol|SUB:SPN-S000000174080,R2,167394.13248477806,39923.95389268886,66413.89404754022,239.96549302897137,24,1880.8
C.Semi.3|Wsol|SUB:SPN-S000000174239,R0,501199.7870041554,69435.77980671724,125725.69906434714,500.43780482165425,39,3848.1
C.Semi.3|Wsol|SUB:SPN-S000000174239,R1,464295.8198471089,69435.77980671724,125725.69906434714,487.67798996070434,39,3848.1
C.Semi.3|Wsol|SUB:SPN-S000000174239,R2,327344.7646022722,69435.77980671724,125725.69906434714,473.48940139640666,39,3848.1
C.Semi.3|Wsol|SUB:SPN-S000000174301,R0,270540.1243099003,39564.8090091487,71172.79399685888,289.36962471344236,22,2098.1
C.Semi.3|Wsol|SUB:SPN-S000000174301,R1,252539.53313843044,39564.8090091487,71172.79399685888,285.3017372043589,22,2098.1
C.Semi.3|Wsol|SUB:SPN-S000000174301,R2,175583.57662439207,39564.8090091487,71172.79399685888,281.1272293345042,22,2098.1
C.Semi.3|Wsol|SUB:SPN-S000000174720,R0,141727.43370192315,18595.335927610926,35607.58784847267,159.27145912554911,10,1134.8
C.Semi.3|Wsol|SUB:SPN-S000000174720,R1,132414.27311497938,18595.335927610926,35607.58784847267,156.9396518051641,10,1134.8
C.Semi.3|Wsol|SUB:SPN-S000000174720,R2,90950.0710991,18595.335927610926,35607.58784847267,150.85005598547332,10,1134.8
C.Semi.3|Wsol|SUB:SPN-S000000174793,R0,125813.02433500724,18321.328330776647,33325.97706848415,147.51720315129205,10,999.1
C.Semi.3|Wsol|SUB:SPN-S000000174793,R1,118417.62072121346,18321.328330776647,33325.97706848415,146.82677169771634,10,999.1
C.Semi.3|Wsol|SUB:SPN-S000000174793,R2,80731.31837696386,18321.328330776647,33325.97706848415,144.46896569060496,10,999.1
C.Semi.3|Wsol|SUB:SPN-S000000181225,R0,116189.15687009819,17766.63750196716,31209.95727890735,124.93321165830845,10,910.2
C.Semi.3|Wsol|SUB:SPN-S000000181225,R1,108397.27188117498,17766.63750196716,31209.95727890735,123.15068616904287,10,910.2
C.Semi.3|Wsol|SUB:SPN-S000000181225,R2,75168.73268990873,17766.63750196716,31209.95727890735,120.49809678015859,10,910.2
C.Semi.4|Wnone|LSOA:E01030421,R0,150346.94445360568,45839.84878771452,74319.26378960667,264.3056294434279,28,2046.0
C.Semi.4|Wnone|LSOA:E01030421,R1,136910.29083911184,45839.84878771452,74319.26378960667,254.25972437255072,28,2046.0
C.Semi.4|Wnone|LSOA:E01030421,R2,136910.29083911184,45839.84878771452,74319.26378960667,254.25972437255072,28,2046.0
C.Semi.4|Wnone|LSOA:E01030422,R0,143406.63465167786,38737.345727293934,72436.46521111569,297.7652379188604,22,2338.5
C.Semi.4|Wnone|LSOA:E01030422,R1,130821.0069484167,38737.345727293934,72436.46521111569,291.97474493541813,22,2338.5
C.Semi.4|Wnone|LSOA:E01030422,R2,130821.0069484167,38737.345727293934,72436.46521111569,291.97474493541813,22,2338.5
C.Semi.4|Wnone|LSOA:E01030423,R0,131004.65289525228,35532.31828395894,62559.12056414393,245.5415165379061,21,1889.3000000000002
C.Semi.4|Wnone|LSOA:E01030423,R1,119560.70273126721,35532.31828395894,62559.12056414393,239.57672846664315,21,1889.3000000000002
C.Semi.4|Wnone|LSOA:E01030423,R2,119560.70273126721,35532.31828395894,62559.12056414393,239.57672846664315,21,1889.3000000000002
C.Semi.4|Wnone|LSOA:E01030424,R0,112918.72247988745,29845.078503251174,55463.21801419827,227.73344023622934,17,1762.7
C.Semi.4|Wnone|LSOA:E01030424,R1,103085.8656942424,29845.078503251174,55463.21801419827,223.05146106434194,17,1762.7
C.Semi.4|Wnone|LSOA:E01030424,R2,103085.8656942424,29845.078503251174,55463.21801419827,223.05146106434194,17,1762.7
C.Semi.4|Wnone|LSOA:E01030425,R0,158633.8803561355,46152.26519320773,78420.6006109436,298.4216504149744,28,2322.7000000000003
C.Semi.4|Wnone|LSOA:E01030425,R1,144675.17973323903,46152.26519320773,78420.6006109436,291.1504390859981,28,2322.7000000000003
C.Semi.4|Wnone|LSOA:E01030425,R2,144675.17973323903,46152.26519320773,78420.6006109436,291.1504390859981,28,2322.7000000000003
C.Semi.4|Wnone|LSOA:E01030426,R0,499178.29277664557,143219.8611725255,248727.80832887418,941.8948805343592,84,7406.2
C.Semi.4|Wnone|LSOA:E01030426,R1,454964.979425302,143219.8611725255,248727.80832887418,918.8682808113034,84,7406.2
C.Semi.4|Wnone|LSOA:E01030426,R2,454964.979425302,143219.8611725255,248727.80832887418,918.8682808113034,84,7406.2
C.Semi.4|Wnone|LSOA:E01030427,R0,302807.02915098454,81846.02687790466,146558.77785150782,576.2677133293025,47,4467.400000000001
C.Semi.4|Wnone|LSOA:E01030427,R1,276261.2227472218,81846.02687790466,146558.77785150782,562.6438929312961,47,4467.400000000001
C.Semi.4|Wnone|LSOA:E01030427,R2,276261.2227472218,81846.02687790466,146558.77785150782,562.6438929312961,47,4467.400000000001
C.Semi.4|Wnone|LSOA:E01030428,R0,82145.78633378324,26031.37747235577,47009.35175719699,182.1564111298659,15,1454.6000000000001
C.Semi.4|Wnone|LSOA:E01030428,R1,74885.45847832851,26031.37747235577,47009.35175719699,179.11370253497793,15,1454.6000000000001
C.Semi.4|Wnone|LSOA:E01030428,R2,74885.45847832851,26031.37747235577,47009.35175719699,179.11370253497793,15,1454.6000000000001
C.Semi.4|Wnone|LSOA:E01030429,R0,399136.9970957057,98404.33890397125,184251.32984515824,823.2425104172423,57,6473.8
C.Semi.4|Wnone|LSOA:E01030429,R1,364052.65469435917,98404.33890397125,184251.32984515824,806.9342533868601,57,6473.8
C.Semi.4|Wnone|LSOA:E01030429,R2,364052.65469435917,98404.33890397125,184251.32984515824,806.9342533868601,57,6473.8
C.Semi.4|Wnone|LSOA:E01030430,R0,93285.91611846807,22621.932453540445,42984.04162179825,188.04753797836085,13,1449.6999999999998
C.Semi.4|Wnone|LSOA:E01030430,R1,85185.58366002288,22621.932453540445,42984.04162179825,184.1948239549726,13,1449.6999999999998
C.Semi.4|Wnone|LSOA:E01030430,R2,85185.58366002288,22621.932453540445,42984.04162179825,184.1948239549726,13,1449.6999999999998
C.Semi.4|Wnone|LSOA:E01030431,R0,158379.08258219124,46779.53734202237,82819.29136519166,317.8841049265617,27,2490.5
C.Semi.4|Wnone|LSOA:E01030431,R1,144460.75436118108,46779.53734202237,82819.29136519166,311.17788754112007,27,2490.5
C.Semi.4|Wnone|LSOA:E01030431,R2,144460.75436118108,46779.53734202237,82819.29136519166,311.17788754112007,27,2490.5
C.Semi.4|Wnone|LSOA:E01030432,R0,89288.2269498135,28702.829779508887,52748.118725116175,203.7770004051187,16,1635.1999999999998
C.Semi.4|Wnone|LSOA:E01030432,R1,81384.26859520814,28702.829779508887,52748.118725116175,200.61662843840193,16,1635.1999999999998
C.Semi.4|Wnone|LSOA:E01030432,R2,81384.26859520814,28702.829779508887,52748.118725116175,200.61662843840193,16,1635.1999999999998
C.Semi.4|Wnone|LSOA:E01030433,R0,277721.934909065,90549.67149601576,158724.1525564502,579.2561785539068,52,4630.5
C.Semi.4|Wnone|LSOA:E01030433,R1,253033.200873007,90549.67149601576,158724.1525564502,567.8694582920455,52,4630.5
C.Semi.4|Wnone|LSOA:E01030433,R2,253033.200873007,90549.67149601576,158724.1525564502,567.8694582920455,52,4630.5
C.Semi.4|Wnone|LSOA:E01030440,R0,50481.082528878585,17609.019323587396,28395.22136681307,96.39578285004312,11,776.6999999999999
C.Semi.4|Wnone|LSOA:E01030440,R1,45939.28874545936,17609.019323587396,28395.22136681307,94.0436402349667,11,776.6999999999999
C.Semi.4|Wnone|LSOA:E01030440,R2,45939.28874545936,17609.019323587396,28395.22136681307,94.0436402349667,11,776.6999999999999
C.Semi.4|Wnone|LSOA:E01030445,R0,53908.91979633364,19919.710919529276,32845.30204019165,113.30057426930047,12,904.0
C.Semi.4|Wnone|LSOA:E01030445,R1,49018.16675376608,19919.710919529276,32845.30204019165,110.78833889862264,12,904.0
C.Semi.4|Wnone|LSOA:E01030445,R2,49018.16675376608,19919.710919529276,32845.30204019165,110.78833889862264,12,904.0
C.Semi.4|Wnone|LSOA:E01030447,R0,97912.93236637724,28993.575822001876,47988.20912717908,177.18327671042982,18,1408.7999999999997
C.Semi.4|Wnone|LSOA:E01030447,R1,89148.96719157472,28993.575822001876,47988.20912717908,172.39127275223936,18,1408.7999999999997
C.Semi.4|Wnone|LSOA:E01030447,R2,89148.96719157472,28993.575822001876,47988.20912717908,172.39127275223936,18,1408.7999999999997
C.Semi.4|Wnone|LSOA:E01030459,R0,89441.71108271417,27114.72164856528,47550.55370633137,182.07335571457412,16,1426.3000000000002
C.Semi.4|Wnone|LSOA:E01030459,R1,81592.42868747516,27114.72164856528,47550.55370633137,178.36359619277488,16,1426.3000000000002
C.Semi.4|Wnone|LSOA:E01030459,R2,81592.42868747516,27114.72164856528,47550.55370633137,178.36359619277488,16,1426.3000000000002
C.Semi.4|Wnone|LSOA:E01030472,R0,79954.32918445466,20446.17685229527,39319.59074920434,159.56627371990436,12,1231.8000000000002
C.Semi.4|Wnone|LSOA:E01030472,R1,72997.75721594409,20446.17685229527,39319.59074920434,156.20998159750016,12,1231.8000000000002
C.Semi.4|Wnone|LSOA:E01030472,R2,72997.75721594409,20446.17685229527,39319.59074920434,156.20998159750016,12,1231.8000000000002
C.Semi.4|Wnone|LSOA:E01030473,R0,119264.56394432319,32248.15631668279,59685.39568569977,235.3675227295955,19,1846.7
C.Semi.4|Wnone|LSOA:E01030473,R1,108756.94297599327,32248.15631668279,59685.39568569977,230.1884883653858,19,1846.7
C.Semi.4|Wnone|LSOA:E01030473,R2,108756.94297599327,32248.15631668279,59685.39568569977,230.1884883653858,19,1846.7
C.Semi.4|Wnone|LSOA:E01030474,R0,144140.87488415034,70860.73811169458,122049.96477560038,519.87,40,3465.8
C.Semi.4|Wnone|LSOA:E01030474,R1,130527.82223202914,70860.73811169458,122049.96477560038,519.87,40,3465.8
C.Semi.4|Wnone|LSOA:E01030474,R2,130527.82223202914,70860.73811169458,122049.96477560038,519.87,40,3465.8
C.Semi.4|Wnone|LSOA:E01030475,R0,82755.28853201112,24372.748004365887,44702.1026540216,182.41371782734132,14,1448.5000000000002
C.Semi.4|Wnone|LSOA:E01030475,R1,75470.05042678225,24372.748004365887,44702.1026540216,179.34116811228316,14,1448.5000000000002
C.Semi.4|Wnone|LSOA:E01030475,R2,75470.05042678225,24372.748004365887,44702.1026540216,179.34116811228316,14,1448.5000000000002
C.Semi.4|Wnone|LSOA:E01030476,R0,104647.70076733548,27527.599689052462,54437.30097204217,236.5475879700191,15,1858.3000000000002
C.Semi.4|Wnone|LSOA:E01030476,R1,95536.34856133797,27527.599689052462,54437.30097204217,232.899230194947,15,1858.3000000000002
C.Semi.4|Wnone|LSOA:E01030476,R2,95536.34856133797,27527.599689052462,54437.30097204217,232.899230194947,15,1858.3000000000002
C.Semi.4|Wnone|LSOA:E01030477,R0,87617.79555167351,26065.921407696653,47539.94590014369,189.10488825128797,15,1493.8
C.Semi.4|Wnone|LSOA:E01030477,R1,79921.57096950986,26065.921407696653,47539.94590014369,185.75603446567322,15,1493.8
C.Semi.4|Wnone|LSOA:E01030477,R2,79921.57096950986,26065.921407696653,47539.94590014369,185.75603446567322,15,1493.8
C.Semi.4|Wnone|LSOA:E01030478,R0,63415.343505543024,17416.849929833537,31600.14247100778,124.55631602356696,10,966.3
C.Semi.4|Wnone|LSOA:E01030478,R1,57869.826032627054,17416.849929833537,31600.14247100778,121.81855252742031,10,966.3
C.Semi.4|Wnone|LSOA:E01030478,R2,57869.826032627054,17416.849929833537,31600.14247100778,121.81855252742031,10,966.3
C.Semi.4|Wnone|LSOA:E01030479,R0,165878.581945182,49951.45181846976,88753.02065738957,336.13543004144157,29,2663.5
C.Semi.4|Wnone|LSOA:E01030479,R1,151193.7777202736,49951.45181846976,88753.02065738957,329.1153477075624,29,2663.5
C.Semi.4|Wnone|LSOA:E01030479,R2,151193.7777202736,49951.45181846976,88753.02065738957,329.1153477075624,29,2663.5
C.Semi.4|Wnone|LSOA:E01030490,R0,80065.59256296828,18215.471255870936,36985.22066104366,167.91103873628737,10,1281.3999999999999
C.Semi.4|Wnone|LSOA:E01030490,R1,73194.6480082199,18215.471255870936,36985.22066104366,164.84332528556934,10,1281.3999999999999
C.Semi.4|Wnone|LSOA:E01030490,R2,73194.6480082199,18215.471255870936,36985.22066104366,164.84332528556934,10,1281.3999999999999
C.Semi.4|Wnone|LSOA:E01030491,R0,176412.37541680108,54082.04547833684,97799.83791669409,374.810062643681,31,2989.5999999999995
C.Semi.4|Wnone|LSOA:E01030491,R1,160779.0060288647,54082.04547833684,97799.83791669409,367.8006027788513,31,2989.5999999999995
C.Semi.4|Wnone|LSOA:E01030491,R2,160779.0060288647,54082.04547833684,97799.83791669409,367.8006027788513,31,2989.5999999999995
C.Semi.4|Wnone|LSOA:E01030499,R0,73390.6615662727,19247.362702827893,35749.92094446704,150.19961270489165,11,1175.8
C.Semi.4|Wnone|LSOA:E01030499,R1,66956.43070999018,19247.362702827893,35749.92094446704,147.1822259174007,11,1175.8
C.Semi.4|Wnone|LSOA:E01030499,R2,66956.43070999018,19247.362702827893,35749.92094446704,147.1822259174007,11,1175.8
C.Semi.4|Wnone|LSOA:E01030500,R0,303230.1492887875,79476.19817702353,153760.81778832444,690.1518527213042,44,5488.400000000001
C.Semi.4|Wnone|LSOA:E01030500,R1,276580.5142460783,79476.19817702353,153760.81778832444,679.5165512863297,44,5488.400000000001
C.Semi.4|Wnone|LSOA:E01030500,R2,276580.5142460783,79476.19817702353,153760.81778832444,679.5165512863297,44,5488.400000000001
C.Semi.4|Wnone|LSOA:E01030501,R0,99895.46383610324,32135.250136342962,56584.81740038669,214.54668150058285,19,1725.0
C.Semi.4|Wnone|LSOA:E01030501,R1,90995.8628432129,32135.250136342962,56584.81740038669,210.6036118056158,19,1725.0
C.Semi.4|Wnone|LSOA:E01030501,R2,90995.8628432129,32135.250136342962,56584.81740038669,210.6036118056158,19,1725.0
C.Semi.4|Wnone|LSOA:E01030503,R0,360158.33780039067,83682.24896405987,166310.3953833754,788.2073930502671,47,6183.099999999999
C.Semi.4|Wnone|LSOA:E01030503,R1,328735.8537285636,83682.24896405987,166310.3953833754,774.9005908307943,47,6183.099999999999
C.Semi.4|Wnone|LSOA:E01030503,R2,328735.8537285636,83682.24896405987,166310.3953833754,774.9005908307943,47,6183.099999999999
C.Semi.4|Wnone|LSOA:E01030504,R0,67166.18096579931,20616.96991386282,36640.56695463893,139.88867367232527,12,1115.7
C.Semi.4|Wnone|LSOA:E01030504,R1,61204.829174099505,20616.96991386282,36640.56695463893,137.1367089772307,12,1115.7
C.Semi.4|Wnone|LSOA:E01030504,R2,61204.829174099505,20616.96991386282,36640.56695463893,137.1367089772307,12,1115.7
C.Semi.4|Wnone|SUB:SPN-S000000171619,R0,58140.6179757897,20817.546814981197,36832.364924781126,127.96500776331683,12,1047.8
C.Semi.4|Wnone|SUB:SPN-S000000171619,R1,52894.86751467856,20817.546814981197,36832.364924781126,125.70288200767263,12,1047.8
C.Semi.4|Wnone|SUB:SPN-S000000171619,R2,52894.86751467856,20817.546814981197,36832.364924781126,125.70288200767263,12,1047.8
C.Semi.4|Wnone|SUB:SPN-S000000171725,R0,59153.611134886814,18165.952240269056,34406.27881545437,136.2417113286876,10,1091.4
C.Semi.4|Wnone|SUB:SPN-S000000171725,R1,53928.671758156765,18165.952240269056,34406.27881545437,134.1903084593726,10,1091.4
C.Semi.4|Wnone|SUB:SPN-S000000171725,R2,53928.671758156765,18165.952240269056,34406.27881545437,134.1903084593726,10,1091.4
C.Semi.4|Wnone|SUB:SPN-S000000171745,R0,58129.12242364696,17523.92085946852,31431.04862849354,121.21498089529223,10,954.4000000000001
C.Semi.4|Wnone|SUB:SPN-S000000171745,R1,53019.861036167116,17523.92085946852,31431.04862849354,118.87585953601514,10,954.4000000000001
C.Semi.4|Wnone|SUB:SPN-S000000171745,R2,53019.861036167116,17523.92085946852,31431.04862849354,118.87585953601514,10,954.4000000000001
C.Semi.4|Wnone|SUB:SPN-S000000171851,R0,59368.517458437316,18570.06158046712,28858.20758103491,103.15528636403954,12,783.7000000000002
C.Semi.4|Wnone|SUB:SPN-S000000171851,R1,54072.7975293384,18570.06158046712,28858.20758103491,99.37837848776876,12,783.7000000000002
C.Semi.4|Wnone|SUB:SPN-S000000171851,R2,54072.7975293384,18570.06158046712,28858.20758103491,99.37837848776876,12,783.7000000000002
C.Semi.4|Wnone|SUB:SPN-S000000171852,R0,187511.5636163532,31583.603764988446,68319.212379362,390.7127201074007,18,3005.4
C.Semi.4|Wnone|SUB:SPN-S000000171852,R1,171312.98454511107,31583.603764988446,68319.212379362,383.3772222599908,18,3005.4
C.Semi.4|Wnone|SUB:SPN-S000000171852,R2,171312.98454511107,31583.603764988446,68319.212379362,383.3772222599908,18,3005.4
C.Semi.4|Wnone|SUB:SPN-S000000173931,R0,159260.65437504835,47490.41939758581,86285.47624343522,336.85872068723,27,2652.9
C.Semi.4|Wnone|SUB:SPN-S000000173931,R1,145278.15863121464,47490.41939758581,86285.47624343522,330.5908753730051,27,2652.9
C.Semi.4|Wnone|SUB:SPN-S000000173931,R2,145278.15863121464,47490.41939758581,86285.47624343522,330.5908753730051,27,2652.9
C.Semi.4|Wnone|SUB:SPN-S000000174673,R0,124485.41756493285,39995.250656437165,66470.53281614254,232.6378554610499,24,1859.1
C.Semi.4|Wnone|SUB:SPN-S000000174673,R1,113331.3000301107,39995.250656437165,66470.53281614254,226.73567064519355,24,1859.1
C.Semi.4|Wnone|SUB:SPN-S000000174673,R2,113331.3000301107,39995.250656437165,66470.53281614254,226.73567064519355,24,1859.1
C.Semi.4|Wnone|SUB:SPN-S000000174777,R0,65511.05998391758,19977.519778128062,28728.62600255617,107.75625865069617,14,719.2
C.Semi.4|Wnone|SUB:SPN-S000000174777,R1,59668.819116566345,19977.519778128062,28728.62600255617,103.94923723723724,14,719.2
C.Semi.4|Wnone|SUB:SPN-S000000174777,R2,59668.819116566345,19977.519778128062,28728.62600255617,103.94923723723724,14,719.2
C.Semi.4|Wnone|SUB:SPN-S000000174785,R0,134888.1954548373,52100.33081412072,90919.53922936664,318.6385926362942,30,2627.3999999999996
C.Semi.4|Wnone|SUB:SPN-S000000174785,R1,122700.08393738621,52100.33081412072,90919.53922936664,313.9651925767925,30,2627.3999999999996
C.Semi.4|Wnone|SUB:SPN-S000000174785,R2,122700.08393738621,52100.33081412072,90919.53922936664,313.9651925767925,30,2627.3999999999996
C.Semi.4|Wnone|SUB:SPN-S000000174792,R0,58696.88795740842,22973.297241606313,40636.265023447864,152.59189376282944,13,1208.5
C.Semi.4|Wnone|SUB:SPN-S000000174792,R1,53348.93446315292,22973.297241606313,40636.265023447864,151.80472822582405,13,1208.5
C.Semi.4|Wnone|SUB:SPN-S000000174792,R2,53348.93446315292,22973.297241606313,40636.265023447864,151.80472822582405,13,1208.5
C.Semi.4|Wnone|SUB:SPN-S000000174842,R0,176469.6171251091,51815.64163608331,95952.50941066523,383.9492411086743,29,3006.6000000000004
C.Semi.4|Wnone|SUB:SPN-S000000174842,R1,161085.62064835598,51815.64163608331,95952.50941066523,377.37770813957917,29,3006.6000000000004
C.Semi.4|Wnone|SUB:SPN-S000000174842,R2,161085.62064835598,51815.64163608331,95952.50941066523,377.37770813957917,29,3006.6000000000004
C.Semi.4|Wnone|SUB:SPN-S000000174852,R0,115364.51823377422,34974.29242186155,54550.6162880286,198.0157918596025,23,1496.9
C.Semi.4|Wnone|SUB:SPN-S000000174852,R1,105139.92186157014,34974.29242186155,54550.6162880286,191.60701512561442,23,1496.9
C.Semi.4|Wnone|SUB:SPN-S000000174852,R2,105139.92186157014,34974.29242186155,54550.6162880286,191.60701512561442,23,1496.9
C.Semi.4|Wnone|SUB:SPN-S000000174899,R0,86900.03375972412,28120.318995004527,45723.45577077601,157.95420464269247,18,1262.1
C.Semi.4|Wnone|SUB:SPN-S000000174899,R1,79099.47365306983,28120.318995004527,45723.45577077601,153.70289442964534,18,1262.1
C.Semi.4|Wnone|SUB:SPN-S000000174899,R2,79099.47365306983,28120.318995004527,45723.45577077601,153.70289442964534,18,1262.1
C.Semi.4|Wnone|SUB:SPN-S000000174925,R0,52816.05604016116,17465.66574564237,28758.54683129833,101.72308747412741,11,807.0000000000001
C.Semi.4|Wnone|SUB:SPN-S000000174925,R1,48117.393457520084,17465.66574564237,28758.54683129833,99.32668553528823,11,807.0000000000001
C.Semi.4|Wnone|SUB:SPN-S000000174925,R2,48117.393457520084,17465.66574564237,28758.54683129833,99.32668553528823,11,807.0000000000001
C.Semi.4|Wnone|SUB:SPN-S000000174949,R0,131627.23996834503,38755.44724556971,65647.3637930048,240.8629635985027,24,1892.0
C.Semi.4|Wnone|SUB:SPN-S000000174949,R1,119947.50188965347,38755.44724556971,65647.3637930048,234.57177881764196,24,1892.0
C.Semi.4|Wnone|SUB:SPN-S000000174949,R2,119947.50188965347,38755.44724556971,65647.3637930048,234.57177881764196,24,1892.0
C.Semi.4|Wnone|SUB:SPN-S000000181196,R0,64247.899635350695,16899.442061772585,31881.078980798127,139.58912337396342,10,1093.3
C.Semi.4|Wnone|SUB:SPN-S000000181196,R1,58645.34573129325,16899.442061772585,31881.078980798127,137.1900122047571,10,1093.3
C.Semi.4|Wnone|SUB:SPN-S000000181196,R2,58645.34573129325,16899.442061772585,31881.078980798127,137.1900122047571,10,1093.3
C.Semi.4|Wnone|SUB:SPN-S000000181252,R0,68905.73692760593,23357.45163978764,38653.23719297144,133.33593707941208,14,1082.0
C.Semi.4|Wnone|SUB:SPN-S000000181252,R1,62681.0276754169,23357.45163978764,38653.23719297144,130.15337811660604,14,1082.0
C.Semi.4|Wnone|SUB:SPN-S000000181252,R2,62681.0276754169,23357.45163978764,38653.23719297144,130.15337811660604,14,1082.0
C.Semi.5|Wnone|LSOA:E01030421,R0,569320.1075357418,285307.33575206704,496004.85720320756,1327.7957230532033,163,14413.0
C.Semi.5|Wnone|LSOA:E01030421,R1,551709.3628186577,285307.33575206704,496004.85720320756,1301.915603259254,163,14413.0
C.Semi.5|Wnone|LSOA:E01030421,R2,551709.3628186577,285307.33575206704,496004.85720320756,1301.915603259254,163,14413.0
C.Semi.5|Wnone|LSOA:E01030422,R0,260023.12001850555,119037.0060601258,216821.41856493993,594.0834885206434,66,6591.4
C.Semi.5|Wnone|LSOA:E01030422,R1,251846.89817722206,119037.0060601258,216821.41856493993,592.9775848354764,66,6591.4
C.Semi.5|Wnone|LSOA:E01030422,R2,251846.89817722206,119037.0060601258,216821.41856493993,592.9775848354764,66,6591.4
C.Semi.5|Wnone|LSOA:E01030423,R0,501688.04661646776,253167.78219102923,448661.9025517596,1362.1597540611974,142,13113.5
C.Semi.5|Wnone|LSOA:E01030423,R1,485949.73227218515,253167.78219102923,448661.9025517596,1335.565750448311,142,13113.5
C.Semi.5|Wnone|LSOA:E01030423,R2,485949.73227218515,253167.78219102923,448661.9025517596,1335.565750448311,142,13113.5
C.Semi.5|Wnone|LSOA:E01030424,R0,100115.02091592253,37572.367903755454,78157.37831007308,225.48546264987522,20,2707.7000000000003
C.Semi.5|Wnone|LSOA:E01030424,R1,96842.91936070826,37572.367903755454,78157.37831007308,224.71566519843208,20,2707.7000000000003
C.Semi.5|Wnone|LSOA:E01030424,R2,96842.91936070826,37572.367903755454,78157.37831007308,224.71566519843208,20,2707.7000000000003
C.Semi.5|Wnone|LSOA:E01030425,R0,401273.9922805842,185919.73611768364,331119.6974196026,882.5244555752224,105,9889.3
C.Semi.5|Wnone|LSOA:E01030425,R1,388922.81786709034,185919.73611768364,331119.6974196026,880.7156545647515,105,9889.3
C.Semi.5|Wnone|LSOA:E01030425,R2,388922.81786709034,185919.73611768364,331119.6974196026,880.7156545647515,105,9889.3
C.Semi.5|Wnone|LSOA:E01030426,R0,58970.09468772141,23683.570702278717,46288.14552479912,135.0598794125027,13,1540.5
C.Semi.5|Wnone|LSOA:E01030426,R1,57080.66302425346,23683.570702278717,46288.14552479912,134.73706400383847,13,1540.5
C.Semi.5|Wnone|LSOA:E01030426,R2,57080.66302425346,23683.570702278717,46288.14552479912,134.73706400383847,13,1540.5
C.Semi.5|Wnone|LSOA:E01030427,R0,80542.44870723641,36455.646997453616,65194.1631982298,185.45050598449708,21,1997.6
C.Semi.5|Wnone|LSOA:E01030427,R1,78041.17005139586,36455.646997453616,65194.1631982298,185.20725712585448,21,1997.6
C.Semi.5|Wnone|LSOA:E01030427,R2,78041.17005139586,36455.646997453616,65194.1631982298,185.20725712585448,21,1997.6
C.Semi.5|Wnone|LSOA:E01030428,R0,72768.63414746757,35907.40489983192,64478.49069829042,180.54478303821344,20,1910.3999999999999
C.Semi.5|Wnone|LSOA:E01030428,R1,70470.93696211684,35907.40489983192,64478.49069829042,176.98514590683877,20,1910.3999999999999
C.Semi.5|Wnone|LSOA:E01030428,R2,70470.93696211684,35907.40489983192,64478.49069829042,176.98514590683877,20,1910.3999999999999
C.Semi.5|Wnone|LSOA:E01030429,R0,31700.318700211392,17437.21863755559,30014.876975942974,99.47473091293196,10,861.4
C.Semi.5|Wnone|LSOA:E01030429,R1,30687.472798235565,17437.21863755559,30014.876975942974,97.5266060563371,10,861.4
C.Semi.5|Wnone|LSOA:E01030429,R2,30687.472798235565,17437.21863755559,30014.876975942974,97.5266060563371,10,861.4
C.Semi.5|Wnone|LSOA:E01030432,R0,140550.0725200596,70183.80625112778,121437.18054471893,331.81176669868387,40,3496.9
C.Semi.5|Wnone|LSOA:E01030432,R1,136251.35469641836,70183.80625112778,121437.18054471893,325.4028693620044,40,3496.9
C.Semi.5|Wnone|LSOA:E01030432,R2,136251.35469641836,70183.80625112778,121437.18054471893,325.4028693620044,40,3496.9
C.Semi.5|Wnone|LSOA:E01030440,R0,92266.90198750843,40217.154613423845,79678.34450983445,219.5064531707072,22,2518.2
C.Semi.5|Wnone|LSOA:E01030440,R1,89275.43273952053,40217.154613423845,79678.34450983445,215.0800441449373,22,2518.2
C.Semi.5|Wnone|LSOA:E01030440,R2,89275.43273952053,40217.154613423845,79678.34450983445,215.0800441449373,22,2518.2
C.Semi.5|Wnone|LSOA:E01030441,R0,171751.00096086934,67658.94982504647,136259.46035090374,416.4624825608995,36,4558.700000000001
C.Semi.5|Wnone|LSOA:E01030441,R1,166158.3890795307,67658.94982504647,136259.46035090374,415.7925892978244,36,4558.700000000001
C.Semi.5|Wnone|LSOA:E01030441,R2,166158.3890795307,67658.94982504647,136259.46035090374,415.7925892978244,36,4558.700000000001
C.Semi.5|Wnone|LSOA:E01030444,R0,226901.94266282325,104278.52231213063,190382.57856035623,473.4111682094998,58,5792.5
C.Semi.5|Wnone|LSOA:E01030444,R1,219804.39915328298,104278.52231213063,190382.57856035623,471.61200081719295,58,5792.5
C.Semi.5|Wnone|LSOA:E01030444,R2,219804.39915328298,104278.52231213063,190382.57856035623,471.61200081719295,58,5792.5
C.Semi.5|Wnone|LSOA:E01030445,R0,174398.52764795203,82943.12760129481,149274.51125951024,360.33374344889324,46,4466.0
C.Semi.5|Wnone|LSOA:E01030445,R1,168938.1407591969,82943.12760129481,149274.51125951024,358.86729268391923,46,4466.0
C.Semi.5|Wnone|LSOA:E01030445,R2,168938.1407591969,82943.12760129481,149274.51125951024,358.86729268391923,46,4466.0
C.Semi.5|Wnone|LSOA:E01030446,R0,45127.4586386578,18233.447643322655,37625.47042760171,101.22505780029297,10,1210.6
C.Semi.5|Wnone|LSOA:E01030446,R1,43660.69251530869,18233.447643322655,37625.47042760171,100.88788116455078,10,1210.6
C.Semi.5|Wnone|LSOA:E01030446,R2,43660.69251530869,18233.447643322655,37625.47042760171,100.88788116455078,10,1210.6
C.Semi.5|Wnone|LSOA:E01030447,R0,86629.39124344393,39594.09459335573,76729.10903790715,186.15173000990657,22,2336.4999999999995
C.Semi.5|Wnone|LSOA:E01030447,R1,83832.01931467972,39594.09459335573,76729.10903790715,182.37631473833895,22,2336.4999999999995
C.Semi.5|Wnone|LSOA:E01030447,R2,83832.01931467972,39594.09459335573,76729.10903790715,182.37631473833895,22,2336.4999999999995
C.Semi.5|Wnone|LSOA:E01030459,R0,81925.01763991528,40394.626839376,70387.01656071476,178.12464337938096,24,2114.4
C.Semi.5|Wnone|LSOA:E01030459,R1,79334.0545320272,40394.626839376,70387.01656071476,177.55831151156954,24,2114.4
C.Semi.5|Wnone|LSOA:E01030459,R2,79334.0545320272,40394.626839376,70387.01656071476,177.55831151156954,24,2114.4
C.Semi.5|Wnone|LSOA:E01030465,R0,76662.12157481184,36221.60363288458,67009.0120563553,159.29402953830294,21,1948.4999999999998
C.Semi.5|Wnone|LSOA:E01030465,R1,74271.62016544378,36221.60363288458,67009.0120563553,158.68960919867618,21,1948.4999999999998
C.Semi.5|Wnone|LSOA:E01030465,R2,74271.62016544378,36221.60363288458,67009.0120563553,158.68960919867618,21,1948.4999999999998
C.Semi.5|Wnone|LSOA:E01030475,R0,135631.68705814314,57706.47815718565,111041.5628967696,301.490890669081,32,3574.8
C.Semi.5|Wnone|LSOA:E01030475,R1,131275.80125161546,57706.47815718565,111041.5628967696,300.53912487453886,32,3574.8
C.Semi.5|Wnone|LSOA:E01030475,R2,131275.80125161546,57706.47815718565,111041.5628967696,300.53912487453886,32,3574.8
C.Semi.5|Wnone|LSOA:E01030477,R0,163935.06731430528,85434.599305844,147682.07339151716,402.9009287943338,50,4196.799999999999
C.Semi.5|Wnone|LSOA:E01030477,R1,158838.7139088587,85434.599305844,147682.07339151716,395.0411980566626,50,4196.799999999999
C.Semi.5|Wnone|LSOA:E01030477,R2,158838.7139088587,85434.599305844,147682.07339151716,395.0411980566626,50,4196.799999999999
C.Semi.5|Wnone|LSOA:E01030478,R0,90994.19514322212,42399.6109198012,76838.22952822305,189.67625187411838,24,2320.8
C.Semi.5|Wnone|LSOA:E01030478,R1,88149.7809718496,42399.6109198012,76838.22952822305,188.95542531500922,24,2320.8
C.Semi.5|Wnone|LSOA:E01030478,R2,88149.7809718496,42399.6109198012,76838.22952822305,188.95542531500922,24,2320.8
C.Semi.5|Wnone|LSOA:E01030479,R0,90329.41182086212,43308.09477052152,79707.00504821305,202.18133351654544,24,2443.6
C.Semi.5|Wnone|LSOA:E01030479,R1,87411.01535135819,43308.09477052152,79707.00504821305,198.09388238206805,24,2443.6
C.Semi.5|Wnone|LSOA:E01030479,R2,87411.01535135819,43308.09477052152,79707.00504821305,198.09388238206805,24,2443.6
C.Semi.5|Wnone|LSOA:E01030480,R0,64687.20998658627,29371.770696058164,52775.02784949257,135.25500687662762,17,1648.5
C.Semi.5|Wnone|LSOA:E01030480,R1,62665.52422989825,29371.770696058164,52775.02784949257,134.75191792805987,17,1648.5
C.Semi.5|Wnone|LSOA:E01030480,R2,62665.52422989825,29371.770696058164,52775.02784949257,134.75191792805987,17,1648.5
C.Semi.5|Wnone|LSOA:E01030490,R0,55833.42307293258,22068.892372801623,45564.4434721235,137.07138290032282,12,1481.8000000000002
C.Semi.5|Wnone|LSOA:E01030490,R1,54012.92475862292,22068.892372801623,45564.4434721235,136.88254614427353,12,1481.8000000000002
C.Semi.5|Wnone|LSOA:E01030490,R2,54012.92475862292,22068.892372801623,45564.4434721235,136.88254614427353,12,1481.8000000000002
C.Semi.5|Wnone|LSOA:E01030491,R0,45272.23760068848,22065.89041459158,38077.273284322495,96.51585975545245,13,1110.3
C.Semi.5|Wnone|LSOA:E01030491,R1,43887.500059576436,22065.89041459158,38077.273284322495,96.26913209025064,13,1110.3
C.Semi.5|Wnone|LSOA:E01030491,R2,43887.500059576436,22065.89041459158,38077.273284322495,96.26913209025064,13,1110.3
C.Semi.5|Wnone|LSOA:E01030499,R0,67578.83165673484,28638.414643614386,53472.180993364556,151.08852054918077,16,1708.5
C.Semi.5|Wnone|LSOA:E01030499,R1,65462.35467233395,28638.414643614386,53472.180993364556,150.75259271579318,16,1708.5
C.Semi.5|Wnone|LSOA:E01030499,R2,65462.35467233395,28638.414643614386,53472.180993364556,150.75259271579318,16,1708.5
C.Semi.5|Wnone|LSOA:E01030501,R0,269815.6469761804,110834.26305208605,214844.22448971123,670.9184636162652,60,6974.7
C.Semi.5|Wnone|LSOA:E01030501,R1,261146.5037434504,110834.26305208605,214844.22448971123,670.4671107652453,60,6974.7
C.Semi.5|Wnone|LSOA:E01030501,R2,261146.5037434504,110834.26305208605,214844.22448971123,670.4671107652453,60,6974.7
C.Semi.5|Wnone|LSOA:E01030502,R0,45847.033501488884,18771.970948436763,37568.01145534149,107.97192106831868,10,1231.0
C.Semi.5|Wnone|LSOA:E01030502,R1,44348.27719377039,18771.970948436763,37568.01145534149,107.71475698343913,10,1231.0
C.Semi.5|Wnone|LSOA:E01030502,R2,44348.27719377039,18771.970948436763,37568.01145534149,107.71475698343913,10,1231.0
C.Semi.5|Wnone|LSOA:E01030504,R0,52162.74753179239,18625.899618391006,38985.43048855275,123.85803259243437,10,1382.2
C.Semi.5|Wnone|LSOA:E01030504,R1,50469.95162493728,18625.899618391006,38985.43048855275,123.61389173210993,10,1382.2
C.Semi.5|Wnone|LSOA:E01030504,R2,50469.95162493728,18625.899618391006,38985.43048855275,123.61389173210993,10,1382.2
C.Semi.5|Wnone|SUB:SPN-S000000171621,R0,47950.041201281405,18943.79729718855,38447.60197898379,121.78117675849066,10,1270.6
C.Semi.5|Wnone|SUB:SPN-S000000171621,R1,46381.93851603136,18943.79729718855,38447.60197898379,121.69144138929579,10,1270.6
C.Semi.5|Wnone|SUB:SPN-S000000171621,R2,46381.93851603136,18943.79729718855,38447.60197898379,121.69144138929579,10,1270.6
C.Semi.5|Wnone|SUB:SPN-S000000171733,R0,62799.85607353118,27412.531362211826,53611.78604069943,153.9,15,1539.0
C.Semi.5|Wnone|SUB:SPN-S000000171733,R1,60849.587820943605,27412.531362211826,53611.78604069943,153.9,15,1539.0
C.Semi.5|Wnone|SUB:SPN-S000000171733,R2,60849.587820943605,27412.531362211826,53611.78604069943,153.9,15,1539.0
C.Semi.5|Wnone|SUB:SPN-S000000171851,R0,48355.27547687044,21036.29025409423,39208.59231232358,120.54601711086696,12,1255.1
C.Semi.5|Wnone|SUB:SPN-S000000171851,R1,46797.27247793191,21036.29025409423,39208.59231232358,120.46163375176322,12,1255.1
C.Semi.5|Wnone|SUB:SPN-S000000171851,R2,46797.27247793191,21036.29025409423,39208.59231232358,120.46163375176322,12,1255.1
C.Semi.5|Wnone|SUB:SPN-S000000181316,R0,41547.02369019682,21241.49603813613,36651.753285196915,114.4384303704339,12,1044.0
C.Semi.5|Wnone|SUB:SPN-S000000181316,R1,40276.61060277996,21241.49603813613,36651.753285196915,112.24252040443764,12,1044.0
C.Semi.5|Wnone|SUB:SPN-S000000181316,R2,40276.61060277996,21241.49603813613,36651.753285196915,112.24252040443764,12,1044.0
C.Semi.6|Wnone|LSOA:E01030421,R0,142767.82805018706,79682.09902605234,138717.90145682456,323.69912397056623,45,3972.0
C.Semi.6|Wnone|LSOA:E01030421,R1,139019.4950021132,79682.09902605234,138717.90145682456,320.5106747621338,45,3972.0
C.Semi.6|Wnone|LSOA:E01030421,R2,139019.4950021132,79682.09902605234,138717.90145682456,320.5106747621338,45,3972.0
C.Semi.6|Wnone|LSOA:E01030424,R0,35433.6939234729,17852.922111395324,31728.37377529629,64.94403175092516,10,938.3
C.Semi.6|Wnone|LSOA:E01030424,R1,34530.01084816974,17852.922111395324,31728.37377529629,64.29284764605511,10,938.3
C.Semi.6|Wnone|LSOA:E01030424,R2,34530.01084816974,17852.922111395324,31728.37377529629,64.29284764605511,10,938.3
C.Semi.6|Wnone|LSOA:E01030426,R0,104087.88820129225,32905.75766140554,69242.87912952816,195.80147740927146,18,2862.9
C.Semi.6|Wnone|LSOA:E01030426,R1,101416.27894239417,32905.75766140554,69242.87912952816,194.05855115150422,18,2862.9
C.Semi.6|Wnone|LSOA:E01030426,R2,101416.27894239417,32905.75766140554,69242.87912952816,194.05855115150422,18,2862.9
C.Semi.6|Wnone|LSOA:E01030427,R0,99553.64937260764,46725.8533140939,86132.59215749922,179.41485778100855,26,2679.0
C.Semi.6|Wnone|LSOA:E01030427,R1,97011.55260779135,46725.8533140939,86132.59215749922,177.1939960194219,26,2679.0
C.Semi.6|Wnone|LSOA:E01030427,R2,97011.55260779135,46725.8533140939,86132.59215749922,177.1939960194219,26,2679.0
C.Semi.6|Wnone|LSOA:E01030433,R0,53005.48881008083,22014.100879150934,42227.18821901412,98.43460469125326,12,1347.8999999999999
C.Semi.6|Wnone|LSOA:E01030433,R1,51686.964477200694,22014.100879150934,42227.18821901412,96.61307012537281,12,1347.8999999999999
C.Semi.6|Wnone|LSOA:E01030433,R2,51686.964477200694,22014.100879150934,42227.18821901412,96.61307012537281,12,1347.8999999999999
C.Semi.6|Wnone|LSOA:E01030447,R0,37895.468062226544,19055.673392653473,34400.90752319271,69.3470230081708,11,1051.6
C.Semi.6|Wnone|LSOA:E01030447,R1,36912.27393476368,19055.673392653473,34400.90752319271,68.62408249668232,11,1051.6
C.Semi.6|Wnone|LSOA:E01030447,R2,36912.27393476368,19055.673392653473,34400.90752319271,68.62408249668232,11,1051.6
C.Semi.6|Wnone|LSOA:E01030459,R0,44238.624842073164,23644.2834091919,41515.546971060845,79.80854051717296,14,1201.2
C.Semi.6|Wnone|LSOA:E01030459,R1,43098.35413636398,23644.2834091919,41515.546971060845,78.81019207546584,14,1201.2
C.Semi.6|Wnone|LSOA:E01030459,R2,43098.35413636398,23644.2834091919,41515.546971060845,78.81019207546584,14,1201.2
C.Semi.6|Wnone|LSOA:E01030465,R0,68808.69751804713,37026.674057188604,65581.54619686947,136.8705549701934,21,1906.0000000000002
C.Semi.6|Wnone|LSOA:E01030465,R1,67013.43444024878,37026.674057188604,65581.54619686947,135.29070657804655,21,1906.0000000000002
C.Semi.6|Wnone|LSOA:E01030465,R2,67013.43444024878,37026.674057188604,65581.54619686947,135.29070657804655,21,1906.0000000000002
C.Semi.6|Wnone|LSOA:E01030466,R0,70740.74999182488,27359.737066378206,55251.20249399882,129.4176025634435,15,1882.8999999999999
C.Semi.6|Wnone|LSOA:E01030466,R1,68950.96987081115,27359.737066378206,55251.20249399882,127.69675386908413,15,1882.8999999999999
C.Semi.6|Wnone|LSOA:E01030466,R2,68950.96987081115,27359.737066378206,55251.20249399882,127.69675386908413,15,1882.8999999999999
C.Semi.6|Wnone|LSOA:E01030472,R0,40879.08420416142,19007.45581887618,36464.19940315946,74.87473930830167,11,1127.9
C.Semi.6|Wnone|LSOA:E01030472,R1,39822.405287862726,19007.45581887618,36464.19940315946,74.08551082479426,11,1127.9
C.Semi.6|Wnone|LSOA:E01030472,R2,39822.405287862726,19007.45581887618,36464.19940315946,74.08551082479426,11,1127.9
C.Semi.6|Wnone|LSOA:E01030473,R0,53175.05616503626,23454.645166171824,45473.99755828755,97.71923794185452,13,1448.1000000000001
C.Semi.6|Wnone|LSOA:E01030473,R1,51812.38785899455,23454.645166171824,45473.99755828755,96.67197988335633,13,1448.1000000000001
C.Semi.6|Wnone|LSOA:E01030473,R2,51812.38785899455,23454.645166171824,45473.99755828755,96.67197988335633,13,1448.1000000000001
C.Semi.6|Wnone|LSOA:E01030475,R0,46085.80437924217,23058.11085723679,41582.226829466315,94.3413849574257,13,1183.1000000000001
C.Semi.6|Wnone|LSOA:E01030475,R1,44924.771425215804,23058.11085723679,41582.226829466315,93.47372584324151,13,1183.1000000000001
C.Semi.6|Wnone|LSOA:E01030475,R2,44924.771425215804,23058.11085723679,41582.226829466315,93.47372584324151,13,1183.1000000000001
C.Semi.6|Wnone|LSOA:E01030477,R0,71930.64415646675,40133.79907885997,70091.6509160256,148.0190658094439,23,2040.5
C.Semi.6|Wnone|LSOA:E01030477,R1,70034.87805367641,40133.79907885997,70091.6509160256,146.32542441279395,23,2040.5
C.Semi.6|Wnone|LSOA:E01030477,R2,70034.87805367641,40133.79907885997,70091.6509160256,146.32542441279395,23,2040.5
C.Semi.6|Wnone|LSOA:E01030478,R0,33993.06525462423,18751.52836397161,33002.40383234061,65.95052155976448,11,947.6999999999999
C.Semi.6|Wnone|LSOA:E01030478,R1,33105.49397455453,18751.52836397161,33002.40383234061,65.16314450634391,11,947.6999999999999
C.Semi.6|Wnone|LSOA:E01030478,R2,33105.49397455453,18751.52836397161,33002.40383234061,65.16314450634391,11,947.6999999999999
C.Semi.6|Wnone|LSOA:E01030479,R0,141303.57043475122,67527.63853051586,121991.04545245398,247.29546860461173,38,3697.4000000000005
C.Semi.6|Wnone|LSOA:E01030479,R1,137735.1301604489,67527.63853051586,121991.04545245398,243.05798685094084,38,3697.4000000000005
C.Semi.6|Wnone|LSOA:E01030479,R2,137735.1301604489,67527.63853051586,121991.04545245398,243.05798685094084,38,3697.4000000000005
C.Semi.6|Wnone|LSOA:E01030491,R0,74337.84233430198,40879.980775053526,72166.2344343963,157.3260937320683,24,2172.7
C.Semi.6|Wnone|LSOA:E01030491,R1,72354.97022407106,40879.980775053526,72166.2344343963,155.51822161903505,24,2172.7
C.Semi.6|Wnone|LSOA:E01030491,R2,72354.97022407106,40879.980775053526,72166.2344343963,155.51822161903505,24,2172.7
C.Semi.6|Wnone|LSOA:E01030503,R0,31794.42889102376,17375.91401704164,29983.972832428524,60.219749738517876,10,866.4
C.Semi.6|Wnone|LSOA:E01030503,R1,30971.74906591618,17375.91401704164,29983.972832428524,59.50124265597113,10,866.4
C.Semi.6|Wnone|LSOA:E01030503,R2,30971.74906591618,17375.91401704164,29983.972832428524,59.50124265597113,10,866.4
C.Semi.6|Wnone|LSOA:E01030504,R0,58589.6540152953,27371.40712863772,51445.86453963048,108.61459271388972,15,1606.4
C.Semi.6|Wnone|LSOA:E01030504,R1,57084.502997731615,27371.40712863772,51445.86453963048,107.53483873209288,15,1606.4
C.Semi.6|Wnone|LSOA:E01030504,R2,57084.502997731615,27371.40712863772,51445.86453963048,107.53483873209288,15,1606.4
C.Semi.6|Wnone|SUB:SPN-S000000171719,R0,36605.703067258946,18658.726215042043,32079.42761072174,65.31191830550844,11,952.4000000000001
C.Semi.6|Wnone|SUB:SPN-S000000171719,R1,35681.811380461804,18658.726215042043,32079.42761072174,64.67533391126246,11,952.4000000000001
C.Semi.6|Wnone|SUB:SPN-S000000171719,R2,35681.811380461804,18658.726215042043,32079.42761072174,64.67533391126246,11,952.4000000000001
C.Semi.6|Wnone|SUB:SPN-S000000171874,R0,45574.25924844137,18449.332752102157,35307.6143142457,86.30256497730551,10,1142.0
C.Semi.6|Wnone|SUB:SPN-S000000171874,R1,44448.276854491385,18449.332752102157,35307.6143142457,84.65101090399848,10,1142.0
C.Semi.6|Wnone|SUB:SPN-S000000171874,R2,44448.276854491385,18449.332752102157,35307.6143142457,84.65101090399848,10,1142.0
C.Semi.6|Wnone|SUB:SPN-S000000181195,R0,74351.8064598744,31578.24736283491,61085.43977909107,137.5433732574932,17,1978.0
C.Semi.6|Wnone|SUB:SPN-S000000181195,R1,72472.93537235606,31578.24736283491,61085.43977909107,135.773529381445,17,1978.0
C.Semi.6|Wnone|SUB:SPN-S000000181195,R2,72472.93537235606,31578.24736283491,61085.43977909107,135.773529381445,17,1978.0
C.Semi.6|Wnone|SUB:SPN-S000000181196,R0,122711.30457493098,47774.91711576847,95799.2557365139,232.83532690190017,26,3276.2
C.Semi.6|Wnone|SUB:SPN-S000000181196,R1,119613.98624372535,47774.91711576847,95799.2557365139,230.2718562271533,26,3276.2
C.Semi.6|Wnone|SUB:SPN-S000000181196,R2,119613.98624372535,47774.91711576847,95799.2557365139,230.2718562271533,26,3276.2
C.Semi.6|Wnone|SUB:SPN-S000000181225,R0,54220.431669078025,21956.56571332671,43692.328727625936,101.903397573299,12,1472.6000000000001
C.Semi.6|Wnone|SUB:SPN-S000000181225,R1,52839.304688032134,21956.56571332671,43692.328727625936,100.95263354004369,12,1472.6000000000001
C.Semi.6|Wnone|SUB:SPN-S000000181225,R2,52839.304688032134,21956.56571332671,43692.328727625936,100.95263354004369,12,1472.6000000000001
C.Semi.6|Wnone|SUB:SPN-S000000181226,R0,36424.67687375459,17291.639233864516,31832.42767402747,70.02093246130786,10,1015.9999999999999
C.Semi.6|Wnone|SUB:SPN-S000000181226,R1,35485.62324018769,17291.639233864516,31832.42767402747,69.52261133450922,10,1015.9999999999999
C.Semi.6|Wnone|SUB:SPN-S000000181226,R2,35485.62324018769,17291.639233864516,31832.42767402747,69.52261133450922,10,1015.9999999999999
C.Semi.7|Wnone|LSOA:E01030422,R0,172268.77244928782,22528.323697805317,39718.17196828486,168.09969871969784,13,1186.3
C.Semi.7|Wnone|LSOA:E01030422,R1,98579.63390360179,22528.323697805317,39718.17196828486,142.63445989255985,13,1186.3
C.Semi.7|Wnone|LSOA:E01030422,R2,98579.63390360179,22528.323697805317,39718.17196828486,142.63445989255985,13,1186.3
C.Semi.7|Wnone|LSOA:E01030424,R0,286059.62227858836,32671.210855320052,61064.25728814586,276.49581865198473,18,1888.0
C.Semi.7|Wnone|LSOA:E01030424,R1,162275.489633496,32671.210855320052,61064.25728814586,240.58215286297536,18,1888.0
C.Semi.7|Wnone|LSOA:E01030424,R2,162275.489633496,32671.210855320052,61064.25728814586,240.58215286297536,18,1888.0
C.Semi.7|Wnone|LSOA:E01030427,R0,154215.8700210178,19310.735291131205,34455.66994407604,149.9566234035118,11,1036.8
C.Semi.7|Wnone|LSOA:E01030427,R1,87767.64205989923,19310.735291131205,34455.66994407604,128.99470392190852,11,1036.8
C.Semi.7|Wnone|LSOA:E01030427,R2,87767.64205989923,19310.735291131205,34455.66994407604,128.99470392190852,11,1036.8
C.Semi.7|Wnone|LSOA:E01030428,R0,191601.70752914948,25415.21600753085,43307.317086482435,173.56682380687556,15,1238.1
C.Semi.7|Wnone|LSOA:E01030428,R1,110122.1899801993,25415.21600753085,43307.317086482435,143.6058028522448,15,1238.1
C.Semi.7|Wnone|LSOA:E01030428,R2,110122.1899801993,25415.21600753085,43307.317086482435,143.6058028522448,15,1238.1
C.Semi.7|Wnone|LSOA:E01030430,R0,149932.19269098033,20382.363599068398,37112.14535927643,172.67290984628715,12,1186.6999999999998
C.Semi.7|Wnone|LSOA:E01030430,R1,85115.7723910037,20382.363599068398,37112.14535927643,155.99066525846743,12,1186.6999999999998
C.Semi.7|Wnone|LSOA:E01030430,R2,85115.7723910037,20382.363599068398,37112.14535927643,155.99066525846743,12,1186.6999999999998
C.Semi.7|Wnone|LSOA:E01030431,R0,271223.26974055375,30069.214817599815,54263.865234456425,237.77501784021712,17,1637.2999999999997
C.Semi.7|Wnone|LSOA:E01030431,R1,154261.3085156225,30069.214817599815,54263.865234456425,199.97196663053424,17,1637.2999999999997
C.Semi.7|Wnone|LSOA:E01030431,R2,154261.3085156225,30069.214817599815,54263.865234456425,199.97196663053424,17,1637.2999999999997
C.Semi.7|Wnone|LSOA:E01030432,R0,194301.05594670374,23361.996385386552,42851.26733011618,191.69519512939453,13,1322.6
C.Semi.7|Wnone|LSOA:E01030432,R1,110513.22684831273,23361.996385386552,42851.26733011618,165.93534470029547,13,1322.6
C.Semi.7|Wnone|LSOA:E01030432,R2,110513.22684831273,23361.996385386552,42851.26733011618,165.93534470029547,13,1322.6
C.Semi.7|Wnone|LSOA:E01030433,R0,214233.28254690644,24759.594189043866,43256.44346554483,178.69825363299233,14,1254.8999999999999
C.Semi.7|Wnone|LSOA:E01030433,R1,122712.4516181011,24759.594189043866,43256.44346554483,144.9217634557006,14,1254.8999999999999
C.Semi.7|Wnone|LSOA:E01030433,R2,122712.4516181011,24759.594189043866,43256.44346554483,144.9217634557006,14,1254.8999999999999
C.Semi.7|Wnone|LSOA:E01030465,R0,131973.3954283018,21444.195537687287,35524.86838186485,143.05032232393197,13,1005.8
C.Semi.7|Wnone|LSOA:E01030465,R1,77423.6193070722,21444.195537687287,35524.86838186485,119.9677593231074,13,1005.8
C.Semi.7|Wnone|LSOA:E01030465,R2,77423.6193070722,21444.195537687287,35524.86838186485,119.9677593231074,13,1005.8
C.Semi.7|Wnone|LSOA:E01030477,R0,221713.0638645228,27928.441574674704,50666.75672999653,224.75543255555397,16,1559.4
C.Semi.7|Wnone|LSOA:E01030477,R1,126285.38483764831,27928.441574674704,50666.75672999653,194.83512988790247,16,1559.4
C.Semi.7|Wnone|LSOA:E01030477,R2,126285.38483764831,27928.441574674704,50666.75672999653,194.83512988790247,16,1559.4
C.Semi.7|Wnone|LSOA:E01030491,R0,194432.2847098856,17087.569932633505,34493.41291810365,209.30434414134305,10,1476.0
C.Semi.7|Wnone|LSOA:E01030491,R1,111261.97686166769,17087.569932633505,34493.41291810365,181.12031652983137,10,1476.0
C.Semi.7|Wnone|LSOA:E01030491,R2,111261.97686166769,17087.569932633505,34493.41291810365,181.12031652983137,10,1476.0
C.Semi.7|Wnone|LSOA:E01030499,R0,278148.1839105184,34260.61472378709,66105.30561576843,319.1119908417346,19,2175.4
C.Semi.7|Wnone|LSOA:E01030499,R1,157510.33849033166,34260.61472378709,66105.30561576843,290.378179077111,19,2175.4
C.Semi.7|Wnone|LSOA:E01030499,R2,157510.33849033166,34260.61472378709,66105.30561576843,290.378179077111,19,2175.4
C.Semi.7|Wnone|LSOA:E01030500,R0,147149.52140518263,20392.622171558593,35178.47753678005,143.71576346983898,12,1021.1999999999999
C.Semi.7|Wnone|LSOA:E01030500,R1,85218.21185170568,20392.622171558593,35178.47753678005,119.57014585377823,12,1021.1999999999999
C.Semi.7|Wnone|LSOA:E01030500,R2,85218.21185170568,20392.622171558593,35178.47753678005,119.57014585377823,12,1021.1999999999999
C.Semi.7|Wnone|LSOA:E01030504,R0,135406.6197281459,19299.775376950893,34407.60565659597,147.08497056310318,11,1034.7
C.Semi.7|Wnone|LSOA:E01030504,R1,77429.82754386814,19299.775376950893,34407.60565659597,127.90363876007547,11,1034.7
C.Semi.7|Wnone|LSOA:E01030504,R2,77429.82754386814,19299.775376950893,34407.60565659597,127.90363876007547,11,1034.7
C.Semi.7|Wnone|SUB:SPN-S000000171618,R0,187660.92389890488,23490.29801267934,44341.30074847196,204.23607183718212,13,1421.9999999999998
C.Semi.7|Wnone|SUB:SPN-S000000171618,R1,106980.61130158663,23490.29801267934,44341.30074847196,179.63948036042675,13,1421.9999999999998
C.Semi.7|Wnone|SUB:SPN-S000000171618,R2,106980.61130158663,23490.29801267934,44341.30074847196,179.63948036042675,13,1421.9999999999998
C.Semi.7|Wnone|SUB:SPN-S000000171634,R0,158651.26188040694,19077.5917561541,32756.51137228556,135.27608831119568,11,940.5
C.Semi.7|Wnone|SUB:SPN-S000000171634,R1,91237.80917309747,19077.5917561541,32756.51137228556,109.5114073408769,11,940.5
C.Semi.7|Wnone|SUB:SPN-S000000171634,R2,91237.80917309747,19077.5917561541,32756.51137228556,109.5114073408769,11,940.5
C.Semi.7|Wnone|SUB:SPN-S000000171722,R0,159142.3140280323,20044.90448065572,37565.91994434918,172.6061968688965,11,1179.4
C.Semi.7|Wnone|SUB:SPN-S000000171722,R1,90222.25901616958,20044.90448065572,37565.91994434918,154.6556837142564,11,1179.4
C.Semi.7|Wnone|SUB:SPN-S000000171722,R2,90222.25901616958,20044.90448065572,37565.91994434918,154.6556837142564,11,1179.4
C.Semi.7|Wnone|SUB:SPN-S000000171741,R0,154050.15625276158,23190.255205756293,37536.72340266584,153.18,14,1021.1999999999999
C.Semi.7|Wnone|SUB:SPN-S000000171741,R1,90518.7913911129,23190.255205756293,37536.72340266584,133.8798589647438,14,1021.1999999999999
C.Semi.7|Wnone|SUB:SPN-S000000171741,R2,90518.7913911129,23190.255205756293,37536.72340266584,133.8798589647438,14,1021.1999999999999
C.Semi.7|Wnone|SUB:SPN-S000000171888,R0,178682.10743555526,20170.472211932378,33329.276911272,138.795,12,925.3
C.Semi.7|Wnone|SUB:SPN-S000000171888,R1,102171.19488586576,20170.472211932378,33329.276911272,112.81680075459492,12,925.3
C.Semi.7|Wnone|SUB:SPN-S000000171888,R2,102171.19488586576,20170.472211932378,33329.276911272,112.81680075459492,12,925.3
C.Semi.8|Wcav|LSOA:E01030422,R0,351345.49893953453,36348.94480179924,67683.82239099154,269.9803139364282,20,2110.6
C.Semi.8|Wcav|LSOA:E01030422,R1,161645.15139949953,36348.94480179924,67683.82239099154,222.2373211170512,20,2110.6
C.Semi.8|Wcav|LSOA:E01030422,R2,161645.15139949953,36348.94480179924,67683.82239099154,222.2373211170512,20,2110.6
C.Semi.8|Wcav|LSOA:E01030425,R0,158405.64643262565,17878.14663725231,32726.147518054855,125.90466567224806,10,1007.4
C.Semi.8|Wcav|LSOA:E01030425,R1,72404.15676089883,17878.14663725231,32726.147518054855,100.58709383889196,10,1007.4
C.Semi.8|Wcav|LSOA:E01030425,R2,72404.15676089883,17878.14663725231,32726.147518054855,100.58709383889196,10,1007.4
C.Semi.8|Wcav|LSOA:E01030427,R0,191227.64485731145,21621.28808901664,39632.23450554306,153.3778272750148,12,1219.2
C.Semi.8|Wcav|LSOA:E01030427,R1,87641.08123260543,21621.28808901664,39632.23450554306,124.75272273353961,12,1219.2
C.Semi.8|Wcav|LSOA:E01030427,R2,87641.08123260543,21621.28808901664,39632.23450554306,124.75272273353961,12,1219.2
C.Semi.8|Wcav|LSOA:E01030428,R0,181264.72487304185,21233.403699262606,37871.269573169004,144.68721926060633,12,1133.0
C.Semi.8|Wcav|LSOA:E01030428,R1,83493.10967084671,21233.403699262606,37871.269573169004,120.95064822418388,12,1133.0
C.Semi.8|Wcav|LSOA:E01030428,R2,83493.10967084671,21233.403699262606,37871.269573169004,120.95064822418388,12,1133.0
C.Semi.8|Wcav|LSOA:E01030429,R0,202682.43101231515,20949.89474640115,38259.17357583104,153.38183916730662,12,1194.7
C.Semi.8|Wcav|LSOA:E01030429,R1,93296.41086833423,20949.89474640115,38259.17357583104,126.18386159794677,12,1194.7
C.Semi.8|Wcav|LSOA:E01030429,R2,93296.41086833423,20949.89474640115,38259.17357583104,126.18386159794677,12,1194.7
C.Semi.8|Wcav|LSOA:E01030430,R0,256885.35145995268,21685.544111631196,41933.01907565913,185.12570462632138,12,1391.0
C.Semi.8|Wcav|LSOA:E01030430,R1,119283.09156737871,21685.544111631196,41933.01907565913,158.9412137577901,12,1391.0
C.Semi.8|Wcav|LSOA:E01030430,R2,119283.09156737871,21685.544111631196,41933.01907565913,158.9412137577901,12,1391.0
C.Semi.8|Wcav|LSOA:E01030431,R0,272436.4066333744,31794.02217853525,56896.98604854094,218.02828991122522,18,1702.4
C.Semi.8|Wcav|LSOA:E01030431,R1,125627.90424299834,31794.02217853525,56896.98604854094,183.50327898381562,18,1702.4
C.Semi.8|Wcav|LSOA:E01030431,R2,125627.90424299834,31794.02217853525,56896.98604854094,183.50327898381562,18,1702.4
C.Semi.8|Wcav|LSOA:E01030432,R0,229429.29047067685,25120.189794457954,45760.747298263916,178.14928080103238,14,1396.4
C.Semi.8|Wcav|LSOA:E01030432,R1,105510.68399516711,25120.189794457954,45760.747298263916,146.64821366460095,14,1396.4
C.Semi.8|Wcav|LSOA:E01030432,R2,105510.68399516711,25120.189794457954,45760.747298263916,146.64821366460095,14,1396.4
C.Semi.8|Wcav|LSOA:E01030441,R0,342901.7558204208,24268.44884282453,51090.9268594254,246.429341097209,13,1876.0
C.Semi.8|Wcav|LSOA:E01030441,R1,158581.53877457808,24268.44884282453,51090.9268594254,206.22327797181637,13,1876.0
C.Semi.8|Wcav|LSOA:E01030441,R2,158581.53877457808,24268.44884282453,51090.9268594254,206.22327797181637,13,1876.0
C.Semi.8|Wcav|LSOA:E01030465,R0,208829.32784598687,26842.028951618806,46097.3839841001,171.78032560693666,16,1349.9
C.Semi.8|Wcav|LSOA:E01030465,R1,96205.14679804868,26842.028951618806,46097.3839841001,144.65126926404685,16,1349.9
C.Semi.8|Wcav|LSOA:E01030465,R2,96205.14679804868,26842.028951618806,46097.3839841001,144.65126926404685,16,1349.9
C.Semi.8|Wcav|LSOA:E01030471,R0,186194.8148025236,18444.628101151706,33443.662235972995,139.1941589045475,11,1064.7
C.Semi.8|Wcav|LSOA:E01030471,R1,86154.51147889285,18444.628101151706,33443.662235972995,117.82721795812425,11,1064.7
C.Semi.8|Wcav|LSOA:E01030471,R2,86154.51147889285,18444.628101151706,33443.662235972995,117.82721795812425,11,1064.7
C.Semi.8|Wcav|LSOA:E01030479,R0,145912.40429522574,19629.68016900751,34886.61625232982,126.39457866750722,11,1031.8
C.Semi.8|Wcav|LSOA:E01030479,R1,66271.6112492817,19629.68016900751,34886.61625232982,109.23522015147203,11,1031.8
C.Semi.8|Wcav|LSOA:E01030479,R2,66271.6112492817,19629.68016900751,34886.61625232982,109.23522015147203,11,1031.8
C.Semi.8|Wcav|LSOA:E01030480,R0,322853.0865535282,22365.764337749693,46764.88327419451,228.66769918427516,12,1710.0
C.Semi.8|Wcav|LSOA:E01030480,R1,149983.33198788113,22365.764337749693,46764.88327419451,196.24609033412818,12,1710.0
C.Semi.8|Wcav|LSOA:E01030480,R2,149983.33198788113,22365.764337749693,46764.88327419451,196.24609033412818,12,1710.0
C.Semi.8|Wcav|LSOA:E01030492,R0,230507.09075839404,23169.778842130338,43961.3162874545,175.59790929966059,13,1356.8
C.Semi.8|Wcav|LSOA:E01030492,R1,106414.33967082223,23169.778842130338,43961.3162874545,147.2151517040522,13,1356.8
C.Semi.8|Wcav|LSOA:E01030492,R2,106414.33967082223,23169.778842130338,43961.3162874545,147.2151517040522,13,1356.8
C.Semi.8|Wcav|LSOA:E01030499,R0,241709.62679626094,34817.07217493642,60274.11318495281,214.32714903815793,20,1732.0000000000002
C.Semi.8|Wcav|LSOA:E01030499,R1,109833.12881207041,34817.07217493642,60274.11318495281,186.87643636737158,20,1732.0000000000002
C.Semi.8|Wcav|LSOA:E01030499,R2,109833.12881207041,34817.07217493642,60274.11318495281,186.87643636737158,20,1732.0000000000002
C.Semi.8|Wcav|LSOA:E01030502,R0,144316.45285468863,17841.715349495782,32085.57024122845,119.2172511263489,10,964.1999999999999
C.Semi.8|Wcav|LSOA:E01030502,R1,65803.31804352604,17841.715349495782,32085.57024122845,96.88417019295035,10,964.1999999999999
C.Semi.8|Wcav|LSOA:E01030502,R2,65803.31804352604,17841.715349495782,32085.57024122845,96.88417019295035,10,964.1999999999999
C.Semi.8|Wcav|LSOA:E01030504,R0,170515.70161005645,19037.05740857202,34161.853856453105,133.96637057136573,11,1048.8
C.Semi.8|Wcav|LSOA:E01030504,R1,78491.15105477198,19037.05740857202,34161.853856453105,111.1845345507093,11,1048.8
C.Semi.8|Wcav|LSOA:E01030504,R2,78491.15105477198,19037.05740857202,34161.853856453105,111.1845345507093,11,1048.8
C.Semi.8|Wcav|SUB:SPN-S000000171616,R0,238609.18211055372,26897.676994067573,49313.425508576474,190.01964080717391,15,1505.7
C.Semi.8|Wcav|SUB:SPN-S000000171616,R1,109445.18047748173,26897.676994067573,49313.425508576474,155.00146408403845,15,1505.7
C.Semi.8|Wcav|SUB:SPN-S000000171616,R2,109445.18047748173,26897.676994067573,49313.425508576474,155.00146408403845,15,1505.7
C.Semi.8|Wcav|SUB:SPN-S000000171618,R0,238304.52500412296,21714.42092196649,42456.079635729635,182.98843622968118,12,1441.7
C.Semi.8|Wcav|SUB:SPN-S000000171618,R1,109350.79099513986,21714.42092196649,42456.079635729635,148.26267317642538,12,1441.7
C.Semi.8|Wcav|SUB:SPN-S000000171618,R2,109350.79099513986,21714.42092196649,42456.079635729635,148.26267317642538,12,1441.7
C.Semi.8|Wcav|SUB:SPN-S000000171621,R0,198764.5428627784,20361.728143655597,38411.24440808002,152.04208342414037,11,1203.6000000000001
C.Semi.8|Wcav|SUB:SPN-S000000171621,R1,91047.0774988522,20361.728143655597,38411.24440808002,121.76272345174876,11,1203.6000000000001
C.Semi.8|Wcav|SUB:SPN-S000000171621,R2,91047.0774988522,20361.728143655597,38411.24440808002,121.76272345174876,11,1203.6000000000001
C.Semi.8|Wcav|SUB:SPN-S000000171780,R0,129135.55706888644,20133.233039702573,33633.48710895212,118.00980270783877,12,935.6
C.Semi.8|Wcav|SUB:SPN-S000000171780,R1,58911.54421332618,20133.233039702573,33633.48710895212,104.4057976673129,12,935.6
C.Semi.8|Wcav|SUB:SPN-S000000171780,R2,58911.54421332618,20133.233039702573,33633.48710895212,104.4057976673129,12,935.6
C.Semi.8|Wcav|SUB:SPN-S000000171832,R0,120915.97614086795,16690.163121371927,28304.160254087423,102.35621872228195,10,821.6
C.Semi.8|Wcav|SUB:SPN-S000000171832,R1,55341.5195588909,16690.163121371927,28304.160254087423,86.35353113021915,10,821.6
C.Semi.8|Wcav|SUB:SPN-S000000171832,R2,55341.5195588909,16690.163121371927,28304.160254087423,86.35353113021915,10,821.6
C.Semi.8|Wcav|SUB:SPN-S000000175224,R0,140844.27056419273,17714.287672858503,31214.46070743191,115.58562840249711,10,916.0
C.Semi.8|Wcav|SUB:SPN-S000000175224,R1,64682.83486739079,17714.287672858503,31214.46070743191,95.63289438642981,10,916.0
C.Semi.8|Wcav|SUB:SPN-S000000175224,R2,64682.83486739079,17714.287672858503,31214.46070743191,95.63289438642981,10,916.0
C.Semi.9|Wsol|LSOA:E01030431,R0,245784.65126033977,27113.22555292831,50750.935237932244,231.5502030180577,15,1614.9
C.Semi.9|Wsol|LSOA:E01030431,R1,177628.54669052525,27113.22555292831,50750.935237932244,211.26428916781373,15,1614.9
C.Semi.9|Wsol|LSOA:E01030431,R2,122807.01316609056,27113.22555292831,50750.935237932244,219.92293229547005,15,1614.9
C.Semi.9|Wsol|LSOA:E01030458,R0,185355.13957038417,17735.79423682899,36616.76025702296,184.6066174215057,10,1288.7
C.Semi.9|Wsol|LSOA:E01030458,R1,130862.57392396856,17735.79423682899,36616.76025702296,176.80501637273102,10,1288.7
C.Semi.9|Wsol|LSOA:E01030458,R2,91725.14088371719,17735.79423682899,36616.76025702296,173.96957073955252,10,1288.7
C.Semi.9|Wsol|LSOA:E01030465,R0,216150.0516015723,24703.218536328513,45992.09885677977,204.64495181467555,14,1452.3
C.Semi.9|Wsol|LSOA:E01030465,R1,154693.73259034782,24703.218536328513,45992.09885677977,190.94744649855613,14,1452.3
C.Semi.9|Wsol|LSOA:E01030465,R2,108949.34108424358,24703.218536328513,45992.09885677977,191.48588081429608,14,1452.3
C.Semi.9|Wsol|LSOA:E01030477,R0,231779.46427659036,27680.96879927792,49128.11255880643,213.71515812175167,16,1486.8
C.Semi.9|Wsol|LSOA:E01030477,R1,169097.16707331696,27680.96879927792,49128.11255880643,196.8989715836295,16,1486.8
C.Semi.9|Wsol|LSOA:E01030477,R2,116090.38621532434,27680.96879927792,49128.11255880643,203.966282875488,16,1486.8
C.Semi.9|Wsol|LSOA:E01030478,R0,419417.9508906648,34891.04470921203,75280.62476854057,405.9121833881633,19,2899.0
C.Semi.9|Wsol|LSOA:E01030478,R1,296547.59819623816,34891.04470921203,75280.62476854057,393.9844040167595,19,2899.0
C.Semi.9|Wsol|LSOA:E01030478,R2,211388.2430479756,34891.04470921203,75280.62476854057,379.20256418742207,19,2899.0
C.Semi.9|Wsol|LSOA:E01030479,R0,321733.9103125155,35891.27557753972,65745.81491211506,269.11704437934026,20,1976.5
C.Semi.9|Wsol|LSOA:E01030479,R1,237986.550177574,35891.27557753972,65745.81491211506,250.44850324594648,20,1976.5
C.Semi.9|Wsol|LSOA:E01030479,R2,168681.04006990354,35891.27557753972,65745.81491211506,246.43912360638944,20,1976.5
C.Semi.9|Wsol|LSOA:E01030480,R0,210260.5546354464,23477.826003679125,44553.33095681781,197.23439466972235,13,1421.9
C.Semi.9|Wsol|LSOA:E01030480,R1,149975.26426415425,23477.826003679125,44553.33095681781,188.22812069848393,13,1421.9
C.Semi.9|Wsol|LSOA:E01030480,R2,107069.18437469736,23477.826003679125,44553.33095681781,182.33438841331446,13,1421.9
C.Semi.9|Wsol|LSOA:E01030491,R0,334536.6977926446,36797.622216918084,69765.42539374408,315.2329935390739,21,2228.6
C.Semi.9|Wsol|LSOA:E01030491,R1,240295.39609337744,36797.622216918084,69765.42539374408,290.1322461130879,21,2228.6
C.Semi.9|Wsol|LSOA:E01030491,R2,168399.70395950222,36797.622216918084,69765.42539374408,296.08391331812805,21,2228.6
C.Semi.9|Wsol|LSOA:E01030492,R0,213270.80855632288,24455.305123890652,45471.80781332274,185.90259972128854,14,1333.9
C.Semi.9|Wsol|LSOA:E01030492,R1,156890.8446669929,24455.305123890652,45471.80781332274,172.82746639578872,14,1333.9
C.Semi.9|Wsol|LSOA:E01030492,R2,109530.10547857374,24455.305123890652,45471.80781332274,174.31134378495446,14,1333.9
C.Semi.9|Wsol|SUB:SPN-S000000171610,R0,261203.64628411585,30302.962615068755,54735.65315666084,233.55129531947853,17,1658.2999999999997
C.Semi.9|Wsol|SUB:SPN-S000000171610,R1,191156.84032715438,30302.962615068755,54735.65315666084,215.8716714987726,17,1658.2999999999997
C.Semi.9|Wsol|SUB:SPN-S000000171610,R2,132915.6654327587,30302.962615068755,54735.65315666084,220.13076767732454,17,1658.2999999999997
C.Semi.9|Wsol|SUB:SPN-S000000171621,R0,230450.46059702314,25754.903512200683,48228.13363904994,204.67975938555225,14,1502.8
C.Semi.9|Wsol|SUB:SPN-S000000171621,R1,166685.51361354778,25754.903512200683,48228.13363904994,189.91967190633451,14,1502.8
C.Semi.9|Wsol|SUB:SPN-S000000171621,R2,119452.82681782528,25754.903512200683,48228.13363904994,187.64740454844159,14,1502.8
C.Semi.9|Wsol|SUB:SPN-S000000171686,R0,225582.57897597743,25536.360197536735,47062.43198171657,197.2849477327824,14,1444.2
C.Semi.9|Wsol|SUB:SPN-S000000171686,R1,164360.79158739306,25536.360197536735,47062.43198171657,181.4380249254186,14,1444.2
C.Semi.9|Wsol|SUB:SPN-S000000171686,R2,116991.39718181957,25536.360197536735,47062.43198171657,181.74494238213225,14,1444.2
C.Semi.9|Wsol|SUB:SPN-S000000171744,R0,154612.47273243143,18794.029403258144,32996.93869767734,138.310540038956,11,991.2
C.Semi.9|Wsol|SUB:SPN-S000000171744,R1,112687.88251109177,18794.029403258144,32996.93869767734,127.26714144041324,11,991.2
C.Semi.9|Wsol|SUB:SPN-S000000171744,R2,79051.3523921939,18794.029403258144,32996.93869767734,129.34738337590102,11,991.2
C.Semi.9|Wsol|SUB:SPN-S000000171795,R0,381470.9264262105,43393.63670845737,80256.51660087911,338.58867254637124,24,2470.9
C.Semi.9|Wsol|SUB:SPN-S000000171795,R1,276719.73486899084,43393.63670845737,80256.51660087911,309.9093073053231,24,2470.9
C.Semi.9|Wsol|SUB:SPN-S000000171795,R2,197121.90191059498,43393.63670845737,80256.51660087911,312.1034612961025,24,2470.9
C.Semi.9|Wsol|SUB:SPN-S000000171797,R0,631505.5902330457,70807.7667203641,130235.36087868735,535.116510633832,39,3994.5
C.Semi.9|Wsol|SUB:SPN-S000000171797,R1,461893.9373270697,70807.7667203641,130235.36087868735,494.2175146456219,39,3994.5
C.Semi.9|Wsol|SUB:SPN-S000000171797,R2,332097.4917819358,70807.7667203641,130235.36087868735,486.74848029198637,39,3994.5
C.Semi.9|Wsol|SUB:SPN-S000000171798,R0,218604.10100727755,24149.82103581253,46210.47439904134,202.0128620144905,13,1476.0
C.Semi.9|Wsol|SUB:SPN-S000000171798,R1,155876.2011765812,24149.82103581253,46210.47439904134,195.22243685295481,13,1476.0
C.Semi.9|Wsol|SUB:SPN-S000000171798,R2,113120.83203884715,24149.82103581253,46210.47439904134,187.63405240321396,13,1476.0
C.Semi.9|Wsol|SUB:SPN-S000000171806,R0,215940.75475301896,20983.72051799435,44706.1066357082,239.3282151918317,11,1612.1
C.Semi.9|Wsol|SUB:SPN-S000000171806,R1,147582.65530569112,20983.72051799435,44706.1066357082,238.61961386138614,11,1612.1
C.Semi.9|Wsol|SUB:SPN-S000000171806,R2,105911.34721792469,20983.72051799435,44706.1066357082,237.7433739944307,11,1612.1
C.Semi.9|Wsol|SUB:SPN-S000000171972,R0,163242.6263854839,19305.6281888874,33563.95068195049,137.91905164930557,11,972.3
C.Semi.9|Wsol|SUB:SPN-S000000171972,R1,122175.54772555131,19305.6281888874,33563.95068195049,127.4181997797119,11,972.3
C.Semi.9|Wsol|SUB:SPN-S000000171972,R2,84903.34616954952,19305.6281888874,33563.95068195049,125.95353298806491,11,972.3
C.Semi.9|Wsol|SUB:SPN-S000000174043,R0,233245.74906002678,24078.023366319947,47782.62565224281,225.04005344110973,13,1612.0
C.Semi.9|Wsol|SUB:SPN-S000000174043,R1,164857.51697236573,24078.023366319947,47782.62565224281,219.1411790213748,13,1612.0
C.Semi.9|Wsol|SUB:SPN-S000000174043,R2,118329.39061541398,24078.023366319947,47782.62565224281,210.09870008009102,13,1612.0
C.Semi.9|Wsol|SUB:SPN-S000000174239,R0,173046.82320725225,20947.773599830514,36046.550508223794,147.00905164930558,12,1032.9
C.Semi.9|Wsol|SUB:SPN-S000000174239,R1,129372.28238327707,20947.773599830514,36046.550508223794,133.9251300791094,12,1032.9
C.Semi.9|Wsol|SUB:SPN-S000000174239,R2,90497.63770338846,20947.773599830514,36046.550508223794,131.60550101569444,12,1032.9
C.Ter.1|Wcav|LSOA:E01030422,R0,130733.50190699313,48695.50628191091,80335.76170959632,241.85733274971332,29,2212.2999999999997
C.Ter.1|Wcav|LSOA:E01030422,R1,115840.31741300729,48695.50628191091,80335.76170959632,234.78486573071748,29,2212.2999999999997
C.Ter.1|Wcav|LSOA:E01030422,R2,115840.31741300729,48695.50628191091,80335.76170959632,234.78486573071748,29,2212.2999999999997
C.Ter.1|Wcav|LSOA:E01030423,R0,91013.46251458039,32283.294564118718,53321.15067717424,172.50642808466372,19,1467.0
C.Ter.1|Wcav|LSOA:E01030423,R1,81031.91510757193,32283.294564118718,53321.15067717424,170.35625226444617,19,1467.0
C.Ter.1|Wcav|LSOA:E01030423,R2,81031.91510757193,32283.294564118718,53321.15067717424,170.35625226444617,19,1467.0
C.Ter.1|Wcav|LSOA:E01030425,R0,31401.597699647522,16526.42454187932,27178.62882991925,79.27189941904825,10,759.0
C.Ter.1|Wcav|LSOA:E01030425,R1,26685.823255884723,16526.42454187932,27178.62882991925,75.61562588295916,10,759.0
C.Ter.1|Wcav|LSOA:E01030425,R2,26685.823255884723,16526.42454187932,27178.62882991925,75.61562588295916,10,759.0
C.Ter.1|Wcav|LSOA:E01030429,R0,337797.8614438579,171966.21268450475,263287.1653391725,853.7623829521916,112,6953.799999999999
C.Ter.1|Wcav|LSOA:E01030429,R1,291968.19170690177,171966.21268450475,263287.1653391725,791.777366145648,112,6953.799999999999
C.Ter.1|Wcav|LSOA:E01030429,R2,291968.19170690177,171966.21268450475,263287.1653391725,791.777366145648,112,6953.799999999999
C.Ter.1|Wcav|LSOA:E01030479,R0,46163.60805941238,16367.824221896331,26658.270020307802,89.22534167533543,10,740.7
C.Ter.1|Wcav|LSOA:E01030479,R1,41093.278199922526,16367.824221896331,26658.270020307802,87.67846763899912,10,740.7
C.Ter.1|Wcav|LSOA:E01030479,R2,41093.278199922526,16367.824221896331,26658.270020307802,87.67846763899912,10,740.7
C.Ter.1|Wcav|LSOA:E01030500,R0,100243.47428940107,37571.724481919075,62452.378714269114,176.92255970001804,22,1728.0
C.Ter.1|Wcav|LSOA:E01030500,R1,88747.0224466504,37571.724481919075,62452.378714269114,173.64780108051315,22,1728.0
C.Ter.1|Wcav|LSOA:E01030500,R2,88747.0224466504,37571.724481919075,62452.378714269114,173.64780108051315,22,1728.0
C.Ter.1|Wcav|LSOA:E01030501,R0,116100.29312660621,43532.270131560275,72041.75285667626,215.49628522702344,26,2014.1
C.Ter.1|Wcav|LSOA:E01030501,R1,102614.70262447617,43532.270131560275,72041.75285667626,203.7691340610509,26,2014.1
C.Ter.1|Wcav|LSOA:E01030501,R2,102614.70262447617,43532.270131560275,72041.75285667626,203.7691340610509,26,2014.1
C.Ter.1|Wcav|SUB:SPN-S000000171717,R0,60506.429674087114,30055.793711221526,51680.645498037746,149.26602507942022,17,1466.0
C.Ter.1|Wcav|SUB:SPN-S000000171717,R1,51672.750045768684,30055.793711221526,51680.645498037746,139.0441904084579,17,1466.0
C.Ter.1|Wcav|SUB:SPN-S000000171717,R2,51672.750045768684,30055.793711221526,51680.645498037746,139.0441904084579,17,1466.0
C.Ter.1|Wcav|SUB:SPN-S000000173931,R0,47587.560392563304,18753.929279305605,31961.632144438518,92.41412812925927,11,920.4
C.Ter.1|Wcav|SUB:SPN-S000000173931,R1,41650.98447810751,18753.929279305605,31961.632144438518,87.31379510023596,11,920.4
C.Ter.1|Wcav|SUB:SPN-S000000173931,R2,41650.98447810751,18753.929279305605,31961.632144438518,87.31379510023596,11,920.4
C.Ter.1|Wnone|LSOA:E01030421,R0,200861.67003152374,86288.95160859208,138099.60825863574,395.52643847143247,53,3744.0
C.Ter.1|Wnone|LSOA:E01030421,R1,175994.28399642947,86288.95160859208,138099.60825863574,371.44733881674347,53,3744.0
C.Ter.1|Wnone|LSOA:E01030421,R2,175994.28399642947,86288.95160859208,138099.60825863574,371.44733881674347,53,3744.0
C.Ter.1|Wnone|LSOA:E01030422,R0,367302.6366356816,148183.5045029836,246286.56288502988,680.059976264809,89,6903.3
C.Ter.1|Wnone|LSOA:E01030422,R1,322003.36930337583,148183.5045029836,246286.56288502988,639.6193183349762,89,6903.3
C.Ter.1|Wnone|LSOA:E01030422,R2,322003.36930337583,148183.5045029836,246286.56288502988,639.6193183349762,89,6903.3
C.Ter.1|Wnone|LSOA:E01030423,R0,362888.8474958676,154910.62671215174,249957.80197750914,681.9556226580653,95,6861.0
C.Ter.1|Wnone|LSOA:E01030423,R1,317826.66484079266,154910.62671215174,249957.80197750914,640.9262689620846,95,6861.0
C.Ter.1|Wnone|LSOA:E01030423,R2,317826.66484079266,154910.62671215174,249957.80197750914,640.9262689620846,95,6861.0
C.Ter.1|Wnone|LSOA:E01030424,R0,51894.12271590791,25770.02963448466,43648.03092733619,135.73626019507446,16,1309.2
C.Ter.1|Wnone|LSOA:E01030424,R1,43871.56327943554,25770.02963448466,43648.03092733619,130.07011342222754,16,1309.2
C.Ter.1|Wnone|LSOA:E01030424,R2,43871.56327943554,25770.02963448466,43648.03092733619,130.07011342222754,16,1309.2
C.Ter.1|Wnone|LSOA:E01030425,R0,194184.72366291785,98364.20573560962,162447.54885164445,477.2825640459876,60,4599.099999999999
C.Ter.1|Wnone|LSOA:E01030425,R1,165517.67396640283,98364.20573560962,162447.54885164445,455.0107234201925,60,4599.099999999999
C.Ter.1|Wnone|LSOA:E01030425,R2,165517.67396640283,98364.20573560962,162447.54885164445,455.0107234201925,60,4599.099999999999
C.Ter.1|Wnone|LSOA:E01030426,R0,435670.13984232105,197310.98684502463,333978.6453120235,948.5213717909496,116,9535.199999999999
C.Ter.1|Wnone|LSOA:E01030426,R1,375772.46612054645,197310.98684502463,333978.6453120235,904.4779303617233,116,9535.199999999999
C.Ter.1|Wnone|LSOA:E01030426,R2,375772.46612054645,197310.98684502463,333978.6453120235,904.4779303617233,116,9535.199999999999
C.Ter.1|Wnone|LSOA:E01030427,R0,150603.43380312028,68753.96210542586,115586.37609509322,336.3557062188603,41,3285.6
C.Ter.1|Wnone|LSOA:E01030427,R1,129745.5813872501,68753.96210542586,115586.37609509322,319.12428900012316,41,3285.6
C.Ter.1|Wnone|LSOA:E01030427,R2,129745.5813872501,68753.96210542586,115586.37609509322,319.12428900012316,41,3285.6
C.Ter.1|Wnone|LSOA:E01030428,R0,205923.450164156,72879.68877447915,119746.78441840035,394.12378686541126,44,3322.6
C.Ter.1|Wnone|LSOA:E01030428,R1,183251.46659742185,72879.68877447915,119746.78441840035,387.7373590201604,44,3322.6
C.Ter.1|Wnone|LSOA:E01030428,R2,183251.46659742185,72879.68877447915,119746.78441840035,387.7373590201604,44,3322.6
C.Ter.1|Wnone|LSOA:E01030429,R0,843720.04011502,433589.7303777195,660805.9563835307,2112.729745788099,285,17365.1
C.Ter.1|Wnone|LSOA:E01030429,R1,729364.2668870089,433589.7303777195,660805.9563835307,1958.3970879073493,285,17365.1
C.Ter.1|Wnone|LSOA:E01030429,R2,729364.2668870089,433589.7303777195,660805.9563835307,1958.3970879073493,285,17365.1
C.Ter.1|Wnone|LSOA:E01030430,R0,78816.47416354073,32132.515911445244,58189.26553149999,187.89020433838073,19,1876.9999999999998
C.Ter.1|Wnone|LSOA:E01030430,R1,67278.63550628524,32132.515911445244,58189.26553149999,180.30669314296557,19,1876.9999999999998
C.Ter.1|Wnone|LSOA:E01030430,R2,67278.63550628524,32132.515911445244,58189.26553149999,180.30669314296557,19,1876.9999999999998
C.Ter.1|Wnone|LSOA:E01030431,R0,73371.83908041142,32280.131880035347,54077.4558565093,164.21695441149845,20,1583.5
C.Ter.1|Wnone|LSOA:E01030431,R1,63243.68309959563,32280.131880035347,54077.4558565093,155.32634878966994,20,1583.5
C.Ter.1|Wnone|LSOA:E01030431,R2,63243.68309959563,32280.131880035347,54077.4558565093,155.32634878966994,20,1583.5
C.Ter.1|Wnone|LSOA:E01030432,R0,333196.98461414926,163491.80389063398,275413.81327880383,750.4911557554,97,7602.0
C.Ter.1|Wnone|LSOA:E01030432,R1,286128.32156576694,163491.80389063398,275413.81327880383,719.2633167137983,97,7602.0
C.Ter.1|Wnone|LSOA:E01030432,R2,286128.32156576694,163491.80389063398,275413.81327880383,719.2633167137983,97,7602.0
C.Ter.1|Wnone|LSOA:E01030433,R0,611687.8141408614,256615.65532201776,421995.3191401439,1163.5060265409652,155,11727.2
C.Ter.1|Wnone|LSOA:E01030433,R1,535052.6449093964,256615.65532201776,421995.3191401439,1095.4573865728808,155,11727.2
C.Ter.1|Wnone|LSOA:E01030433,R2,535052.6449093964,256615.65532201776,421995.3191401439,1095.4573865728808,155,11727.2
C.Ter.1|Wnone|LSOA:E01030440,R0,100270.17589922292,50869.532211002836,83408.19330418378,229.72693549438293,31,2274.0
C.Ter.1|Wnone|LSOA:E01030440,R1,86056.9147100739,50869.532211002836,83408.19330418378,219.19203580745926,31,2274.0
C.Ter.1|Wnone|LSOA:E01030440,R2,86056.9147100739,50869.532211002836,83408.19330418378,219.19203580745926,31,2274.0
C.Ter.1|Wnone|LSOA:E01030445,R0,44358.96223478396,21804.728364542327,36629.28349469724,106.69396733103103,13,1031.0
C.Ter.1|Wnone|LSOA:E01030445,R1,37905.75580099004,21804.728364542327,36629.28349469724,101.60482241379556,13,1031.0
C.Ter.1|Wnone|LSOA:E01030445,R2,37905.75580099004,21804.728364542327,36629.28349469724,101.60482241379556,13,1031.0
C.Ter.1|Wnone|LSOA:E01030446,R0,43097.56386393447,18415.929976571726,33298.853951969766,104.23440394457042,11,1051.1000000000001
C.Ter.1|Wnone|LSOA:E01030446,R1,36722.09988363888,18415.929976571726,33298.853951969766,99.49736256257523,11,1051.1000000000001
C.Ter.1|Wnone|LSOA:E01030446,R2,36722.09988363888,18415.929976571726,33298.853951969766,99.49736256257523,11,1051.1000000000001
C.Ter.1|Wnone|LSOA:E01030447,R0,90700.95245318243,36670.16950816157,67394.46012056443,212.50521185131512,21,2134.8999999999996
C.Ter.1|Wnone|LSOA:E01030447,R1,77646.0360956152,36670.16950816157,67394.46012056443,200.6940462810369,21,2134.8999999999996
C.Ter.1|Wnone|LSOA:E01030447,R2,77646.0360956152,36670.16950816157,67394.46012056443,200.6940462810369,21,2134.8999999999996
C.Ter.1|Wnone|LSOA:E01030458,R0,40468.63792021217,21352.41328427046,33002.54067060856,99.38651553612425,15,768.0
C.Ter.1|Wnone|LSOA:E01030458,R1,35288.58629548927,21352.41328427046,33002.54067060856,93.00749260264615,15,768.0
C.Ter.1|Wnone|LSOA:E01030458,R2,35288.58629548927,21352.41328427046,33002.54067060856,93.00749260264615,15,768.0
C.Ter.1|Wnone|LSOA:E01030459,R0,120308.82861127268,54286.446275059396,87355.91196713469,233.74534309667203,34,2379.7999999999997
C.Ter.1|Wnone|LSOA:E01030459,R1,104959.4900774371,54286.446275059396,87355.91196713469,221.1548797731231,34,2379.7999999999997
C.Ter.1|Wnone|LSOA:E01030459,R2,104959.4900774371,54286.446275059396,87355.91196713469,221.1548797731231,34,2379.7999999999997
C.Ter.1|Wnone|LSOA:E01030465,R0,42387.522467514864,21568.57651515161,35795.913838872526,102.73902996351512,13,1010.0
C.Ter.1|Wnone|LSOA:E01030465,R1,36145.74744085109,21568.57651515161,35795.913838872526,98.32527702483677,13,1010.0
C.Ter.1|Wnone|LSOA:E01030465,R2,36145.74744085109,21568.57651515161,35795.913838872526,98.32527702483677,13,1010.0
C.Ter.1|Wnone|LSOA:E01030466,R0,35866.19558133795,18697.272239695783,31388.168442485123,99.43878719365016,12,943.0
C.Ter.1|Wnone|LSOA:E01030466,R1,30113.13872659311,18697.272239695783,31388.168442485123,95.30253082077569,12,943.0
C.Ter.1|Wnone|LSOA:E01030466,R2,30113.13872659311,18697.272239695783,31388.168442485123,95.30253082077569,12,943.0
C.Ter.1|Wnone|LSOA:E01030472,R0,75933.55672424287,35982.39903406535,61913.25053850227,179.03872755205168,22,1766.0
C.Ter.1|Wnone|LSOA:E01030472,R1,64959.64952149642,35982.39903406535,61913.25053850227,171.0975157336435,22,1766.0
C.Ter.1|Wnone|LSOA:E01030472,R2,64959.64952149642,35982.39903406535,61913.25053850227,171.0975157336435,22,1766.0
C.Ter.1|Wnone|LSOA:E01030473,R0,57360.21880115737,31371.089936463657,54734.12697755249,163.1301380948829,18,1592.1
C.Ter.1|Wnone|LSOA:E01030473,R1,48014.30673569726,31371.089936463657,54734.12697755249,158.18499714370907,18,1592.1
C.Ter.1|Wnone|LSOA:E01030473,R2,48014.30673569726,31371.089936463657,54734.12697755249,158.18499714370907,18,1592.1
C.Ter.1|Wnone|LSOA:E01030474,R0,1217584.1255207444,472727.0987670025,801574.4688327102,2303.9547206380926,274,22669.0
C.Ter.1|Wnone|LSOA:E01030474,R1,1070160.123728532,472727.0987670025,801574.4688327102,2185.6574319555634,274,22669.0
C.Ter.1|Wnone|LSOA:E01030474,R2,1070160.123728532,472727.0987670025,801574.4688327102,2185.6574319555634,274,22669.0
C.Ter.1|Wnone|LSOA:E01030477,R0,96410.49293433396,44169.9336690237,73837.23434365005,219.10249397116053,27,2149.0
C.Ter.1|Wnone|LSOA:E01030477,R1,82870.54356109515,44169.9336690237,73837.23434365005,208.4174754406077,27,2149.0
C.Ter.1|Wnone|LSOA:E01030477,R2,82870.54356109515,44169.9336690237,73837.23434365005,208.4174754406077,27,2149.0
C.Ter.1|Wnone|LSOA:E01030478,R0,103493.30062507556,49424.042604362825,83384.73959191899,230.31104518300697,29,2317.9999999999995
C.Ter.1|Wnone|LSOA:E01030478,R1,89034.58765331315,49424.042604362825,83384.73959191899,220.12310023140557,29,2317.9999999999995
C.Ter.1|Wnone|LSOA:E01030478,R2,89034.58765331315,49424.042604362825,83384.73959191899,220.12310023140557,29,2317.9999999999995
C.Ter.1|Wnone|LSOA:E01030479,R0,311070.9455129235,126788.82712674764,206696.7437198204,589.25384846704,77,5681.099999999999
C.Ter.1|Wnone|LSOA:E01030479,R1,273372.9687084627,126788.82712674764,206696.7437198204,550.6608395897922,77,5681.099999999999
C.Ter.1|Wnone|LSOA:E01030479,R2,273372.9687084627,126788.82712674764,206696.7437198204,550.6608395897922,77,5681.099999999999
C.Ter.1|Wnone|LSOA:E01030480,R0,116503.0781591032,55031.05824857735,89725.66804743571,259.17858878248956,34,2507.9
C.Ter.1|Wnone|LSOA:E01030480,R1,100469.37275403194,55031.05824857735,89725.66804743571,245.22701376990844,34,2507.9
C.Ter.1|Wnone|LSOA:E01030480,R2,100469.37275403194,55031.05824857735,89725.66804743571,245.22701376990844,34,2507.9
C.Ter.1|Wnone|LSOA:E01030490,R0,110337.30042997483,39681.89485327025,75033.569946453,246.5142440157427,22,2417.6
C.Ter.1|Wnone|LSOA:E01030490,R1,95373.95312477465,39681.89485327025,75033.569946453,231.16211282127495,22,2417.6
C.Ter.1|Wnone|LSOA:E01030490,R2,95373.95312477465,39681.89485327025,75033.569946453,231.16211282127495,22,2417.6
C.Ter.1|Wnone|LSOA:E01030491,R0,177238.15009264657,82699.62617521953,141355.8225602972,404.44371189120045,49,4080.4
C.Ter.1|Wnone|LSOA:E01030491,R1,152004.2746976398,82699.62617521953,141355.8225602972,387.656328823165,49,4080.4
C.Ter.1|Wnone|LSOA:E01030491,R2,152004.2746976398,82699.62617521953,141355.8225602972,387.656328823165,49,4080.4
C.Ter.1|Wnone|LSOA:E01030500,R0,282062.35227857943,104572.28881512918,177830.33562572667,515.9704376576993,61,5101.200000000001
C.Ter.1|Wnone|LSOA:E01030500,R1,248532.90161141523,104572.28881512918,177830.33562572667,490.41322615868694,61,5101.200000000001
C.Ter.1|Wnone|LSOA:E01030500,R2,248532.90161141523,104572.28881512918,177830.33562572667,490.41322615868694,61,5101.200000000001
C.Ter.1|Wnone|LSOA:E01030501,R0,249167.90862338874,106719.03576228635,170980.7135346645,485.2863921467863,66,4657.8
C.Ter.1|Wnone|LSOA:E01030501,R1,218300.86653857943,106719.03576228635,170980.7135346645,456.3099935408002,66,4657.8
C.Ter.1|Wnone|LSOA:E01030501,R2,218300.86653857943,106719.03576228635,170980.7135346645,456.3099935408002,66,4657.8
C.Ter.1|Wnone|LSOA:E01030502,R0,113317.96402569117,48840.82303590361,82977.38016679665,236.77057588405518,28,2335.0
C.Ter.1|Wnone|LSOA:E01030502,R1,98583.54508493717,48840.82303590361,82977.38016679665,222.85637472025152,28,2335.0
C.Ter.1|Wnone|LSOA:E01030502,R2,98583.54508493717,48840.82303590361,82977.38016679665,222.85637472025152,28,2335.0
C.Ter.1|Wnone|LSOA:E01030503,R0,486356.3528213216,198616.08930291558,338169.666121038,967.4960847310684,114,9513.199999999999
C.Ter.1|Wnone|LSOA:E01030503,R1,425438.8817853902,198616.08930291558,338169.666121038,914.3892478272772,114,9513.199999999999
C.Ter.1|Wnone|LSOA:E01030503,R2,425438.8817853902,198616.08930291558,338169.666121038,914.3892478272772,114,9513.199999999999
C.Ter.1|Wnone|SUB:SPN-S000000171608,R0,70335.6740084441,27703.511980103514,47203.09614748963,135.64070310176848,16,1327.0
C.Ter.1|Wnone|SUB:SPN-S000000171608,R1,61756.152859985625,27703.511980103514,47203.09614748963,128.60726980458136,16,1327.0
C.Ter.1|Wnone|SUB:SPN-S000000171608,R2,61756.152859985625,27703.511980103514,47203.09614748963,128.60726980458136,16,1327.0
C.Ter.1|Wnone|SUB:SPN-S000000171609,R0,45158.31399150992,21765.702861512596,35894.20345375211,101.70137685573582,13,996.0
C.Ter.1|Wnone|SUB:SPN-S000000171609,R1,38860.740762766065,21765.702861512596,35894.20345375211,96.62666097006054,13,996.0
C.Ter.1|Wnone|SUB:SPN-S000000171609,R2,38860.740762766065,21765.702861512596,35894.20345375211,96.62666097006054,13,996.0
C.Ter.1|Wnone|SUB:SPN-S000000171619,R0,81682.73567474459,32297.855165766094,54713.85141305969,151.52036534802076,19,1494.0
C.Ter.1|Wnone|SUB:SPN-S000000171619,R1,71905.86429516932,32297.855165766094,54713.85141305969,143.91727131024388,19,1494.0
C.Ter.1|Wnone|SUB:SPN-S000000171619,R2,71905.86429516932,32297.855165766094,54713.85141305969,143.91727131024388,19,1494.0
C.Ter.1|Wnone|SUB:SPN-S000000171626,R0,47433.65256653827,28951.847137580153,44040.629101394676,125.04538282340559,19,1168.6
C.Ter.1|Wnone|SUB:SPN-S000000171626,R1,40146.822685066414,28951.847137580153,44040.629101394676,118.97342275969446,19,1168.6
C.Ter.1|Wnone|SUB:SPN-S000000171626,R2,40146.822685066414,28951.847137580153,44040.629101394676,118.97342275969446,19,1168.6
C.Ter.1|Wnone|SUB:SPN-S000000171631,R0,39077.49373933824,20168.106978064156,32079.84471070655,83.7885796485181,13,842.6
C.Ter.1|Wnone|SUB:SPN-S000000171631,R1,33761.99799017434,20168.106978064156,32079.84471070655,79.79203988236624,13,842.6
C.Ter.1|Wnone|SUB:SPN-S000000171631,R2,33761.99799017434,20168.106978064156,32079.84471070655,79.79203988236624,13,842.6
C.Ter.1|Wnone|SUB:SPN-S000000171634,R0,52420.05909001577,24826.592853460043,43512.66229965107,127.50213180497765,14,1252.0
C.Ter.1|Wnone|SUB:SPN-S000000171634,R1,44847.916954446315,24826.592853460043,43512.66229965107,118.87879981884059,14,1252.0
C.Ter.1|Wnone|SUB:SPN-S000000171634,R2,44847.916954446315,24826.592853460043,43512.66229965107,118.87879981884059,14,1252.0
C.Ter.1|Wnone|SUB:SPN-S000000171677,R0,51001.12409934238,23759.70672631926,44069.81961985382,138.68101125468263,13,1363.8
C.Ter.1|Wnone|SUB:SPN-S000000171677,R1,42981.432606150964,23759.70672631926,44069.81961985382,133.41546048212464,13,1363.8
C.Ter.1|Wnone|SUB:SPN-S000000171677,R2,42981.432606150964,23759.70672631926,44069.81961985382,133.41546048212464,13,1363.8
C.Ter.1|Wnone|SUB:SPN-S000000171695,R0,63765.102568764385,29601.210598653575,51049.13665993413,147.2385071586887,17,1470.8
C.Ter.1|Wnone|SUB:SPN-S000000171695,R1,54738.25279874996,29601.210598653575,51049.13665993413,137.33674758105212,17,1470.8
C.Ter.1|Wnone|SUB:SPN-S000000171695,R2,54738.25279874996,29601.210598653575,51049.13665993413,137.33674758105212,17,1470.8
C.Ter.1|Wnone|SUB:SPN-S000000171696,R0,93494.91395173402,35659.95151745241,59542.45784906319,167.1986415554027,21,1651.8000000000002
C.Ter.1|Wnone|SUB:SPN-S000000171696,R1,82540.58890155397,35659.95151745241,59542.45784906319,158.90490260728103,21,1651.8000000000002
C.Ter.1|Wnone|SUB:SPN-S000000171696,R2,82540.58890155397,35659.95151745241,59542.45784906319,158.90490260728103,21,1651.8000000000002
C.Ter.1|Wnone|SUB:SPN-S000000171697,R0,238174.0184118781,94993.05596894921,159909.16631850053,452.6360970456949,55,4471.1
C.Ter.1|Wnone|SUB:SPN-S000000171697,R1,209138.5671416748,94993.05596894921,159909.16631850053,428.9680490166858,55,4471.1
C.Ter.1|Wnone|SUB:SPN-S000000171697,R2,209138.5671416748,94993.05596894921,159909.16631850053,428.9680490166858,55,4471.1
C.Ter.1|Wnone|SUB:SPN-S000000171698,R0,165746.53336023592,63085.88286154225,105032.23112373904,296.01041321392023,37,2916.7
C.Ter.1|Wnone|SUB:SPN-S000000171698,R1,146389.79969720042,63085.88286154225,105032.23112373904,282.7356025482088,37,2916.7
C.Ter.1|Wnone|SUB:SPN-S000000171698,R2,146389.79969720042,63085.88286154225,105032.23112373904,282.7356025482088,37,2916.7
C.Ter.1|Wnone|SUB:SPN-S000000171717,R0,60693.44834409264,27891.717312888657,48123.7591819848,138.3302447346015,16,1389.4
C.Ter.1|Wnone|SUB:SPN-S000000171717,R1,52134.385501521436,27891.717312888657,48123.7591819848,130.1548876246893,16,1389.4
C.Ter.1|Wnone|SUB:SPN-S000000171717,R2,52134.385501521436,27891.717312888657,48123.7591819848,130.1548876246893,16,1389.4
C.Ter.1|Wnone|SUB:SPN-S000000171719,R0,160324.97968600376,90112.37687384665,138784.0049981026,387.63149306019653,59,3741.1
C.Ter.1|Wnone|SUB:SPN-S000000171719,R1,136924.1733847771,90112.37687384665,138784.0049981026,369.18765541505627,59,3741.1
C.Ter.1|Wnone|SUB:SPN-S000000171719,R2,136924.1733847771,90112.37687384665,138784.0049981026,369.18765541505627,59,3741.1
C.Ter.1|Wnone|SUB:SPN-S000000171720,R0,128845.49094468897,60546.256226231184,112857.96582127926,352.76318482103386,33,3469.4
C.Ter.1|Wnone|SUB:SPN-S000000171720,R1,108477.65878327316,60546.256226231184,112857.96582127926,342.0516705863621,33,3469.4
C.Ter.1|Wnone|SUB:SPN-S000000171720,R2,108477.65878327316,60546.256226231184,112857.96582127926,342.0516705863621,33,3469.4
C.Ter.1|Wnone|SUB:SPN-S000000171721,R0,67202.80465136988,28423.254858124914,49699.899279122495,146.8217580917207,16,1439.4
C.Ter.1|Wnone|SUB:SPN-S000000171721,R1,58237.28430134758,28423.254858124914,49699.899279122495,137.8965869361767,16,1439.4
C.Ter.1|Wnone|SUB:SPN-S000000171721,R2,58237.28430134758,28423.254858124914,49699.899279122495,137.8965869361767,16,1439.4
C.Ter.1|Wnone|SUB:SPN-S000000171722,R0,124248.57976849147,45757.93962852825,78347.87611348253,226.74094716447007,26,2216.0
C.Ter.1|Wnone|SUB:SPN-S000000171722,R1,109666.7713988655,45757.93962852825,78347.87611348253,215.96400804160297,26,2216.0
C.Ter.1|Wnone|SUB:SPN-S000000171722,R2,109666.7713988655,45757.93962852825,78347.87611348253,215.96400804160297,26,2216.0
C.Ter.1|Wnone|SUB:SPN-S000000171724,R0,120195.76380852271,49731.07514481501,86648.96838861192,255.0224878273272,28,2499.0
C.Ter.1|Wnone|SUB:SPN-S000000171724,R1,104498.35131988829,49731.07514481501,86648.96838861192,240.02929776399031,28,2499.0
C.Ter.1|Wnone|SUB:SPN-S000000171724,R2,104498.35131988829,49731.07514481501,86648.96838861192,240.02929776399031,28,2499.0
C.Ter.1|Wnone|SUB:SPN-S000000171725,R0,70099.31892754676,28574.59999181846,50663.25296163425,152.35263005616562,16,1493.5
C.Ter.1|Wnone|SUB:SPN-S000000171725,R1,60782.9352780428,28574.59999181846,50663.25296163425,143.14485310341655,16,1493.5
C.Ter.1|Wnone|SUB:SPN-S000000171725,R2,60782.9352780428,28574.59999181846,50663.25296163425,143.14485310341655,16,1493.5
C.Ter.1|Wnone|SUB:SPN-S000000171733,R0,44044.809343015935,32553.046203241047,41888.25946248653,146.14609164803485,25,1009.5
C.Ter.1|Wnone|SUB:SPN-S000000171733,R1,37429.0539247123,32553.046203241047,41888.25946248653,135.74186028224332,25,1009.5
C.Ter.1|Wnone|SUB:SPN-S000000171733,R2,37429.0539247123,32553.046203241047,41888.25946248653,135.74186028224332,25,1009.5
C.Ter.1|Wnone|SUB:SPN-S000000171742,R0,81349.79102445475,42944.72588243509,66349.48808871808,192.95671093275357,28,1758.7
C.Ter.1|Wnone|SUB:SPN-S000000171742,R1,69997.87927872298,42944.72588243509,66349.48808871808,181.41838764739677,28,1758.7
C.Ter.1|Wnone|SUB:SPN-S000000171742,R2,69997.87927872298,42944.72588243509,66349.48808871808,181.41838764739677,28,1758.7
C.Ter.1|Wnone|SUB:SPN-S000000171743,R0,236947.24377309106,90169.67139289126,152843.801101966,435.93135457622776,52,4291.0
C.Ter.1|Wnone|SUB:SPN-S000000171743,R1,208791.3004635977,90169.67139289126,152843.801101966,414.4488583866165,52,4291.0
C.Ter.1|Wnone|SUB:SPN-S000000171743,R2,208791.3004635977,90169.67139289126,152843.801101966,414.4488583866165,52,4291.0
C.Ter.1|Wnone|SUB:SPN-S000000171749,R0,41873.52357680177,20200.75002991315,37812.9236012045,124.4907352963655,11,1179.6
C.Ter.1|Wnone|SUB:SPN-S000000171749,R1,35020.925996639344,20200.75002991315,37812.9236012045,122.01649649923574,11,1179.6
C.Ter.1|Wnone|SUB:SPN-S000000171749,R2,35020.925996639344,20200.75002991315,37812.9236012045,122.01649649923574,11,1179.6
C.Ter.1|Wnone|SUB:SPN-S000000171774,R0,48206.06728322366,20821.301994722737,36665.716371604125,108.30683121227808,12,1094.0
C.Ter.1|Wnone|SUB:SPN-S000000171774,R1,41415.84775677364,20821.301994722737,36665.716371604125,103.70120483281454,12,1094.0
C.Ter.1|Wnone|SUB:SPN-S000000171774,R2,41415.84775677364,20821.301994722737,36665.716371604125,103.70120483281454,12,1094.0
C.Ter.1|Wnone|SUB:SPN-S000000171780,R0,48456.33587529628,24943.917825152115,44002.14160234625,129.59008763369286,14,1287.1
C.Ter.1|Wnone|SUB:SPN-S000000171780,R1,40850.91876110223,24943.917825152115,44002.14160234625,123.44677873302274,14,1287.1
C.Ter.1|Wnone|SUB:SPN-S000000171780,R2,40850.91876110223,24943.917825152115,44002.14160234625,123.44677873302274,14,1287.1
C.Ter.1|Wnone|SUB:SPN-S000000171813,R0,40808.80617735373,21451.512494530954,35648.68800767553,106.08522518856144,13,1012.0
C.Ter.1|Wnone|SUB:SPN-S000000171813,R1,34555.32009581897,21451.512494530954,35648.68800767553,101.33267188149247,13,1012.0
C.Ter.1|Wnone|SUB:SPN-S000000171813,R2,34555.32009581897,21451.512494530954,35648.68800767553,101.33267188149247,13,1012.0
C.Ter.1|Wnone|SUB:SPN-S000000171814,R0,159205.8280728903,46144.277659016785,108053.54272250591,457.82988292028915,24,4411.0
C.Ter.1|Wnone|SUB:SPN-S000000171814,R1,133482.8625526628,46144.277659016785,108053.54272250591,448.5109603430706,24,4411.0
C.Ter.1|Wnone|SUB:SPN-S000000171814,R2,133482.8625526628,46144.277659016785,108053.54272250591,448.5109603430706,24,4411.0
C.Ter.1|Wnone|SUB:SPN-S000000171853,R0,57289.715149090385,21444.0435064419,38109.58277810744,115.31547527410419,12,1129.0
C.Ter.1|Wnone|SUB:SPN-S000000171853,R1,50085.953611058154,21444.0435064419,38109.58277810744,108.96776902793111,12,1129.0
C.Ter.1|Wnone|SUB:SPN-S000000171853,R2,50085.953611058154,21444.0435064419,38109.58277810744,108.96776902793111,12,1129.0
C.Ter.1|Wnone|SUB:SPN-S000000171855,R0,26952.302646841406,17742.471412823248,26490.581845457677,85.5504230989155,13,600.0
C.Ter.1|Wnone|SUB:SPN-S000000171855,R1,23003.859695994994,17742.471412823248,26490.581845457677,79.53748060726184,13,600.0
C.Ter.1|Wnone|SUB:SPN-S000000171855,R2,23003.859695994994,17742.471412823248,26490.581845457677,79.53748060726184,13,600.0
C.Ter.1|Wnone|SUB:SPN-S000000171856,R0,56796.21244871286,37700.54605761971,53664.288070883726,174.58479656358568,27,1342.0
C.Ter.1|Wnone|SUB:SPN-S000000171856,R1,48150.7059840545,37700.54605761971,53664.288070883726,160.86707055961895,27,1342.0
C.Ter.1|Wnone|SUB:SPN-S000000171856,R2,48150.7059840545,37700.54605761971,53664.288070883726,160.86707055961895,27,1342.0
C.Ter.1|Wnone|SUB:SPN-S000000171859,R0,39965.69962923402,17434.827197381313,31426.16946392291,94.29873164632644,10,950.9999999999999
C.Ter.1|Wnone|SUB:SPN-S000000171859,R1,34160.1517473483,17434.827197381313,31426.16946392291,89.77421391561677,10,950.9999999999999
C.Ter.1|Wnone|SUB:SPN-S000000171859,R2,34160.1517473483,17434.827197381313,31426.16946392291,89.77421391561677,10,950.9999999999999
C.Ter.1|Wnone|SUB:SPN-S000000171860,R0,64448.822499511094,25693.269085224598,43843.57628265413,127.56110051941117,15,1267.1000000000001
C.Ter.1|Wnone|SUB:SPN-S000000171860,R1,56322.95511676636,25693.269085224598,43843.57628265413,120.39959114997956,15,1267.1000000000001
C.Ter.1|Wnone|SUB:SPN-S000000171860,R2,56322.95511676636,25693.269085224598,43843.57628265413,120.39959114997956,15,1267.1000000000001
C.Ter.1|Wnone|SUB:SPN-S000000171887,R0,29340.507920715027,15357.987040669326,23677.361949085156,74.80238021617339,10,624.9
C.Ter.1|Wnone|SUB:SPN-S000000171887,R1,25261.51268999494,15357.987040669326,23677.361949085156,69.08843688316983,10,624.9
C.Ter.1|Wnone|SUB:SPN-S000000171887,R2,25261.51268999494,15357.987040669326,23677.361949085156,69.08843688316983,10,624.9
C.Ter.1|Wnone|SUB:SPN-S000000171888,R0,97334.02332835851,57822.64153101953,86169.50334550824,288.88408074548926,39,2221.4
C.Ter.1|Wnone|SUB:SPN-S000000171888,R1,82925.77218958858,57822.64153101953,86169.50334550824,266.78796890460814,39,2221.4
C.Ter.1|Wnone|SUB:SPN-S000000171888,R2,82925.77218958858,57822.64153101953,86169.50334550824,266.78796890460814,39,2221.4
C.Ter.1|Wnone|SUB:SPN-S000000173197,R0,86098.6296520615,31754.43214453628,52509.62750477452,162.62152231490012,19,1452.2
C.Ter.1|Wnone|SUB:SPN-S000000173197,R1,76284.0017524346,31754.43214453628,52509.62750477452,156.25508164960235,19,1452.2
C.Ter.1|Wnone|SUB:SPN-S000000173197,R2,76284.0017524346,31754.43214453628,52509.62750477452,156.25508164960235,19,1452.2
C.Ter.1|Wnone|SUB:SPN-S000000173929,R0,79987.6890901305,32017.83494564821,55873.915726797706,164.65776457736484,18,1612.7
C.Ter.1|Wnone|SUB:SPN-S000000173929,R1,69766.82054903006,32017.83494564821,55873.915726797706,155.3272076031229,18,1612.7
C.Ter.1|Wnone|SUB:SPN-S000000173929,R2,69766.82054903006,32017.83494564821,55873.915726797706,155.3272076031229,18,1612.7
C.Ter.1|Wnone|SUB:SPN-S000000173931,R0,43824.249695933286,18770.235030028532,29198.97806730558,88.94155759250866,12,771.2
C.Ter.1|Wnone|SUB:SPN-S000000173931,R1,38607.99741942233,18770.235030028532,29198.97806730558,83.74615905438533,12,771.2
C.Ter.1|Wnone|SUB:SPN-S000000173931,R2,38607.99741942233,18770.235030028532,29198.97806730558,83.74615905438533,12,771.2
C.Ter.1|Wnone|SUB:SPN-S000000174155,R0,45136.74410009575,25987.555910437695,39810.56706623465,130.72643740833553,17,1065.3
C.Ter.1|Wnone|SUB:SPN-S000000174155,R1,38311.21329189706,25987.555910437695,39810.56706623465,120.02011395373988,17,1065.3
C.Ter.1|Wnone|SUB:SPN-S000000174155,R2,38311.21329189706,25987.555910437695,39810.56706623465,120.02011395373988,17,1065.3
C.Ter.1|Wnone|SUB:SPN-S000000174198,R0,51030.4748366885,19090.051175993685,32856.92525371708,92.42853769888104,11,903.2
C.Ter.1|Wnone|SUB:SPN-S000000174198,R1,45072.620719268234,19090.051175993685,32856.92525371708,88.09153001425925,11,903.2
C.Ter.1|Wnone|SUB:SPN-S000000174198,R2,45072.620719268234,19090.051175993685,32856.92525371708,88.09153001425925,11,903.2
C.Ter.1|Wnone|SUB:SPN-S000000174232,R0,106164.33152988658,43317.88608636879,73119.8567040142,208.03262006429122,25,2048.0
C.Ter.1|Wnone|SUB:SPN-S000000174232,R1,92989.58927368844,43317.88608636879,73119.8567040142,196.7987097957164,25,2048.0
C.Ter.1|Wnone|SUB:SPN-S000000174232,R2,92989.58927368844,43317.88608636879,73119.8567040142,196.7987097957164,25,2048.0
C.Ter.1|Wnone|SUB:SPN-S000000174234,R0,162703.0984548133,67544.51404567929,119456.75648982971,356.1664251942834,39,3578.5000000000005
C.Ter.1|Wnone|SUB:SPN-S000000174234,R1,140413.16412159835,67544.51404567929,119456.75648982971,333.63626708925295,39,3578.5000000000005
C.Ter.1|Wnone|SUB:SPN-S000000174234,R2,140413.16412159835,67544.51404567929,119456.75648982971,333.63626708925295,39,3578.5000000000005
C.Ter.1|Wnone|SUB:SPN-S000000174239,R0,93109.62149479522,44856.627559133194,74283.99949438972,203.19175867458765,27,2014.3
C.Ter.1|Wnone|SUB:SPN-S000000174239,R1,80354.35091499657,44856.627559133194,74283.99949438972,193.10093185887698,27,2014.3
C.Ter.1|Wnone|SUB:SPN-S000000174239,R2,80354.35091499657,44856.627559133194,74283.99949438972,193.10093185887698,27,2014.3
C.Ter.1|Wnone|SUB:SPN-S000000174640,R0,63203.90922520883,23066.754678409692,37043.75738536015,131.37984648811303,14,1000.0
C.Ter.1|Wnone|SUB:SPN-S000000174640,R1,56237.13332160251,23066.754678409692,37043.75738536015,125.09529505200545,14,1000.0
C.Ter.1|Wnone|SUB:SPN-S000000174640,R2,56237.13332160251,23066.754678409692,37043.75738536015,125.09529505200545,14,1000.0
C.Ter.1|Wnone|SUB:SPN-S000000174673,R0,273519.1313600585,126270.39537682195,204290.83179766597,589.5659615047136,79,5694.299999999999
C.Ter.1|Wnone|SUB:SPN-S000000174673,R1,236733.2558785342,126270.39537682195,204290.83179766597,555.8809486206708,79,5694.299999999999
C.Ter.1|Wnone|SUB:SPN-S000000174673,R2,236733.2558785342,126270.39537682195,204290.83179766597,555.8809486206708,79,5694.299999999999
C.Ter.1|Wnone|SUB:SPN-S000000174692,R0,73927.61849306172,34723.27118214227,55469.85640000389,159.12565966991227,22,1548.6
C.Ter.1|Wnone|SUB:SPN-S000000174692,R1,63966.66024785562,34723.27118214227,55469.85640000389,150.31889736592225,22,1548.6
C.Ter.1|Wnone|SUB:SPN-S000000174692,R2,63966.66024785562,34723.27118214227,55469.85640000389,150.31889736592225,22,1548.6
C.Ter.1|Wnone|SUB:SPN-S000000174722,R0,166788.03915439994,98272.1115691222,148310.63457234576,501.5499168689393,65,3904.3
C.Ter.1|Wnone|SUB:SPN-S000000174722,R1,141621.3509323459,98272.1115691222,148310.63457234576,462.0655584588448,65,3904.3
C.Ter.1|Wnone|SUB:SPN-S000000174722,R2,141621.3509323459,98272.1115691222,148310.63457234576,462.0655584588448,65,3904.3
C.Ter.1|Wnone|SUB:SPN-S000000174777,R0,51838.79014243632,33737.31434075828,49427.91419435653,172.85243718518709,24,1192.0
C.Ter.1|Wnone|SUB:SPN-S000000174777,R1,44030.580327626376,33737.31434075828,49427.91419435653,160.53010164393862,24,1192.0
C.Ter.1|Wnone|SUB:SPN-S000000174777,R2,44030.580327626376,33737.31434075828,49427.91419435653,160.53010164393862,24,1192.0
C.Ter.1|Wnone|SUB:SPN-S000000174792,R0,216875.07724511853,122401.90745845622,181355.27386897441,602.1285909447572,85,4478.0
C.Ter.1|Wnone|SUB:SPN-S000000174792,R1,187122.68842454918,122401.90745845622,181355.27386897441,560.9363685960949,85,4478.0
C.Ter.1|Wnone|SUB:SPN-S000000174792,R2,187122.68842454918,122401.90745845622,181355.27386897441,560.9363685960949,85,4478.0
C.Ter.1|Wnone|SUB:SPN-S000000174842,R0,113696.56717422142,40001.279008124766,68212.23273731853,206.39395594783173,23,1919.8
C.Ter.1|Wnone|SUB:SPN-S000000174842,R1,100812.66316483327,40001.279008124766,68212.23273731853,202.85489146988314,23,1919.8
C.Ter.1|Wnone|SUB:SPN-S000000174842,R2,100812.66316483327,40001.279008124766,68212.23273731853,202.85489146988314,23,1919.8
C.Ter.1|Wnone|SUB:SPN-S000000174852,R0,44594.1481957558,23829.079726385815,35240.59082180605,124.10855839565343,16,913.0
C.Ter.1|Wnone|SUB:SPN-S000000174852,R1,38510.309213196466,23829.079726385815,35240.59082180605,115.7493711866266,16,913.0
C.Ter.1|Wnone|SUB:SPN-S000000174852,R2,38510.309213196466,23829.079726385815,35240.59082180605,115.7493711866266,16,913.0
C.Ter.1|Wnone|SUB:SPN-S000000174899,R0,194336.85182459903,109520.01672389831,163392.17086853064,553.7029457278743,75,4083.0
C.Ter.1|Wnone|SUB:SPN-S000000174899,R1,167286.2339071575,109520.01672389831,163392.17086853064,515.4161542120928,75,4083.0
C.Ter.1|Wnone|SUB:SPN-S000000174899,R2,167286.2339071575,109520.01672389831,163392.17086853064,515.4161542120928,75,4083.0
C.Ter.1|Wnone|SUB:SPN-S000000174925,R0,73055.85080306946,48410.36136213307,70690.69196787031,223.6793875674692,35,1684.0
C.Ter.1|Wnone|SUB:SPN-S000000174925,R1,62131.63559790532,48410.36136213307,70690.69196787031,206.69133341181603,35,1684.0
C.Ter.1|Wnone|SUB:SPN-S000000174925,R2,62131.63559790532,48410.36136213307,70690.69196787031,206.69133341181603,35,1684.0
C.Ter.1|Wnone|SUB:SPN-S000000174949,R0,88143.42747136015,52500.401202804154,80183.32502472146,245.32723120778286,36,2030.0
C.Ter.1|Wnone|SUB:SPN-S000000174949,R1,75092.72604120412,52500.401202804154,80183.32502472146,225.39992242111333,36,2030.0
C.Ter.1|Wnone|SUB:SPN-S000000174949,R2,75092.72604120412,52500.401202804154,80183.32502472146,225.39992242111333,36,2030.0
C.Ter.1|Wnone|SUB:SPN-S000000175228,R0,164546.80104653758,76932.08295413991,136914.6831436449,408.6215028794895,43,4013.6
C.Ter.1|Wnone|SUB:SPN-S000000175228,R1,140403.53539097996,76932.08295413991,136914.6831436449,380.4784337374923,43,4013.6
C.Ter.1|Wnone|SUB:SPN-S000000175228,R2,140403.53539097996,76932.08295413991,136914.6831436449,380.4784337374923,43,4013.6
C.Ter.1|Wnone|SUB:SPN-S000000175257,R0,127935.83929221678,56373.04141855467,92251.9686724189,256.6427704118128,34,2553.7
C.Ter.1|Wnone|SUB:SPN-S000000175257,R1,111389.61454758485,56373.04141855467,92251.9686724189,242.15541902793433,34,2553.7
C.Ter.1|Wnone|SUB:SPN-S000000175257,R2,111389.61454758485,56373.04141855467,92251.9686724189,242.15541902793433,34,2553.7
C.Ter.1|Wnone|SUB:SPN-S000000181196,R0,102189.50525531877,42750.83646739126,78612.21769918973,245.99916203166345,24,2425.9
C.Ter.1|Wnone|SUB:SPN-S000000181196,R1,87474.08073791386,42750.83646739126,78612.21769918973,229.34483345720818,24,2425.9
C.Ter.1|Wnone|SUB:SPN-S000000181196,R2,87474.08073791386,42750.83646739126,78612.21769918973,229.34483345720818,24,2425.9
C.Ter.1|Wnone|SUB:SPN-S000000181252,R0,35058.14312490712,17173.369350548634,28874.29055419506,79.82555951641103,10,809.0
C.Ter.1|Wnone|SUB:SPN-S000000181252,R1,30065.995187759614,17173.369350548634,28874.29055419506,76.58742483478312,10,809.0
C.Ter.1|Wnone|SUB:SPN-S000000181252,R2,30065.995187759614,17173.369350548634,28874.29055419506,76.58742483478312,10,809.0
C.Ter.1|Wnone|SUB:SPN-S000000181316,R0,51790.65997254022,19171.569187400506,32700.173813274996,93.33799279767699,11,912.0
C.Ter.1|Wnone|SUB:SPN-S000000181316,R1,45764.9009994296,19171.569187400506,32700.173813274996,88.99622220246688,11,912.0
C.Ter.1|Wnone|SUB:SPN-S000000181316,R2,45764.9009994296,19171.569187400506,32700.173813274996,88.99622220246688,11,912.0
C.Ter.2|Wcav|LSOA:E01030421,R0,82645.49160773063,17178.248274155874,30378.38351739902,113.47029881456164,10,939.0
C.Ter.2|Wcav|LSOA:E01030421,R1,51869.00800492917,17178.248274155874,30378.38351739902,103.99643217411746,10,939.0
C.Ter.2|Wcav|LSOA:E01030421,R2,51869.00800492917,17178.248274155874,30378.38351739902,103.99643217411746,10,939.0
C.Ter.2|Wcav|LSOA:E01030422,R0,337499.34405882587,78738.26836214578,133130.9677858812,440.5596578184186,46,3786.5000000000005
C.Ter.2|Wcav|LSOA:E01030422,R1,214252.05126723653,78738.26836214578,133130.9677858812,404.75760726441666,46,3786.5000000000005
C.Ter.2|Wcav|LSOA:E01030422,R2,214252.05126723653,78738.26836214578,133130.9677858812,404.75760726441666,46,3786.5000000000005
C.Ter.2|Wcav|LSOA:E01030423,R0,150407.94133559428,36086.123328326554,61144.54333375435,191.52332934323707,21,1733.0
C.Ter.2|Wcav|LSOA:E01030423,R1,97592.97064527188,36086.123328326554,61144.54333375435,182.99489947119307,21,1733.0
C.Ter.2|Wcav|LSOA:E01030423,R2,97592.97064527188,36086.123328326554,61144.54333375435,182.99489947119307,21,1733.0
C.Ter.2|Wcav|LSOA:E01030425,R0,176997.27668124618,42482.41671237555,72101.44828085863,251.29896346028644,25,2064.9
C.Ter.2|Wcav|LSOA:E01030425,R1,111825.28642491922,42482.41671237555,72101.44828085863,236.39074324907332,25,2064.9
C.Ter.2|Wcav|LSOA:E01030425,R2,111825.28642491922,42482.41671237555,72101.44828085863,236.39074324907332,25,2064.9
C.Ter.2|Wcav|LSOA:E01030429,R0,229507.87445616515,58437.98071713496,89817.04144021106,331.40896681315104,38,2380.4000000000005
C.Ter.2|Wcav|LSOA:E01030429,R1,136687.77630857652,58437.98071713496,89817.04144021106,320.62542720321846,38,2380.4000000000005
C.Ter.2|Wcav|LSOA:E01030429,R2,136687.77630857652,58437.98071713496,89817.04144021106,320.62542720321846,38,2380.4000000000005
C.Ter.2|Wcav|LSOA:E01030430,R0,77215.76994284028,17153.44841287267,29879.880254153737,103.96798622516671,10,886.0999999999999
C.Ter.2|Wcav|LSOA:E01030430,R1,49055.67320985661,17153.44841287267,29879.880254153737,96.9805034637143,10,886.0999999999999
C.Ter.2|Wcav|LSOA:E01030430,R2,49055.67320985661,17153.44841287267,29879.880254153737,96.9805034637143,10,886.0999999999999
C.Ter.2|Wcav|LSOA:E01030432,R0,244089.12476838042,58553.731268021875,101346.35777259478,317.03753722681523,33,2895.0
C.Ter.2|Wcav|LSOA:E01030432,R1,162814.8780111981,58553.731268021875,101346.35777259478,299.47852216706457,33,2895.0
C.Ter.2|Wcav|LSOA:E01030432,R2,162814.8780111981,58553.731268021875,101346.35777259478,299.47852216706457,33,2895.0
C.Ter.2|Wcav|LSOA:E01030433,R0,187887.95182971744,42933.68083888991,73921.01066776071,244.6835517731843,25,2152.9
C.Ter.2|Wcav|LSOA:E01030433,R1,120661.03214021763,42933.68083888991,73921.01066776071,230.4771412336938,25,2152.9
C.Ter.2|Wcav|LSOA:E01030433,R2,120661.03214021763,42933.68083888991,73921.01066776071,230.4771412336938,25,2152.9
C.Ter.2|Wcav|LSOA:E01030447,R0,87679.46970400591,21978.384881144426,36347.65338598485,109.70057640245226,13,1011.1
C.Ter.2|Wcav|LSOA:E01030447,R1,57241.2894570815,21978.384881144426,36347.65338598485,105.58269679316767,13,1011.1
C.Ter.2|Wcav|LSOA:E01030447,R2,57241.2894570815,21978.384881144426,36347.65338598485,105.58269679316767,13,1011.1
C.Ter.2|Wcav|LSOA:E01030459,R0,92326.23416917259,22004.394411942747,36894.24695654069,125.52553522427235,13,1041.9
C.Ter.2|Wcav|LSOA:E01030459,R1,57947.96394217338,22004.394411942747,36894.24695654069,114.54908287216513,13,1041.9
C.Ter.2|Wcav|LSOA:E01030459,R2,57947.96394217338,22004.394411942747,36894.24695654069,114.54908287216513,13,1041.9
C.Ter.2|Wcav|LSOA:E01030474,R0,73395.6086613086,17345.766414124642,29517.52414724172,94.80575408956099,10,836.0
C.Ter.2|Wcav|LSOA:E01030474,R1,47120.79465736906,17345.766414124642,29517.52414724172,88.94270028436492,10,836.0
C.Ter.2|Wcav|LSOA:E01030474,R2,47120.79465736906,17345.766414124642,29517.52414724172,88.94270028436492,10,836.0
C.Ter.2|Wcav|LSOA:E01030479,R0,103261.67074419619,24918.07435807219,40564.71291065776,140.29145131052277,15,1110.6999999999998
C.Ter.2|Wcav|LSOA:E01030479,R1,63848.76128050909,24918.07435807219,40564.71291065776,129.4194565895804,15,1110.6999999999998
C.Ter.2|Wcav|LSOA:E01030479,R2,63848.76128050909,24918.07435807219,40564.71291065776,129.4194565895804,15,1110.6999999999998
C.Ter.2|Wcav|LSOA:E01030500,R0,176386.61151804554,42108.26169736331,69143.63141185045,238.35210290225936,25,1898.2
C.Ter.2|Wcav|LSOA:E01030500,R1,109459.05278407833,42108.26169736331,69143.63141185045,221.92110688245407,25,1898.2
C.Ter.2|Wcav|LSOA:E01030500,R2,109459.05278407833,42108.26169736331,69143.63141185045,221.92110688245407,25,1898.2
C.Ter.2|Wcav|LSOA:E01030501,R0,101012.98209968899,23253.722652219185,38873.02729987443,135.6597684918028,14,1114.0
C.Ter.2|Wcav|LSOA:E01030501,R1,62936.52269156338,23253.722652219185,38873.02729987443,121.1199146851819,14,1114.0
C.Ter.2|Wcav|LSOA:E01030501,R2,62936.52269156338,23253.722652219185,38873.02729987443,121.1199146851819,14,1114.0
C.Ter.2|Wcav|LSOA:E01030502,R0,113107.57881611874,27918.010593566032,47394.798809227344,144.55001677427302,16,1332.0
C.Ter.2|Wcav|LSOA:E01030502,R1,75599.42619853638,27918.010593566032,47394.798809227344,136.04263333393615,16,1332.0
C.Ter.2|Wcav|LSOA:E01030502,R2,75599.42619853638,27918.010593566032,47394.798809227344,136.04263333393615,16,1332.0
C.Ter.2|Wcav|LSOA:E01030503,R0,141168.03811500123,34486.8672939153,58310.356904351014,172.63200212862677,20,1628.2
C.Ter.2|Wcav|LSOA:E01030503,R1,92836.33239547836,34486.8672939153,58310.356904351014,167.57142040207304,20,1628.2
C.Ter.2|Wcav|LSOA:E01030503,R2,92836.33239547836,34486.8672939153,58310.356904351014,167.57142040207304,20,1628.2
C.Ter.2|Wcav|SUB:SPN-S000000171608,R0,259583.88500870208,62965.634095064466,108591.01697689931,336.4943416722016,36,3060.0
C.Ter.2|Wcav|SUB:SPN-S000000171608,R1,170128.71714813533,62965.634095064466,108591.01697689931,325.33271561042284,36,3060.0
C.Ter.2|Wcav|SUB:SPN-S000000171608,R2,170128.71714813533,62965.634095064466,108591.01697689931,325.33271561042284,36,3060.0
C.Ter.2|Wcav|SUB:SPN-S000000171609,R0,241761.54615837662,55900.98148138885,100517.39782276563,339.50350302976955,31,2970.0
C.Ter.2|Wcav|SUB:SPN-S000000171609,R1,159607.9868220751,55900.98148138885,100517.39782276563,326.1150125491296,31,2970.0
C.Ter.2|Wcav|SUB:SPN-S000000171609,R2,159607.9868220751,55900.98148138885,100517.39782276563,326.1150125491296,31,2970.0
C.Ter.2|Wcav|SUB:SPN-S000000171610,R0,76354.85046992179,18373.042558902118,30537.285834670714,102.44042546778549,11,831.0
C.Ter.2|Wcav|SUB:SPN-S000000171610,R1,47521.13974042054,18373.042558902118,30537.285834670714,93.6298899172685,11,831.0
C.Ter.2|Wcav|SUB:SPN-S000000171610,R2,47521.13974042054,18373.042558902118,30537.285834670714,93.6298899172685,11,831.0
C.Ter.2|Wcav|SUB:SPN-S000000171631,R0,233114.8004748259,55655.11523927243,94276.77720777594,293.28570244313255,32,2647.0
C.Ter.2|Wcav|SUB:SPN-S000000171631,R1,150734.43070850644,55655.11523927243,94276.77720777594,276.6646437330663,32,2647.0
C.Ter.2|Wcav|SUB:SPN-S000000171631,R2,150734.43070850644,55655.11523927243,94276.77720777594,276.6646437330663,32,2647.0
C.Ter.2|Wcav|SUB:SPN-S000000171698,R0,72511.97932838829,17264.009169641115,29020.419615481675,95.48329530000527,10,810.0
C.Ter.2|Wcav|SUB:SPN-S000000171698,R1,45792.36406070416,17264.009169641115,29020.419615481675,87.03993214890879,10,810.0
C.Ter.2|Wcav|SUB:SPN-S000000171698,R2,45792.36406070416,17264.009169641115,29020.419615481675,87.03993214890879,10,810.0
C.Ter.2|Wcav|SUB:SPN-S000000171705,R0,170787.41852722852,38902.82429606371,69206.70554511173,238.68788758680557,22,2049.0
C.Ter.2|Wcav|SUB:SPN-S000000171705,R1,110633.0686755769,38902.82429606371,69206.70554511173,226.980785413954,22,2049.0
C.Ter.2|Wcav|SUB:SPN-S000000171705,R2,110633.0686755769,38902.82429606371,69206.70554511173,226.980785413954,22,2049.0
C.Ter.2|Wcav|SUB:SPN-S000000171719,R0,84578.85296835049,19345.185628344698,34060.02521375035,109.9837306016436,11,990.0
C.Ter.2|Wcav|SUB:SPN-S000000171719,R1,55087.15263528261,19345.185628344698,34060.02521375035,105.6697634802068,11,990.0
C.Ter.2|Wcav|SUB:SPN-S000000171719,R2,55087.15263528261,19345.185628344698,34060.02521375035,105.6697634802068,11,990.0
C.Ter.2|Wcav|SUB:SPN-S000000171743,R0,126266.31226379523,29820.963374520234,51338.40487576379,157.42952879554701,17,1469.0
C.Ter.2|Wcav|SUB:SPN-S000000171743,R1,83855.93002232703,29820.963374520234,51338.40487576379,149.75592740501804,17,1469.0
C.Ter.2|Wcav|SUB:SPN-S000000171743,R2,83855.93002232703,29820.963374520234,51338.40487576379,149.75592740501804,17,1469.0
C.Ter.2|Wcav|SUB:SPN-S000000171749,R0,82892.85894498743,19533.473248812155,33976.77786060095,106.01535957940953,11,977.0
C.Ter.2|Wcav|SUB:SPN-S000000171749,R1,54551.41359138374,19533.473248812155,33976.77786060095,103.02876346294433,11,977.0
C.Ter.2|Wcav|SUB:SPN-S000000171749,R2,54551.41359138374,19533.473248812155,33976.77786060095,103.02876346294433,11,977.0
C.Ter.2|Wcav|SUB:SPN-S000000171774,R0,154569.54334431415,33185.08596145273,62154.478360118854,230.63517798991435,18,1929.8
C.Ter.2|Wcav|SUB:SPN-S000000171774,R1,100892.70492872497,33185.08596145273,62154.478360118854,219.79915737882845,18,1929.8
C.Ter.2|Wcav|SUB:SPN-S000000171774,R2,100892.70492872497,33185.08596145273,62154.478360118854,219.79915737882845,18,1929.8
C.Ter.2|Wcav|SUB:SPN-S000000171780,R0,119755.90895196947,26834.319517781318,47938.692167858564,160.5486514920253,15,1425.4
C.Ter.2|Wcav|SUB:SPN-S000000171780,R1,78200.60293007788,26834.319517781318,47938.692167858564,154.26808304663936,15,1425.4
C.Ter.2|Wcav|SUB:SPN-S000000171780,R2,78200.60293007788,26834.319517781318,47938.692167858564,154.26808304663936,15,1425.4
C.Ter.2|Wcav|SUB:SPN-S000000171863,R0,73696.69917720066,18804.605111274825,31165.08373358626,99.40726887824736,11,858.0
C.Ter.2|Wcav|SUB:SPN-S000000171863,R1,49417.103630015656,18804.605111274825,31165.08373358626,94.28687636483434,11,858.0
C.Ter.2|Wcav|SUB:SPN-S000000171863,R2,49417.103630015656,18804.605111274825,31165.08373358626,94.28687636483434,11,858.0
C.Ter.2|Wcav|SUB:SPN-S000000173931,R0,169842.94055733987,39624.66127219668,64055.34681838704,246.49594028049043,24,1744.6
C.Ter.2|Wcav|SUB:SPN-S000000173931,R1,100892.33713020559,39624.66127219668,64055.34681838704,236.99155104031033,24,1744.6
C.Ter.2|Wcav|SUB:SPN-S000000173931,R2,100892.33713020559,39624.66127219668,64055.34681838704,236.99155104031033,24,1744.6
C.Ter.2|Wcav|SUB:SPN-S000000175228,R0,101976.93920449809,23219.415119311532,41217.52987765489,135.07337334022736,13,1218.7
C.Ter.2|Wcav|SUB:SPN-S000000175228,R1,67056.51607196174,23219.415119311532,41217.52987765489,130.77219969941382,13,1218.7
C.Ter.2|Wcav|SUB:SPN-S000000175228,R2,67056.51607196174,23219.415119311532,41217.52987765489,130.77219969941382,13,1218.7
C.Ter.2|Wsol|LSOA:E01030422,R0,70998.38315228611,16479.171171224516,27654.094263009596,95.28256255450007,10,800.0
C.Ter.2|Wsol|LSOA:E01030422,R1,44735.06072546434,16479.171171224516,27654.094263009596,87.17202981606428,10,800.0
C.Ter.2|Wsol|LSOA:E01030422,R2,44735.06072546434,16479.171171224516,27654.094263009596,87.17202981606428,10,800.0
C.Ter.2|Wsol|LSOA:E01030423,R0,76246.70509523814,17444.8773272042,30426.112030501627,103.87607054020017,10,890.0
C.Ter.2|Wsol|LSOA:E01030423,R1,48800.647943140124,17444.8773272042,30426.112030501627,97.86136150732587,10,890.0
C.Ter.2|Wsol|LSOA:E01030423,R2,48800.647943140124,17444.8773272042,30426.112030501627,97.86136150732587,10,890.0
C.Ter.2|Wsol|LSOA:E01030459,R0,347822.0241085946,71404.00737132055,127861.02155401363,483.56322048570007,43,4038.8
C.Ter.2|Wsol|LSOA:E01030459,R1,220189.39991230503,71404.00737132055,127861.02155401363,450.532885281444,43,4038.8
C.Ter.2|Wsol|LSOA:E01030459,R2,220189.39991230503,71404.00737132055,127861.02155401363,450.532885281444,43,4038.8
C.Ter.2|Wsol|LSOA:E01030472,R0,157795.4519932817,32232.977232268015,59277.92444658106,223.12920751953126,19,1836.0
C.Ter.2|Wsol|LSOA:E01030472,R1,99604.00276276143,32232.977232268015,59277.92444658106,209.76594932766798,19,1836.0
C.Ter.2|Wsol|LSOA:E01030472,R2,99604.00276276143,32232.977232268015,59277.92444658106,209.76594932766798,19,1836.0
C.Ter.2|Wsol|LSOA:E01030477,R0,83336.12784910057,20861.67210297902,33115.355669271696,115.74812874499662,13,885.0
C.Ter.2|Wsol|LSOA:E01030477,R1,50847.77061724376,20861.67210297902,33115.355669271696,106.51890267172205,13,885.0
C.Ter.2|Wsol|LSOA:E01030477,R2,50847.77061724376,20861.67210297902,33115.355669271696,106.51890267172205,13,885.0
C.Ter.2|Wsol|LSOA:E01030478,R0,97552.76447659248,21753.977241693254,37668.19654011361,134.59282306824758,13,1105.3
C.Ter.2|Wsol|LSOA:E01030478,R1,61027.269854899794,21753.977241693254,37668.19654011361,123.78609708993143,13,1105.3
C.Ter.2|Wsol|LSOA:E01030478,R2,61027.269854899794,21753.977241693254,37668.19654011361,123.78609708993143,13,1105.3
C.Ter.2|Wsol|LSOA:E01030479,R0,217735.96849007424,47391.35321126617,82041.56939215772,305.1124899902344,28,2453.1
C.Ter.2|Wsol|LSOA:E01030479,R1,135393.3768735739,47391.35321126617,82041.56939215772,284.25084564496694,28,2453.1
C.Ter.2|Wsol|LSOA:E01030479,R2,135393.3768735739,47391.35321126617,82041.56939215772,284.25084564496694,28,2453.1
C.Ter.2|Wsol|LSOA:E01030480,R0,149632.88143083663,32427.49900169234,56194.522790883275,210.67743636067706,20,1727.0
C.Ter.2|Wsol|LSOA:E01030480,R1,94114.27434842582,32427.49900169234,56194.522790883275,197.62564816719166,20,1727.0
C.Ter.2|Wsol|LSOA:E01030480,R2,94114.27434842582,32427.49900169234,56194.522790883275,197.62564816719166,20,1727.0
C.Ter.2|Wsol|LSOA:E01030490,R0,182324.3645086651,34206.66644617065,64753.19303161049,250.83565761537906,20,2133.3999999999996
C.Ter.2|Wsol|LSOA:E01030490,R1,116516.77454384358,34206.66644617065,64753.19303161049,235.8480718903718,20,2133.3999999999996
C.Ter.2|Wsol|LSOA:E01030490,R2,116516.77454384358,34206.66644617065,64753.19303161049,235.8480718903718,20,2133.3999999999996
C.Ter.2|Wsol|LSOA:E01030491,R0,232595.129633729,39046.63646775906,77684.0091683828,332.73111216653297,22,2791.2
C.Ter.2|Wsol|LSOA:E01030491,R1,149470.35219357832,39046.63646775906,77684.0091683828,313.6982206993163,22,2791.2
C.Ter.2|Wsol|LSOA:E01030491,R2,149470.35219357832,39046.63646775906,77684.0091683828,313.6982206993163,22,2791.2
C.Ter.2|Wsol|SUB:SPN-S000000171610,R0,183657.7162578738,43934.32466799296,73183.98713085183,243.93738581740257,26,2048.0
C.Ter.2|Wsol|SUB:SPN-S000000171610,R1,115529.65850545104,43934.32466799296,73183.98713085183,221.30913846883547,26,2048.0
C.Ter.2|Wsol|SUB:SPN-S000000171610,R2,115529.65850545104,43934.32466799296,73183.98713085183,221.30913846883547,26,2048.0
C.Ter.2|Wsol|SUB:SPN-S000000171674,R0,93633.64172138012,17619.470072860357,33622.887390795266,132.8349988135478,10,1122.0
C.Ter.2|Wsol|SUB:SPN-S000000171674,R1,60281.62862276986,17619.470072860357,33622.887390795266,125.50367023575053,10,1122.0
C.Ter.2|Wsol|SUB:SPN-S000000171674,R2,60281.62862276986,17619.470072860357,33622.887390795266,125.50367023575053,10,1122.0
C.Ter.2|Wsol|SUB:SPN-S000000171741,R0,76954.69722807649,18599.484164581307,30964.640185350636,103.73615442428846,11,865.0
C.Ter.2|Wsol|SUB:SPN-S000000171741,R1,48350.495443285996,18599.484164581307,30964.640185350636,94.5093090102413,11,865.0
C.Ter.2|Wsol|SUB:SPN-S000000171741,R2,48350.495443285996,18599.484164581307,30964.640185350636,94.5093090102413,11,865.0
C.Ter.2|Wsol|SUB:SPN-S000000171744,R0,82393.6045164988,20740.506287809643,32991.502065624845,110.94488969967689,13,902.0
C.Ter.2|Wsol|SUB:SPN-S000000171744,R1,51099.08777573274,20740.506287809643,32991.502065624845,98.90397092893353,13,902.0
C.Ter.2|Wsol|SUB:SPN-S000000171744,R2,51099.08777573274,20740.506287809643,32991.502065624845,98.90397092893353,13,902.0
C.Ter.2|Wsol|SUB:SPN-S000000171773,R0,100722.42175103074,24965.26614840134,41004.517382169055,132.213189984398,15,1136.3999999999999
C.Ter.2|Wsol|SUB:SPN-S000000171773,R1,64000.81289004383,24965.26614840134,41004.517382169055,122.02600589557137,15,1136.3999999999999
C.Ter.2|Wsol|SUB:SPN-S000000171773,R2,64000.81289004383,24965.26614840134,41004.517382169055,122.02600589557137,15,1136.3999999999999
C.Ter.2|Wsol|SUB:SPN-S000000171780,R0,130530.34711882801,30378.044930430515,50100.4854601686,182.96100197497708,18,1382.3
C.Ter.2|Wsol|SUB:SPN-S000000171780,R1,79158.97726476553,30378.044930430515,50100.4854601686,168.02676346081392,18,1382.3
C.Ter.2|Wsol|SUB:SPN-S000000171780,R2,79158.97726476553,30378.044930430515,50100.4854601686,168.02676346081392,18,1382.3
C.Ter.2|Wsol|SUB:SPN-S000000171795,R0,119045.87478421733,28181.119902124017,48608.856664473555,155.002152587507,16,1388.7
C.Ter.2|Wsol|SUB:SPN-S000000171795,R1,77308.7075226183,28181.119902124017,48608.856664473555,148.4874670513457,16,1388.7
C.Ter.2|Wsol|SUB:SPN-S000000171795,R2,77308.7075226183,28181.119902124017,48608.856664473555,148.4874670513457,16,1388.7
C.Ter.2|Wsol|SUB:SPN-S000000171797,R0,429229.1915124914,99098.94053236392,172308.90279499048,580.633983773307,57,4986.1
C.Ter.2|Wsol|SUB:SPN-S000000171797,R1,274389.72610989003,99098.94053236392,172308.90279499048,546.627894593573,57,4986.1
C.Ter.2|Wsol|SUB:SPN-S000000171797,R2,274389.72610989003,99098.94053236392,172308.90279499048,546.627894593573,57,4986.1
C.Ter.2|Wsol|SUB:SPN-S000000171798,R0,147313.38879159227,31185.059505036574,58386.09307807711,214.35953376648428,17,1822.0
C.Ter.2|Wsol|SUB:SPN-S000000171798,R1,96320.3066952553,31185.059505036574,58386.09307807711,204.952883623562,17,1822.0
C.Ter.2|Wsol|SUB:SPN-S000000171798,R2,96320.3066952553,31185.059505036574,58386.09307807711,204.952883623562,17,1822.0
C.Ter.2|Wsol|SUB:SPN-S000000171975,R0,208303.73045923602,49507.53325208307,83710.09505497344,277.10801512833416,29,2348.2999999999997
C.Ter.2|Wsol|SUB:SPN-S000000171975,R1,131690.97355632647,49507.53325208307,83710.09505497344,254.39443907137786,29,2348.2999999999997
C.Ter.2|Wsol|SUB:SPN-S000000171975,R2,131690.97355632647,49507.53325208307,83710.09505497344,254.39443907137786,29,2348.2999999999997
C.Ter.2|Wsol|SUB:SPN-S000000174043,R0,162683.23275276023,31630.548619707886,61829.362908635325,242.7244222771333,17,2028.4
C.Ter.2|Wsol|SUB:SPN-S000000174043,R1,106080.2527896584,31630.548619707886,61829.362908635325,231.12082972210717,17,2028.4
C.Ter.2|Wsol|SUB:SPN-S000000174043,R2,106080.2527896584,31630.548619707886,61829.362908635325,231.12082972210717,17,2028.4
C.Ter.2|Wsol|SUB:SPN-S000000174080,R0,120407.59863136531,27693.899779795775,47850.74891313673,160.6291140622945,16,1390.3
C.Ter.2|Wsol|SUB:SPN-S000000174080,R1,76990.75097292828,27693.899779795775,47850.74891313673,151.35456732133892,16,1390.3
C.Ter.2|Wsol|SUB:SPN-S000000174080,R2,76990.75097292828,27693.899779795775,47850.74891313673,151.35456732133892,16,1390.3
C.Ter.2|Wsol|SUB:SPN-S000000174239,R0,242019.61479402735,55989.75368630774,97192.08789979314,331.5431741016392,32,2817.6000000000004
C.Ter.2|Wsol|SUB:SPN-S000000174239,R1,154303.6188036324,55989.75368630774,97192.08789979314,311.1394231902083,32,2817.6000000000004
C.Ter.2|Wsol|SUB:SPN-S000000174239,R2,154303.6188036324,55989.75368630774,97192.08789979314,311.1394231902083,32,2817.6000000000004
C.Ter.3|Wnone|LSOA:E01030421,R0,187163.90798450535,111885.41802321863,188652.27902742833,435.97100557355213,65,5304.0
C.Ter.3|Wnone|LSOA:E01030421,R1,179727.19319169322,111885.41802321863,188652.27902742833,431.2078130591029,65,5304.0
C.Ter.3|Wnone|LSOA:E01030421,R2,179727.19319169322,111885.41802321863,188652.27902742833,431.2078130591029,65,5304.0
C.Ter.3|Wnone|LSOA:E01030422,R0,154246.82357958436,87314.56966164436,153550.17187725403,452.8032091580037,50,4537.8
C.Ter.3|Wnone|LSOA:E01030422,R1,148582.205654353,87314.56966164436,153550.17187725403,449.7578918582027,50,4537.8
C.Ter.3|Wnone|LSOA:E01030422,R2,148582.205654353,87314.56966164436,153550.17187725403,449.7578918582027,50,4537.8
C.Ter.3|Wnone|LSOA:E01030423,R0,265690.7896855609,161708.3188695693,272568.3947232863,633.7962546879454,94,7657.0
C.Ter.3|Wnone|LSOA:E01030423,R1,255064.08194078624,161708.3188695693,272568.3947232863,627.2367087159568,94,7657.0
C.Ter.3|Wnone|LSOA:E01030423,R2,255064.08194078624,161708.3188695693,272568.3947232863,627.2367087159568,94,7657.0
C.Ter.3|Wnone|LSOA:E01030424,R0,29675.709255392845,17285.922706354133,30606.992159609905,76.31893056596452,10,876.0999999999999
C.Ter.3|Wnone|LSOA:E01030424,R1,28512.47325782769,17285.922706354133,30606.992159609905,75.69199709308172,10,876.0999999999999
C.Ter.3|Wnone|LSOA:E01030424,R2,28512.47325782769,17285.922706354133,30606.992159609905,75.69199709308172,10,876.0999999999999
C.Ter.3|Wnone|LSOA:E01030425,R0,195316.45919051673,105040.8366513458,188823.8000897711,584.847956646166,59,5692.7
C.Ter.3|Wnone|LSOA:E01030425,R1,188267.16258056916,105040.8366513458,188823.8000897711,581.1376253807605,59,5692.7
C.Ter.3|Wnone|LSOA:E01030425,R2,188267.16258056916,105040.8366513458,188823.8000897711,581.1376253807605,59,5692.7
C.Ter.3|Wnone|LSOA:E01030426,R0,101439.4624410567,51307.183933503606,91511.25097870137,253.78200742583311,29,2722.7000000000003
C.Ter.3|Wnone|LSOA:E01030426,R1,97700.31883823244,51307.183933503606,91511.25097870137,251.2521978685278,29,2722.7000000000003
C.Ter.3|Wnone|LSOA:E01030426,R2,97700.31883823244,51307.183933503606,91511.25097870137,251.2521978685278,29,2722.7000000000003
C.Ter.3|Wnone|LSOA:E01030432,R0,147402.30409945716,85150.43488286325,145531.48106756172,363.9925274831677,49,4142.0
C.Ter.3|Wnone|LSOA:E01030432,R1,141797.91645765037,85150.43488286325,145531.48106756172,361.5118544204963,49,4142.0
C.Ter.3|Wnone|LSOA:E01030432,R2,141797.91645765037,85150.43488286325,145531.48106756172,361.5118544204963,49,4142.0
C.Ter.3|Wnone|LSOA:E01030433,R0,32803.50245508549,19492.21409539344,34159.24748038476,130.72822282796486,12,1148.6999999999998
C.Ter.3|Wnone|LSOA:E01030433,R1,31573.093909522635,19492.21409539344,34159.24748038476,130.62898768288161,12,1148.6999999999998
C.Ter.3|Wnone|LSOA:E01030433,R2,31573.093909522635,19492.21409539344,34159.24748038476,130.62898768288161,12,1148.6999999999998
C.Ter.3|Wnone|LSOA:E01030444,R0,50832.07545656954,28018.33721335431,47964.1516967683,122.01396990514407,16,1361.0
C.Ter.3|Wnone|LSOA:E01030444,R1,48816.92258800031,28018.33721335431,47964.1516967683,121.46077969864066,16,1361.0
C.Ter.3|Wnone|LSOA:E01030444,R2,48816.92258800031,28018.33721335431,47964.1516967683,121.46077969864066,16,1361.0
C.Ter.3|Wnone|LSOA:E01030445,R0,57926.31387971517,30481.42795899004,55275.67805665663,179.51016807119356,17,1676.0
C.Ter.3|Wnone|LSOA:E01030445,R1,55880.6348055503,30481.42795899004,55275.67805665663,178.395956661322,17,1676.0
C.Ter.3|Wnone|LSOA:E01030445,R2,55880.6348055503,30481.42795899004,55275.67805665663,178.395956661322,17,1676.0
C.Ter.3|Wnone|LSOA:E01030447,R0,50976.44090769117,22575.11911336123,42559.1469841815,143.54238753245585,13,1468.5
C.Ter.3|Wnone|LSOA:E01030447,R1,49102.24499364046,22575.11911336123,42559.1469841815,142.6093708717931,13,1468.5
C.Ter.3|Wnone|LSOA:E01030447,R2,49102.24499364046,22575.11911336123,42559.1469841815,142.6093708717931,13,1468.5
C.Ter.3|Wnone|LSOA:E01030459,R0,146334.36151396373,78356.73529679829,143498.63099263125,465.10275535529183,45,4498.8
C.Ter.3|Wnone|LSOA:E01030459,R1,140947.24653661237,78356.73529679829,143498.63099263125,462.62263423704866,45,4498.8
C.Ter.3|Wnone|LSOA:E01030459,R2,140947.24653661237,78356.73529679829,143498.63099263125,462.62263423704866,45,4498.8
C.Ter.3|Wnone|LSOA:E01030465,R0,35511.62366233141,19407.466511883795,34103.22815910085,92.28401679253837,11,1000.0
C.Ter.3|Wnone|LSOA:E01030465,R1,34185.81503708672,19407.466511883795,34103.22815910085,91.68523849039494,11,1000.0
C.Ter.3|Wnone|LSOA:E01030465,R2,34185.81503708672,19407.466511883795,34103.22815910085,91.68523849039494,11,1000.0
C.Ter.3|Wnone|LSOA:E01030475,R0,38582.92484642414,21414.730725204754,38143.36082542593,112.35945880734829,12,1132.0
C.Ter.3|Wnone|LSOA:E01030475,R1,37164.03026077061,21414.730725204754,38143.36082542593,111.60467038593397,12,1132.0
C.Ter.3|Wnone|LSOA:E01030475,R2,37164.03026077061,21414.730725204754,38143.36082542593,111.60467038593397,12,1132.0
C.Ter.3|Wnone|LSOA:E01030477,R0,99390.14300674872,55723.79702753174,94908.4095462059,237.59064087541918,32,2670.0
C.Ter.3|Wnone|LSOA:E01030477,R1,95452.64430224548,55723.79702753174,94908.4095462059,236.49072446019858,32,2670.0
C.Ter.3|Wnone|LSOA:E01030477,R2,95452.64430224548,55723.79702753174,94908.4095462059,236.49072446019858,32,2670.0
C.Ter.3|Wnone|LSOA:E01030478,R0,31372.154688071823,19903.75470534939,34589.70767969213,102.53420269864188,12,985.8
C.Ter.3|Wnone|LSOA:E01030478,R1,30208.245760137164,19903.75470534939,34589.70767969213,102.05539861578137,12,985.8
C.Ter.3|Wnone|LSOA:E01030478,R2,30208.245760137164,19903.75470534939,34589.70767969213,102.05539861578137,12,985.8
C.Ter.3|Wnone|LSOA:E01030479,R0,134866.14502990321,70341.7282011552,130800.95868863814,455.2218599058209,39,4017.1
C.Ter.3|Wnone|LSOA:E01030479,R1,130156.16947013629,70341.7282011552,130800.95868863814,453.2166123953155,39,4017.1
C.Ter.3|Wnone|LSOA:E01030479,R2,130156.16947013629,70341.7282011552,130800.95868863814,453.2166123953155,39,4017.1
C.Ter.3|Wnone|LSOA:E01030480,R0,57890.85773307239,27044.904276766043,50471.17580258134,160.82756838528476,15,1587.3
C.Ter.3|Wnone|LSOA:E01030480,R1,55816.27485645762,27044.904276766043,50471.17580258134,159.61257238825436,15,1587.3
C.Ter.3|Wnone|LSOA:E01030480,R2,55816.27485645762,27044.904276766043,50471.17580258134,159.61257238825436,15,1587.3
C.Ter.3|Wnone|LSOA:E01030490,R0,64442.84471057089,37405.51842920699,68199.0754379299,235.31653841385855,21,2016.8
C.Ter.3|Wnone|LSOA:E01030490,R1,62173.845826268545,37405.51842920699,68199.0754379299,234.66751409670292,21,2016.8
C.Ter.3|Wnone|LSOA:E01030490,R2,62173.845826268545,37405.51842920699,68199.0754379299,234.66751409670292,21,2016.8
C.Ter.3|Wnone|LSOA:E01030491,R0,134226.75099793953,63608.192060187364,118515.37272117507,392.66853576032605,35,3713.5
C.Ter.3|Wnone|LSOA:E01030491,R1,129492.76337961068,63608.192060187364,118515.37272117507,390.122829589797,35,3713.5
C.Ter.3|Wnone|LSOA:E01030491,R2,129492.76337961068,63608.192060187364,118515.37272117507,390.122829589797,35,3713.5
C.Ter.3|Wnone|LSOA:E01030501,R0,177427.88898222538,106644.2598606715,188077.25949080178,570.6530706508001,61,5530.900000000001
C.Ter.3|Wnone|LSOA:E01030501,R1,170848.55993070998,106644.2598606715,188077.25949080178,567.788749527814,61,5530.900000000001
C.Ter.3|Wnone|LSOA:E01030501,R2,170848.55993070998,106644.2598606715,188077.25949080178,567.788749527814,61,5530.900000000001
C.Ter.3|Wnone|LSOA:E01030502,R0,99659.79135788229,42933.6865384203,84502.756509515,331.7213187904952,23,2773.0
C.Ter.3|Wnone|LSOA:E01030502,R1,96317.63291187352,42933.6865384203,84502.756509515,330.3115733758041,23,2773.0
C.Ter.3|Wnone|LSOA:E01030502,R2,96317.63291187352,42933.6865384203,84502.756509515,330.3115733758041,23,2773.0
C.Ter.3|Wnone|LSOA:E01030503,R0,35798.10003362676,25469.52968691157,42465.8883518479,107.22610582190634,15,1170.8
C.Ter.3|Wnone|LSOA:E01030503,R1,34353.57721679688,25469.52968691157,42465.8883518479,106.69381065870994,15,1170.8
C.Ter.3|Wnone|LSOA:E01030503,R2,34353.57721679688,25469.52968691157,42465.8883518479,106.69381065870994,15,1170.8
C.Ter.3|Wnone|SUB:SPN-S000000171814,R0,61217.47470141204,20989.75021008207,46194.59528775848,233.77628937959318,11,1762.5000000000002
C.Ter.3|Wnone|SUB:SPN-S000000171814,R1,59266.9290774595,20989.75021008207,46194.59528775848,233.19950454122636,11,1762.5000000000002
C.Ter.3|Wnone|SUB:SPN-S000000171814,R2,59266.9290774595,20989.75021008207,46194.59528775848,233.19950454122636,11,1762.5000000000002
C.Ter.3|Wnone|SUB:SPN-S000000171874,R0,126410.8169522314,55700.177629401514,109492.17925449174,440.7908407068585,30,3607.7
C.Ter.3|Wnone|SUB:SPN-S000000171874,R1,122223.11441222011,55700.177629401514,109492.17925449174,439.0015830226478,30,3607.7
C.Ter.3|Wnone|SUB:SPN-S000000171874,R2,122223.11441222011,55700.177629401514,109492.17925449174,439.0015830226478,30,3607.7
C.Ter.3|Wnone|SUB:SPN-S000000171928,R0,153175.94373688725,28110.063105640707,83934.783645478,611.9665002322891,14,4455.0
C.Ter.3|Wnone|SUB:SPN-S000000171928,R1,148373.19456453496,28110.063105640707,83934.783645478,610.9248117983919,14,4455.0
C.Ter.3|Wnone|SUB:SPN-S000000171928,R2,148373.19456453496,28110.063105640707,83934.783645478,610.9248117983919,14,4455.0
C.Ter.3|Wnone|SUB:SPN-S000000173931,R0,48413.09511316311,27798.044478961456,48284.835365236395,124.06927123395644,16,1394.9
C.Ter.3|Wnone|SUB:SPN-S000000173931,R1,46561.76753557811,27798.044478961456,48284.835365236395,123.17123081052357,16,1394.9
C.Ter.3|Wnone|SUB:SPN-S000000173931,R2,46561.76753557811,27798.044478961456,48284.835365236395,123.17123081052357,16,1394.9
C.Ter.3|Wnone|SUB:SPN-S000000181195,R0,51820.33108761367,25079.21984398888,45503.264561890304,122.19862431636504,14,1389.0
C.Ter.3|Wnone|SUB:SPN-S000000181195,R1,49877.820803417715,25079.21984398888,45503.264561890304,120.8186797843137,14,1389.0
C.Ter.3|Wnone|SUB:SPN-S000000181195,R2,49877.820803417715,25079.21984398888,45503.264561890304,120.8186797843137,14,1389.0
C.Ter.3|Wnone|SUB:SPN-S000000181196,R0,239248.7884138342,110313.26576369844,211205.93922972854,767.3683531741686,60,6803.6
C.Ter.3|Wnone|SUB:SPN-S000000181196,R1,231041.00382859795,110313.26576369844,211205.93922972854,763.0453075767965,60,6803.6
C.Ter.3|Wnone|SUB:SPN-S000000181196,R2,231041.00382859795,110313.26576369844,211205.93922972854,763.0453075767965,60,6803.6
C.Ter.4|Wcav|LSOA:E01030433,R0,154921.4597066475,22923.16001167056,40282.42178156391,145.87521551808712,13,1183.9
C.Ter.4|Wcav|LSOA:E01030433,R1,103039.4352917015,22923.16001167056,40282.42178156391,126.31476389667115,13,1183.9
C.Ter.4|Wcav|LSOA:E01030433,R2,76854.5335039545,22923.16001167056,40282.42178156391,127.17483409843044,13,1183.9
C.Ter.4|Wnone|LSOA:E01030474,R0,321775.0342873073,46188.64331330334,77043.47299871994,284.3877973144737,27,2140.0
C.Ter.4|Wnone|LSOA:E01030474,R1,223461.75841213716,46188.64331330334,77043.47299871994,261.43871019333807,27,2140.0
C.Ter.4|Wnone|LSOA:E01030474,R2,163168.66764193695,46188.64331330334,77043.47299871994,259.7523649675752,27,2140.0
C.Ter.4|Wnone|LSOA:E01030479,R0,158066.15433824982,20883.21877544548,37460.26511722774,146.6607747054919,12,1160.2
C.Ter.4|Wnone|LSOA:E01030479,R1,106515.32387037679,20883.21877544548,37460.26511722774,129.73095433916603,12,1160.2
C.Ter.4|Wnone|LSOA:E01030479,R2,78916.67121777622,20883.21877544548,37460.26511722774,128.9010119207946,12,1160.2
C.Ter.4|Wsol|LSOA:E01030459,R0,147783.45451384113,21540.960729035014,36428.00907007774,134.06324606130053,13,1050.6
C.Ter.4|Wsol|LSOA:E01030459,R1,100648.17130353866,21540.960729035014,36428.00907007774,119.45426645334379,13,1050.6
C.Ter.4|Wsol|LSOA:E01030459,R2,74210.21066256033,21540.960729035014,36428.00907007774,118.63394672915189,13,1050.6
C.Ter.4|Wsol|LSOA:E01030472,R0,121653.09384516766,17025.24279959959,30381.646541646463,105.8670208573841,10,884.3
C.Ter.4|Wsol|LSOA:E01030472,R1,82546.57130282818,17025.24279959959,30381.646541646463,89.22073499946636,10,884.3
C.Ter.4|Wsol|LSOA:E01030472,R2,61128.84780660275,17025.24279959959,30381.646541646463,88.25183182522159,10,884.3
C.Ter.4|Wsol|LSOA:E01030479,R0,115785.42720703834,17302.883979702186,26886.270130015895,97.33267749899838,11,716.6
C.Ter.4|Wsol|LSOA:E01030479,R1,82082.44546932822,17302.883979702186,26886.270130015895,90.85101954752604,11,716.6
C.Ter.4|Wsol|LSOA:E01030479,R2,59392.43414893249,17302.883979702186,26886.270130015895,90.16387025615987,11,716.6
C.Ter.4|Wsol|LSOA:E01030491,R0,144211.51383000793,19157.33294472553,35159.00941383397,131.21208917380514,11,1128.0
C.Ter.4|Wsol|LSOA:E01030491,R1,95441.08492594807,19157.33294472553,35159.00941383397,108.18194491315143,11,1128.0
C.Ter.4|Wsol|LSOA:E01030491,R2,71530.80509466535,19157.33294472553,35159.00941383397,108.429497972117,11,1128.0
C.Ter.4|Wsol|SUB:SPN-S000000171610,R0,184228.61382332724,25773.703777307535,43377.94537621627,168.86120553401835,15,1217.0
C.Ter.4|Wsol|SUB:SPN-S000000171610,R1,127870.45108601844,25773.703777307535,43377.94537621627,160.2813216508709,15,1217.0
C.Ter.4|Wsol|SUB:SPN-S000000171610,R2,93215.00139708666,25773.703777307535,43377.94537621627,159.6517010882576,15,1217.0
C.Ter.4|Wsol|SUB:SPN-S000000171797,R0,245954.5925390207,36338.693551059376,62326.745067356205,223.198291794412,21,1792.0
C.Ter.4|Wsol|SUB:SPN-S000000171797,R1,166337.97890192087,36338.693551059376,62326.745067356205,194.92689613537397,21,1792.0
C.Ter.4|Wsol|SUB:SPN-S000000171797,R2,123136.48972596234,36338.693551059376,62326.745067356205,193.4228986175422,21,1792.0
C.Ter.4|Wsol|SUB:SPN-S000000174239,R0,174891.45319157947,26001.392128288506,44291.707992617725,162.19157009943368,15,1242.3999999999999
C.Ter.4|Wsol|SUB:SPN-S000000174239,R1,118964.27671286985,26001.392128288506,44291.707992617725,147.21338303115928,15,1242.3999999999999
C.Ter.4|Wsol|SUB:SPN-S000000174239,R2,87669.32018741239,26001.392128288506,44291.707992617725,146.42650705138468,15,1242.3999999999999
C.Unk.1|Wnone|LSOA:E01030422,R0,155396.43790125806,74330.44457185264,134849.4025801176,423.9363874638446,41,4059.0
C.Unk.1|Wnone|LSOA:E01030422,R1,150814.87938756426,74330.44457185264,134849.4025801176,421.9019157399808,41,4059.0
C.Unk.1|Wnone|LSOA:E01030422,R2,150814.87938756426,74330.44457185264,134849.4025801176,421.9019157399808,41,4059.0
C.Unk.1|Wnone|LSOA:E01030459,R0,59277.65528720325,25667.659878356884,48997.6162754727,155.86142739328045,14,1593.0
C.Unk.1|Wnone|LSOA:E01030459,R1,57539.049226895964,25667.659878356884,48997.6162754727,154.9912600409639,14,1593.0
C.Unk.1|Wnone|LSOA:E01030459,R2,57539.049226895964,25667.659878356884,48997.6162754727,154.9912600409639,14,1593.0
C.Unk.1|Wnone|SUB:SPN-S000000171840,R0,47255.93069004734,18781.75844362864,37453.017125073675,123.63619264473725,10,1255.0
C.Unk.1|Wnone|SUB:SPN-S000000171840,R1,45922.86479771047,18781.75844362864,37453.017125073675,121.75446112051063,10,1255.0
C.Unk.1|Wnone|SUB:SPN-S000000171840,R2,45922.86479771047,18781.75844362864,37453.017125073675,121.75446112051063,10,1255.0
MIX|Wcav|LSOA:E01030421,R0,212180.55020146986,31925.822088377216,59482.63037660228,206.50195381295399,18,1890.0
MIX|Wcav|LSOA:E01030421,R1,139507.54665398598,31925.822088377216,59482.63037660228,181.38272731992132,18,1890.0
MIX|Wcav|LSOA:E01030421,R2,132142.76637625432,31925.822088377216,59482.63037660228,179.7149992575881,18,1890.0
MIX|Wcav|LSOA:E01030422,R0,228392.2675328339,40773.11644147278,71338.54949657398,222.83431931513934,24,2109.8
MIX|Wcav|LSOA:E01030422,R1,151954.12474148185,40773.11644147278,71338.54949657398,188.11934229029234,24,2109.8
MIX|Wcav|LSOA:E01030422,R2,132614.19326411886,40773.11644147278,71338.54949657398,183.6169926210348,24,2109.8
MIX|Wcav|LSOA:E01030423,R0,559220.4808170171,72926.92843880056,135710.29765452744,472.85251965809573,42,4401.599999999999
MIX|Wcav|LSOA:E01030423,R1,325587.5641235248,72926.92843880056,135710.29765452744,378.2976262020976,42,4401.599999999999
MIX|Wcav|LSOA:E01030423,R2,283704.1219726581,72926.92843880056,135710.29765452744,368.72788141925133,42,4401.599999999999
MIX|Wcav|LSOA:E01030424,R0,425277.75497514143,72351.08087475503,127288.02446789425,407.62849300407976,43,3912.6
MIX|Wcav|LSOA:E01030424,R1,260123.98196824457,72351.08087475503,127288.02446789425,347.83243510676795,43,3912.6
MIX|Wcav|LSOA:E01030424,R2,248097.67028942175,72351.08087475503,127288.02446789425,344.4787638076951,43,3912.6
MIX|Wcav|LSOA:E01030425,R0,193801.8934241077,28394.575301810335,58020.578395155346,204.61141927142802,16,2139.8
MIX|Wcav|LSOA:E01030425,R1,122681.95898728451,28394.575301810335,58020.578395155346,173.27871527337336,16,2139.8
MIX|Wcav|LSOA:E01030425,R2,117943.9419927297,28394.575301810335,58020.578395155346,171.5434942082868,16,2139.8
MIX|Wcav|LSOA:E01030426,R0,379050.3778923436,75121.4388596901,129654.50909653539,403.98479359324915,44,3760.3999999999996
MIX|Wcav|LSOA:E01030426,R1,247348.0258643618,75121.4388596901,129654.50909653539,353.7788930337777,44,3760.3999999999996
MIX|Wcav|LSOA:E01030426,R2,242235.88830578612,75121.4388596901,129654.50909653539,352.06101987728346,44,3760.3999999999996
MIX|Wcav|LSOA:E01030427,R0,431483.32803539553,77618.97740206735,144511.79213466914,489.48661763812106,44,4627.599999999999
MIX|Wcav|LSOA:E01030427,R1,303447.93254209147,77618.97740206735,144511.79213466914,438.0761914796996,44,4627.599999999999
MIX|Wcav|LSOA:E01030427,R2,286803.4421101047,77618.97740206735,144511.79213466914,431.6816374900227,44,4627.599999999999
MIX|Wcav|LSOA:E01030428,R0,115215.05212199508,25493.286200193408,41802.71336664405,113.50970576468069,16,1185.3
MIX|Wcav|LSOA:E01030428,R1,87852.99985066266,25493.286200193408,41802.71336664405,98.04738878787225,16,1185.3
MIX|Wcav|LSOA:E01030428,R2,75633.4407759686,25493.286200193408,41802.71336664405,97.78755980343784,16,1185.3
MIX|Wcav|LSOA:E01030429,R0,190090.38409708382,39908.02322259486,64031.103428952236,201.74907798553568,26,1762.6000000000001
MIX|Wcav|LSOA:E01030429,R1,126109.23158082011,39908.02322259486,64031.103428952236,175.80665190911037,26,1762.6000000000001
MIX|Wcav|LSOA:E01030429,R2,113914.96706435565,39908.02322259486,64031.103428952236,173.18783768928083,26,1762.6000000000001
MIX|Wcav|LSOA:E01030430,R0,641925.9663188881,97367.48796077943,185594.82587099954,644.98801191763,55,6137.4
MIX|Wcav|LSOA:E01030430,R1,417278.55146468343,97367.48796077943,185594.82587099954,568.1538149305102,55,6137.4
MIX|Wcav|LSOA:E01030430,R2,377925.3337448789,97367.48796077943,185594.82587099954,552.048280535313,55,6137.4
MIX|Wcav|LSOA:E01030431,R0,261087.30951834144,48889.878325142665,86646.8069479518,283.56403985367103,29,2655.0
MIX|Wcav|LSOA:E01030431,R1,201040.74676038141,48889.878325142665,86646.8069479518,260.5202274061805,29,2655.0
MIX|Wcav|LSOA:E01030431,R2,176559.00197957325,48889.878325142665,86646.8069479518,249.71293607292245,29,2655.0
MIX|Wcav|LSOA:E01030432,R0,184411.5394220538,50287.790923667555,79313.29909396874,217.25105450918878,32,2153.2
MIX|Wcav|LSOA:E01030432,R1,133400.0969876241,50287.790923667555,79313.29909396874,193.23997220942306,32,2153.2
MIX|Wcav|LSOA:E01030432,R2,125781.56790341731,50287.790923667555,79313.29909396874,195.51321452713137,32,2153.2
MIX|Wcav|LSOA:E01030433,R0,365370.0230448197,66236.9290873291,115358.26529500532,356.2784242695243,40,3544.5
MIX|Wcav|LSOA:E01030433,R1,232947.55005911982,66236.9290873291,115358.26529500532,295.11545306672855,40,3544.5
MIX|Wcav|LSOA:E01030433,R2,216837.21012925403,66236.9290873291,115358.26529500532,284.8717113726379,40,3544.5
MIX|Wcav|LSOA:E01030440,R0,369795.3033889772,63900.43402689991,119768.20112069705,506.24427888976555,39,4332.2
MIX|Wcav|LSOA:E01030440,R1,270291.3961403434,63900.43402689991,119768.20112069705,460.11574132229185,39,4332.2
MIX|Wcav|LSOA:E01030440,R2,254913.42949406226,63900.43402689991,119768.20112069705,463.37002250386473,39,4332.2
MIX|Wcav|LSOA:E01030441,R0,328575.4574117367,45956.92641908405,95161.32269458805,342.92864430062707,25,3468.5
MIX|Wcav|LSOA:E01030441,R1,260188.45860084484,45956.92641908405,95161.32269458805,314.72039281886333,25,3468.5
MIX|Wcav|LSOA:E01030441,R2,227916.39884046945,45956.92641908405,95161.32269458805,303.36321077087655,25,3468.5
MIX|Wcav|LSOA:E01030442,R0,420722.4428590497,37610.274719471134,102166.03720165737,460.96603902424494,19,5143.099999999999
MIX|Wcav|LSOA:E01030442,R1,313912.1095369913,37610.274719471134,102166.03720165737,413.97995567613305,19,5143.099999999999
MIX|Wcav|LSOA:E01030442,R2,307518.9353589688,37610.274719471134,102166.03720165737,408.5179095415595,19,5143.099999999999
MIX|Wcav|LSOA:E01030443,R0,677052.8161327855,84476.26538465454,170199.36476309475,627.8825353460193,47,6001.699999999999
MIX|Wcav|LSOA:E01030443,R1,474549.77281033236,84476.26538465454,170199.36476309475,536.9452473577886,47,6001.699999999999
MIX|Wcav|LSOA:E01030443,R2,416842.01132142177,84476.26538465454,170199.36476309475,517.7457844305773,47,6001.699999999999
MIX|Wcav|LSOA:E01030444,R0,489366.39626978233,69763.02890606623,139127.8776787772,509.52623161242605,39,4930.5
MIX|Wcav|LSOA:E01030444,R1,340396.2983216842,69763.02890606623,139127.8776787772,454.0592060726089,39,4930.5
MIX|Wcav|LSOA:E01030444,R2,315625.81948193174,69763.02890606623,139127.8776787772,436.76064150824453,39,4930.5
MIX|Wcav|LSOA:E01030445,R0,923090.071811329,106558.42120977667,216828.79094521614,884.1804608372848,61,8043.9
MIX|Wcav|LSOA:E01030445,R1,550125.0391558714,106558.42120977667,216828.79094521614,759.3256583134486,61,8043.9
MIX|Wcav|LSOA:E01030445,R2,506546.9139240921,106558.42120977667,216828.79094521614,745.7807813289819,61,8043.9
MIX|Wcav|LSOA:E01030446,R0,479235.2327005535,70262.95156341315,145190.20918428717,512.939604969464,39,5319.3
MIX|Wcav|LSOA:E01030446,R1,337886.72839337913,70262.95156341315,145190.20918428717,466.4533195767332,39,5319.3
MIX|Wcav|LSOA:E01030446,R2,319433.79441032256,70262.95156341315,145190.20918428717,461.79369248948524,39,5319.3
MIX|Wcav|LSOA:E01030447,R0,421358.6417219138,59420.812058230345,112227.07723822344,370.49194427377716,34,3744.1
MIX|Wcav|LSOA:E01030447,R1,286077.81938644784,59420.812058230345,112227.07723822344,316.3540222501225,34,3744.1
MIX|Wcav|LSOA:E01030447,R2,262579.59182774293,59420.812058230345,112227.07723822344,309.2646820733865,34,3744.1
MIX|Wcav|LSOA:E01030458,R0,427082.40978884476,41619.07803590101,83609.9503129801,325.15781219577565,24,2900.8
MIX|Wcav|LSOA:E01030458,R1,270624.8792892301,41619.07803590101,83609.9503129801,276.2127739192308,24,2900.8
MIX|Wcav|LSOA:E01030458,R2,238097.56071067366,41619.07803590101,83609.9503129801,261.9719219050785,24,2900.8
MIX|Wcav|LSOA:E01030459,R0,351056.15378274093,77617.93643630965,131825.2923123716,409.79710640685516,47,3798.2000000000003
MIX|Wcav|LSOA:E01030459,R1,247593.24652160672,77617.93643630965,131825.2923123716,379.4173356331668,47,3798.2000000000003
MIX|Wcav|LSOA:E01030459,R2,218651.76261210366,77617.93643630965,131825.2923123716,372.5608464692674,47,3798.2000000000003
MIX|Wcav|LSOA:E01030465,R0,280552.5058422887,56547.20166648607,105104.83729912808,330.5198273695849,34,3512.4
MIX|Wcav|LSOA:E01030465,R1,230646.32388977337,56547.20166648607,105104.83729912808,305.3858258034202,34,3512.4
MIX|Wcav|LSOA:E01030465,R2,206818.1878782687,56547.20166648607,105104.83729912808,301.9146944492939,34,3512.4
MIX|Wcav|LSOA:E01030466,R0,297186.93492950336,46731.66490685951,80711.61902766657,265.2027285851994,29,2457.0
MIX|Wcav|LSOA:E01030466,R1,179533.10544432676,46731.66490685951,80711.61902766657,216.85925973257397,29,2457.0
MIX|Wcav|LSOA:E01030466,R2,164439.54709373345,46731.66490685951,80711.61902766657,216.03437125285498,29,2457.0
MIX|Wcav|LSOA:E01030471,R0,366761.5136411793,55542.15889018134,123911.46885167356,423.5983943116926,30,4947.5
MIX|Wcav|LSOA:E01030471,R1,286591.22717876185,55542.15889018134,123911.46885167356,389.52752706802215,30,4947.5
MIX|Wcav|LSOA:E01030471,R2,254462.92378413636,55542.15889018134,123911.46885167356,373.07717973821497,30,4947.5
MIX|Wcav|LSOA:E01030472,R0,928517.4609375133,93757.58945596655,193969.32684681594,760.8024141989512,54,7106.699999999999
MIX|Wcav|LSOA:E01030472,R1,546664.5833524965,93757.58945596655,193969.32684681594,632.6308668226802,54,7106.699999999999
MIX|Wcav|LSOA:E01030472,R2,487300.0619516332,93757.58945596655,193969.32684681594,606.5146733758536,54,7106.699999999999
MIX|Wcav|LSOA:E01030473,R0,731275.8020805923,81415.41255700243,164385.31352417523,629.4927353206181,45,5961.799999999999
MIX|Wcav|LSOA:E01030473,R1,528222.4524327529,81415.41255700243,164385.31352417523,555.4210641992804,45,5961.799999999999
MIX|Wcav|LSOA:E01030473,R2,440716.63596487103,81415.41255700243,164385.31352417523,514.8450437737421,45,5961.799999999999
MIX|Wcav|LSOA:E01030474,R0,160784.44395514618,32409.89158799812,54949.99962301142,165.32608287824027,19,1569.0000000000002
MIX|Wcav|LSOA:E01030474,R1,119581.59020955555,32409.89158799812,54949.99962301142,145.81288346765623,19,1569.0000000000002
MIX|Wcav|LSOA:E01030474,R2,106797.8383924267,32409.89158799812,54949.99962301142,144.63921557635564,19,1569.0000000000002
MIX|Wcav|LSOA:E01030475,R0,375315.0724280763,40556.00987056265,92458.28231663172,392.6020128733768,22,4026.5
MIX|Wcav|LSOA:E01030475,R1,292006.3632505704,40556.00987056265,92458.28231663172,353.4264592892491,22,4026.5
MIX|Wcav|LSOA:E01030475,R2,268764.7064162276,40556.00987056265,92458.28231663172,354.8370252164821,22,4026.5
MIX|Wcav|LSOA:E01030476,R0,310826.01741759025,50887.5465137782,96714.03321086019,314.4992859193164,28,3088.9000000000005
MIX|Wcav|LSOA:E01030476,R1,235449.90200475807,50887.5465137782,96714.03321086019,286.0529920627211,28,3088.9000000000005
MIX|Wcav|LSOA:E01030476,R2,221686.5870500547,50887.5465137782,96714.03321086019,279.2878466143436,28,3088.9000000000005
MIX|Wcav|LSOA:E01030477,R0,408071.4989790301,67452.88520775267,123890.56450418645,388.0803316545148,39,3890.4
MIX|Wcav|LSOA:E01030477,R1,285891.12699712825,67452.88520775267,123890.56450418645,336.76208630746686,39,3890.4
MIX|Wcav|LSOA:E01030477,R2,248463.61216823384,67452.88520775267,123890.56450418645,326.8812428037443,39,3890.4
MIX|Wcav|LSOA:E01030478,R0,677496.6600131893,103849.81985549167,207234.0453969963,759.1423906925339,59,7597.4
MIX|Wcav|LSOA:E01030478,R1,487731.63880118064,103849.81985549167,207234.0453969963,681.6210802602183,59,7597.4
MIX|Wcav|LSOA:E01030478,R2,437129.8911252813,103849.81985549167,207234.0453969963,655.5052298560499,59,7597.4
MIX|Wcav|LSOA:E01030479,R0,277790.428183718,44401.28609069406,80641.43974227566,258.6253231507492,26,2585.2000000000003
MIX|Wcav|LSOA:E01030479,R1,212173.49489805684,44401.28609069406,80641.43974227566,236.73749833781568,26,2585.2000000000003
MIX|Wcav|LSOA:E01030479,R2,176400.43731261487,44401.28609069406,80641.43974227566,226.7031764215733,26,2585.2000000000003
MIX|Wcav|LSOA:E01030480,R0,480232.4539435637,80034.31352536721,148040.80785652727,505.50394982005173,48,5167.1
MIX|Wcav|LSOA:E01030480,R1,336453.17219018814,80034.31352536721,148040.80785652727,436.1974804336617,48,5167.1
MIX|Wcav|LSOA:E01030480,R2,292182.96551279223,80034.31352536721,148040.80785652727,440.30592374453806,48,5167.1
MIX|Wcav|LSOA:E01030490,R0,506776.3802577701,75370.34557417408,139383.72216986527,463.3070330507031,45,4554.1
MIX|Wcav|LSOA:E01030490,R1,367680.16424452025,75370.34557417408,139383.72216986527,390.8932106248996,45,4554.1
MIX|Wcav|LSOA:E01030490,R2,320268.45908775326,75370.34557417408,139383.72216986527,372.1862907333603,45,4554.1
MIX|Wcav|LSOA:E01030491,R0,695802.4053621097,104764.59988472666,203849.41499368133,708.1787941955553,60,7094.9
MIX|Wcav|LSOA:E01030491,R1,499330.4519805309,104764.59988472666,203849.41499368133,621.3226550227821,60,7094.9
MIX|Wcav|LSOA:E01030491,R2,430316.6459413283,104764.59988472666,203849.41499368133,588.7009766569901,60,7094.9
MIX|Wcav|LSOA:E01030492,R0,512882.4040985179,71698.55516512934,155060.22194693083,585.7498414623651,40,5998.1
MIX|Wcav|LSOA:E01030492,R1,420879.3072039577,71698.55516512934,155060.22194693083,541.6629346007232,40,5998.1
MIX|Wcav|LSOA:E01030492,R2,364960.2349534069,71698.55516512934,155060.22194693083,514.4369290485146,40,5998.1
MIX|Wcav|LSOA:E01030494,R0,2243.231985002096,1675.0087059864927,2723.8176600543648,7.925299903506325,1,74.0
MIX|Wcav|LSOA:E01030494,R1,2178.611323826317,1675.0087059864927,2723.8176600543648,7.914828528413318,1,74.0
MIX|Wcav|LSOA:E01030494,R2,2178.611323826317,1675.0087059864927,2723.8176600543648,7.914828528413318,1,74.0
MIX|Wcav|LSOA:E01030496,R0,3017.3359647576717,1761.3298419456682,3012.1454461408694,8.970593845533287,1,85.0
MIX|Wcav|LSOA:E01030496,R1,2523.549262219688,1761.3298419456682,3012.1454461408694,8.792304342518683,1,85.0
MIX|Wcav|LSOA:E01030496,R2,2523.549262219688,1761.3298419456682,3012.1454461408694,8.792304342518683,1,85.0
MIX|Wcav|LSOA:E01030499,R0,438884.50884291285,69429.45068570267,127321.62950523949,460.16722752968593,40,4114.8
MIX|Wcav|LSOA:E01030499,R1,282873.595459296,69429.45068570267,127321.62950523949,398.5499390378662,40,4114.8
MIX|Wcav|LSOA:E01030499,R2,264835.1943628332,69429.45068570267,127321.62950523949,385.72099854138753,40,4114.8
MIX|Wcav|LSOA:E01030500,R0,513875.5736294284,78505.7782612758,144975.29627404813,469.67626527435823,45,4582.9000000000015
MIX|Wcav|LSOA:E01030500,R1,324030.24678934587,78505.7782612758,144975.29627404813,397.24963009427285,45,4582.9000000000015
MIX|Wcav|LSOA:E01030500,R2,294941.7237652204,78505.7782612758,144975.29627404813,384.2299054812855,45,4582.9000000000015
MIX|Wcav|LSOA:E01030501,R0,414316.1315580855,45362.6491907732,96782.55276781839,403.4158270164115,25,3808.7
MIX|Wcav|LSOA:E01030501,R1,252727.65749046457,45362.6491907732,96782.55276781839,339.7852781386582,25,3808.7
MIX|Wcav|LSOA:E01030501,R2,229526.09390134574,45362.6491907732,96782.55276781839,328.5056163641125,25,3808.7
MIX|Wcav|LSOA:E01030502,R0,211196.03917814605,41643.60152736745,77786.35412522375,247.69616862690583,24,2553.7
MIX|Wcav|LSOA:E01030502,R1,172162.9348407642,41643.60152736745,77786.35412522375,234.16758721195896,24,2553.7
MIX|Wcav|LSOA:E01030502,R2,166210.74914495368,41643.60152736745,77786.35412522375,233.79613158244155,24,2553.7
MIX|Wcav|LSOA:E01030503,R0,662220.8908994993,113153.78348785263,199122.8366592857,624.9413952475486,68,6432.299999999999
MIX|Wcav|LSOA:E01030503,R1,415779.14785677026,113153.78348785263,199122.8366592857,507.8245211283802,68,6432.299999999999
MIX|Wcav|LSOA:E01030503,R2,401217.8434411589,113153.78348785263,199122.8366592857,507.7038758925264,68,6432.299999999999
MIX|Wcav|LSOA:E01030504,R0,170209.97701339284,30450.683010420762,54267.13660709566,186.7575564054527,18,1662.0
MIX|Wcav|LSOA:E01030504,R1,146530.80193175987,30450.683010420762,54267.13660709566,177.83689903186803,18,1662.0
MIX|Wcav|LSOA:E01030504,R2,121007.47132179333,30450.683010420762,54267.13660709566,166.86596308184366,18,1662.0
MIX|Wcav|SUB:SPN-R000000843506-000-002Z,R0,57189.09419086651,3517.3484952188796,7526.2579244903845,40.39028455879251,2,297.90000000000003
MIX|Wcav|SUB:SPN-R000000843506-000-002Z,R1,27846.783681253855,3517.3484952188796,7526.2579244903845,35.26761825585824,2,297.90000000000003
MIX|Wcav|SUB:SPN-R000000843506-000-002Z,R2,27846.783681253855,3517.3484952188796,7526.2579244903845,35.26761825585824,2,297.90000000000003
MIX|Wcav|SUB:SPN-R000000843508-000-011Z,R0,244944.29628147426,17643.863414678497,47335.73738661208,271.6808924252997,9,2258.9
MIX|Wcav|SUB:SPN-R000000843508-000-011Z,R1,160123.90694730988,17643.863414678497,47335.73738661208,249.89195237780714,9,2258.9
MIX|Wcav|SUB:SPN-R000000843508-000-011Z,R2,160123.90694730988,17643.863414678497,47335.73738661208,249.89195237780714,9,2258.9
MIX|Wcav|SUB:SPN-R000000843508-000-016Z,R0,50715.80460737595,3944.6407829537493,10539.774780755884,63.24399875337577,2,502.5
MIX|Wcav|SUB:SPN-R000000843508-000-016Z,R1,32684.926452914573,3944.6407829537493,10539.774780755884,56.6328561668867,2,502.5
MIX|Wcav|SUB:SPN-R000000843508-000-016Z,R2,32684.926452914573,3944.6407829537493,10539.774780755884,56.6328561668867,2,502.5
MIX|Wcav|SUB:SPN-R000000852112-000-063Z,R0,53196.82395947489,9627.092991219717,15394.833758394834,49.83458520748315,6,422.9
MIX|Wcav|SUB:SPN-R000000852112-000-063Z,R1,30846.162268859745,9627.092991219717,15394.833758394834,40.80887931131227,6,422.9
MIX|Wcav|SUB:SPN-R000000852112-000-063Z,R2,30846.162268859745,9627.092991219717,15394.833758394834,40.80887931131227,6,422.9
MIX|Wcav|SUB:SPN-R000000852112-000-073Z,R0,32750.660944932526,5484.106166011536,10161.897324304347,36.93434159723979,3,313.2
MIX|Wcav|SUB:SPN-R000000852112-000-073Z,R1,21098.708734373165,5484.106166011536,10161.897324304347,31.633085800438597,3,313.2
MIX|Wcav|SUB:SPN-R000000852112-000-073Z,R2,21098.708734373165,5484.106166011536,10161.897324304347,31.633085800438597,3,313.2
MIX|Wcav|SUB:SPN-R000000852116-000-001Z,R0,125271.44597352119,24016.230670133795,41849.609561212375,138.48611342358006,14,1246.3
MIX|Wcav|SUB:SPN-R000000852116-000-001Z,R1,83003.61263296747,24016.230670133795,41849.609561212375,124.08841599073848,14,1246.3
MIX|Wcav|SUB:SPN-R000000852116-000-001Z,R2,80399.02902082421,24016.230670133795,41849.609561212375,122.12405707013897,14,1246.3
MIX|Wcav|SUB:SPN-S000000171105,R0,5102.249014169487,4132.015841864357,5836.899290804658,14.527365245409605,3,141.0
MIX|Wcav|SUB:SPN-S000000171105,R1,4937.533188969991,4132.015841864357,5836.899290804658,14.508766253972459,3,141.0
MIX|Wcav|SUB:SPN-S000000171105,R2,4937.533188969991,4132.015841864357,5836.899290804658,14.508766253972459,3,141.0
MIX|Wcav|SUB:SPN-S000000171605,R0,2811.249386820083,1134.6391007725827,1031.7575276249538,2.369777272820724,1,17.7
MIX|Wcav|SUB:SPN-S000000171605,R1,1655.822537470152,1134.6391007725827,1031.7575276249538,2.1511868215460526,1,17.7
MIX|Wcav|SUB:SPN-S000000171605,R2,1655.822537470152,1134.6391007725827,1031.7575276249538,2.1511868215460526,1,17.7
MIX|Wcav|SUB:SPN-S000000171606,R0,106859.20294355092,21025.10816317142,35874.37465563869,117.92041258017483,12,1012.7
MIX|Wcav|SUB:SPN-S000000171606,R1,58541.66620271057,21025.10816317142,35874.37465563869,102.97479346609775,12,1012.7
MIX|Wcav|SUB:SPN-S000000171606,R2,58541.66620271057,21025.10816317142,35874.37465563869,102.97479346609775,12,1012.7
MIX|Wcav|SUB:SPN-S000000171608,R0,288328.8795153424,44740.639222809354,82660.40284160193,297.05853306837946,25,2565.1
MIX|Wcav|SUB:SPN-S000000171608,R1,179299.2022022134,44740.639222809354,82660.40284160193,246.11305550531404,25,2565.1
MIX|Wcav|SUB:SPN-S000000171608,R2,169712.49083141933,44740.639222809354,82660.40284160193,240.41794549878884,25,2565.1
MIX|Wcav|SUB:SPN-S000000171609,R0,70820.55596679955,15462.61068994064,27662.271276146646,83.4369844751159,9,863.0
MIX|Wcav|SUB:SPN-S000000171609,R1,47244.970005071824,15462.61068994064,27662.271276146646,70.7198865483166,9,863.0
MIX|Wcav|SUB:SPN-S000000171609,R2,42661.37080147682,15462.61068994064,27662.271276146646,70.2948132340876,9,863.0
MIX|Wcav|SUB:SPN-S000000171610,R0,205635.88253138505,41883.542172196045,68378.55092581638,203.39318072764488,26,1902.4
MIX|Wcav|SUB:SPN-S000000171610,R1,124384.94753619886,41883.542172196045,68378.55092581638,176.66284607104632,26,1902.4
MIX|Wcav|SUB:SPN-S000000171610,R2,115198.76637619283,41883.542172196045,68378.55092581638,177.3829953549005,26,1902.4
MIX|Wcav|SUB:SPN-S000000171611,R0,250441.5756018599,33177.93542234364,62525.32263634033,245.27768777128344,18,1965.3
MIX|Wcav|SUB:SPN-S000000171611,R1,133797.96362928615,33177.93542234364,62525.32263634033,206.53402551790015,18,1965.3
MIX|Wcav|SUB:SPN-S000000171611,R2,133797.96362928615,33177.93542234364,62525.32263634033,206.53402551790015,18,1965.3
MIX|Wcav|SUB:SPN-S000000171612,R0,20966.650275187,8831.730966903691,15170.858133473419,43.89106771067278,5,430.0
MIX|Wcav|SUB:SPN-S000000171612,R1,18254.944263938436,8831.730966903691,15170.858133473419,41.3517964371391,5,430.0
MIX|Wcav|SUB:SPN-S000000171612,R2,18254.944263938436,8831.730966903691,15170.858133473419,41.3517964371391,5,430.0
MIX|Wcav|SUB:SPN-S000000171613,R0,255285.1325965189,22966.213005374775,50966.42521589142,239.80179356968918,12,1947.2
MIX|Wcav|SUB:SPN-S000000171613,R1,152225.3516565623,22966.213005374775,50966.42521589142,208.92624795034186,12,1947.2
MIX|Wcav|SUB:SPN-S000000171613,R2,138283.9075616208,22966.213005374775,50966.42521589142,198.77028058702325,12,1947.2
MIX|Wcav|SUB:SPN-S000000171614,R0,274771.0366952588,31906.751943457246,68433.24140224762,273.6771271106664,17,2554.6
MIX|Wcav|SUB:SPN-S000000171614,R1,165365.82392690476,31906.751943457246,68433.24140224762,247.00014280202927,17,2554.6
MIX|Wcav|SUB:SPN-S000000171614,R2,165365.82392690476,31906.751943457246,68433.24140224762,247.00014280202927,17,2554.6
MIX|Wcav|SUB:SPN-S000000171615,R0,157395.44687469857,21539.135155160766,39706.11998493506,138.3960088125697,12,1217.4
MIX|Wcav|SUB:SPN-S000000171615,R1,92774.78298254295,21539.135155160766,39706.11998493506,109.46927841676248,12,1217.4
MIX|Wcav|SUB:SPN-S000000171615,R2,92774.78298254295,21539.135155160766,39706.11998493506,109.46927841676248,12,1217.4
MIX|Wcav|SUB:SPN-S000000171616,R0,26157.567061074536,7237.478724010969,10981.494580443305,28.07427335601394,5,267.0
MIX|Wcav|SUB:SPN-S000000171616,R1,20203.65961675781,7237.478724010969,10981.494580443305,26.774063088850365,5,267.0
MIX|Wcav|SUB:SPN-S000000171616,R2,17671.694712726086,7237.478724010969,10981.494580443305,24.915536450395507,5,267.0
MIX|Wcav|SUB:SPN-S000000171617,R0,171619.93024582538,28758.674813809976,49261.17527127087,162.0725834925561,17,1439.0
MIX|Wcav|SUB:SPN-S000000171617,R1,106469.05231315811,28758.674813809976,49261.17527127087,141.0267982013732,17,1439.0
MIX|Wcav|SUB:SPN-S000000171617,R2,96019.7684951406,28758.674813809976,49261.17527127087,136.43005336630372,17,1439.0
MIX|Wcav|SUB:SPN-S000000171618,R0,154893.1526926927,16647.614401346626,35899.24511136171,173.2273490251026,9,1376.4
MIX|Wcav|SUB:SPN-S000000171618,R1,97757.39359655879,16647.614401346626,35899.24511136171,145.15415459580822,9,1376.4
MIX|Wcav|SUB:SPN-S000000171618,R2,97757.39359655879,16647.614401346626,35899.24511136171,145.15415459580822,9,1376.4
MIX|Wcav|SUB:SPN-S000000171619,R0,469007.88935397443,84230.92487232559,147091.59051647858,433.4598054706627,50,4352.8
MIX|Wcav|SUB:SPN-S000000171619,R1,290694.3078187161,84230.92487232559,147091.59051647858,369.8900257712093,50,4352.8
MIX|Wcav|SUB:SPN-S000000171619,R2,278624.2590130305,84230.92487232559,147091.59051647858,362.4984601260792,50,4352.8
MIX|Wcav|SUB:SPN-S000000171621,R0,228139.48065717105,34398.910856663715,66132.41656865951,228.3009114833245,19,2170.8
MIX|Wcav|SUB:SPN-S000000171621,R1,153680.96784764295,34398.910856663715,66132.41656865951,196.46621615207502,19,2170.8
MIX|Wcav|SUB:SPN-S000000171621,R2,141053.20665202686,34398.910856663715,66132.41656865951,187.32262104054874,19,2170.8
MIX|Wcav|SUB:SPN-S000000171622,R0,190185.63129388116,14765.102960375905,33473.00083231736,175.21590539827952,8,1357.0
MIX|Wcav|SUB:SPN-S000000171622,R1,91673.64640004585,14765.102960375905,33473.00083231736,144.89289690820047,8,1357.0
MIX|Wcav|SUB:SPN-S000000171622,R2,88844.45524589355,14765.102960375905,33473.00083231736,143.5240327168208,8,1357.0
MIX|Wcav|SUB:SPN-S000000171623,R0,471293.5407946807,35122.90520214835,86872.89786289085,427.5211207993634,18,3817.5000000000005
MIX|Wcav|SUB:SPN-S000000171623,R1,319876.4447685786,35122.90520214835,86872.89786289085,381.14131370146333,18,3817.5000000000005
MIX|Wcav|SUB:SPN-S000000171623,R2,276915.2511022599,35122.90520214835,86872.89786289085,351.7598744712901,18,3817.5000000000005
MIX|Wcav|SUB:SPN-S000000171624,R0,275103.70139798,17340.934136143977,41402.502495765235,211.0215548188142,9,1785.6
MIX|Wcav|SUB:SPN-S000000171624,R1,136690.45656161744,17340.934136143977,41402.502495765235,179.48706328943996,9,1785.6
MIX|Wcav|SUB:SPN-S000000171624,R2,136690.45656161744,17340.934136143977,41402.502495765235,179.48706328943996,9,1785.6
MIX|Wcav|SUB:SPN-S000000171625,R0,276968.34705096367,32043.27315854061,61383.42855999093,253.42659585734802,18,2056.1
MIX|Wcav|SUB:SPN-S000000171625,R1,181324.48322909302,32043.27315854061,61383.42855999093,229.00478726538452,18,2056.1
MIX|Wcav|SUB:SPN-S000000171625,R2,151802.06097562413,32043.27315854061,61383.42855999093,222.20747309437758,18,2056.1
MIX|Wcav|SUB:SPN-S000000171626,R0,322011.87389110844,44831.10452402494,82889.51768524473,299.40813553601134,26,2728.9
MIX|Wcav|SUB:SPN-S000000171626,R1,178808.63709864492,44831.10452402494,82889.51768524473,246.19479572222394,26,2728.9
MIX|Wcav|SUB:SPN-S000000171626,R2,171386.0929890955,44831.10452402494,82889.51768524473,243.35865760483833,26,2728.9
MIX|Wcav|SUB:SPN-S000000171629,R0,3034.574112393824,3159.657394674384,5309.6849794022455,16.09757538377193,2,131.0
MIX|Wcav|SUB:SPN-S000000171629,R1,2888.257993783509,3159.657394674384,5309.6849794022455,16.028126246402138,2,131.0
MIX|Wcav|SUB:SPN-S000000171629,R2,2888.257993783509,3159.657394674384,5309.6849794022455,16.028126246402138,2,131.0
MIX|Wcav|SUB:SPN-S000000171630,R0,293766.59118742635,48088.65497348247,85640.83444502861,284.52816752250993,28,2494.4
MIX|Wcav|SUB:SPN-S000000171630,R1,177341.91233089822,48088.65497348247,85640.83444502861,228.6795617932812,28,2494.4
MIX|Wcav|SUB:SPN-S000000171630,R2,169757.68104186753,48088.65497348247,85640.83444502861,228.6795617932812,28,2494.4
MIX|Wcav|SUB:SPN-S000000171631,R0,265887.228814691,46676.187881355734,79424.30527367556,254.08920560650424,28,2309.1
MIX|Wcav|SUB:SPN-S000000171631,R1,169347.6182350934,46676.187881355734,79424.30527367556,217.96358029711692,28,2309.1
MIX|Wcav|SUB:SPN-S000000171631,R2,146139.89756701887,46676.187881355734,79424.30527367556,203.38558291363134,28,2309.1
MIX|Wcav|SUB:SPN-S000000171632,R0,192030.22515231866,48824.20520372859,81402.5400535051,210.8326496829984,29,2286.7
MIX|Wcav|SUB:SPN-S000000171632,R1,134657.28059060642,48824.20520372859,81402.5400535051,189.03879475622992,29,2286.7
MIX|Wcav|SUB:SPN-S000000171632,R2,130456.41851715543,48824.20520372859,81402.5400535051,188.16634634314397,29,2286.7
MIX|Wcav|SUB:SPN-S000000171633,R0,163171.80295957543,18525.020731003853,34162.195747346945,154.72425076346786,12,1401.1
MIX|Wcav|SUB:SPN-S000000171633,R1,105299.80876785015,18525.020731003853,34162.195747346945,138.24943512508634,12,1401.1
MIX|Wcav|SUB:SPN-S000000171633,R2,98877.07097816646,18525.020731003853,34162.195747346945,136.11683116575142,12,1401.1
MIX|Wcav|SUB:SPN-S000000171634,R0,132535.20732141158,17915.893944494717,34364.102145632656,130.7657527595745,10,1182.4
MIX|Wcav|SUB:SPN-S000000171634,R1,72682.1751473015,17915.893944494717,34364.102145632656,107.22690671641462,10,1182.4
MIX|Wcav|SUB:SPN-S000000171634,R2,72682.1751473015,17915.893944494717,34364.102145632656,107.22690671641462,10,1182.4
MIX|Wcav|SUB:SPN-S000000171635,R0,41766.62231466459,9096.758067331633,13756.608874521282,42.28214677790576,6,363.3
MIX|Wcav|SUB:SPN-S000000171635,R1,27289.86033672812,9096.758067331633,13756.608874521282,36.93098367242348,6,363.3
MIX|Wcav|SUB:SPN-S000000171635,R2,24843.54197633607,9096.758067331633,13756.608874521282,37.10869909582506,6,363.3
MIX|Wcav|SUB:SPN-S000000171636,R0,97121.6185123403,18810.602809860946,30696.655263375633,111.02932995498328,12,890.4000000000001
MIX|Wcav|SUB:SPN-S000000171636,R1,54601.84339584377,18810.602809860946,30696.655263375633,93.75961531670077,12,890.4000000000001
MIX|Wcav|SUB:SPN-S000000171636,R2,54601.84339584377,18810.602809860946,30696.655263375633,93.75961531670077,12,890.4000000000001
MIX|Wcav|SUB:SPN-S000000171637,R0,147360.1147672236,21685.305605757134,39289.78743270974,135.00376481501175,13,1276.2
MIX|Wcav|SUB:SPN-S000000171637,R1,86976.36039094129,21685.305605757134,39289.78743270974,107.62723072409833,13,1276.2
MIX|Wcav|SUB:SPN-S000000171637,R2,81696.13718502817,21685.305605757134,39289.78743270974,105.20389370152888,13,1276.2
MIX|Wcav|SUB:SPN-S000000171647,R0,32541.84205715697,6771.421142870462,11503.427754294056,38.508080299187924,4,331.0
MIX|Wcav|SUB:SPN-S000000171647,R1,17807.13995293579,6771.421142870462,11503.427754294056,33.9015900078642,4,331.0
MIX|Wcav|SUB:SPN-S000000171647,R2,17807.13995293579,6771.421142870462,11503.427754294056,33.9015900078642,4,331.0
MIX|Wcav|SUB:SPN-S000000171648,R0,106925.94048134206,23416.912779628987,43943.61208436272,141.71085444829555,13,1394.2
MIX|Wcav|SUB:SPN-S000000171648,R1,75411.6590502823,23416.912779628987,43943.61208436272,133.81942983544891,13,1394.2
MIX|Wcav|SUB:SPN-S000000171648,R2,75411.6590502823,23416.912779628987,43943.61208436272,133.81942983544891,13,1394.2
MIX|Wcav|SUB:SPN-S000000171669,R0,21320.37545892794,4805.957337135527,8003.885191351286,30.156300235026045,3,204.7
MIX|Wcav|SUB:SPN-S000000171669,R1,12342.723651031336,4805.957337135527,8003.885191351286,29.322131670247394,3,204.7
MIX|Wcav|SUB:SPN-S000000171669,R2,12342.723651031336,4805.957337135527,8003.885191351286,29.322131670247394,3,204.7
MIX|Wcav|SUB:SPN-S000000171674,R0,379597.4034498425,46567.34759043854,94623.92548036357,363.0321081051865,25,3278.7999999999997
MIX|Wcav|SUB:SPN-S000000171674,R1,244891.260471417,46567.34759043854,94623.92548036357,310.1758891096137,25,3278.7999999999997
MIX|Wcav|SUB:SPN-S000000171674,R2,223697.45017181622,46567.34759043854,94623.92548036357,304.48044037914497,25,3278.7999999999997
MIX|Wcav|SUB:SPN-S000000171675,R0,498375.8089549312,57286.51778963953,119956.8370752373,525.619416897764,32,4754.700000000001
MIX|Wcav|SUB:SPN-S000000171675,R1,303334.7505931138,57286.51778963953,119956.8370752373,452.8929328800298,32,4754.700000000001
MIX|Wcav|SUB:SPN-S000000171675,R2,292357.9251926211,57286.51778963953,119956.8370752373,443.221877502278,32,4754.700000000001
MIX|Wcav|SUB:SPN-S000000171677,R0,280873.4132566276,49436.24106922778,92415.87541267253,283.6165168574673,28,2941.0
MIX|Wcav|SUB:SPN-S000000171677,R1,183341.716713701,49436.24106922778,92415.87541267253,244.32068218228602,28,2941.0
MIX|Wcav|SUB:SPN-S000000171677,R2,176077.0511797093,49436.24106922778,92415.87541267253,243.5485155005953,28,2941.0
MIX|Wcav|SUB:SPN-S000000171678,R0,140000.5626930499,22858.81465247034,42379.99638195744,156.75376968691313,13,1364.8
MIX|Wcav|SUB:SPN-S000000171678,R1,83492.01871114454,22858.81465247034,42379.99638195744,133.58744488533688,13,1364.8
MIX|Wcav|SUB:SPN-S000000171678,R2,81046.6825563568,22858.81465247034,42379.99638195744,132.68222843401475,13,1364.8
MIX|Wcav|SUB:SPN-S000000171679,R0,72412.82503689261,7900.493626658137,21215.634975718764,103.7085380191698,4,1028.1
MIX|Wcav|SUB:SPN-S000000171679,R1,54976.393362931354,7900.493626658137,21215.634975718764,99.44136807472984,4,1028.1
MIX|Wcav|SUB:SPN-S000000171679,R2,49909.06949347447,7900.493626658137,21215.634975718764,98.61335159015138,4,1028.1
MIX|Wcav|SUB:SPN-S000000171680,R0,162945.74617106502,8108.85095551913,25268.7267087328,165.2696457935326,4,1418.8999999999999
MIX|Wcav|SUB:SPN-S000000171680,R1,103569.15052189623,8108.85095551913,25268.7267087328,146.9471017322786,4,1418.8999999999999
MIX|Wcav|SUB:SPN-S000000171680,R2,92211.43506721809,8108.85095551913,25268.7267087328,142.17284011033246,4,1418.8999999999999
MIX|Wcav|SUB:SPN-S000000171681,R0,308976.8758569149,21237.347831571307,55577.08152170545,297.6820973837018,11,2672.7000000000003
MIX|Wcav|SUB:SPN-S000000171681,R1,171136.67760883505,21237.347831571307,55577.08152170545,256.02738929307566,11,2672.7000000000003
MIX|Wcav|SUB:SPN-S000000171681,R2,166686.6459198393,21237.347831571307,55577.08152170545,252.36951552751168,11,2672.7000000000003
MIX|Wcav|SUB:SPN-S000000171683,R0,20222.98743715411,5218.049647020066,9038.454235655352,23.75906009741462,3,248.0
MIX|Wcav|SUB:SPN-S000000171683,R1,14467.266082541611,5218.049647020066,9038.454235655352,20.894646511501733,3,248.0
MIX|Wcav|SUB:SPN-S000000171683,R2,14467.266082541611,5218.049647020066,9038.454235655352,20.894646511501733,3,248.0
MIX|Wcav|SUB:SPN-S000000171685,R0,112841.87675894109,19482.382068357656,35474.06810210356,119.18756474218918,11,1090.7
MIX|Wcav|SUB:SPN-S000000171685,R1,68461.13222766749,19482.382068357656,35474.06810210356,103.95221789279235,11,1090.7
MIX|Wcav|SUB:SPN-S000000171685,R2,68461.13222766749,19482.382068357656,35474.06810210356,103.95221789279235,11,1090.7
MIX|Wcav|SUB:SPN-S000000171686,R0,151556.60115603136,26404.089276210376,48226.81878019279,152.8257862126331,15,1471.3
MIX|Wcav|SUB:SPN-S000000171686,R1,105899.96095950913,26404.089276210376,48226.81878019279,133.4134933644058,15,1471.3
MIX|Wcav|SUB:SPN-S000000171686,R2,90311.12528459617,26404.089276210376,48226.81878019279,127.97649474463432,15,1471.3
MIX|Wcav|SUB:SPN-S000000171695,R0,201425.53625692418,43930.470107448,73016.55161583367,209.16269622422524,27,2031.0
MIX|Wcav|SUB:SPN-S000000171695,R1,122356.12361139599,43930.470107448,73016.55161583367,169.1517754885746,27,2031.0
MIX|Wcav|SUB:SPN-S000000171695,R2,118044.50346659168,43930.470107448,73016.55161583367,166.237105794262,27,2031.0
MIX|Wcav|SUB:SPN-S000000171696,R0,189277.4735505706,33276.52802048161,55811.87128120756,180.66571205611518,20,1605.7000000000003
MIX|Wcav|SUB:SPN-S000000171696,R1,122866.41075603079,33276.52802048161,55811.87128120756,159.06811753952798,20,1605.7000000000003
MIX|Wcav|SUB:SPN-S000000171696,R2,115860.37130538843,33276.52802048161,55811.87128120756,156.85437916034348,20,1605.7000000000003
MIX|Wcav|SUB:SPN-S000000171697,R0,72196.68457165627,20694.31272511628,35505.68814006925,103.07310882467696,12,1023.1
MIX|Wcav|SUB:SPN-S000000171697,R1,50508.084066298405,20694.31272511628,35505.68814006925,98.43705690818416,12,1023.1
MIX|Wcav|SUB:SPN-S000000171697,R2,50508.084066298405,20694.31272511628,35505.68814006925,98.43705690818416,12,1023.1
MIX|Wcav|SUB:SPN-S000000171698,R0,98733.77887493439,21532.41431570434,36534.70339937657,119.31167285568033,13,1070.9
MIX|Wcav|SUB:SPN-S000000171698,R1,60433.921422047104,21532.41431570434,36534.70339937657,101.19561246770041,13,1070.9
MIX|Wcav|SUB:SPN-S000000171698,R2,60433.921422047104,21532.41431570434,36534.70339937657,101.19561246770041,13,1070.9
MIX|Wcav|SUB:SPN-S000000171700,R0,246118.29557604628,31020.837931572805,57557.22528249384,196.64523350261325,17,1765.9
MIX|Wcav|SUB:SPN-S000000171700,R1,148323.9854950817,31020.837931572805,57557.22528249384,162.6674791464588,17,1765.9
MIX|Wcav|SUB:SPN-S000000171700,R2,139759.01958857296,31020.837931572805,57557.22528249384,158.72759400361096,17,1765.9
MIX|Wcav|SUB:SPN-S000000171702,R0,19374.008622250047,1958.6689178163283,5041.308653244205,26.227800464743588,1,225.4
MIX|Wcav|SUB:SPN-S000000171702,R1,13159.382697332789,1958.6689178163283,5041.308653244205,25.23054007486979,1,225.4
MIX|Wcav|SUB:SPN-S000000171702,R2,13159.382697332789,1958.6689178163283,5041.308653244205,25.23054007486979,1,225.4
MIX|Wcav|SUB:SPN-S000000171705,R0,306962.9056999872,49909.49070042015,92309.55877098003,346.7181729268176,30,3202.3999999999996
MIX|Wcav|SUB:SPN-S000000171705,R1,203141.11995436408,49909.49070042015,92309.55877098003,304.37257745468327,30,3202.3999999999996
MIX|Wcav|SUB:SPN-S000000171705,R2,193281.55033361624,49909.49070042015,92309.55877098003,304.37257745468327,30,3202.3999999999996
MIX|Wcav|SUB:SPN-S000000171706,R0,384018.9827740792,30811.30924857244,75522.2822570042,406.33436278100476,17,3448.5
MIX|Wcav|SUB:SPN-S000000171706,R1,236119.97860442675,30811.30924857244,75522.2822570042,362.60475045890325,17,3448.5
MIX|Wcav|SUB:SPN-S000000171706,R2,229739.7571869742,30811.30924857244,75522.2822570042,361.56220243059306,17,3448.5
MIX|Wcav|SUB:SPN-S000000171708,R0,162329.1564210942,11419.003394400183,29310.149806108493,164.64534371990194,6,1370.0
MIX|Wcav|SUB:SPN-S000000171708,R1,90611.06566309015,11419.003394400183,29310.149806108493,140.36027275380698,6,1370.0
MIX|Wcav|SUB:SPN-S000000171708,R2,90611.06566309015,11419.003394400183,29310.149806108493,140.36027275380698,6,1370.0
MIX|Wcav|SUB:SPN-S000000171709,R0,248132.15245024872,37732.253512635434,70703.05788085458,268.4963137447752,21,2277.6
MIX|Wcav|SUB:SPN-S000000171709,R1,133989.30731183488,37732.253512635434,70703.05788085458,221.21358794499454,21,2277.6
MIX|Wcav|SUB:SPN-S000000171709,R2,129562.56176782565,37732.253512635434,70703.05788085458,221.21358794499454,21,2277.6
MIX|Wcav|SUB:SPN-S000000171710,R0,433879.3382643833,42103.497023935706,98464.61088171828,479.45411580699033,22,4192.700000000001
MIX|Wcav|SUB:SPN-S000000171710,R1,265677.87198728137,42103.497023935706,98464.61088171828,412.9498927060869,22,4192.700000000001
MIX|Wcav|SUB:SPN-S000000171710,R2,258745.6476617708,42103.497023935706,98464.61088171828,408.8897181201829,22,4192.700000000001
MIX|Wcav|SUB:SPN-S000000171711,R0,145966.7839141303,11606.878089675138,28305.982676232852,140.27436466281517,6,1222.2
MIX|Wcav|SUB:SPN-S000000171711,R1,108888.387543237,11606.878089675138,28305.982676232852,128.37767682176798,6,1222.2
MIX|Wcav|SUB:SPN-S000000171711,R2,91184.5639665435,11606.878089675138,28305.982676232852,123.05804070283948,6,1222.2
MIX|Wcav|SUB:SPN-S000000171712,R0,352503.7725736449,39840.842007708154,82705.14562001414,346.5440556468922,22,3104.6
MIX|Wcav|SUB:SPN-S000000171712,R1,216092.4765049048,39840.842007708154,82705.14562001414,289.2748086274913,22,3104.6
MIX|Wcav|SUB:SPN-S000000171712,R2,207850.2569788306,39840.842007708154,82705.14562001414,286.1044180742705,22,3104.6
MIX|Wcav|SUB:SPN-S000000171713,R0,151698.78125481794,18612.39651971912,34072.047325728716,125.62782056110426,11,1098.4
MIX|Wcav|SUB:SPN-S000000171713,R1,70975.6823695173,18612.39651971912,34072.047325728716,98.16646582125414,11,1098.4
MIX|Wcav|SUB:SPN-S000000171713,R2,70975.6823695173,18612.39651971912,34072.047325728716,98.16646582125414,11,1098.4
MIX|Wcav|SUB:SPN-S000000171714,R0,307600.6012594535,39811.74348549935,80802.37387395269,300.12550523160684,22,2930.0
MIX|Wcav|SUB:SPN-S000000171714,R1,189404.85010662244,39811.74348549935,80802.37387395269,257.14310984962464,22,2930.0
MIX|Wcav|SUB:SPN-S000000171714,R2,180000.6320919947,39811.74348549935,80802.37387395269,254.88789654216887,22,2930.0
MIX|Wcav|SUB:SPN-S000000171715,R0,181104.9061592287,21562.521761953256,45653.19298100078,183.2137806893308,12,1754.4
MIX|Wcav|SUB:SPN-S000000171715,R1,116178.42409729393,21562.521761953256,45653.19298100078,156.16871958920774,12,1754.4
MIX|Wcav|SUB:SPN-S000000171715,R2,106533.58400039256,21562.521761953256,45653.19298100078,151.7641831875896,12,1754.4
MIX|Wcav|SUB:SPN-S000000171716,R0,352964.05602769327,35825.8715050099,79616.79638612308,366.3220512093469,19,3128.3999999999996
MIX|Wcav|SUB:SPN-S000000171716,R1,224239.8636316011,35825.8715050099,79616.79638612308,309.6489586977224,19,3128.3999999999996
MIX|Wcav|SUB:SPN-S000000171716,R2,214102.11302610917,35825.8715050099,79616.79638612308,306.5386913500051,19,3128.3999999999996
MIX|Wcav|SUB:SPN-S000000171717,R0,138939.90404456755,35031.533660870686,60066.508108306945,163.6917447242289,21,1747.4000000000003
MIX|Wcav|SUB:SPN-S000000171717,R1,94106.8753081231,35031.533660870686,60066.508108306945,143.7426554503694,21,1747.4000000000003
MIX|Wcav|SUB:SPN-S000000171717,R2,85643.61855884662,35031.533660870686,60066.508108306945,140.05127609973852,21,1747.4000000000003
MIX|Wcav|SUB:SPN-S000000171719,R0,91409.22471724737,18009.85446980629,27490.170129230457,80.86589860536182,12,755.5
MIX|Wcav|SUB:SPN-S000000171719,R1,54251.215922129624,18009.85446980629,27490.170129230457,64.29836059777227,12,755.5
MIX|Wcav|SUB:SPN-S000000171719,R2,53300.05086056574,18009.85446980629,27490.170129230457,64.12004225029561,12,755.5
MIX|Wcav|SUB:SPN-S000000171720,R0,209806.02977447546,33092.82241856023,59314.17199368488,190.9970205796671,20,1905.8999999999999
MIX|Wcav|SUB:SPN-S000000171720,R1,123306.79053540411,33092.82241856023,59314.17199368488,149.23971386595912,20,1905.8999999999999
MIX|Wcav|SUB:SPN-S000000171720,R2,117085.00884141718,33092.82241856023,59314.17199368488,144.3167402127231,20,1905.8999999999999
MIX|Wcav|SUB:SPN-S000000171721,R0,114663.48750058532,21540.393553652448,36523.734285578044,115.48183744660682,13,1051.9
MIX|Wcav|SUB:SPN-S000000171721,R1,67594.95350803813,21540.393553652448,36523.734285578044,96.12247891196195,13,1051.9
MIX|Wcav|SUB:SPN-S000000171721,R2,67594.95350803813,21540.393553652448,36523.734285578044,96.12247891196195,13,1051.9
MIX|Wcav|SUB:SPN-S000000171722,R0,284760.35433313274,31118.879670870323,58942.061562167626,262.05990243740143,18,2030.6999999999998
MIX|Wcav|SUB:SPN-S000000171722,R1,156539.11770905135,31118.879670870323,58942.061562167626,223.13198828546493,18,2030.6999999999998
MIX|Wcav|SUB:SPN-S000000171722,R2,147496.83561345612,31118.879670870323,58942.061562167626,223.13198828546493,18,2030.6999999999998
MIX|Wcav|SUB:SPN-S000000171723,R0,140855.8473437227,20828.81516275485,35011.39857527139,122.97901552803214,13,1011.1
MIX|Wcav|SUB:SPN-S000000171723,R1,69979.33040450756,20828.81516275485,35011.39857527139,99.82370773835511,13,1011.1
MIX|Wcav|SUB:SPN-S000000171723,R2,69979.33040450756,20828.81516275485,35011.39857527139,99.82370773835511,13,1011.1
MIX|Wcav|SUB:SPN-S000000171724,R0,131139.0859464582,18137.190506527782,34183.129229294405,128.1143384771911,10,1093.4
MIX|Wcav|SUB:SPN-S000000171724,R1,80787.65600461271,18137.190506527782,34183.129229294405,111.27174921138148,10,1093.4
MIX|Wcav|SUB:SPN-S000000171724,R2,74041.14332425852,18137.190506527782,34183.129229294405,108.56377280837403,10,1093.4
MIX|Wcav|SUB:SPN-S000000171725,R0,150955.27801543707,23137.035173151027,43404.20435622667,140.44380848939704,13,1378.0
MIX|Wcav|SUB:SPN-S000000171725,R1,89887.43915880684,23137.035173151027,43404.20435622667,111.28494750899411,13,1378.0
MIX|Wcav|SUB:SPN-S000000171725,R2,81660.63926841282,23137.035173151027,43404.20435622667,113.98571562768538,13,1378.0
MIX|Wcav|SUB:SPN-S000000171730,R0,55417.506089822135,11202.382235229952,17680.077506881895,55.94634062437486,7,475.7
MIX|Wcav|SUB:SPN-S000000171730,R1,25593.801978306394,11202.382235229952,17680.077506881895,49.482912806431166,7,475.7
MIX|Wcav|SUB:SPN-S000000171730,R2,25593.801978306394,11202.382235229952,17680.077506881895,49.482912806431166,7,475.7
MIX|Wcav|SUB:SPN-S000000171731,R0,248997.24829469394,40811.260642127265,70236.03797508107,231.87575899395347,25,2118.5
MIX|Wcav|SUB:SPN-S000000171731,R1,143634.23808905247,40811.260642127265,70236.03797508107,192.98759597023744,25,2118.5
MIX|Wcav|SUB:SPN-S000000171731,R2,143634.23808905247,40811.260642127265,70236.03797508107,192.98759597023744,25,2118.5
MIX|Wcav|SUB:SPN-S000000171732,R0,138687.4345305358,26127.181490592695,42566.909958763776,122.07867995253882,16,1183.9
MIX|Wcav|SUB:SPN-S000000171732,R1,78378.15571013177,26127.181490592695,42566.909958763776,104.5436182963382,16,1183.9
MIX|Wcav|SUB:SPN-S000000171732,R2,75468.28559654308,26127.181490592695,42566.909958763776,103.71669144888955,16,1183.9
MIX|Wcav|SUB:SPN-S000000171733,R0,256711.15043667977,34953.948534701485,62764.553666195585,235.82678080609963,20,1917.3
MIX|Wcav|SUB:SPN-S000000171733,R1,143450.138995972,34953.948534701485,62764.553666195585,203.22271106767553,20,1917.3
MIX|Wcav|SUB:SPN-S000000171733,R2,143450.138995972,34953.948534701485,62764.553666195585,203.22271106767553,20,1917.3
MIX|Wcav|SUB:SPN-S000000171734,R0,274905.4410656881,37035.962165681696,65384.10449588789,228.69607318468235,21,1915.7
MIX|Wcav|SUB:SPN-S000000171734,R1,149383.26596571182,37035.962165681696,65384.10449588789,191.5630937757251,21,1915.7
MIX|Wcav|SUB:SPN-S000000171734,R2,142578.53396380434,37035.962165681696,65384.10449588789,188.70170596856696,21,1915.7
MIX|Wcav|SUB:SPN-S000000171740,R0,125382.01418449808,27120.2341618165,44489.67299734452,133.00635906045122,17,1244.2
MIX|Wcav|SUB:SPN-S000000171740,R1,83109.81412752907,27120.2341618165,44489.67299734452,117.47731452677148,17,1244.2
MIX|Wcav|SUB:SPN-S000000171740,R2,80701.39080369406,27120.2341618165,44489.67299734452,116.41817103791966,17,1244.2
MIX|Wcav|SUB:SPN-S000000171741,R0,124370.56996460061,25781.848335679802,44230.02604573521,154.44018370333234,15,1280.1999999999998
MIX|Wcav|SUB:SPN-S000000171741,R1,87890.60811955653,25781.848335679802,44230.02604573521,140.67987255345798,15,1280.1999999999998
MIX|Wcav|SUB:SPN-S000000171741,R2,84980.73800596784,25781.848335679802,44230.02604573521,139.8529457060093,15,1280.1999999999998
MIX|Wcav|SUB:SPN-S000000171742,R0,239869.21596462512,56725.19910982416,95417.30924912813,287.14848176228213,34,2714.4999999999995
MIX|Wcav|SUB:SPN-S000000171742,R1,160778.91585552364,56725.19910982416,95417.30924912813,253.47867939148614,34,2714.4999999999995
MIX|Wcav|SUB:SPN-S000000171742,R2,154484.65347641497,56725.19910982416,95417.30924912813,250.6617782694053,34,2714.4999999999995
MIX|Wcav|SUB:SPN-S000000171743,R0,161637.01712903846,38546.12651406157,63817.482839378965,173.91031640808222,23,1782.9
MIX|Wcav|SUB:SPN-S000000171743,R1,112961.2845405683,38546.12651406157,63817.482839378965,153.3695294416882,23,1782.9
MIX|Wcav|SUB:SPN-S000000171743,R2,112961.2845405683,38546.12651406157,63817.482839378965,153.3695294416882,23,1782.9
MIX|Wcav|SUB:SPN-S000000171744,R0,400127.6814375059,66847.98208778005,114344.52325098852,375.89752969976314,41,3410.5
MIX|Wcav|SUB:SPN-S000000171744,R1,238631.3727741201,66847.98208778005,114344.52325098852,318.58326306688,41,3410.5
MIX|Wcav|SUB:SPN-S000000171744,R2,229036.53408233816,66847.98208778005,114344.52325098852,315.1084071279426,41,3410.5
MIX|Wcav|SUB:SPN-S000000171745,R0,337244.9483835031,48730.36187562194,89340.47464611512,305.15603298574973,28,2810.7
MIX|Wcav|SUB:SPN-S000000171745,R1,197991.5076153191,48730.36187562194,89340.47464611512,242.9017189619565,28,2810.7
MIX|Wcav|SUB:SPN-S000000171745,R2,193049.3015733719,48730.36187562194,89340.47464611512,240.89576890309834,28,2810.7
MIX|Wcav|SUB:SPN-S000000171746,R0,236498.03488099793,42417.0637863592,75365.15369779493,241.24405721822734,25,2297.9
MIX|Wcav|SUB:SPN-S000000171746,R1,149070.69906235195,42417.0637863592,75365.15369779493,208.00247368143556,25,2297.9
MIX|Wcav|SUB:SPN-S000000171746,R2,140419.96565786542,42417.0637863592,75365.15369779493,207.77393906482973,25,2297.9
MIX|Wcav|SUB:SPN-S000000171749,R0,94905.87780559658,12284.797590996022,23086.72737776411,78.24887781215317,7,736.5
MIX|Wcav|SUB:SPN-S000000171749,R1,54784.239368853756,12284.797590996022,23086.72737776411,65.92432331933217,7,736.5
MIX|Wcav|SUB:SPN-S000000171749,R2,54784.239368853756,12284.797590996022,23086.72737776411,65.92432331933217,7,736.5
MIX|Wcav|SUB:SPN-S000000171773,R0,262915.2169911589,37560.899789178184,66213.06091984473,226.50991364522895,22,1995.1
MIX|Wcav|SUB:SPN-S000000171773,R1,153313.4173212699,37560.899789178184,66213.06091984473,196.03085171662516,22,1995.1
MIX|Wcav|SUB:SPN-S000000171773,R2,150577.53544029078,37560.899789178184,66213.06091984473,195.683972013085,22,1995.1
MIX|Wcav|SUB:SPN-S000000171774,R0,296317.0438157368,57471.89391408457,98108.64456186915,301.21623967859654,35,2917.2999999999997
MIX|Wcav|SUB:SPN-S000000171774,R1,174775.07944656105,57471.89391408457,98108.64456186915,242.48063394929605,35,2917.2999999999997
MIX|Wcav|SUB:SPN-S000000171774,R2,173772.80099856053,57471.89391408457,98108.64456186915,241.90192811373475,35,2917.2999999999997
MIX|Wcav|SUB:SPN-S000000171775,R0,266779.12283718196,31173.968557328335,59631.51761113593,219.06332757463846,17,1918.6000000000001
MIX|Wcav|SUB:SPN-S000000171775,R1,134519.25580064123,31173.968557328335,59631.51761113593,168.18973924592393,17,1918.6000000000001
MIX|Wcav|SUB:SPN-S000000171775,R2,134519.25580064123,31173.968557328335,59631.51761113593,168.18973924592393,17,1918.6000000000001
MIX|Wcav|SUB:SPN-S000000171780,R0,106443.68450967758,15429.620529524522,27422.198124000526,97.8530330310492,9,836.1999999999999
MIX|Wcav|SUB:SPN-S000000171780,R1,59511.013426044185,15429.620529524522,27422.198124000526,79.43079037670294,9,836.1999999999999
MIX|Wcav|SUB:SPN-S000000171780,R2,52696.18450618518,15429.620529524522,27422.198124000526,77.23721727323831,9,836.1999999999999
MIX|Wcav|SUB:SPN-S000000171781,R0,127828.72558076057,19802.225634607268,36287.716866962335,119.69934510166964,11,1117.1
MIX|Wcav|SUB:SPN-S000000171781,R1,88041.83265633004,19802.225634607268,36287.716866962335,103.47435063113981,11,1117.1
MIX|Wcav|SUB:SPN-S000000171781,R2,78791.68555511291,19802.225634607268,36287.716866962335,101.55647225654343,11,1117.1
MIX|Wcav|SUB:SPN-S000000171789,R0,119116.11480822315,24637.170679932784,42741.79280980886,139.68513839846045,14,1233.3
MIX|Wcav|SUB:SPN-S000000171789,R1,80070.5210618359,24637.170679932784,42741.79280980886,132.19656213265114,14,1233.3
MIX|Wcav|SUB:SPN-S000000171789,R2,80070.5210618359,24637.170679932784,42741.79280980886,132.19656213265114,14,1233.3
MIX|Wcav|SUB:SPN-S000000171790,R0,287047.2429935146,33825.06918764535,64026.218020895205,243.2950210251373,19,2071.0
MIX|Wcav|SUB:SPN-S000000171790,R1,164849.775704107,33825.06918764535,64026.218020895205,198.69520102121214,19,2071.0
MIX|Wcav|SUB:SPN-S000000171790,R2,143021.53547637444,33825.06918764535,64026.218020895205,192.75628329758004,19,2071.0
MIX|Wcav|SUB:SPN-S000000171791,R0,1804.1315585262646,1142.9659569970038,1101.0366484360334,3.06,1,20.4
MIX|Wcav|SUB:SPN-S000000171791,R1,1020.2871853277261,1142.9659569970038,1101.0366484360334,3.06,1,20.4
MIX|Wcav|SUB:SPN-S000000171791,R2,1020.2871853277261,1142.9659569970038,1101.0366484360334,3.06,1,20.4
MIX|Wcav|SUB:SPN-S000000171792,R0,14943.613815008473,5775.175742391008,8828.68063588815,23.44931899946676,4,212.0
MIX|Wcav|SUB:SPN-S000000171792,R1,10573.567636496886,5775.175742391008,8828.68063588815,21.607982570464955,4,212.0
MIX|Wcav|SUB:SPN-S000000171792,R2,10573.567636496886,5775.175742391008,8828.68063588815,21.607982570464955,4,212.0
MIX|Wcav|SUB:SPN-S000000171794,R0,44703.88452567317,8690.640948445161,14655.264176573599,52.045351203575585,5,409.0
MIX|Wcav|SUB:SPN-S000000171794,R1,22196.647804920445,8690.640948445161,14655.264176573599,48.194450870337604,5,409.0
MIX|Wcav|SUB:SPN-S000000171794,R2,22196.647804920445,8690.640948445161,14655.264176573599,48.194450870337604,5,409.0
MIX|Wcav|SUB:SPN-S000000171795,R0,201761.8629414253,30147.401698029276,55733.68692646084,188.56287365324798,17,1753.1
MIX|Wcav|SUB:SPN-S000000171795,R1,128516.35481543036,30147.401698029276,55733.68692646084,157.1813046965396,17,1753.1
MIX|Wcav|SUB:SPN-S000000171795,R2,117597.36685974074,30147.401698029276,55733.68692646084,152.65359553346167,17,1753.1
MIX|Wcav|SUB:SPN-S000000171796,R0,84007.70031532209,18114.93051316287,30107.079990482554,88.0145013208279,12,955.0
MIX|Wcav|SUB:SPN-S000000171796,R1,64202.93906814835,18114.93051316287,30107.079990482554,79.58721527062642,12,955.0
MIX|Wcav|SUB:SPN-S000000171796,R2,57942.858641642815,18114.93051316287,30107.079990482554,78.39864297595494,12,955.0
MIX|Wcav|SUB:SPN-S000000171797,R0,323238.7941896477,75978.68221998484,130954.14616753624,379.8008561148482,45,3844.2999999999997
MIX|Wcav|SUB:SPN-S000000171797,R1,215443.4722870791,75978.68221998484,130954.14616753624,315.9925517835205,45,3844.2999999999997
MIX|Wcav|SUB:SPN-S000000171797,R2,204005.43652196776,75978.68221998484,130954.14616753624,312.6768903187387,45,3844.2999999999997
MIX|Wcav|SUB:SPN-S000000171798,R0,182643.6100343927,37727.34440241868,67890.02941797313,218.273826464207,22,2080.1
MIX|Wcav|SUB:SPN-S000000171798,R1,114680.02084956851,37727.34440241868,67890.02941797313,192.32063200650694,22,2080.1
MIX|Wcav|SUB:SPN-S000000171798,R2,113629.08810797575,37727.34440241868,67890.02941797313,191.01644809257252,22,2080.1
MIX|Wcav|SUB:SPN-S000000171802,R0,70618.18501230159,18356.37647098267,31850.7524086099,105.82422330025467,11,826.0
MIX|Wcav|SUB:SPN-S000000171802,R1,63646.75526466443,18356.37647098267,31850.7524086099,103.6137883839965,11,826.0
MIX|Wcav|SUB:SPN-S000000171802,R2,38953.819756426055,18356.37647098267,31850.7524086099,103.6137883839965,11,826.0
MIX|Wcav|SUB:SPN-S000000171804,R0,127472.70887600376,33915.43600147665,60578.42997072587,201.82019727599757,21,1777.0
MIX|Wcav|SUB:SPN-S000000171804,R1,91347.66383903887,33915.43600147665,60578.42997072587,184.90880366869257,21,1777.0
MIX|Wcav|SUB:SPN-S000000171804,R2,85560.21450080848,33915.43600147665,60578.42997072587,184.1430679768231,21,1777.0
MIX|Wcav|SUB:SPN-S000000171806,R0,197456.87859676738,38625.478634986925,69388.32619375865,229.46767885791667,23,2164.7000000000003
MIX|Wcav|SUB:SPN-S000000171806,R1,131907.64649949188,38625.478634986925,69388.32619375865,200.0859692341165,23,2164.7000000000003
MIX|Wcav|SUB:SPN-S000000171806,R2,121615.38163356486,38625.478634986925,69388.32619375865,198.43694418887605,23,2164.7000000000003
MIX|Wcav|SUB:SPN-S000000171807,R0,266392.10672406654,50626.96188570928,90751.2891015285,323.0604166891342,31,2900.3
MIX|Wcav|SUB:SPN-S000000171807,R1,170762.47321700663,50626.96188570928,90751.2891015285,284.5675135281893,31,2900.3
MIX|Wcav|SUB:SPN-S000000171807,R2,151907.30292445558,50626.96188570928,90751.2891015285,276.38346385977945,31,2900.3
MIX|Wcav|SUB:SPN-S000000171808,R0,278160.9957244155,37620.62812597364,71115.93943795585,271.5623097733499,22,2424.6000000000004
MIX|Wcav|SUB:SPN-S000000171808,R1,151994.47523313086,37620.62812597364,71115.93943795585,224.53042772102447,22,2424.6000000000004
MIX|Wcav|SUB:SPN-S000000171808,R2,151312.6136087813,37620.62812597364,71115.93943795585,224.53042772102447,22,2424.6000000000004
MIX|Wcav|SUB:SPN-S000000171810,R0,369778.8911363249,51079.41257767775,101482.8483600716,388.1594259146187,29,3743.0
MIX|Wcav|SUB:SPN-S000000171810,R1,242688.10934653966,51079.41257767775,101482.8483600716,331.6647326693068,29,3743.0
MIX|Wcav|SUB:SPN-S000000171810,R2,236107.49830334043,51079.41257767775,101482.8483600716,330.5894403527428,29,3743.0
MIX|Wcav|SUB:SPN-S000000171811,R0,418709.0741700942,36827.34101663354,90420.30436631542,456.36213661980895,19,3943.8
MIX|Wcav|SUB:SPN-S000000171811,R1,252958.0088607686,36827.34101663354,90420.30436631542,402.65176140332693,19,3943.8
MIX|Wcav|SUB:SPN-S000000171811,R2,243859.85918606195,36827.34101663354,90420.30436631542,401.1650954423793,19,3943.8
MIX|Wcav|SUB:SPN-S000000171812,R0,301879.48771065497,43744.467575480114,83008.90841091788,315.1250690175251,27,2916.1
MIX|Wcav|SUB:SPN-S000000171812,R1,197814.34208132286,43744.467575480114,83008.90841091788,287.9991695413138,27,2916.1
MIX|Wcav|SUB:SPN-S000000171812,R2,189380.34828763898,43744.467575480114,83008.90841091788,285.4799864435955,27,2916.1
MIX|Wcav|SUB:SPN-S000000171813,R0,182746.05448813736,29359.27624018505,55980.658631071936,210.4125793340126,18,2034.1
MIX|Wcav|SUB:SPN-S000000171813,R1,137069.19590469752,29359.27624018505,55980.658631071936,191.74430737865507,18,2034.1
MIX|Wcav|SUB:SPN-S000000171813,R2,126285.32250284111,29359.27624018505,55980.658631071936,188.3456791234578,18,2034.1
MIX|Wcav|SUB:SPN-S000000171814,R0,255489.44854573943,35855.65433425928,72057.18984522292,278.87028226818006,21,2551.5999999999995
MIX|Wcav|SUB:SPN-S000000171814,R1,157527.74133829377,35855.65433425928,72057.18984522292,241.46617579636293,21,2551.5999999999995
MIX|Wcav|SUB:SPN-S000000171814,R2,155510.86295586365,35855.65433425928,72057.18984522292,241.18269981265888,21,2551.5999999999995
MIX|Wcav|SUB:SPN-S000000171815,R0,280473.52052552334,52789.55899135518,91917.24557294842,262.2349411634896,32,2793.8
MIX|Wcav|SUB:SPN-S000000171815,R1,186548.428522804,52789.55899135518,91917.24557294842,233.34311460278073,32,2793.8
MIX|Wcav|SUB:SPN-S000000171815,R2,168657.31096633067,52789.55899135518,91917.24557294842,225.16205444292544,32,2793.8
MIX|Wcav|SUB:SPN-S000000171816,R0,256362.9748081389,17136.657836921713,41433.23713628038,232.63731476832106,9,1859.7
MIX|Wcav|SUB:SPN-S000000171816,R1,117210.49543643818,17136.657836921713,41433.23713628038,193.66515446887695,9,1859.7
MIX|Wcav|SUB:SPN-S000000171816,R2,107379.00175794584,17136.657836921713,41433.23713628038,191.48418859293747,9,1859.7
MIX|Wcav|SUB:SPN-S000000171817,R0,267045.9533172352,19324.334844116478,49416.20493616347,264.86932395189314,10,2314.8999999999996
MIX|Wcav|SUB:SPN-S000000171817,R1,156306.27982672962,19324.334844116478,49416.20493616347,228.42830713769231,10,2314.8999999999996
MIX|Wcav|SUB:SPN-S000000171817,R2,156306.27982672962,19324.334844116478,49416.20493616347,228.42830713769231,10,2314.8999999999996
MIX|Wcav|SUB:SPN-S000000171821,R0,296561.8552065953,16094.645709645489,48034.44082117856,308.88242611222927,8,2605.9
MIX|Wcav|SUB:SPN-S000000171821,R1,172145.76959695667,16094.645709645489,48034.44082117856,276.75757153345495,8,2605.9
MIX|Wcav|SUB:SPN-S000000171821,R2,172145.76959695667,16094.645709645489,48034.44082117856,276.75757153345495,8,2605.9
MIX|Wcav|SUB:SPN-S000000171822,R0,30787.50121644784,5096.295428129804,9442.72240047998,33.973195393049174,3,294.6
MIX|Wcav|SUB:SPN-S000000171822,R1,22398.401196740502,5096.295428129804,9442.72240047998,31.6527452980429,3,294.6
MIX|Wcav|SUB:SPN-S000000171822,R2,21004.956273664528,5096.295428129804,9442.72240047998,30.848423634814313,3,294.6
MIX|Wcav|SUB:SPN-S000000171825,R0,10562.038656696923,1601.2381312804084,2505.6367814461655,8.90340048828125,1,66.5
MIX|Wcav|SUB:SPN-S000000171825,R1,6221.028177500853,1601.2381312804084,2505.6367814461655,8.082142578125,1,66.5
MIX|Wcav|SUB:SPN-S000000171825,R2,6221.028177500853,1601.2381312804084,2505.6367814461655,8.082142578125,1,66.5
MIX|Wcav|SUB:SPN-S000000171826,R0,21883.50706801292,1942.389725525954,4690.728848973982,26.259486458333328,1,194.7
MIX|Wcav|SUB:SPN-S000000171826,R1,14020.747276753063,1942.389725525954,4690.728848973982,23.47651533151455,1,194.7
MIX|Wcav|SUB:SPN-S000000171826,R2,14020.747276753063,1942.389725525954,4690.728848973982,23.47651533151455,1,194.7
MIX|Wcav|SUB:SPN-S000000171827,R0,31235.646554239866,2031.8105863305548,6429.13814677729,42.28563748397435,1,363.4
MIX|Wcav|SUB:SPN-S000000171827,R1,21216.14761406715,2031.8105863305548,6429.13814677729,40.67780950846353,1,363.4
MIX|Wcav|SUB:SPN-S000000171827,R2,21216.14761406715,2031.8105863305548,6429.13814677729,40.67780950846353,1,363.4
MIX|Wcav|SUB:SPN-S000000171828,R0,424674.6924274878,60354.44510189383,106237.46740618278,355.13969464340965,37,3285.2999999999997
MIX|Wcav|SUB:SPN-S000000171828,R1,226332.20426473737,60354.44510189383,106237.46740618278,287.00909761003027,37,3285.2999999999997
MIX|Wcav|SUB:SPN-S000000171828,R2,221274.30624644167,60354.44510189383,106237.46740618278,283.14877297714537,37,3285.2999999999997
MIX|Wcav|SUB:SPN-S000000171829,R0,187728.64335165484,31948.251216930472,58036.85811205128,191.40861351455274,18,1776.8999999999999
MIX|Wcav|SUB:SPN-S000000171829,R1,115982.62856889896,31948.251216930472,58036.85811205128,168.40648020149615,18,1776.8999999999999
MIX|Wcav|SUB:SPN-S000000171829,R2,113867.36587513077,31948.251216930472,58036.85811205128,167.83158537295927,18,1776.8999999999999
MIX|Wcav|SUB:SPN-S000000171830,R0,153632.2073639497,26530.446269072385,46313.63602741006,139.82614966597063,16,1356.8
MIX|Wcav|SUB:SPN-S000000171830,R1,81569.92680117596,26530.446269072385,46313.63602741006,109.9042545991514,16,1356.8
MIX|Wcav|SUB:SPN-S000000171830,R2,77797.13230344081,26530.446269072385,46313.63602741006,109.9042545991514,16,1356.8
MIX|Wcav|SUB:SPN-S000000171831,R0,173021.18311929103,25280.414162200996,47496.44255783802,162.8437687681904,14,1511.7
MIX|Wcav|SUB:SPN-S000000171831,R1,100530.48313933806,25280.414162200996,47496.44255783802,133.02220425979,14,1511.7
MIX|Wcav|SUB:SPN-S000000171831,R2,100530.48313933806,25280.414162200996,47496.44255783802,133.02220425979,14,1511.7
MIX|Wcav|SUB:SPN-S000000171832,R0,149406.99400404218,27104.592642133106,46828.90463365171,142.3973380516359,16,1340.1
MIX|Wcav|SUB:SPN-S000000171832,R1,90402.4156000608,27104.592642133106,46828.90463365171,124.67679876694827,16,1340.1
MIX|Wcav|SUB:SPN-S000000171832,R2,85344.51758176509,27104.592642133106,46828.90463365171,125.89222475797835,16,1340.1
MIX|Wcav|SUB:SPN-S000000171833,R0,180890.20920026826,34372.86348626224,57097.35439239365,183.32692960670252,21,1619.3
MIX|Wcav|SUB:SPN-S000000171833,R1,107776.46176812626,34372.86348626224,57097.35439239365,162.37103159064273,21,1619.3
MIX|Wcav|SUB:SPN-S000000171833,R2,99632.99484581372,34372.86348626224,57097.35439239365,158.5057859729473,21,1619.3
MIX|Wcav|SUB:SPN-S000000171834,R0,305306.8633716479,50432.64482442285,91497.0551140808,302.0340576344079,30,2881.3999999999996
MIX|Wcav|SUB:SPN-S000000171834,R1,184601.87089477532,50432.64482442285,91497.0551140808,254.7180434045722,30,2881.3999999999996
MIX|Wcav|SUB:SPN-S000000171834,R2,184601.87089477532,50432.64482442285,91497.0551140808,254.7180434045722,30,2881.3999999999996
MIX|Wcav|SUB:SPN-S000000171836,R0,245184.07281091652,31291.788782887168,64910.474179594625,264.80977620009986,18,2385.7999999999997
MIX|Wcav|SUB:SPN-S000000171836,R1,141955.36551866902,31291.788782887168,64910.474179594625,235.97394662081948,18,2385.7999999999997
MIX|Wcav|SUB:SPN-S000000171836,R2,137049.2746814221,31291.788782887168,64910.474179594625,231.9411975935673,18,2385.7999999999997
MIX|Wcav|SUB:SPN-S000000171837,R0,377416.56428037456,25365.650827781654,62931.493977356,324.48418787970644,13,2803.3
MIX|Wcav|SUB:SPN-S000000171837,R1,221161.84728599456,25365.650827781654,62931.493977356,259.9381297547736,13,2803.3
MIX|Wcav|SUB:SPN-S000000171837,R2,207659.33850846643,25365.650827781654,62931.493977356,250.33481301838367,13,2803.3
MIX|Wcav|SUB:SPN-S000000171838,R0,211847.87575574155,32874.330968779504,63477.380087180805,246.2627649017469,20,2206.5
MIX|Wcav|SUB:SPN-S000000171838,R1,143637.83292398872,32874.330968779504,63477.380087180805,221.93021252079166,20,2206.5
MIX|Wcav|SUB:SPN-S000000171838,R2,142690.8028901699,32874.330968779504,63477.380087180805,221.93021252079166,20,2206.5
MIX|Wcav|SUB:SPN-S000000171839,R0,157534.29261521355,22087.859379728456,45419.558685292686,171.13322524964042,12,1634.1
MIX|Wcav|SUB:SPN-S000000171839,R1,105563.54717874882,22087.859379728456,45419.558685292686,149.67182928227535,12,1634.1
MIX|Wcav|SUB:SPN-S000000171839,R2,100422.27721509658,22087.859379728456,45419.558685292686,147.77364868602967,12,1634.1
MIX|Wcav|SUB:SPN-S000000171840,R0,300695.53789633897,42192.92880060015,80321.87100852246,269.8604222119748,24,2557.8
MIX|Wcav|SUB:SPN-S000000171840,R1,172765.636691926,42192.92880060015,80321.87100852246,221.49275862915212,24,2557.8
MIX|Wcav|SUB:SPN-S000000171840,R2,172765.636691926,42192.92880060015,80321.87100852246,221.49275862915212,24,2557.8
MIX|Wcav|SUB:SPN-S000000171845,R0,271589.5632831674,25265.118104525005,64119.37326136528,302.0843037461899,13,2909.3
MIX|Wcav|SUB:SPN-S000000171845,R1,188869.18707033643,25265.118104525005,64119.37326136528,275.01874864033505,13,2909.3
MIX|Wcav|SUB:SPN-S000000171845,R2,181636.73391120252,25265.118104525005,64119.37326136528,273.836943294164,13,2909.3
MIX|Wcav|SUB:SPN-S000000171846,R0,76177.96715736657,21234.35091633276,34560.953300859706,96.07861482597964,13,961.2
MIX|Wcav|SUB:SPN-S000000171846,R1,47899.80800558161,21234.35091633276,34560.953300859706,90.53554160440427,13,961.2
MIX|Wcav|SUB:SPN-S000000171846,R2,47899.80800558161,21234.35091633276,34560.953300859706,90.53554160440427,13,961.2
MIX|Wcav|SUB:SPN-S000000171847,R0,152285.40374848462,18446.872805632585,36276.20981781592,138.5244780103823,10,1172.9
MIX|Wcav|SUB:SPN-S000000171847,R1,86051.74224301768,18446.872805632585,36276.20981781592,112.56143370272778,10,1172.9
MIX|Wcav|SUB:SPN-S000000171847,R2,83272.65263405554,18446.872805632585,36276.20981781592,109.8609151752918,10,1172.9
MIX|Wcav|SUB:SPN-S000000171848,R0,152131.86626484012,18137.080913153135,37516.03064002722,168.5409620457046,10,1364.0
MIX|Wcav|SUB:SPN-S000000171848,R1,90202.59968473093,18137.080913153135,37516.03064002722,137.14371591839802,10,1364.0
MIX|Wcav|SUB:SPN-S000000171848,R2,90202.59968473093,18137.080913153135,37516.03064002722,137.14371591839802,10,1364.0
MIX|Wcav|SUB:SPN-S000000171849,R0,94608.16705249838,20018.522918243183,33655.63084143441,106.34025094133487,12,966.2
MIX|Wcav|SUB:SPN-S000000171849,R1,65948.18828810868,20018.522918243183,33655.63084143441,99.97886414470226,12,966.2
MIX|Wcav|SUB:SPN-S000000171849,R2,60323.749054509666,20018.522918243183,33655.63084143441,98.75912801451896,12,966.2
MIX|Wcav|SUB:SPN-S000000171850,R0,209711.3337885991,28289.96485465782,59593.2786381669,228.83284140634535,15,2161.7
MIX|Wcav|SUB:SPN-S000000171850,R1,144218.56706726595,28289.96485465782,59593.2786381669,207.69986452188496,15,2161.7
MIX|Wcav|SUB:SPN-S000000171850,R2,139677.57511018068,28289.96485465782,59593.2786381669,204.10165429745643,15,2161.7
MIX|Wcav|SUB:SPN-S000000171851,R0,277612.68760927353,28306.216372266405,54530.80234303618,207.20866810526624,16,1828.6
MIX|Wcav|SUB:SPN-S000000171851,R1,142026.27434794704,28306.216372266405,54530.80234303618,171.06280689714217,16,1828.6
MIX|Wcav|SUB:SPN-S000000171851,R2,142026.27434794704,28306.216372266405,54530.80234303618,171.06280689714217,16,1828.6
MIX|Wcav|SUB:SPN-S000000171852,R0,220992.86311941352,30131.95863320273,63650.704462804,257.60696990038247,16,2318.6000000000004
MIX|Wcav|SUB:SPN-S000000171852,R1,154464.03449999754,30131.95863320273,63650.704462804,227.78563345436254,16,2318.6000000000004
MIX|Wcav|SUB:SPN-S000000171852,R2,154464.03449999754,30131.95863320273,63650.704462804,227.78563345436254,16,2318.6000000000004
MIX|Wcav|SUB:SPN-S000000171853,R0,180273.8401151097,25823.35619254244,49378.33487990832,167.68193712669517,14,1598.8
MIX|Wcav|SUB:SPN-S000000171853,R1,113259.34240077942,25823.35619254244,49378.33487990832,139.80658982572035,14,1598.8
MIX|Wcav|SUB:SPN-S000000171853,R2,109936.30596441918,25823.35619254244,49378.33487990832,137.42197036984112,14,1598.8
MIX|Wcav|SUB:SPN-S000000171854,R0,164715.61675302993,19032.175378223365,40823.25649741973,182.58887348809756,10,1504.8
MIX|Wcav|SUB:SPN-S000000171854,R1,103586.80345809925,19032.175378223365,40823.25649741973,157.48416733113305,10,1504.8
MIX|Wcav|SUB:SPN-S000000171854,R2,103586.80345809925,19032.175378223365,40823.25649741973,157.48416733113305,10,1504.8
MIX|Wcav|SUB:SPN-S000000171855,R0,87910.09310895795,12172.020533397124,23141.145544344123,85.07752287560679,7,757.4
MIX|Wcav|SUB:SPN-S000000171855,R1,59631.2331093605,12172.020533397124,23141.145544344123,72.61306176129862,7,757.4
MIX|Wcav|SUB:SPN-S000000171855,R2,55201.454495878235,12172.020533397124,23141.145544344123,70.65957294513376,7,757.4
MIX|Wcav|SUB:SPN-S000000171856,R0,270923.67976389336,37836.24044764773,70284.4402009579,259.6878179879362,22,2298.6
MIX|Wcav|SUB:SPN-S000000171856,R1,169520.05976808813,37836.24044764773,70284.4402009579,215.4922569952309,22,2298.6
MIX|Wcav|SUB:SPN-S000000171856,R2,164165.89647791162,37836.24044764773,70284.4402009579,212.86512545797981,22,2298.6
MIX|Wcav|SUB:SPN-S000000171857,R0,185048.25757959523,23793.997647923814,47439.503624661986,187.71281965701255,13,1621.1999999999998
MIX|Wcav|SUB:SPN-S000000171857,R1,120995.38060080365,23793.997647923814,47439.503624661986,156.1243293279548,13,1621.1999999999998
MIX|Wcav|SUB:SPN-S000000171857,R2,116326.55166083836,23793.997647923814,47439.503624661986,154.40057613785063,13,1621.1999999999998
MIX|Wcav|SUB:SPN-S000000171858,R0,247297.12662030547,20668.93722306656,47749.84083678862,226.82684284903956,11,2016.3999999999999
MIX|Wcav|SUB:SPN-S000000171858,R1,134542.35012436457,20668.93722306656,47749.84083678862,188.86304918987952,11,2016.3999999999999
MIX|Wcav|SUB:SPN-S000000171858,R2,127169.14084944753,20668.93722306656,47749.84083678862,191.30356469035303,11,2016.3999999999999
MIX|Wcav|SUB:SPN-S000000171859,R0,154243.17161745246,36689.378415595966,62096.05079106778,180.73773138120407,22,1803.9999999999998
MIX|Wcav|SUB:SPN-S000000171859,R1,101691.05519269766,36689.378415595966,62096.05079106778,163.81375745793363,22,1803.9999999999998
MIX|Wcav|SUB:SPN-S000000171859,R2,101691.05519269766,36689.378415595966,62096.05079106778,163.81375745793363,22,1803.9999999999998
MIX|Wcav|SUB:SPN-S000000171860,R0,217820.90968969854,36372.76840478841,68637.96186703473,251.45842374028533,20,2184.1
MIX|Wcav|SUB:SPN-S000000171860,R1,137451.90240486935,36372.76840478841,68637.96186703473,222.00828812308535,20,2184.1
MIX|Wcav|SUB:SPN-S000000171860,R2,136301.71490434842,36372.76840478841,68637.96186703473,220.58093128394597,20,2184.1
MIX|Wcav|SUB:SPN-S000000171861,R0,310331.9611586204,33540.053389354594,71234.1714314295,299.9893912937853,19,2706.6000000000004
MIX|Wcav|SUB:SPN-S000000171861,R1,179058.79445040657,33540.053389354594,71234.1714314295,245.31141935513844,19,2706.6000000000004
MIX|Wcav|SUB:SPN-S000000171861,R2,177649.2080187591,33540.053389354594,71234.1714314295,244.73639612132484,19,2706.6000000000004
MIX|Wcav|SUB:SPN-S000000171862,R0,113206.2129502498,11628.749119775906,28327.363524038894,132.47136591514638,6,1190.6999999999998
MIX|Wcav|SUB:SPN-S000000171862,R1,73500.14013276393,11628.749119775906,28327.363524038894,113.1997649675178,6,1190.6999999999998
MIX|Wcav|SUB:SPN-S000000171862,R2,66638.2916817725,11628.749119775906,28327.363524038894,109.01080345013015,6,1190.6999999999998
MIX|Wcav|SUB:SPN-S000000171863,R0,349456.8452718139,42264.54226203262,82135.17812318508,323.50036557186286,24,2811.6000000000004
MIX|Wcav|SUB:SPN-S000000171863,R1,183993.85782744584,42264.54226203262,82135.17812318508,235.5567071358262,24,2811.6000000000004
MIX|Wcav|SUB:SPN-S000000171863,R2,167601.43487638098,42264.54226203262,82135.17812318508,231.0509445143917,24,2811.6000000000004
MIX|Wcav|SUB:SPN-S000000171864,R0,341836.7445301564,44670.6506319795,85934.75142885529,326.3954775442167,25,2889.2000000000003
MIX|Wcav|SUB:SPN-S000000171864,R1,223811.17295035953,44670.6506319795,85934.75142885529,283.1206797325126,25,2889.2000000000003
MIX|Wcav|SUB:SPN-S000000171864,R2,192500.029835473,44670.6506319795,85934.75142885529,275.43728309580945,25,2889.2000000000003
MIX|Wcav|SUB:SPN-S000000171865,R0,435221.205079509,42029.154747615576,94140.0610725784,409.13105241627346,22,3710.2
MIX|Wcav|SUB:SPN-S000000171865,R1,278178.8856604517,42029.154747615576,94140.0610725784,351.07388430000117,22,3710.2
MIX|Wcav|SUB:SPN-S000000171865,R2,255767.94511653282,42029.154747615576,94140.0610725784,337.7931112521735,22,3710.2
MIX|Wcav|SUB:SPN-S000000171866,R0,98443.43277807646,7657.975621922699,16822.410529231987,82.1062467715748,4,638.6
MIX|Wcav|SUB:SPN-S000000171866,R1,49705.69084952457,7657.975621922699,16822.410529231987,64.96748275832901,4,638.6
MIX|Wcav|SUB:SPN-S000000171866,R2,46120.6089289957,7657.975621922699,16822.410529231987,63.23289149291661,4,638.6
MIX|Wcav|SUB:SPN-S000000171867,R0,117966.58008277594,11541.86147305681,26463.774313921254,115.05251562040104,6,1085.1000000000001
MIX|Wcav|SUB:SPN-S000000171867,R1,73864.68172032901,11541.86147305681,26463.774313921254,105.9992444692954,6,1085.1000000000001
MIX|Wcav|SUB:SPN-S000000171867,R2,63880.82067010387,11541.86147305681,26463.774313921254,99.92709567538573,6,1085.1000000000001
MIX|Wcav|SUB:SPN-S000000171868,R0,90494.0458141788,7929.55838227747,21810.775764109625,126.04395908193217,4,1081.8
MIX|Wcav|SUB:SPN-S000000171868,R1,77471.83820261422,7929.55838227747,21810.775764109625,123.17408482241939,4,1081.8
MIX|Wcav|SUB:SPN-S000000171868,R2,72703.9471072616,7929.55838227747,21810.775764109625,122.39499658465694,4,1081.8
MIX|Wcav|SUB:SPN-S000000171869,R0,220408.89187718008,22382.224007692446,48897.54813182717,229.23054474134526,13,2097.0
MIX|Wcav|SUB:SPN-S000000171869,R1,140956.54412992584,22382.224007692446,48897.54813182717,202.80970360371398,13,2097.0
MIX|Wcav|SUB:SPN-S000000171869,R2,138790.3634246519,22382.224007692446,48897.54813182717,200.93704955546957,13,2097.0
MIX|Wcav|SUB:SPN-S000000171870,R0,246742.1415616342,31736.87276478402,63452.33532191643,277.51229215037745,19,2380.8
MIX|Wcav|SUB:SPN-S000000171870,R1,155404.66829165746,31736.87276478402,63452.33532191643,238.95785639995566,19,2380.8
MIX|Wcav|SUB:SPN-S000000171870,R2,155404.66829165746,31736.87276478402,63452.33532191643,238.95785639995566,19,2380.8
MIX|Wcav|SUB:SPN-S000000171871,R0,191270.2708973566,17157.18451577586,36851.30635660841,161.25856156105837,9,1374.6000000000001
MIX|Wcav|SUB:SPN-S000000171871,R1,104959.76000185206,17157.18451577586,36851.30635660841,132.4800882132576,9,1374.6000000000001
MIX|Wcav|SUB:SPN-S000000171871,R2,99228.39648555158,17157.18451577586,36851.30635660841,129.8397225463975,9,1374.6000000000001
MIX|Wcav|SUB:SPN-S000000171872,R0,231849.63848366926,24240.914520285172,50859.6438576074,208.5463413990424,13,1817.0
MIX|Wcav|SUB:SPN-S000000171872,R1,135534.7625418245,24240.914520285172,50859.6438576074,170.3190008018707,13,1817.0
MIX|Wcav|SUB:SPN-S000000171872,R2,132591.10792876373,24240.914520285172,50859.6438576074,168.73600190997018,13,1817.0
MIX|Wcav|SUB:SPN-S000000171873,R0,277354.1178752279,47750.43563069442,86850.4067435632,285.65933079922496,27,2677.5
MIX|Wcav|SUB:SPN-S000000171873,R1,176647.58265242036,47750.43563069442,86850.4067435632,241.66633814590094,27,2677.5
MIX|Wcav|SUB:SPN-S000000171873,R2,161308.52447437472,47750.43563069442,86850.4067435632,236.97304493422877,27,2677.5
MIX|Wcav|SUB:SPN-S000000171874,R0,480624.76947629545,50475.27069134087,112815.82013860517,489.1772627456316,27,4587.599999999999
MIX|Wcav|SUB:SPN-S000000171874,R1,324255.0512458682,50475.27069134087,112815.82013860517,424.56176634527145,27,4587.599999999999
MIX|Wcav|SUB:SPN-S000000171874,R2,309741.1608659382,50475.27069134087,112815.82013860517,416.31814166598645,27,4587.599999999999
MIX|Wcav|SUB:SPN-S000000171875,R0,362885.02304517967,49414.38879211449,98588.86067860399,337.4871657158564,28,3370.4999999999995
MIX|Wcav|SUB:SPN-S000000171875,R1,238071.66220441693,49414.38879211449,98588.86067860399,285.07959170820095,28,3370.4999999999995
MIX|Wcav|SUB:SPN-S000000171875,R2,232196.41887294062,49414.38879211449,98588.86067860399,281.23740616787967,28,3370.4999999999995
MIX|Wcav|SUB:SPN-S000000171877,R0,298022.25808242743,13609.003048820088,36894.69014730296,228.73639532458088,7,1855.8
MIX|Wcav|SUB:SPN-S000000171877,R1,140193.69374583106,13609.003048820088,36894.69014730296,168.93399028504595,7,1855.8
MIX|Wcav|SUB:SPN-S000000171877,R2,133997.73865090424,13609.003048820088,36894.69014730296,163.87955597413287,7,1855.8
MIX|Wcav|SUB:SPN-S000000171878,R0,183465.521084289,15555.891795827492,37673.495286091464,197.08161271981402,8,1597.0
MIX|Wcav|SUB:SPN-S000000171878,R1,103283.05606368429,15555.891795827492,37673.495286091464,163.04972627645654,8,1597.0
MIX|Wcav|SUB:SPN-S000000171878,R2,103283.05606368429,15555.891795827492,37673.495286091464,163.04972627645654,8,1597.0
MIX|Wcav|SUB:SPN-S000000171879,R0,167809.24091113807,23385.927582189794,45180.685841591825,166.93102813008852,13,1486.8
MIX|Wcav|SUB:SPN-S000000171879,R1,102933.12914599155,23385.927582189794,45180.685841591825,142.6246949886111,13,1486.8
MIX|Wcav|SUB:SPN-S000000171879,R2,102933.12914599155,23385.927582189794,45180.685841591825,142.6246949886111,13,1486.8
MIX|Wcav|SUB:SPN-S000000171885,R0,113920.32648325182,26705.78565784084,43093.043722344686,153.33926626267368,17,1247.1
MIX|Wcav|SUB:SPN-S000000171885,R1,67208.91936790616,26705.78565784084,43093.043722344686,134.14085370459756,17,1247.1
MIX|Wcav|SUB:SPN-S000000171885,R2,67208.91936790616,26705.78565784084,43093.043722344686,134.14085370459756,17,1247.1
MIX|Wcav|SUB:SPN-S000000171886,R0,101020.28808766598,16576.265377184314,31266.189783160484,106.65067517066267,9,967.3
MIX|Wcav|SUB:SPN-S000000171886,R1,65254.153922216625,16576.265377184314,31266.189783160484,93.44804522816051,9,967.3
MIX|Wcav|SUB:SPN-S000000171886,R2,58900.76798803065,16576.265377184314,31266.189783160484,93.44804522816051,9,967.3
MIX|Wcav|SUB:SPN-S000000171887,R0,140301.84010449302,22388.06666418699,39290.21973883897,130.61174216253227,13,1177.1000000000001
MIX|Wcav|SUB:SPN-S000000171887,R1,84603.483871451,22388.06666418699,39290.21973883897,106.56055647500287,13,1177.1000000000001
MIX|Wcav|SUB:SPN-S000000171887,R2,82402.68133214202,22388.06666418699,39290.21973883897,105.80428734264109,13,1177.1000000000001
MIX|Wcav|SUB:SPN-S000000171888,R0,118198.18233291573,26714.875033689357,39949.06146843775,124.709844249541,18,1051.8
MIX|Wcav|SUB:SPN-S000000171888,R1,67264.70712577875,26714.875033689357,39949.06146843775,103.43841020182683,18,1051.8
MIX|Wcav|SUB:SPN-S000000171888,R2,62941.19124033803,26714.875033689357,39949.06146843775,103.3318003478104,18,1051.8
MIX|Wcav|SUB:SPN-S000000171891,R0,7987.904764246488,1665.8379146192415,2695.68736691896,10.478236535703502,1,73.0
MIX|Wcav|SUB:SPN-S000000171891,R1,7188.4947658597075,1665.8379146192415,2695.68736691896,9.907752700879376,1,73.0
MIX|Wcav|SUB:SPN-S000000171891,R2,4429.786736093799,1665.8379146192415,2695.68736691896,9.802727553215579,1,73.0
MIX|Wcav|SUB:SPN-S000000171923,R0,126015.71210009934,11558.220757584815,27686.399323912192,149.95658482785757,6,1150.0
MIX|Wcav|SUB:SPN-S000000171923,R1,80540.48951043398,11558.220757584815,27686.399323912192,132.37722481284993,6,1150.0
MIX|Wcav|SUB:SPN-S000000171923,R2,80540.48951043398,11558.220757584815,27686.399323912192,132.37722481284993,6,1150.0
MIX|Wcav|SUB:SPN-S000000171924,R0,469017.38499182346,42176.78649495627,94311.1925206882,444.16401807050704,23,3825.1000000000004
MIX|Wcav|SUB:SPN-S000000171924,R1,265342.7420113524,42176.78649495627,94311.1925206882,365.9942614477652,23,3825.1000000000004
MIX|Wcav|SUB:SPN-S000000171924,R2,257287.98110352823,42176.78649495627,94311.1925206882,363.711828506632,23,3825.1000000000004
MIX|Wcav|SUB:SPN-S000000171925,R0,175486.3737966456,11615.873030377337,29445.64749527812,155.39480588197358,6,1378.6
MIX|Wcav|SUB:SPN-S000000171925,R1,90075.84687060502,11615.873030377337,29445.64749527812,137.5979941855088,6,1378.6
MIX|Wcav|SUB:SPN-S000000171925,R2,80178.80181862312,11615.873030377337,29445.64749527812,133.588129161248,6,1378.6
MIX|Wcav|SUB:SPN-S000000171926,R0,337950.8167536468,19627.177439164774,52811.52163767662,318.28762936172245,10,2691.4
MIX|Wcav|SUB:SPN-S000000171926,R1,186708.8922607863,19627.177439164774,52811.52163767662,265.5085332801532,10,2691.4
MIX|Wcav|SUB:SPN-S000000171926,R2,181474.78830980457,19627.177439164774,52811.52163767662,259.6837114453646,10,2691.4
MIX|Wcav|SUB:SPN-S000000171927,R0,272546.7370685061,22197.256848820427,51367.78532728944,248.34355627654938,12,2181.1
MIX|Wcav|SUB:SPN-S000000171927,R1,143175.17709575256,22197.256848820427,51367.78532728944,213.35656575474127,12,2181.1
MIX|Wcav|SUB:SPN-S000000171927,R2,134631.24782080034,22197.256848820427,51367.78532728944,207.32953949882875,12,2181.1
MIX|Wcav|SUB:SPN-S000000171928,R0,191082.1582763792,13714.426822379153,35195.643145464805,197.92411847223548,7,1615.4
MIX|Wcav|SUB:SPN-S000000171928,R1,110017.51936409366,13714.426822379153,35195.643145464805,170.42672741556797,7,1615.4
MIX|Wcav|SUB:SPN-S000000171928,R2,110017.51936409366,13714.426822379153,35195.643145464805,170.42672741556797,7,1615.4
MIX|Wcav|SUB:SPN-S000000171929,R0,120122.5259581605,17933.28361006428,32635.569947478318,118.37942884398909,11,1070.0
MIX|Wcav|SUB:SPN-S000000171929,R1,81992.90247234693,17933.28361006428,32635.569947478318,103.69675151706763,11,1070.0
MIX|Wcav|SUB:SPN-S000000171929,R2,67910.95391038815,17933.28361006428,32635.569947478318,104.01117427139663,11,1070.0
MIX|Wcav|SUB:SPN-S000000171968,R0,158390.50339644536,9900.058770529358,27409.006577367898,150.27195303725745,5,1328.4
MIX|Wcav|SUB:SPN-S000000171968,R1,81465.99192473877,9900.058770529358,27409.006577367898,128.8131272822873,5,1328.4
MIX|Wcav|SUB:SPN-S000000171968,R2,75214.75693305422,9900.058770529358,27409.006577367898,123.65363963338693,5,1328.4
MIX|Wcav|SUB:SPN-S000000171969,R0,22028.37209035942,5003.5026587507855,9294.682670031787,31.91206284646584,3,312.9
MIX|Wcav|SUB:SPN-S000000171969,R1,16665.42933871255,5003.5026587507855,9294.682670031787,30.02737580082524,3,312.9
MIX|Wcav|SUB:SPN-S000000171969,R2,16665.42933871255,5003.5026587507855,9294.682670031787,30.02737580082524,3,312.9
MIX|Wcav|SUB:SPN-S000000171971,R0,142417.87885318766,23303.114654141966,44170.81927579333,162.60614168551965,14,1456.7
MIX|Wcav|SUB:SPN-S000000171971,R1,70239.31535398321,23303.114654141966,44170.81927579333,140.82591603136893,14,1456.7
MIX|Wcav|SUB:SPN-S000000171971,R2,70239.31535398321,23303.114654141966,44170.81927579333,140.82591603136893,14,1456.7
MIX|Wcav|SUB:SPN-S000000171972,R0,233715.39568528073,26302.057500995594,55661.108922160296,234.70650788176746,14,2021.5
MIX|Wcav|SUB:SPN-S000000171972,R1,145446.91824423167,26302.057500995594,55661.108922160296,195.12598192173664,14,2021.5
MIX|Wcav|SUB:SPN-S000000171972,R2,139826.79540719767,26302.057500995594,55661.108922160296,194.2076363661133,14,2021.5
MIX|Wcav|SUB:SPN-S000000171973,R0,262709.5015130096,19404.73420016998,46646.71725329687,227.7904167261015,10,1952.8
MIX|Wcav|SUB:SPN-S000000171973,R1,161448.62435737244,19404.73420016998,46646.71725329687,190.9374133000349,10,1952.8
MIX|Wcav|SUB:SPN-S000000171973,R2,135551.14152819384,19404.73420016998,46646.71725329687,174.6564313898896,10,1952.8
MIX|Wcav|SUB:SPN-S000000171974,R0,169256.16018811904,11947.366858056344,34125.65090535422,189.24330992539026,6,1721.0
MIX|Wcav|SUB:SPN-S000000171974,R1,102332.03150192226,11947.366858056344,34125.65090535422,171.15491732765133,6,1721.0
MIX|Wcav|SUB:SPN-S000000171974,R2,102332.03150192226,11947.366858056344,34125.65090535422,171.15491732765133,6,1721.0
MIX|Wcav|SUB:SPN-S000000171975,R0,365246.84444398346,52179.767132152716,99518.91932993935,356.4221259709243,29,3255.3000000000006
MIX|Wcav|SUB:SPN-S000000171975,R1,235278.92999221402,52179.767132152716,99518.91932993935,302.11010172961164,29,3255.3000000000006
MIX|Wcav|SUB:SPN-S000000171975,R2,200152.42059285272,52179.767132152716,99518.91932993935,281.9527302634505,29,3255.3000000000006
MIX|Wcav|SUB:SPN-S000000171976,R0,214923.7925578471,35506.91175338329,64825.20892360605,219.58802289654196,20,1999.1000000000001
MIX|Wcav|SUB:SPN-S000000171976,R1,143926.32016016674,35506.91175338329,64825.20892360605,187.7860114373479,20,1999.1000000000001
MIX|Wcav|SUB:SPN-S000000171976,R2,134495.1801698964,35506.91175338329,64825.20892360605,181.53859304408863,20,1999.1000000000001
MIX|Wcav|SUB:SPN-S000000172024,R0,177928.05312861013,20447.694479594287,40656.334101722576,157.74239827308105,11,1374.1000000000001
MIX|Wcav|SUB:SPN-S000000172024,R1,105775.25489379774,20447.694479594287,40656.334101722576,127.39419058273039,11,1374.1000000000001
MIX|Wcav|SUB:SPN-S000000172024,R2,105775.25489379774,20447.694479594287,40656.334101722576,127.39419058273039,11,1374.1000000000001
MIX|Wcav|SUB:SPN-S000000172025,R0,190665.38419953024,18635.407012690186,39030.7292355024,173.4925138868122,10,1415.9
MIX|Wcav|SUB:SPN-S000000172025,R1,97578.8144504969,18635.407012690186,39030.7292355024,129.57319535053205,10,1415.9
MIX|Wcav|SUB:SPN-S000000172025,R2,90862.22603778113,18635.407012690186,39030.7292355024,127.51429655941747,10,1415.9
MIX|Wcav|SUB:SPN-S000000173197,R0,257364.34980123906,50771.63948310321,87779.41649655323,266.3385631390847,30,2531.6000000000004
MIX|Wcav|SUB:SPN-S000000173197,R1,156617.0298020672,50771.63948310321,87779.41649655323,224.60252514971435,30,2531.6000000000004
MIX|Wcav|SUB:SPN-S000000173197,R2,156617.0298020672,50771.63948310321,87779.41649655323,224.60252514971435,30,2531.6000000000004
MIX|Wcav|SUB:SPN-S000000173929,R0,238800.17799340695,26390.479005661393,52802.57613325739,201.6674487347835,14,1772.4
MIX|Wcav|SUB:SPN-S000000173929,R1,137578.39022982432,26390.479005661393,52802.57613325739,167.4004327148877,14,1772.4
MIX|Wcav|SUB:SPN-S000000173929,R2,131686.77275796334,26390.479005661393,52802.57613325739,164.8086510525613,14,1772.4
MIX|Wcav|SUB:SPN-S000000173931,R0,255100.02429311274,34591.18173776618,66659.8264623748,236.15051404174162,20,2259.5
MIX|Wcav|SUB:SPN-S000000173931,R1,165842.54309494104,34591.18173776618,66659.8264623748,206.4794691152472,20,2259.5
MIX|Wcav|SUB:SPN-S000000173931,R2,163727.65777188138,34591.18173776618,66659.8264623748,206.43968658319596,20,2259.5
MIX|Wcav|SUB:SPN-S000000173932,R0,22886.841795420212,5341.989847745175,9339.17623435159,34.38256115373073,3,270.0
MIX|Wcav|SUB:SPN-S000000173932,R1,17906.367229206182,5341.989847745175,9339.17623435159,30.624264047739587,3,270.0
MIX|Wcav|SUB:SPN-S000000173932,R2,17906.367229206182,5341.989847745175,9339.17623435159,30.624264047739587,3,270.0
MIX|Wcav|SUB:SPN-S000000173973,R0,208598.8358426852,26076.760284216496,56396.94309647214,233.89860575876605,14,2150.6000000000004
MIX|Wcav|SUB:SPN-S000000173973,R1,130827.6259025425,26076.760284216496,56396.94309647214,205.05829205389773,14,2150.6000000000004
MIX|Wcav|SUB:SPN-S000000173973,R2,127993.3368308652,26076.760284216496,56396.94309647214,204.1015098981006,14,2150.6000000000004
MIX|Wcav|SUB:SPN-S000000173993,R0,174487.6071521975,23853.527460390767,52532.80892995054,227.44334480497025,13,2070.7
MIX|Wcav|SUB:SPN-S000000173993,R1,115121.82357558684,23853.527460390767,52532.80892995054,208.60471926953568,13,2070.7
MIX|Wcav|SUB:SPN-S000000173993,R2,110292.64661848587,23853.527460390767,52532.80892995054,208.60471926953568,13,2070.7
MIX|Wcav|SUB:SPN-S000000174043,R0,298568.57825484243,49075.203523993325,85837.56595562104,276.1851760243595,29,2568.0
MIX|Wcav|SUB:SPN-S000000174043,R1,176859.00819927405,49075.203523993325,85837.56595562104,229.38638685628175,29,2568.0
MIX|Wcav|SUB:SPN-S000000174043,R2,170732.25035494438,49075.203523993325,85837.56595562104,227.00330155122222,29,2568.0
MIX|Wcav|SUB:SPN-S000000174077,R0,88254.31227777351,14149.029354616378,25403.101881523038,88.57175897766014,8,753.5
MIX|Wcav|SUB:SPN-S000000174077,R1,54185.783386195646,14149.029354616378,25403.101881523038,78.47240478871208,8,753.5
MIX|Wcav|SUB:SPN-S000000174077,R2,51464.86587738543,14149.029354616378,25403.101881523038,76.9432082024349,8,753.5
MIX|Wcav|SUB:SPN-S000000174080,R0,184013.93726806904,36425.20533280764,62452.597581140595,187.75129562552516,22,1786.0
MIX|Wcav|SUB:SPN-S000000174080,R1,125938.07677874902,36425.20533280764,62452.597581140595,159.91700561416056,22,1786.0
MIX|Wcav|SUB:SPN-S000000174080,R2,110352.75974158145,36425.20533280764,62452.597581140595,154.40485338091216,22,1786.0
MIX|Wcav|SUB:SPN-S000000174088,R0,142336.58295341913,27731.311406935434,46088.13692523165,139.15282377371878,17,1261.2
MIX|Wcav|SUB:SPN-S000000174088,R1,82050.43263831436,27731.311406935434,46088.13692523165,118.60197801029913,17,1261.2
MIX|Wcav|SUB:SPN-S000000174088,R2,81077.34676646924,27731.311406935434,46088.13692523165,118.42202949328667,17,1261.2
MIX|Wcav|SUB:SPN-S000000174089,R0,294255.5996877356,33805.23581933537,70057.83537693191,276.31745807073975,18,2478.6
MIX|Wcav|SUB:SPN-S000000174089,R1,156303.75284733187,33805.23581933537,70057.83537693191,222.57623896717217,18,2478.6
MIX|Wcav|SUB:SPN-S000000174089,R2,153924.00122973294,33805.23581933537,70057.83537693191,221.58318865957327,18,2478.6
MIX|Wcav|SUB:SPN-S000000174155,R0,316278.6053488873,40306.747230194276,78956.58089089577,299.2246318301315,23,2755.5000000000005
MIX|Wcav|SUB:SPN-S000000174155,R1,187124.7229148171,40306.747230194276,78956.58089089577,244.69925198750755,23,2755.5000000000005
MIX|Wcav|SUB:SPN-S000000174155,R2,184970.66322034234,40306.747230194276,78956.58089089577,243.82053015567445,23,2755.5000000000005
MIX|Wcav|SUB:SPN-S000000174160,R0,16167.743193665852,4886.193647563792,7822.566224634889,20.143561803288243,3,212.1
MIX|Wcav|SUB:SPN-S000000174160,R1,14440.556410409186,4886.193647563792,7822.566224634889,19.060191768907515,3,212.1
MIX|Wcav|SUB:SPN-S000000174160,R2,12710.869260784446,4886.193647563792,7822.566224634889,19.271055654952775,3,212.1
MIX|Wcav|SUB:SPN-S000000174167,R0,32745.70165298689,17460.271527333123,23715.533250967146,55.29737099967094,13,575.0
MIX|Wcav|SUB:SPN-S000000174167,R1,29077.91335290113,17460.271527333123,23715.533250967146,53.91906563603655,13,575.0
MIX|Wcav|SUB:SPN-S000000174167,R2,29077.91335290113,17460.271527333123,23715.533250967146,53.91906563603655,13,575.0
MIX|Wcav|SUB:SPN-S000000174198,R0,54706.04205390187,9775.02910220219,17305.003560238525,55.44046576780503,6,543.6
MIX|Wcav|SUB:SPN-S000000174198,R1,31187.440343933973,9775.02910220219,17305.003560238525,49.67592761749767,6,543.6
MIX|Wcav|SUB:SPN-S000000174198,R2,31187.440343933973,9775.02910220219,17305.003560238525,49.67592761749767,6,543.6
MIX|Wcav|SUB:SPN-S000000174201,R0,213954.66515547055,37781.30459104454,71548.59865317824,245.5218874288043,22,2412.8999999999996
MIX|Wcav|SUB:SPN-S000000174201,R1,143658.9566805908,37781.30459104454,71548.59865317824,213.81763393460236,22,2412.8999999999996
MIX|Wcav|SUB:SPN-S000000174201,R2,132075.64154009003,37781.30459104454,71548.59865317824,212.7662813969114,22,2412.8999999999996
MIX|Wcav|SUB:SPN-S000000174232,R0,171357.76351204957,40718.979250935685,68908.79265074758,187.42515373943283,24,1953.9
MIX|Wcav|SUB:SPN-S000000174232,R1,111356.73302358304,40718.979250935685,68908.79265074758,167.77470504961144,24,1953.9
MIX|Wcav|SUB:SPN-S000000174232,R2,107911.91093923681,40718.979250935685,68908.79265074758,165.68749416864011,24,1953.9
MIX|Wcav|SUB:SPN-S000000174234,R0,398896.37120618584,50966.80149952902,101605.60850943135,394.5091450286576,28,3642.4
MIX|Wcav|SUB:SPN-S000000174234,R1,259419.6756883884,50966.80149952902,101605.60850943135,334.65147205754084,28,3642.4
MIX|Wcav|SUB:SPN-S000000174234,R2,252122.18393408507,50966.80149952902,101605.60850943135,331.46657993681436,28,3642.4
MIX|Wcav|SUB:SPN-S000000174239,R0,266313.1268800549,47529.56485326892,81697.31532945266,246.59927791086497,29,2420.2
MIX|Wcav|SUB:SPN-S000000174239,R1,158351.33376569668,47529.56485326892,81697.31532945266,203.1153938835347,29,2420.2
MIX|Wcav|SUB:SPN-S000000174239,R2,150304.17867281445,47529.56485326892,81697.31532945266,199.1924246183491,29,2420.2
MIX|Wcav|SUB:SPN-S000000174301,R0,96715.07187522495,12177.568547760173,22588.403200611734,85.0624060111283,7,708.2
MIX|Wcav|SUB:SPN-S000000174301,R1,50589.25479334281,12177.568547760173,22588.403200611734,70.14007561117259,7,708.2
MIX|Wcav|SUB:SPN-S000000174301,R2,50589.25479334281,12177.568547760173,22588.403200611734,70.14007561117259,7,708.2
MIX|Wcav|SUB:SPN-S000000174543,R0,21021.796878971356,9355.867376790979,11054.336815253864,27.8333210867515,8,203.7
MIX|Wcav|SUB:SPN-S000000174543,R1,11860.950375188633,9355.867376790979,11054.336815253864,25.27246072073774,8,203.7
MIX|Wcav|SUB:SPN-S000000174543,R2,11860.950375188633,9355.867376790979,11054.336815253864,25.27246072073774,8,203.7
MIX|Wcav|SUB:SPN-S000000174619,R0,214671.57944373338,27072.05364195561,55755.39942584255,228.46131647233855,15,2031.0000000000002
MIX|Wcav|SUB:SPN-S000000174619,R1,156897.07939785082,27072.05364195561,55755.39942584255,200.10957791812396,15,2031.0000000000002
MIX|Wcav|SUB:SPN-S000000174619,R2,151560.2660317001,27072.05364195561,55755.39942584255,195.85217084987138,15,2031.0000000000002
MIX|Wcav|SUB:SPN-S000000174640,R0,458877.8957317679,68724.30712769605,132470.11658407882,499.61571663125534,40,4604.5
MIX|Wcav|SUB:SPN-S000000174640,R1,294859.0671661019,68724.30712769605,132470.11658407882,423.36743905361016,40,4604.5
MIX|Wcav|SUB:SPN-S000000174640,R2,282859.67103462294,68724.30712769605,132470.11658407882,418.86291856716684,40,4604.5
MIX|Wcav|SUB:SPN-S000000174673,R0,233837.76058483642,57616.3207962038,93524.20349915828,286.02860328326676,37,2665.2000000000003
MIX|Wcav|SUB:SPN-S000000174673,R1,169854.46128011565,57616.3207962038,93524.20349915828,247.93863319245455,37,2665.2000000000003
MIX|Wcav|SUB:SPN-S000000174673,R2,165960.66260192706,57616.3207962038,93524.20349915828,245.40941388479757,37,2665.2000000000003
MIX|Wcav|SUB:SPN-S000000174692,R0,171590.85208223033,35786.56412647117,62958.44134761672,210.87160343533054,21,1909.3000000000002
MIX|Wcav|SUB:SPN-S000000174692,R1,129573.5097608971,35786.56412647117,62958.44134761672,187.26418789142878,21,1909.3000000000002
MIX|Wcav|SUB:SPN-S000000174692,R2,125192.58062059213,35786.56412647117,62958.44134761672,185.49522070345049,21,1909.3000000000002
MIX|Wcav|SUB:SPN-S000000174710,R0,13827.918875681255,1914.0660024401977,4062.317977979439,15.386216923668776,1,144.7
MIX|Wcav|SUB:SPN-S000000174710,R1,12516.14058135036,1914.0660024401977,4062.317977979439,14.699386174356244,1,144.7
MIX|Wcav|SUB:SPN-S000000174710,R2,12516.14058135036,1914.0660024401977,4062.317977979439,14.699386174356244,1,144.7
MIX|Wcav|SUB:SPN-S000000174720,R0,117836.50618368697,28254.160633227337,47795.09105306814,139.91570125916897,17,1323.6999999999998
MIX|Wcav|SUB:SPN-S000000174720,R1,79073.59971153917,28254.160633227337,47795.09105306814,131.22422977682356,17,1323.6999999999998
MIX|Wcav|SUB:SPN-S000000174720,R2,76088.14855603909,28254.160633227337,47795.09105306814,130.37582430996065,17,1323.6999999999998
MIX|Wcav|SUB:SPN-S000000174722,R0,415611.987844846,54635.378295902716,108381.52094500145,452.4749285368713,31,3882.8
MIX|Wcav|SUB:SPN-S000000174722,R1,305394.8874589893,54635.378295902716,108381.52094500145,404.1470740562942,31,3882.8
MIX|Wcav|SUB:SPN-S000000174722,R2,272845.8117900723,54635.378295902716,108381.52094500145,396.753975684588,31,3882.8
MIX|Wcav|SUB:SPN-S000000174751,R0,16980.233773423704,6627.748508966854,10951.902368397139,27.165267019619414,4,307.5
MIX|Wcav|SUB:SPN-S000000174751,R1,11597.248225753072,6627.748508966854,10951.902368397139,26.417103006330215,4,307.5
MIX|Wcav|SUB:SPN-S000000174751,R2,11597.248225753072,6627.748508966854,10951.902368397139,26.417103006330215,4,307.5
MIX|Wcav|SUB:SPN-S000000174777,R0,240032.74511614442,30307.216197573864,61910.11341670569,261.9526201408554,17,2210.6
MIX|Wcav|SUB:SPN-S000000174777,R1,164241.21352536345,30307.216197573864,61910.11341670569,223.41218316033746,17,2210.6
MIX|Wcav|SUB:SPN-S000000174777,R2,152931.98565714934,30307.216197573864,61910.11341670569,216.17828347334796,17,2210.6
MIX|Wcav|SUB:SPN-S000000174785,R0,201640.50938899984,50113.41309554645,84753.53486838142,233.34347199003483,32,2458.0
MIX|Wcav|SUB:SPN-S000000174785,R1,149399.53331542417,50113.41309554645,84753.53486838142,205.87615154367325,32,2458.0
MIX|Wcav|SUB:SPN-S000000174785,R2,136983.6567430278,50113.41309554645,84753.53486838142,203.44750847157795,32,2458.0
MIX|Wcav|SUB:SPN-S000000174792,R0,337470.0463090675,56099.100195822866,106909.80861294077,405.29190926763,33,3624.1
MIX|Wcav|SUB:SPN-S000000174792,R1,249297.2094286222,56099.100195822866,106909.80861294077,375.309423967443,33,3624.1
MIX|Wcav|SUB:SPN-S000000174792,R2,244573.1211284671,56099.100195822866,106909.80861294077,372.2893965025494,33,3624.1
MIX|Wcav|SUB:SPN-S000000174793,R0,49488.95135978425,10077.532538283198,19930.31451363732,74.01449160263944,6,699.5
MIX|Wcav|SUB:SPN-S000000174793,R1,34259.38075993279,10077.532538283198,19930.31451363732,68.62872095588641,6,699.5
MIX|Wcav|SUB:SPN-S000000174793,R2,34259.38075993279,10077.532538283198,19930.31451363732,68.62872095588641,6,699.5
MIX|Wcav|SUB:SPN-S000000174828,R0,33426.02941071443,6359.986116680884,10933.708720337245,35.64046020240613,4,344.20000000000005
MIX|Wcav|SUB:SPN-S000000174828,R1,26290.0371337315,6359.986116680884,10933.708720337245,33.45330622204581,4,344.20000000000005
MIX|Wcav|SUB:SPN-S000000174828,R2,26290.0371337315,6359.986116680884,10933.708720337245,33.45330622204581,4,344.20000000000005
MIX|Wcav|SUB:SPN-S000000174842,R0,292444.18455775606,39216.88834334641,75050.38955022792,256.4165976330487,22,2467.1000000000004
MIX|Wcav|SUB:SPN-S000000174842,R1,176453.61507890417,39216.88834334641,75050.38955022792,210.78858767290382,22,2467.1000000000004
MIX|Wcav|SUB:SPN-S000000174842,R2,175203.1997335832,39216.88834334641,75050.38955022792,209.46131432245394,22,2467.1000000000004
MIX|Wcav|SUB:SPN-S000000174852,R0,379447.0814105751,37742.28486135828,79632.38225484753,380.2661656393428,22,3283.3999999999996
MIX|Wcav|SUB:SPN-S000000174852,R1,232946.926534197,37742.28486135828,79632.38225484753,321.6212351117803,22,3283.3999999999996
MIX|Wcav|SUB:SPN-S000000174852,R2,223214.1035219567,37742.28486135828,79632.38225484753,317.4493057024398,22,3283.3999999999996
MIX|Wcav|SUB:SPN-S000000174894,R0,10878.363013427155,3131.7902635397327,5152.290138497479,18.816870417269204,2,138.0
MIX|Wcav|SUB:SPN-S000000174894,R1,8018.515095563056,3131.7902635397327,5152.290138497479,17.463772898793646,2,138.0
MIX|Wcav|SUB:SPN-S000000174894,R2,8018.515095563056,3131.7902635397327,5152.290138497479,17.463772898793646,2,138.0
MIX|Wcav|SUB:SPN-S000000174899,R0,219354.85618419392,38356.29291751703,71510.91920270518,239.0321494955899,22,2302.6000000000004
MIX|Wcav|SUB:SPN-S000000174899,R1,151679.97887285636,38356.29291751703,71510.91920270518,208.57800387291385,22,2302.6000000000004
MIX|Wcav|SUB:SPN-S000000174899,R2,151679.97887285636,38356.29291751703,71510.91920270518,208.57800387291385,22,2302.6000000000004
MIX|Wcav|SUB:SPN-S000000174914,R0,11598.346813490469,1797.3059269045223,3153.013342783553,13.65,1,91.0
MIX|Wcav|SUB:SPN-S000000174914,R1,10947.909693872758,1797.3059269045223,3153.013342783553,13.65,1,91.0
MIX|Wcav|SUB:SPN-S000000174914,R2,7464.811808589344,1797.3059269045223,3153.013342783553,13.65,1,91.0
MIX|Wcav|SUB:SPN-S000000174925,R0,88691.63282661315,24076.606981770325,40777.56889578482,110.66801357441867,15,1188.1
MIX|Wcav|SUB:SPN-S000000174925,R1,65025.469223518856,24076.606981770325,40777.56889578482,99.31891277697342,15,1188.1
MIX|Wcav|SUB:SPN-S000000174925,R2,65025.469223518856,24076.606981770325,40777.56889578482,99.31891277697342,15,1188.1
MIX|Wcav|SUB:SPN-S000000174930,R0,240836.68849573,40575.454151533966,73416.84141553234,220.12067215699707,23,2217.2
MIX|Wcav|SUB:SPN-S000000174930,R1,147512.4085546563,40575.454151533966,73416.84141553234,188.3417622081528,23,2217.2
MIX|Wcav|SUB:SPN-S000000174930,R2,144855.99243281863,40575.454151533966,73416.84141553234,186.01519401818152,23,2217.2
MIX|Wcav|SUB:SPN-S000000174940,R0,119482.42735699311,13462.677054412921,30152.849689558978,137.5421219831312,7,1159.5
MIX|Wcav|SUB:SPN-S000000174940,R1,76923.15319210873,13462.677054412921,30152.849689558978,118.31030737041475,7,1159.5
MIX|Wcav|SUB:SPN-S000000174940,R2,76923.15319210873,13462.677054412921,30152.849689558978,118.31030737041475,7,1159.5
MIX|Wcav|SUB:SPN-S000000174948,R0,7233.498297065608,3706.393495952099,4930.066989728931,11.8,3,101.0
MIX|Wcav|SUB:SPN-S000000174948,R1,6857.080568670425,3706.393495952099,4930.066989728931,11.8,3,101.0
MIX|Wcav|SUB:SPN-S000000174948,R2,6857.080568670425,3706.393495952099,4930.066989728931,11.8,3,101.0
MIX|Wcav|SUB:SPN-S000000174949,R0,303049.3512846059,49679.54890791756,92375.8454327103,314.88123121001587,28,2913.5000000000005
MIX|Wcav|SUB:SPN-S000000174949,R1,205323.56405491818,49679.54890791756,92375.8454327103,276.388084535198,28,2913.5000000000005
MIX|Wcav|SUB:SPN-S000000174949,R2,202688.74481211987,49679.54890791756,92375.8454327103,274.4084333739523,28,2913.5000000000005
MIX|Wcav|SUB:SPN-S000000174989,R0,34666.68414789533,10361.8417829659,17907.50161061203,55.338462622334475,7,582.9
MIX|Wcav|SUB:SPN-S000000174989,R1,24993.790798831047,10361.8417829659,17907.50161061203,52.59855379066417,7,582.9
MIX|Wcav|SUB:SPN-S000000174989,R2,24993.790798831047,10361.8417829659,17907.50161061203,52.59855379066417,7,582.9
MIX|Wcav|SUB:SPN-S000000175001,R0,107937.39382857768,15779.706881268943,29717.742888044922,126.62812620676486,10,1088.5
MIX|Wcav|SUB:SPN-S000000175001,R1,70702.53798589246,15779.706881268943,29717.742888044922,118.34102645108035,10,1088.5
MIX|Wcav|SUB:SPN-S000000175001,R2,70702.53798589246,15779.706881268943,29717.742888044922,118.34102645108035,10,1088.5
MIX|Wcav|SUB:SPN-S000000175003,R0,165926.05018986308,32996.31685009991,51333.96605106824,153.18118125563694,22,1389.5
MIX|Wcav|SUB:SPN-S000000175003,R1,94879.45959917335,32996.31685009991,51333.96605106824,124.32650114985552,22,1389.5
MIX|Wcav|SUB:SPN-S000000175003,R2,81104.18656220996,32996.31685009991,51333.96605106824,123.83029520509001,22,1389.5
MIX|Wcav|SUB:SPN-S000000175025,R0,2506.4531474332516,1216.1369166510729,1588.5177194697856,3.804715794635284,1,32.0
MIX|Wcav|SUB:SPN-S000000175025,R1,2440.883614087319,1216.1369166510729,1588.5177194697856,3.663276744062765,1,32.0
MIX|Wcav|SUB:SPN-S000000175025,R2,2440.883614087319,1216.1369166510729,1588.5177194697856,3.663276744062765,1,32.0
MIX|Wcav|SUB:SPN-S000000175026,R0,15209.266865738977,5909.626066607754,9269.931645223285,23.315086179391276,4,228.0
MIX|Wcav|SUB:SPN-S000000175026,R1,10975.719867188927,5909.626066607754,9269.931645223285,20.620748609032944,4,228.0
MIX|Wcav|SUB:SPN-S000000175026,R2,10975.719867188927,5909.626066607754,9269.931645223285,20.620748609032944,4,228.0
MIX|Wcav|SUB:SPN-S000000175036,R0,246929.26689221276,30105.028994296998,64441.400663117325,257.437465288232,16,2377.1
MIX|Wcav|SUB:SPN-S000000175036,R1,165581.69296766922,30105.028994296998,64441.400663117325,224.00281042441352,16,2377.1
MIX|Wcav|SUB:SPN-S000000175036,R2,165581.69296766922,30105.028994296998,64441.400663117325,224.00281042441352,16,2377.1
MIX|Wcav|SUB:SPN-S000000175044,R0,26413.067082604197,1963.7571167338103,5368.189024991316,31.694809027777776,1,235.0
MIX|Wcav|SUB:SPN-S000000175044,R1,16922.833128078943,1963.7571167338103,5368.189024991316,28.33580432925485,1,235.0
MIX|Wcav|SUB:SPN-S000000175044,R2,16922.833128078943,1963.7571167338103,5368.189024991316,28.33580432925485,1,235.0
MIX|Wcav|SUB:SPN-S000000175067,R0,9842.152737472456,2785.52164614317,3802.1933868801934,13.159276582255746,2,94.2
MIX|Wcav|SUB:SPN-S000000175067,R1,6897.945798780663,2785.52164614317,3802.1933868801934,13.125264491738506,2,94.2
MIX|Wcav|SUB:SPN-S000000175067,R2,6011.929029104714,2785.52164614317,3802.1933868801934,12.967610558548852,2,94.2
MIX|Wcav|SUB:SPN-S000000175216,R0,21743.423528218278,5770.224783028254,13968.84243132368,76.12213373014175,3,613.0
MIX|Wcav|SUB:SPN-S000000175216,R1,21028.091270017707,5770.224783028254,13968.84243132368,75.86837513289827,3,613.0
MIX|Wcav|SUB:SPN-S000000175216,R2,21028.091270017707,5770.224783028254,13968.84243132368,75.86837513289827,3,613.0
MIX|Wcav|SUB:SPN-S000000175224,R0,170119.82663341484,18292.56836432249,36440.961124210735,152.35029875460125,10,1241.3999999999999
MIX|Wcav|SUB:SPN-S000000175224,R1,96997.64671148203,18292.56836432249,36440.961124210735,131.5892020728777,10,1241.3999999999999
MIX|Wcav|SUB:SPN-S000000175224,R2,90039.09561707816,18292.56836432249,36440.961124210735,131.76400788251473,10,1241.3999999999999
MIX|Wcav|SUB:SPN-S000000175228,R0,122523.18461037498,20263.43597698475,38448.23354035552,126.48032661173734,11,1219.6000000000001
MIX|Wcav|SUB:SPN-S000000175228,R1,87936.01673578334,20263.43597698475,38448.23354035552,109.01009901792938,11,1219.6000000000001
MIX|Wcav|SUB:SPN-S000000175228,R2,70049.27279465226,20263.43597698475,38448.23354035552,107.02040422946455,11,1219.6000000000001
MIX|Wcav|SUB:SPN-S000000175255,R0,72962.79756077219,13724.842071891246,21772.177709343472,68.31589512825826,9,606.2
MIX|Wcav|SUB:SPN-S000000175255,R1,38622.78103866588,13724.842071891246,21772.177709343472,52.64360896869118,9,606.2
MIX|Wcav|SUB:SPN-S000000175255,R2,38622.78103866588,13724.842071891246,21772.177709343472,52.64360896869118,9,606.2
MIX|Wcav|SUB:SPN-S000000175257,R0,226888.93923843623,48427.938764666855,83051.12019372005,244.71636615384358,29,2425.5000000000005
MIX|Wcav|SUB:SPN-S000000175257,R1,150181.80035573727,48427.938764666855,83051.12019372005,213.67706934027152,29,2425.5000000000005
MIX|Wcav|SUB:SPN-S000000175257,R2,145732.05422943967,48427.938764666855,83051.12019372005,210.93455833201494,29,2425.5000000000005
MIX|Wcav|SUB:SPN-S000000175297,R0,90618.27930153933,33527.94297511885,54458.51465068114,139.7753402656241,22,1344.3
MIX|Wcav|SUB:SPN-S000000175297,R1,66831.26739533228,33527.94297511885,54458.51465068114,128.27520140944313,22,1344.3
MIX|Wcav|SUB:SPN-S000000175297,R2,66831.26739533228,33527.94297511885,54458.51465068114,128.27520140944313,22,1344.3
MIX|Wcav|SUB:SPN-S000000175336,R0,40656.42533599758,3908.4602547852987,9937.412169530104,62.34879870192308,2,464.0
MIX|Wcav|SUB:SPN-S000000175336,R1,26113.76275216817,3908.4602547852987,9937.412169530104,60.61894204527244,2,464.0
MIX|Wcav|SUB:SPN-S000000175336,R2,26113.76275216817,3908.4602547852987,9937.412169530104,60.61894204527244,2,464.0
MIX|Wcav|SUB:SPN-S000000181145,R0,142828.62488970655,47963.82682236307,73093.07947256896,183.3075573172489,32,1981.4
MIX|Wcav|SUB:SPN-S000000181145,R1,88014.2935293566,47963.82682236307,73093.07947256896,156.9087329270126,32,1981.4
MIX|Wcav|SUB:SPN-S000000181145,R2,88014.2935293566,47963.82682236307,73093.07947256896,156.9087329270126,32,1981.4
MIX|Wcav|SUB:SPN-S000000181195,R0,236026.22936259292,28851.95549164468,66808.48381601681,278.97367987265045,15,2672.0000000000005
MIX|Wcav|SUB:SPN-S000000181195,R1,163177.70006072742,28851.95549164468,66808.48381601681,260.84680783851445,15,2672.0000000000005
MIX|Wcav|SUB:SPN-S000000181195,R2,163177.70006072742,28851.95549164468,66808.48381601681,260.84680783851445,15,2672.0000000000005
MIX|Wcav|SUB:SPN-S000000181196,R0,47681.38232447554,13454.491741479054,20122.395309754487,53.71740071952094,9,531.3
MIX|Wcav|SUB:SPN-S000000181196,R1,31193.766157163845,13454.491741479054,20122.395309754487,48.59371153842314,9,531.3
MIX|Wcav|SUB:SPN-S000000181196,R2,31193.766157163845,13454.491741479054,20122.395309754487,48.59371153842314,9,531.3
MIX|Wcav|SUB:SPN-S000000181225,R0,19425.682021048346,3709.5788997223062,7328.354779150051,23.312474868525335,2,227.6
MIX|Wcav|SUB:SPN-S000000181225,R1,12632.338516620342,3709.5788997223062,7328.354779150051,21.060861792234277,2,227.6
MIX|Wcav|SUB:SPN-S000000181225,R2,12632.338516620342,3709.5788997223062,7328.354779150051,21.060861792234277,2,227.6
MIX|Wcav|SUB:SPN-S000000181226,R0,63890.247428464136,15468.243982270007,27590.46483680038,84.49308157039329,9,841.9999999999999
MIX|Wcav|SUB:SPN-S000000181226,R1,45692.44094373492,15468.243982270007,27590.46483680038,79.71888446663436,9,841.9999999999999
MIX|Wcav|SUB:SPN-S000000181226,R2,42669.199267279124,15468.243982270007,27590.46483680038,78.8597396900643,9,841.9999999999999
MIX|Wcav|SUB:SPN-S000000181252,R0,111023.86396979979,17663.076739202974,29068.152273226573,95.02710280602798,11,836.0
MIX|Wcav|SUB:SPN-S000000181252,R1,56826.87275264438,17663.076739202974,29068.152273226573,77.09735752960484,11,836.0
MIX|Wcav|SUB:SPN-S000000181252,R2,56826.87275264438,17663.076739202974,29068.152273226573,77.09735752960484,11,836.0
MIX|Wcav|SUB:SPN-S000000181316,R0,166107.0890140147,37747.612626838454,65027.80410085924,180.50356637168116,22,1849.2
MIX|Wcav|SUB:SPN-S000000181316,R1,105892.92417711661,37747.612626838454,65027.80410085924,156.53088996919385,22,1849.2
MIX|Wcav|SUB:SPN-S000000181316,R2,104890.64572911614,37747.612626838454,65027.80410085924,156.36914092109419,22,1849.2
MIX|Wcav|SUB:SPN-S000000181331,R0,88931.74319225634,2074.0524811844443,7142.423412811137,60.27509452908787,1,443.1
MIX|Wcav|SUB:SPN-S000000181331,R1,41411.194711517615,2074.0524811844443,7142.423412811137,52.09005800745215,1,443.1
MIX|Wcav|SUB:SPN-S000000181331,R2,41411.194711517615,2074.0524811844443,7142.423412811137,52.09005800745215,1,443.1
MIX|Wcav|SUB:SPN-S000000181361,R0,79759.44670558549,21689.31647912886,35572.91660323803,110.42634973116083,14,1020.0
MIX|Wcav|SUB:SPN-S000000181361,R1,52883.60240151024,21689.31647912886,35572.91660323803,96.05166842472245,14,1020.0
MIX|Wcav|SUB:SPN-S000000181361,R2,50620.76324073498,21689.31647912886,35572.91660323803,96.05166842472245,14,1020.0
MIX|Wcav|SUB:SPN-S000000181539,R0,18691.151940747477,3526.061547868644,6720.787695462104,24.82878452656827,2,206.2
MIX|Wcav|SUB:SPN-S000000181539,R1,12036.59850779119,3526.061547868644,6720.787695462104,22.858258524161386,2,206.2
MIX|Wcav|SUB:SPN-S000000181539,R2,12036.59850779119,3526.061547868644,6720.787695462104,22.858258524161386,2,206.2
MIX|Wnone|LSOA:E01030421,R0,88756.64923765718,15570.469868717983,24535.727994111545,90.01365530232377,10,675.0
MIX|Wnone|LSOA:E01030421,R1,55961.1479928309,15570.469868717983,24535.727994111545,80.22432002772167,10,675.0
MIX|Wnone|LSOA:E01030421,R2,53698.30883205564,15570.469868717983,24535.727994111545,80.22432002772167,10,675.0
MIX|Wnone|LSOA:E01030422,R0,261023.51227472504,47491.594379572925,87486.63083453383,269.145750376678,28,2813.2999999999997
MIX|Wnone|LSOA:E01030422,R1,189666.17099400784,47491.594379572925,87486.63083453383,243.28958655020458,28,2813.2999999999997
MIX|Wnone|LSOA:E01030422,R2,165935.90763405,47491.594379572925,87486.63083453383,241.8433710883634,28,2813.2999999999997
MIX|Wnone|LSOA:E01030423,R0,386655.5360245626,63568.14348156764,113473.48247792355,370.51415639787143,37,3483.7000000000003
MIX|Wnone|LSOA:E01030423,R1,267612.1633040955,63568.14348156764,113473.48247792355,324.9910039431128,37,3483.7000000000003
MIX|Wnone|LSOA:E01030423,R2,237259.53904834948,63568.14348156764,113473.48247792355,312.5497132334921,37,3483.7000000000003
MIX|Wnone|LSOA:E01030424,R0,274967.58020988054,45833.2592446113,82027.89536915746,280.17485062362965,28,2540.9
MIX|Wnone|LSOA:E01030424,R1,181307.7510102276,45833.2592446113,82027.89536915746,252.0358066513246,28,2540.9
MIX|Wnone|LSOA:E01030424,R2,164962.69154876115,45833.2592446113,82027.89536915746,247.28076871824916,28,2540.9
MIX|Wnone|LSOA:E01030425,R0,210538.19451161192,51825.21524513651,87437.5762632856,223.27848937355347,33,2602.3
MIX|Wnone|LSOA:E01030425,R1,161166.05606856855,51825.21524513651,87437.5762632856,199.57442110756764,33,2602.3
MIX|Wnone|LSOA:E01030425,R2,153498.91451745015,51825.21524513651,87437.5762632856,196.44350611454306,33,2602.3
MIX|Wnone|LSOA:E01030426,R0,323493.25426260906,50792.54942176695,97545.5520992918,363.53042466975575,29,3529.8
MIX|Wnone|LSOA:E01030426,R1,233559.76472909082,50792.54942176695,97545.5520992918,333.3830594108085,29,3529.8
MIX|Wnone|LSOA:E01030426,R2,228979.9237719818,50792.54942176695,97545.5520992918,328.2863403053685,29,3529.8
MIX|Wnone|LSOA:E01030427,R0,99253.27095791596,25283.16299856197,44877.50656573818,142.53678841949173,15,1393.1
MIX|Wnone|LSOA:E01030427,R1,87006.1772180861,25283.16299856197,44877.50656573818,137.64292408402045,15,1393.1
MIX|Wnone|LSOA:E01030427,R2,77174.23211177532,25283.16299856197,44877.50656573818,135.2698982323433,15,1393.1
MIX|Wnone|LSOA:E01030428,R0,121680.43306914099,42170.424905185246,72264.1405600367,145.88097529585954,25,2046.8000000000002
MIX|Wnone|LSOA:E01030428,R1,98917.92440409827,42170.424905185246,72264.1405600367,135.66896605730324,25,2046.8000000000002
MIX|Wnone|LSOA:E01030428,R2,89676.19891827423,42170.424905185246,72264.1405600367,133.15932529136902,25,2046.8000000000002
MIX|Wnone|LSOA:E01030429,R0,321180.60374971066,67177.1816714504,122355.87492130535,331.2348528867643,40,4002.2999999999997
MIX|Wnone|LSOA:E01030429,R1,268074.82290751033,67177.1816714504,122355.87492130535,312.6501072876725,40,4002.2999999999997
MIX|Wnone|LSOA:E01030429,R2,241574.3926573526,67177.1816714504,122355.87492130535,311.96156649860876,40,4002.2999999999997
MIX|Wnone|LSOA:E01030430,R0,143339.19169017172,49955.47243247916,87493.06681594744,226.8163529198819,31,2663.7999999999993
MIX|Wnone|LSOA:E01030430,R1,119778.79295079329,49955.47243247916,87493.06681594744,218.12423355901427,31,2663.7999999999993
MIX|Wnone|LSOA:E01030430,R2,111014.01930258777,49955.47243247916,87493.06681594744,217.3520852210384,31,2663.7999999999993
MIX|Wnone|LSOA:E01030431,R0,170764.87800087407,56063.97804144145,98241.81724841626,237.90691585552858,34,3042.2000000000003
MIX|Wnone|LSOA:E01030431,R1,152042.84084742778,56063.97804144145,98241.81724841626,226.99923552573864,34,3042.2000000000003
MIX|Wnone|LSOA:E01030431,R2,142599.92393353215,56063.97804144145,98241.81724841626,222.68608593519815,34,3042.2000000000003
MIX|Wnone|LSOA:E01030432,R0,187778.50182680134,48290.13313276679,83118.1402318597,237.16629953874835,29,2460.9000000000005
MIX|Wnone|LSOA:E01030432,R1,135893.9003508259,48290.13313276679,83118.1402318597,223.4715239590909,29,2460.9000000000005
MIX|Wnone|LSOA:E01030432,R2,128537.07646416819,48290.13313276679,83118.1402318597,225.6666778002367,29,2460.9000000000005
MIX|Wnone|LSOA:E01030433,R0,411591.83286426775,69402.7645781624,130904.39317535883,412.164406735226,41,4506.4
MIX|Wnone|LSOA:E01030433,R1,301943.5810385783,69402.7645781624,130904.39317535883,363.69742032854106,41,4506.4
MIX|Wnone|LSOA:E01030433,R2,270300.3567608554,69402.7645781624,130904.39317535883,346.21902294273013,41,4506.4
MIX|Wnone|LSOA:E01030440,R0,457775.8090312912,101564.21838016801,173427.31310305314,517.6361658130357,64,5341.0
MIX|Wnone|LSOA:E01030440,R1,356335.87251025176,101564.21838016801,173427.31310305314,479.37457587728437,64,5341.0
MIX|Wnone|LSOA:E01030440,R2,300581.12372641446,101564.21838016801,173427.31310305314,467.2977195781404,64,5341.0
MIX|Wnone|LSOA:E01030441,R0,329533.4875593925,85425.63481268863,149392.6333415257,407.91453633831435,52,4486.000000000001
MIX|Wnone|LSOA:E01030441,R1,261816.56813971463,85425.63481268863,149392.6333415257,379.62382883413306,52,4486.000000000001
MIX|Wnone|LSOA:E01030441,R2,236834.359286079,85425.63481268863,149392.6333415257,370.277567352402,52,4486.000000000001
MIX|Wnone|LSOA:E01030442,R0,501676.8810937818,52156.8421942157,134750.0877182917,604.6322727105371,27,6482.6
MIX|Wnone|LSOA:E01030442,R1,398915.69506186,52156.8421942157,134750.0877182917,569.6346080113399,27,6482.6
MIX|Wnone|LSOA:E01030442,R2,345751.0167708758,52156.8421942157,134750.0877182917,539.5270865048444,27,6482.6
MIX|Wnone|LSOA:E01030443,R0,364286.52407546283,86326.4690096718,164299.78353723948,521.9897861844426,49,5401.599999999999
MIX|Wnone|LSOA:E01030443,R1,287350.90881802724,86326.4690096718,164299.78353723948,483.9244454002891,49,5401.599999999999
MIX|Wnone|LSOA:E01030443,R2,266480.91043989477,86326.4690096718,164299.78353723948,475.9881491653652,49,5401.599999999999
MIX|Wnone|LSOA:E01030444,R0,245852.69736535545,66561.6425762892,109322.59765241852,300.9763550002972,42,3208.0
MIX|Wnone|LSOA:E01030444,R1,183542.63227028016,66561.6425762892,109322.59765241852,278.5228817953954,42,3208.0
MIX|Wnone|LSOA:E01030444,R2,176320.75611982116,66561.6425762892,109322.59765241852,275.5307240478112,42,3208.0
MIX|Wnone|LSOA:E01030445,R0,273471.6229123529,36874.4990726168,71769.67790766458,248.12093566988688,21,2495.2
MIX|Wnone|LSOA:E01030445,R1,197255.64195697737,36874.4990726168,71769.67790766458,226.38334226604002,21,2495.2
MIX|Wnone|LSOA:E01030445,R2,173153.18170362126,36874.4990726168,71769.67790766458,218.33607047731317,21,2495.2
MIX|Wnone|LSOA:E01030446,R0,587873.476105271,93933.22571845309,198061.0001840574,882.9423562656092,54,7916.8
MIX|Wnone|LSOA:E01030446,R1,478693.3628548985,93933.22571845309,198061.0001840574,840.4855732862466,54,7916.8
MIX|Wnone|LSOA:E01030446,R2,400453.0317151232,93933.22571845309,198061.0001840574,807.9625931137332,54,7916.8
MIX|Wnone|LSOA:E01030447,R0,134181.15929069533,31024.70831343589,51322.18698044072,157.92774897373815,20,1467.1
MIX|Wnone|LSOA:E01030447,R1,95658.86291431835,31024.70831343589,51322.18698044072,144.93400650224643,20,1467.1
MIX|Wnone|LSOA:E01030447,R2,86851.01858743976,31024.70831343589,51322.18698044072,145.7982496966667,20,1467.1
MIX|Wnone|LSOA:E01030458,R0,274797.17994378495,67642.07050866226,130661.73610255626,379.79032153875846,40,4397.5
MIX|Wnone|LSOA:E01030458,R1,231997.6201634222,67642.07050866226,130661.73610255626,367.74976292713006,40,4397.5
MIX|Wnone|LSOA:E01030458,R2,209156.54792161833,67642.07050866226,130661.73610255626,356.4283595365517,40,4397.5
MIX|Wnone|LSOA:E01030459,R0,308801.1388382263,71032.15595596537,118628.57320695993,335.2272161106793,44,3455.0
MIX|Wnone|LSOA:E01030459,R1,192536.96769853256,71032.15595596537,118628.57320695993,287.2637882629148,44,3455.0
MIX|Wnone|LSOA:E01030459,R2,185134.69680306053,71032.15595596537,118628.57320695993,283.034282308847,44,3455.0
MIX|Wnone|LSOA:E01030462,R0,1664.0801915207448,1150.4632182628602,1147.6870304538031,3.2470877213541662,1,22.2
MIX|Wnone|LSOA:E01030462,R1,1536.0845379661632,1150.4632182628602,1147.6870304538031,3.222511547309028,1,22.2
MIX|Wnone|LSOA:E01030462,R2,1536.0845379661632,1150.4632182628602,1147.6870304538031,3.222511547309028,1,22.2
MIX|Wnone|LSOA:E01030465,R0,170896.5854159317,36562.96461610346,65927.1220916376,205.0895039893722,22,2070.2
MIX|Wnone|LSOA:E01030465,R1,139332.3889897901,36562.96461610346,65927.1220916376,191.41663289429457,22,2070.2
MIX|Wnone|LSOA:E01030465,R2,120168.24079113986,36562.96461610346,65927.1220916376,187.02016015696645,22,2070.2
MIX|Wnone|LSOA:E01030466,R0,411876.9291321976,72401.19207441038,140524.11587202412,462.57737037051794,41,4694.799999999999
MIX|Wnone|LSOA:E01030466,R1,309440.9349569187,72401.19207441038,140524.11587202412,422.3233877642652,41,4694.799999999999
MIX|Wnone|LSOA:E01030466,R2,282470.2692729459,72401.19207441038,140524.11587202412,425.73387015804525,41,4694.799999999999
MIX|Wnone|LSOA:E01030471,R0,452152.00551286986,86568.42315532253,174410.59855630135,500.58180324559913,50,6140.599999999999
MIX|Wnone|LSOA:E01030471,R1,342012.6932608164,86568.42315532253,174410.59855630135,446.5488001938277,50,6140.599999999999
MIX|Wnone|LSOA:E01030471,R2,320682.3344062095,86568.42315532253,174410.59855630135,437.2161246767278,50,6140.599999999999
MIX|Wnone|LSOA:E01030472,R0,720622.1031157863,109084.97753050271,214469.0199746644,732.9000077767159,65,7203.7
MIX|Wnone|LSOA:E01030472,R1,557099.6927211699,109084.97753050271,214469.0199746644,665.7022422409585,65,7203.7
MIX|Wnone|LSOA:E01030472,R2,452081.24518536555,109084.97753050271,214469.0199746644,639.2238795175296,65,7203.7
MIX|Wnone|LSOA:E01030473,R0,443316.22491221793,81319.50842860987,151925.06762416146,536.4368460783754,49,5100.0
MIX|Wnone|LSOA:E01030473,R1,331071.7240935849,81319.50842860987,151925.06762416146,494.71627961078565,49,5100.0
MIX|Wnone|LSOA:E01030473,R2,286960.39075206086,81319.50842860987,151925.06762416146,477.8248764204189,49,5100.0
MIX|Wnone|LSOA:E01030474,R0,460141.98344703956,72547.56242724611,130830.00453002242,431.37396967127114,44,4193.599999999999
MIX|Wnone|LSOA:E01030474,R1,312468.8459807711,72547.56242724611,130830.00453002242,372.0174754525645,44,4193.599999999999
MIX|Wnone|LSOA:E01030474,R2,299131.3107258625,72547.56242724611,130830.00453002242,364.56134385383206,44,4193.599999999999
MIX|Wnone|LSOA:E01030475,R0,134361.99011656127,23194.713039172806,41731.267855632745,142.24967481006257,14,1378.6000000000001
MIX|Wnone|LSOA:E01030475,R1,101425.08974926485,23194.713039172806,41731.267855632745,129.76950096822995,14,1378.6000000000001
MIX|Wnone|LSOA:E01030475,R2,92445.52011773655,23194.713039172806,41731.267855632745,131.56822751143545,14,1378.6000000000001
MIX|Wnone|LSOA:E01030476,R0,443750.3159873019,71911.70504750594,145041.66480760867,488.8526753014462,40,5487.1
MIX|Wnone|LSOA:E01030476,R1,338394.4002618812,71911.70504750594,145041.66480760867,442.00061398611496,40,5487.1
MIX|Wnone|LSOA:E01030476,R2,299845.52341837314,71911.70504750594,145041.66480760867,448.13340151324144,40,5487.1
MIX|Wnone|LSOA:E01030477,R0,103631.39694303354,26937.202692490573,44796.36955614399,136.91939764565225,17,1324.0
MIX|Wnone|LSOA:E01030477,R1,74528.1583653772,26937.202692490573,44796.36955614399,116.83721592306881,17,1324.0
MIX|Wnone|LSOA:E01030477,R2,63904.54785831008,26937.202692490573,44796.36955614399,117.12774687788736,17,1324.0
MIX|Wnone|LSOA:E01030478,R0,432983.0278987822,71495.82457278688,128325.29751529648,459.1891045402334,43,3765.6000000000004
MIX|Wnone|LSOA:E01030478,R1,307061.97264325694,71495.82457278688,128325.29751529648,416.2500503656468,43,3765.6000000000004
MIX|Wnone|LSOA:E01030478,R2,257296.938040537,71495.82457278688,128325.29751529648,405.11600836088905,43,3765.6000000000004
MIX|Wnone|LSOA:E01030479,R0,316124.25831591204,56665.83168516292,99737.6968182323,316.73484936534834,34,2974.7
MIX|Wnone|LSOA:E01030479,R1,209843.2260410829,56665.83168516292,99737.6968182323,281.46047932104733,34,2974.7
MIX|Wnone|LSOA:E01030479,R2,177370.1897141221,56665.83168516292,99737.6968182323,267.59311769297193,34,2974.7
MIX|Wnone|LSOA:E01030480,R0,393647.4331978486,69758.86890975911,136916.26166676177,465.13430735003936,40,4763.0
MIX|Wnone|LSOA:E01030480,R1,309714.856122575,69758.86890975911,136916.26166676177,432.0039781342172,40,4763.0
MIX|Wnone|LSOA:E01030480,R2,269541.4621423548,69758.86890975911,136916.26166676177,423.73523234115476,40,4763.0
MIX|Wnone|LSOA:E01030486,R0,3086.9154823910776,1247.317806297713,1518.739701423399,4.647663169942876,1,35.4
MIX|Wnone|LSOA:E01030486,R1,2673.5864021497146,1247.317806297713,1518.739701423399,4.562923589759745,1,35.4
MIX|Wnone|LSOA:E01030486,R2,2673.5864021497146,1247.317806297713,1518.739701423399,4.562923589759745,1,35.4
MIX|Wnone|LSOA:E01030490,R0,460700.5612390401,73761.90317552592,142311.68507479047,462.18701014569,43,4704.8
MIX|Wnone|LSOA:E01030490,R1,358324.6543853326,73761.90317552592,142311.68507479047,424.1311877576027,43,4704.8
MIX|Wnone|LSOA:E01030490,R2,281543.3006519943,73761.90317552592,142311.68507479047,406.37328515042856,43,4704.8
MIX|Wnone|LSOA:E01030491,R0,347801.12988057244,59152.72752315241,108460.62837512822,324.9977102245643,35,3575.3
MIX|Wnone|LSOA:E01030491,R1,259226.02561875415,59152.72752315241,108460.62837512822,283.78138434795966,35,3575.3
MIX|Wnone|LSOA:E01030491,R2,207920.3794433226,59152.72752315241,108460.62837512822,262.55290669783165,35,3575.3
MIX|Wnone|LSOA:E01030492,R0,641396.5719103345,121733.61328090305,236218.96329734765,729.1264893066423,71,7788.499999999999
MIX|Wnone|LSOA:E01030492,R1,508101.891528364,121733.61328090305,236218.96329734765,667.9951010621543,71,7788.499999999999
MIX|Wnone|LSOA:E01030492,R2,444894.1925114462,121733.61328090305,236218.96329734765,653.8597697823345,71,7788.499999999999
MIX|Wnone|LSOA:E01030499,R0,233081.72561990924,59857.08461199986,107472.25377399131,331.472417867451,36,3476.100000000001
MIX|Wnone|LSOA:E01030499,R1,188786.4256866338,59857.08461199986,107472.25377399131,307.2782920681142,36,3476.100000000001
MIX|Wnone|LSOA:E01030499,R2,166711.06296828645,59857.08461199986,107472.25377399131,300.69192319220554,36,3476.100000000001
MIX|Wnone|LSOA:E01030500,R0,305169.9795515215,78802.63997547762,146437.90850831525,365.63497811486917,45,4651.900000000001
MIX|Wnone|LSOA:E01030500,R1,254557.722937433,78802.63997547762,146437.90850831525,345.5428396796612,45,4651.900000000001
MIX|Wnone|LSOA:E01030500,R2,232717.36191457615,78802.63997547762,146437.90850831525,341.40288800382706,45,4651.900000000001
MIX|Wnone|LSOA:E01030501,R0,229282.46648361158,44253.8563260173,81311.82866369735,229.51705343428463,26,2601.4
MIX|Wnone|LSOA:E01030501,R1,170139.3148434927,44253.8563260173,81311.82866369735,206.83905797982837,26,2601.4
MIX|Wnone|LSOA:E01030501,R2,146682.83053206076,44253.8563260173,81311.82866369735,188.8453441418971,26,2601.4
MIX|Wnone|LSOA:E01030502,R0,187299.98333432194,43996.39266613008,75638.74304565259,195.53685872408343,27,2303.2
MIX|Wnone|LSOA:E01030502,R1,157252.6404721348,43996.39266613008,75638.74304565259,180.29101199036236,27,2303.2
MIX|Wnone|LSOA:E01030502,R2,139166.60206568532,43996.39266613008,75638.74304565259,174.93148083337093,27,2303.2
MIX|Wnone|LSOA:E01030503,R0,298829.8031502054,50776.80909776397,96579.11917250065,306.3017416573163,29,3218.1999999999994
MIX|Wnone|LSOA:E01030503,R1,239165.2635519323,50776.80909776397,96579.11917250065,289.6274721149093,29,3218.1999999999994
MIX|Wnone|LSOA:E01030503,R2,227173.1355271111,50776.80909776397,96579.11917250065,292.84344950543345,29,3218.1999999999994
MIX|Wnone|LSOA:E01030504,R0,144527.60062886798,25681.49961531676,48308.5587849294,166.66022413636782,15,1610.7000000000003
MIX|Wnone|LSOA:E01030504,R1,116394.09124722912,25681.49961531676,48308.5587849294,152.26825971201154,15,1610.7000000000003
MIX|Wnone|LSOA:E01030504,R2,100638.31500867227,25681.49961531676,48308.5587849294,149.57905801519615,15,1610.7000000000003
MIX|Wnone|SUB:SPN-R000000843506-000-002Z,R0,64075.00964708184,11412.997747215431,24548.516008485953,78.45315190323494,6,905.0999999999999
MIX|Wnone|SUB:SPN-R000000843506-000-002Z,R1,58732.4716363746,11412.997747215431,24548.516008485953,76.75484337846268,6,905.0999999999999
MIX|Wnone|SUB:SPN-R000000843506-000-002Z,R2,58732.4716363746,11412.997747215431,24548.516008485953,76.75484337846268,6,905.0999999999999
MIX|Wnone|SUB:SPN-R000000843508-000-011Z,R0,247355.93717840343,22154.32150542119,67047.38669460709,412.1222232774934,11,3628.4
MIX|Wnone|SUB:SPN-R000000843508-000-011Z,R1,221074.09079613566,22154.32150542119,67047.38669460709,403.0020413667407,11,3628.4
MIX|Wnone|SUB:SPN-R000000843508-000-011Z,R2,221074.09079613566,22154.32150542119,67047.38669460709,403.0020413667407,11,3628.4
MIX|Wnone|SUB:SPN-R000000843508-000-016Z,R0,124161.22738676242,10469.80431699862,36941.55319667032,247.09421435376368,5,2524.9
MIX|Wnone|SUB:SPN-R000000843508-000-016Z,R1,99140.20861900461,10469.80431699862,36941.55319667032,233.60495224063237,5,2524.9
MIX|Wnone|SUB:SPN-R000000843508-000-016Z,R2,99140.20861900461,10469.80431699862,36941.55319667032,233.60495224063237,5,2524.9
MIX|Wnone|SUB:SPN-R000000848207-000-055Z,R0,40667.2147175367,5197.4622344995205,11150.338399922677,53.601030478707735,3,443.1
MIX|Wnone|SUB:SPN-R000000848207-000-055Z,R1,33245.60617871702,5197.4622344995205,11150.338399922677,50.36434209115823,3,443.1
MIX|Wnone|SUB:SPN-R000000848207-000-055Z,R2,31020.68177479323,5197.4622344995205,11150.338399922677,49.62934247922295,3,443.1
MIX|Wnone|SUB:SPN-R000000852112-000-063Z,R0,6740.167606123286,1623.0135096173785,2568.347274317828,9.189706866039428,1,68.6
MIX|Wnone|SUB:SPN-R000000852112-000-063Z,R1,5031.211919241285,1623.0135096173785,2568.347274317828,8.326891672267024,1,68.6
MIX|Wnone|SUB:SPN-R000000852112-000-063Z,R2,5031.211919241285,1623.0135096173785,2568.347274317828,8.326891672267024,1,68.6
MIX|Wnone|SUB:SPN-R000000852112-000-073Z,R0,20474.53328450946,4448.503997097031,6962.140634819514,22.54115077715966,3,200.7
MIX|Wnone|SUB:SPN-R000000852112-000-073Z,R1,16610.924293750308,4448.503997097031,6962.140634819514,21.553678994057552,3,200.7
MIX|Wnone|SUB:SPN-R000000852112-000-073Z,R2,16610.924293750308,4448.503997097031,6962.140634819514,21.553678994057552,3,200.7
MIX|Wnone|SUB:SPN-R000000852116-000-001Z,R0,135429.33377643226,30969.362709057998,58794.52035955974,199.55066291459534,17,1893.4
MIX|Wnone|SUB:SPN-R000000852116-000-001Z,R1,111593.62321979411,30969.362709057998,58794.52035955974,190.74558415648562,17,1893.4
MIX|Wnone|SUB:SPN-R000000852116-000-001Z,R2,111593.62321979411,30969.362709057998,58794.52035955974,190.74558415648562,17,1893.4
MIX|Wnone|SUB:SPN-S000000171105,R0,28041.785319880983,27184.103007619124,39848.318133055174,90.67107760736567,19,1033.0
MIX|Wnone|SUB:SPN-S000000171105,R1,26667.501971250003,27184.103007619124,39848.318133055174,90.02536531775971,19,1033.0
MIX|Wnone|SUB:SPN-S000000171105,R2,26667.501971250003,27184.103007619124,39848.318133055174,90.02536531775971,19,1033.0
MIX|Wnone|SUB:SPN-S000000171605,R0,16631.775592493508,6276.62031424001,9975.426016337555,28.97572162385479,4,279.2
MIX|Wnone|SUB:SPN-S000000171605,R1,15024.177698059211,6276.62031424001,9975.426016337555,28.16057118241564,4,279.2
MIX|Wnone|SUB:SPN-S000000171605,R2,15024.177698059211,6276.62031424001,9975.426016337555,28.16057118241564,4,279.2
MIX|Wnone|SUB:SPN-S000000171606,R0,69876.61517101749,19824.55559980956,34345.079198809326,118.85227971638508,12,1029.3999999999999
MIX|Wnone|SUB:SPN-S000000171606,R1,64202.20538049854,19824.55559980956,34345.079198809326,115.0043004496275,12,1029.3999999999999
MIX|Wnone|SUB:SPN-S000000171606,R2,61330.12578786553,19824.55559980956,34345.079198809326,114.27789303907494,12,1029.3999999999999
MIX|Wnone|SUB:SPN-S000000171608,R0,106787.38770212379,23555.09669492492,42776.25570543111,167.30177245171765,14,1401.6
MIX|Wnone|SUB:SPN-S000000171608,R1,96638.73485168722,23555.09669492492,42776.25570543111,161.91383182903124,14,1401.6
MIX|Wnone|SUB:SPN-S000000171608,R2,96638.73485168722,23555.09669492492,42776.25570543111,161.91383182903124,14,1401.6
MIX|Wnone|SUB:SPN-S000000171609,R0,167154.27443000858,19191.4538409556,51625.49691118924,204.86752014503335,10,2750.5
MIX|Wnone|SUB:SPN-S000000171609,R1,153062.50728827674,19191.4538409556,51625.49691118924,193.8331824263044,10,2750.5
MIX|Wnone|SUB:SPN-S000000171609,R2,153062.50728827674,19191.4538409556,51625.49691118924,193.8331824263044,10,2750.5
MIX|Wnone|SUB:SPN-S000000171610,R0,165072.09268320416,50764.29732980888,85932.91670999321,251.91238743822493,31,2480.1
MIX|Wnone|SUB:SPN-S000000171610,R1,139651.47421066885,50764.29732980888,85932.91670999321,239.79163052994159,31,2480.1
MIX|Wnone|SUB:SPN-S000000171610,R2,134009.97257487744,50764.29732980888,85932.91670999321,237.17808537748934,31,2480.1
MIX|Wnone|SUB:SPN-S000000171611,R0,181457.28212048422,31350.15993571034,61103.64068123457,184.42378395993939,17,2021.0
MIX|Wnone|SUB:SPN-S000000171611,R1,149243.42241719353,31350.15993571034,61103.64068123457,170.69603604945627,17,2021.0
MIX|Wnone|SUB:SPN-S000000171611,R2,149243.42241719353,31350.15993571034,61103.64068123457,170.69603604945627,17,2021.0
MIX|Wnone|SUB:SPN-S000000171612,R0,66477.873957514,16199.548264589273,29461.057784384353,91.91626824572892,9,898.0
MIX|Wnone|SUB:SPN-S000000171612,R1,56434.36654800091,16199.548264589273,29461.057784384353,86.60038250144217,9,898.0
MIX|Wnone|SUB:SPN-S000000171612,R2,56434.36654800091,16199.548264589273,29461.057784384353,86.60038250144217,9,898.0
MIX|Wnone|SUB:SPN-S000000171613,R0,196437.7966990528,27365.7664232423,56469.89193964098,188.6345330608059,15,2037.0
MIX|Wnone|SUB:SPN-S000000171613,R1,155147.68615208403,27365.7664232423,56469.89193964098,172.805253959906,15,2037.0
MIX|Wnone|SUB:SPN-S000000171613,R2,152939.96477190196,27365.7664232423,56469.89193964098,171.8839904215311,15,2037.0
MIX|Wnone|SUB:SPN-S000000171614,R0,275842.14479053405,43985.02482493532,98605.31661368873,330.4554034137064,23,3849.6
MIX|Wnone|SUB:SPN-S000000171614,R1,231250.8091368507,43985.02482493532,98605.31661368873,312.7097416395306,23,3849.6
MIX|Wnone|SUB:SPN-S000000171614,R2,231250.8091368507,43985.02482493532,98605.31661368873,312.7097416395306,23,3849.6
MIX|Wnone|SUB:SPN-S000000171615,R0,93873.00197044034,16607.36776767714,34122.084524231876,123.02358568599887,9,1211.1999999999998
MIX|Wnone|SUB:SPN-S000000171615,R1,77319.77353440342,16607.36776767714,34122.084524231876,113.32471503167649,9,1211.1999999999998
MIX|Wnone|SUB:SPN-S000000171615,R2,77319.77353440342,16607.36776767714,34122.084524231876,113.32471503167649,9,1211.1999999999998
MIX|Wnone|SUB:SPN-S000000171616,R0,122283.76675912557,20949.103286235888,37412.84220037589,118.9701890707997,12,1132.6999999999998
MIX|Wnone|SUB:SPN-S000000171616,R1,91778.00783433745,20949.103286235888,37412.84220037589,108.44292137868436,12,1132.6999999999998
MIX|Wnone|SUB:SPN-S000000171616,R2,91778.00783433745,20949.103286235888,37412.84220037589,108.44292137868436,12,1132.6999999999998
MIX|Wnone|SUB:SPN-S000000171617,R0,230316.87534935828,49677.90138578466,88910.1971183343,251.14151869551588,28,2678.5
MIX|Wnone|SUB:SPN-S000000171617,R1,172975.82066592027,49677.90138578466,88910.1971183343,229.84374703749288,28,2678.5
MIX|Wnone|SUB:SPN-S000000171617,R2,169223.43213295424,49677.90138578466,88910.1971183343,228.64528918855447,28,2678.5
MIX|Wnone|SUB:SPN-S000000171618,R0,187152.55574582072,44245.300569179366,81829.55482194471,239.9792304725365,26,2661.3999999999996
MIX|Wnone|SUB:SPN-S000000171618,R1,154838.95772838744,44245.300569179366,81829.55482194471,226.80498044709674,26,2661.3999999999996
MIX|Wnone|SUB:SPN-S000000171618,R2,154838.95772838744,44245.300569179366,81829.55482194471,226.80498044709674,26,2661.3999999999996
MIX|Wnone|SUB:SPN-S000000171619,R0,252087.43766073743,61080.932340899795,109445.83566152246,342.4062147739073,38,3428.1
MIX|Wnone|SUB:SPN-S000000171619,R1,199618.08674640342,61080.932340899795,109445.83566152246,324.67631186548795,38,3428.1
MIX|Wnone|SUB:SPN-S000000171619,R2,194286.70806080353,61080.932340899795,109445.83566152246,324.06130809542526,38,3428.1
MIX|Wnone|SUB:SPN-S000000171621,R0,325937.4788889979,52971.42343131367,112508.39103801081,402.29483984378317,28,4111.3
MIX|Wnone|SUB:SPN-S000000171621,R1,283880.7053040825,52971.42343131367,112508.39103801081,382.64122094935306,28,4111.3
MIX|Wnone|SUB:SPN-S000000171621,R2,283880.7053040825,52971.42343131367,112508.39103801081,382.64122094935306,28,4111.3
MIX|Wnone|SUB:SPN-S000000171622,R0,193273.9686289743,22620.583546465234,51177.74732697796,190.8561911758819,12,2006.4
MIX|Wnone|SUB:SPN-S000000171622,R1,154717.97182368,22620.583546465234,51177.74732697796,174.82923124768524,12,2006.4
MIX|Wnone|SUB:SPN-S000000171622,R2,153419.14353118328,22620.583546465234,51177.74732697796,174.4001657525735,12,2006.4
MIX|Wnone|SUB:SPN-S000000171623,R0,185829.157977581,32822.45255497054,70266.81795876738,251.57124180166304,19,2651.2000000000003
MIX|Wnone|SUB:SPN-S000000171623,R1,144695.49322726505,32822.45255497054,70266.81795876738,233.6600605427576,19,2651.2000000000003
MIX|Wnone|SUB:SPN-S000000171623,R2,139540.64285460845,32822.45255497054,70266.81795876738,232.81774195526373,19,2651.2000000000003
MIX|Wnone|SUB:SPN-S000000171624,R0,230637.6662240405,35251.2925572965,76240.4406352998,294.9342378604145,19,2912.0
MIX|Wnone|SUB:SPN-S000000171624,R1,183916.55554746327,35251.2925572965,76240.4406352998,279.9821362060184,19,2912.0
MIX|Wnone|SUB:SPN-S000000171624,R2,176968.722418944,35251.2925572965,76240.4406352998,275.75648879973045,19,2912.0
MIX|Wnone|SUB:SPN-S000000171625,R0,243640.45071715675,40050.75659843764,81504.06136884511,274.0869687418117,22,2843.7999999999997
MIX|Wnone|SUB:SPN-S000000171625,R1,166978.24004348807,40050.75659843764,81504.06136884511,247.76376213658813,22,2843.7999999999997
MIX|Wnone|SUB:SPN-S000000171625,R2,166978.24004348807,40050.75659843764,81504.06136884511,247.76376213658813,22,2843.7999999999997
MIX|Wnone|SUB:SPN-S000000171626,R0,199809.65213577746,40654.31195141045,75910.35680235561,234.2728113310348,24,2518.8
MIX|Wnone|SUB:SPN-S000000171626,R1,154915.1827922546,40654.31195141045,75910.35680235561,215.78889032309164,24,2518.8
MIX|Wnone|SUB:SPN-S000000171626,R2,141807.71609181288,40654.31195141045,75910.35680235561,208.41627791887097,24,2518.8
MIX|Wnone|SUB:SPN-S000000171629,R0,11572.948925414847,6467.554281629946,10360.997172554638,27.524076743314563,4,283.0
MIX|Wnone|SUB:SPN-S000000171629,R1,10158.879426183394,6467.554281629946,10360.997172554638,26.694934487910473,4,283.0
MIX|Wnone|SUB:SPN-S000000171629,R2,10158.879426183394,6467.554281629946,10360.997172554638,26.694934487910473,4,283.0
MIX|Wnone|SUB:SPN-S000000171630,R0,177416.7037253193,48677.09935605537,83402.65498017689,223.6511054582483,29,2389.5999999999995
MIX|Wnone|SUB:SPN-S000000171630,R1,139892.56228503765,48677.09935605537,83402.65498017689,207.1983550047724,29,2389.5999999999995
MIX|Wnone|SUB:SPN-S000000171630,R2,139892.56228503765,48677.09935605537,83402.65498017689,207.1983550047724,29,2389.5999999999995
MIX|Wnone|SUB:SPN-S000000171631,R0,144001.47669465808,43394.030648647,66755.60693971194,176.30635211379897,29,1815.0
MIX|Wnone|SUB:SPN-S000000171631,R1,104832.20053809746,43394.030648647,66755.60693971194,166.83084648268783,29,1815.0
MIX|Wnone|SUB:SPN-S000000171631,R2,104832.20053809746,43394.030648647,66755.60693971194,166.83084648268783,29,1815.0
MIX|Wnone|SUB:SPN-S000000171632,R0,104299.02293115214,32284.81156996861,53036.45003449517,145.48251108002665,20,1512.0
MIX|Wnone|SUB:SPN-S000000171632,R1,91648.94993907091,32284.81156996861,53036.45003449517,135.81106290479897,20,1512.0
MIX|Wnone|SUB:SPN-S000000171632,R2,90705.05664338116,32284.81156996861,53036.45003449517,134.6397125376542,20,1512.0
MIX|Wnone|SUB:SPN-S000000171633,R0,249596.02446394291,36140.07782434361,73686.15643664505,313.0818323046704,21,3010.0
MIX|Wnone|SUB:SPN-S000000171633,R1,173265.64356274426,36140.07782434361,73686.15643664505,288.43981003912074,21,3010.0
MIX|Wnone|SUB:SPN-S000000171633,R2,173265.64356274426,36140.07782434361,73686.15643664505,288.43981003912074,21,3010.0
MIX|Wnone|SUB:SPN-S000000171634,R0,41044.05966463426,13657.03836555667,22948.129991840466,72.97977195709272,8,631.7
MIX|Wnone|SUB:SPN-S000000171634,R1,34934.72688683254,13657.03836555667,22948.129991840466,70.82515231045798,8,631.7
MIX|Wnone|SUB:SPN-S000000171634,R2,32786.79648060007,13657.03836555667,22948.129991840466,70.04379529548403,8,631.7
MIX|Wnone|SUB:SPN-S000000171635,R0,219939.1828497075,60364.19371994736,96389.40087138797,269.57037263336736,38,2635.4
MIX|Wnone|SUB:SPN-S000000171635,R1,147297.86840931445,60364.19371994736,96389.40087138797,244.74735684054866,38,2635.4
MIX|Wnone|SUB:SPN-S000000171635,R2,144539.16037954853,60364.19371994736,96389.40087138797,244.04962340672847,38,2635.4
MIX|Wnone|SUB:SPN-S000000171636,R0,213913.24049759007,59950.745495612864,92861.92366218426,250.49156120992004,39,2509.4999999999995
MIX|Wnone|SUB:SPN-S000000171636,R1,161838.63015168684,59950.745495612864,92861.92366218426,233.34822300865187,39,2509.4999999999995
MIX|Wnone|SUB:SPN-S000000171636,R2,161838.63015168684,59950.745495612864,92861.92366218426,233.34822300865187,39,2509.4999999999995
MIX|Wnone|SUB:SPN-S000000171637,R0,240037.43582340615,51141.931932284664,88827.40458489176,267.8284558335914,31,2728.5
MIX|Wnone|SUB:SPN-S000000171637,R1,156821.3403294306,51141.931932284664,88827.40458489176,235.21917997322453,31,2728.5
MIX|Wnone|SUB:SPN-S000000171637,R2,154349.68013035588,51141.931932284664,88827.40458489176,233.56641548754746,31,2728.5
MIX|Wnone|SUB:SPN-S000000171647,R0,228717.50091708667,50315.00802805893,83418.80341286151,243.44912647571294,31,2334.1000000000004
MIX|Wnone|SUB:SPN-S000000171647,R1,160326.8750411516,50315.00802805893,83418.80341286151,216.01426525090275,31,2334.1000000000004
MIX|Wnone|SUB:SPN-S000000171647,R2,149486.44789062004,50315.00802805893,83418.80341286151,212.41666048630177,31,2334.1000000000004
MIX|Wnone|SUB:SPN-S000000171648,R0,142281.9878419884,39334.54442435114,72865.36219291812,179.3331457931272,22,2245.7000000000003
MIX|Wnone|SUB:SPN-S000000171648,R1,108134.19174379946,39334.54442435114,72865.36219291812,162.49808842861918,22,2245.7000000000003
MIX|Wnone|SUB:SPN-S000000171648,R2,106431.2914680705,39334.54442435114,72865.36219291812,162.21466959603828,22,2245.7000000000003
MIX|Wnone|SUB:SPN-S000000171669,R0,14277.26984767923,8146.618752243201,13960.578659768049,48.22583286270678,5,420.3
MIX|Wnone|SUB:SPN-S000000171669,R1,13771.204828322927,8146.618752243201,13960.578659768049,47.46747220463822,5,420.3
MIX|Wnone|SUB:SPN-S000000171669,R2,13771.204828322927,8146.618752243201,13960.578659768049,47.46747220463822,5,420.3
MIX|Wnone|SUB:SPN-S000000171674,R0,327838.0956735073,60642.50846273523,123496.88250376715,382.8869976651735,33,4306.0
MIX|Wnone|SUB:SPN-S000000171674,R1,290401.8681077687,60642.50846273523,123496.88250376715,362.72441980744844,33,4306.0
MIX|Wnone|SUB:SPN-S000000171674,R2,280293.8399336393,60642.50846273523,123496.88250376715,362.72441980744844,33,4306.0
MIX|Wnone|SUB:SPN-S000000171675,R0,175248.87315615307,34804.79424466366,69710.30106536768,244.98307885781395,20,2499.1
MIX|Wnone|SUB:SPN-S000000171675,R1,135817.68462557494,34804.79424466366,69710.30106536768,226.84214547642625,20,2499.1
MIX|Wnone|SUB:SPN-S000000171675,R2,124439.62636594704,34804.79424466366,69710.30106536768,223.9327470940192,20,2499.1
MIX|Wnone|SUB:SPN-S000000171677,R0,352430.93794092233,74445.5095424054,155089.16683697727,567.2088413489216,41,5714.900000000001
MIX|Wnone|SUB:SPN-S000000171677,R1,283089.14596868807,74445.5095424054,155089.16683697727,542.0680492698833,41,5714.900000000001
MIX|Wnone|SUB:SPN-S000000171677,R2,273920.5815510058,74445.5095424054,155089.16683697727,539.8535635445983,41,5714.900000000001
MIX|Wnone|SUB:SPN-S000000171678,R0,335459.17902898963,84976.70263538073,173481.90634987236,637.0914756605888,48,6522.1
MIX|Wnone|SUB:SPN-S000000171678,R1,307107.9937283528,84976.70263538073,173481.90634987236,627.4157697871899,48,6522.1
MIX|Wnone|SUB:SPN-S000000171678,R2,307107.9937283528,84976.70263538073,173481.90634987236,627.4157697871899,48,6522.1
MIX|Wnone|SUB:SPN-S000000171679,R0,471928.3848176787,57208.599999977145,154441.81949059444,690.5887848747557,29,7320.6
MIX|Wnone|SUB:SPN-S000000171679,R1,424273.38202156883,57208.599999977145,154441.81949059444,672.3279420952941,29,7320.6
MIX|Wnone|SUB:SPN-S000000171679,R2,424273.38202156883,57208.599999977145,154441.81949059444,672.3279420952941,29,7320.6
MIX|Wnone|SUB:SPN-S000000171680,R0,266932.95958267886,33307.10902291522,94027.67229591624,462.48917590740547,17,4900.6
MIX|Wnone|SUB:SPN-S000000171680,R1,236762.57759278337,33307.10902291522,94027.67229591624,445.9653720826488,17,4900.6
MIX|Wnone|SUB:SPN-S000000171680,R2,229594.4764286725,33307.10902291522,94027.67229591624,450.3890305266592,17,4900.6
MIX|Wnone|SUB:SPN-S000000171681,R0,295382.0611478207,45439.27486469597,108808.42832160305,460.6931901631704,24,4646.5
MIX|Wnone|SUB:SPN-S000000171681,R1,246732.23934333702,45439.27486469597,108808.42832160305,440.1520156793727,24,4646.5
MIX|Wnone|SUB:SPN-S000000171681,R2,244056.67045967362,45439.27486469597,108808.42832160305,439.060550667201,24,4646.5
MIX|Wnone|SUB:SPN-S000000171683,R0,158582.29068622168,43626.62924164605,77628.71169800319,250.59967683644675,26,2251.7
MIX|Wnone|SUB:SPN-S000000171683,R1,132184.52022396267,43626.62924164605,77628.71169800319,235.7897775718504,26,2251.7
MIX|Wnone|SUB:SPN-S000000171683,R2,127592.04732694558,43626.62924164605,77628.71169800319,237.31416189329693,26,2251.7
MIX|Wnone|SUB:SPN-S000000171685,R0,99467.48929714118,33260.404655787905,56125.77865372474,134.94289272458522,21,1678.5
MIX|Wnone|SUB:SPN-S000000171685,R1,89675.90033861272,33260.404655787905,56125.77865372474,128.96258389914578,21,1678.5
MIX|Wnone|SUB:SPN-S000000171685,R2,89675.90033861272,33260.404655787905,56125.77865372474,128.96258389914578,21,1678.5
MIX|Wnone|SUB:SPN-S000000171686,R0,91250.67203987885,34846.873005368994,51094.23173772175,138.11885277731022,24,1311.9
MIX|Wnone|SUB:SPN-S000000171686,R1,73081.61786000233,34846.873005368994,51094.23173772175,133.07840019878563,24,1311.9
MIX|Wnone|SUB:SPN-S000000171686,R2,73081.61786000233,34846.873005368994,51094.23173772175,133.07840019878563,24,1311.9
MIX|Wnone|SUB:SPN-S000000171689,R0,21119.380488083538,5660.273735140505,11665.643689206687,46.32269647754956,3,411.6
MIX|Wnone|SUB:SPN-S000000171689,R1,19389.714236914624,5660.273735140505,11665.643689206687,45.77021858697706,3,411.6
MIX|Wnone|SUB:SPN-S000000171689,R2,19389.714236914624,5660.273735140505,11665.643689206687,45.77021858697706,3,411.6
MIX|Wnone|SUB:SPN-S000000171695,R0,167393.2773112558,47822.58834513938,83415.91843110078,235.28189335944015,29,2423.6000000000004
MIX|Wnone|SUB:SPN-S000000171695,R1,140127.22317498596,47822.58834513938,83415.91843110078,220.87890917921166,29,2423.6000000000004
MIX|Wnone|SUB:SPN-S000000171695,R2,132700.77191385656,47822.58834513938,83415.91843110078,220.68816375117845,29,2423.6000000000004
MIX|Wnone|SUB:SPN-S000000171696,R0,230617.78125018463,59923.58258652207,105431.73634455586,309.78283745395595,35,3180.5
MIX|Wnone|SUB:SPN-S000000171696,R1,190246.78043602698,59923.58258652207,105431.73634455586,292.86170415740037,35,3180.5
MIX|Wnone|SUB:SPN-S000000171696,R2,181656.66060835338,59923.58258652207,105431.73634455586,291.96779354863287,35,3180.5
MIX|Wnone|SUB:SPN-S000000171697,R0,66809.98540945277,16873.147475622347,28316.788225659293,93.57583312926451,10,774.3
MIX|Wnone|SUB:SPN-S000000171697,R1,60220.56186939136,16873.147475622347,28316.788225659293,92.20497603787562,10,774.3
MIX|Wnone|SUB:SPN-S000000171697,R2,60220.56186939136,16873.147475622347,28316.788225659293,92.20497603787562,10,774.3
MIX|Wnone|SUB:SPN-S000000171698,R0,160182.7715753329,53372.5551963359,86696.02603451334,236.84722817336825,34,2455.5000000000005
MIX|Wnone|SUB:SPN-S000000171698,R1,135940.31442335364,53372.5551963359,86696.02603451334,228.27544376097094,34,2455.5000000000005
MIX|Wnone|SUB:SPN-S000000171698,R2,133903.40534384153,53372.5551963359,86696.02603451334,227.4445120638516,34,2455.5000000000005
MIX|Wnone|SUB:SPN-S000000171699,R0,43483.42824713191,12241.645370132392,21604.085808210046,68.5101175834487,7,643.0
MIX|Wnone|SUB:SPN-S000000171699,R1,36834.70514360946,12241.645370132392,21604.085808210046,66.25894603677385,7,643.0
MIX|Wnone|SUB:SPN-S000000171699,R2,36834.70514360946,12241.645370132392,21604.085808210046,66.25894603677385,7,643.0
MIX|Wnone|SUB:SPN-S000000171700,R0,168559.75479697803,38801.52126197764,77934.29359054922,213.8067388970419,21,2738.2999999999997
MIX|Wnone|SUB:SPN-S000000171700,R1,149924.1716639377,38801.52126197764,77934.29359054922,201.00301928338723,21,2738.2999999999997
MIX|Wnone|SUB:SPN-S000000171700,R2,144701.4965961296,38801.52126197764,77934.29359054922,201.81723010374006,21,2738.2999999999997
MIX|Wnone|SUB:SPN-S000000171702,R0,16710.89685463586,1915.6345903299327,4093.50933848985,19.839518940614262,1,147.0
MIX|Wnone|SUB:SPN-S000000171702,R1,15595.467138781602,1915.6345903299327,4093.50933848985,19.57732987006014,1,147.0
MIX|Wnone|SUB:SPN-S000000171702,R2,15595.467138781602,1915.6345903299327,4093.50933848985,19.57732987006014,1,147.0
MIX|Wnone|SUB:SPN-S000000171705,R0,386631.87469903997,61936.46080555665,137576.84369233513,505.98631570484054,34,5680.2
MIX|Wnone|SUB:SPN-S000000171705,R1,329469.17290735303,61936.46080555665,137576.84369233513,475.0837338813337,34,5680.2
MIX|Wnone|SUB:SPN-S000000171705,R2,321566.4260327638,61936.46080555665,137576.84369233513,474.6670817502024,34,5680.2
MIX|Wnone|SUB:SPN-S000000171706,R0,310304.848586523,48785.49818013103,101404.94280216798,410.7642882995096,29,3906.0
MIX|Wnone|SUB:SPN-S000000171706,R1,256933.83792721247,48785.49818013103,101404.94280216798,388.41292173344436,29,3906.0
MIX|Wnone|SUB:SPN-S000000171706,R2,251751.34760617698,48785.49818013103,101404.94280216798,387.56608669239824,29,3906.0
MIX|Wnone|SUB:SPN-S000000171708,R0,199792.3173055692,41560.72727774117,82249.76389158829,304.6800488482966,24,3055.0
MIX|Wnone|SUB:SPN-S000000171708,R1,177208.03442539598,41560.72727774117,82249.76389158829,297.1929713562008,24,3055.0
MIX|Wnone|SUB:SPN-S000000171708,R2,177208.03442539598,41560.72727774117,82249.76389158829,297.1929713562008,24,3055.0
MIX|Wnone|SUB:SPN-S000000171709,R0,441303.6261551472,81591.89937483729,164741.2289291437,511.4809901457467,45,5735.700000000002
MIX|Wnone|SUB:SPN-S000000171709,R1,373131.0105143423,81591.89937483729,164741.2289291437,483.0708405157234,45,5735.700000000002
MIX|Wnone|SUB:SPN-S000000171709,R2,362931.1244004573,81591.89937483729,164741.2289291437,480.3298077520515,45,5735.700000000002
MIX|Wnone|SUB:SPN-S000000171710,R0,640258.5850087649,54553.53208097759,144591.2106093345,750.879888028521,28,7735.700000000001
MIX|Wnone|SUB:SPN-S000000171710,R1,588333.6533885009,54553.53208097759,144591.2106093345,723.145514723016,28,7735.700000000001
MIX|Wnone|SUB:SPN-S000000171710,R2,578138.5173964284,54553.53208097759,144591.2106093345,722.4287885564758,28,7735.700000000001
MIX|Wnone|SUB:SPN-S000000171711,R0,147278.1928749485,17477.72453585041,42277.615528712384,161.95871649153452,9,1758.6000000000001
MIX|Wnone|SUB:SPN-S000000171711,R1,133374.81832182885,17477.72453585041,42277.615528712384,154.45992536381644,9,1758.6000000000001
MIX|Wnone|SUB:SPN-S000000171711,R2,133374.81832182885,17477.72453585041,42277.615528712384,154.45992536381644,9,1758.6000000000001
MIX|Wnone|SUB:SPN-S000000171712,R0,289150.0032550136,85626.82331699977,171154.340682081,537.3337934724476,47,5856.599999999999
MIX|Wnone|SUB:SPN-S000000171712,R1,240576.71255343148,85626.82331699977,171154.340682081,511.8172868069562,47,5856.599999999999
MIX|Wnone|SUB:SPN-S000000171712,R2,240576.71255343148,85626.82331699977,171154.340682081,511.8172868069562,47,5856.599999999999
MIX|Wnone|SUB:SPN-S000000171713,R0,353915.34502882324,70401.3312684566,151856.1268270203,501.0103469160508,38,5842.699999999999
MIX|Wnone|SUB:SPN-S000000171713,R1,317923.904344117,70401.3312684566,151856.1268270203,480.1657453575946,38,5842.699999999999
MIX|Wnone|SUB:SPN-S000000171713,R2,316673.8246994762,70401.3312684566,151856.1268270203,479.68707536247734,38,5842.699999999999
MIX|Wnone|SUB:SPN-S000000171714,R0,413084.6556112919,52231.62291641158,118228.75766501449,426.0855249653887,28,4878.0
MIX|Wnone|SUB:SPN-S000000171714,R1,360981.74996074074,52231.62291641158,118228.75766501449,399.226289050699,28,4878.0
MIX|Wnone|SUB:SPN-S000000171714,R2,353912.80863200943,52231.62291641158,118228.75766501449,397.15768554393173,28,4878.0
MIX|Wnone|SUB:SPN-S000000171715,R0,292335.75379400817,63923.49509956957,140784.19921990763,505.61213016149213,35,5378.0
MIX|Wnone|SUB:SPN-S000000171715,R1,233797.4873710621,63923.49509956957,140784.19921990763,476.3042323340301,35,5378.0
MIX|Wnone|SUB:SPN-S000000171715,R2,221870.81168544648,63923.49509956957,140784.19921990763,470.3767297411052,35,5378.0
MIX|Wnone|SUB:SPN-S000000171716,R0,261088.84644209943,67653.85148009937,141710.24352338124,477.40872030459525,37,4976.0
MIX|Wnone|SUB:SPN-S000000171716,R1,214430.06380407413,67653.85148009937,141710.24352338124,455.050533866633,37,4976.0
MIX|Wnone|SUB:SPN-S000000171716,R2,214430.06380407413,67653.85148009937,141710.24352338124,455.050533866633,37,4976.0
MIX|Wnone|SUB:SPN-S000000171717,R0,65672.72480118493,23741.5707438193,43303.87405505267,127.70412693659979,14,1367.2
MIX|Wnone|SUB:SPN-S000000171717,R1,61352.98419919,23741.5707438193,43303.87405505267,125.68886800796751,14,1367.2
MIX|Wnone|SUB:SPN-S000000171717,R2,61352.98419919,23741.5707438193,43303.87405505267,125.68886800796751,14,1367.2
MIX|Wnone|SUB:SPN-S000000171719,R0,206298.45425156213,42776.94226934957,71460.16348300065,215.42289657921182,26,2034.4
MIX|Wnone|SUB:SPN-S000000171719,R1,145462.72662217537,42776.94226934957,71460.16348300065,190.12616310280112,26,2034.4
MIX|Wnone|SUB:SPN-S000000171719,R2,134936.4571140494,42776.94226934957,71460.16348300065,190.82405389532326,26,2034.4
MIX|Wnone|SUB:SPN-S000000171720,R0,225061.35988686583,59221.03563014828,100972.04318163866,265.3274997148261,36,2914.3
MIX|Wnone|SUB:SPN-S000000171720,R1,175528.3572953276,59221.03563014828,100972.04318163866,248.16335623233874,36,2914.3
MIX|Wnone|SUB:SPN-S000000171720,R2,173559.47115353576,59221.03563014828,100972.04318163866,247.6038381965975,36,2914.3
MIX|Wnone|SUB:SPN-S000000171721,R0,259029.07763242623,52526.880429569515,93500.0385936738,285.8519955151541,31,2932.0999999999995
MIX|Wnone|SUB:SPN-S000000171721,R1,190582.22281483296,52526.880429569515,93500.0385936738,262.5777923591435,31,2932.0999999999995
MIX|Wnone|SUB:SPN-S000000171721,R2,185708.6904693633,52526.880429569515,93500.0385936738,264.0319733226852,31,2932.0999999999995
MIX|Wnone|SUB:SPN-S000000171722,R0,245714.22144162483,48229.442879311784,93333.31112352271,272.17373461779704,27,3198.1
MIX|Wnone|SUB:SPN-S000000171722,R1,203664.6374604767,48229.442879311784,93333.31112352271,261.43366303981105,27,3198.1
MIX|Wnone|SUB:SPN-S000000171722,R2,193254.58626907962,48229.442879311784,93333.31112352271,264.5398491075194,27,3198.1
MIX|Wnone|SUB:SPN-S000000171723,R0,184384.50665655153,52004.61708667257,94046.82415721542,287.750323723145,31,3037.0000000000005
MIX|Wnone|SUB:SPN-S000000171723,R1,151296.63147154753,52004.61708667257,94046.82415721542,278.95381726506264,31,3037.0000000000005
MIX|Wnone|SUB:SPN-S000000171723,R2,148443.48644274398,52004.61708667257,94046.82415721542,278.10215514904434,31,3037.0000000000005
MIX|Wnone|SUB:SPN-S000000171724,R0,181551.3802544184,38441.690901709575,71837.98461844039,203.83239045186608,21,2246.3
MIX|Wnone|SUB:SPN-S000000171724,R1,134633.8239235105,38441.690901709575,71837.98461844039,185.47072593674025,21,2246.3
MIX|Wnone|SUB:SPN-S000000171724,R2,130848.84046006121,38441.690901709575,71837.98461844039,186.0075225761379,21,2246.3
MIX|Wnone|SUB:SPN-S000000171725,R0,87734.44227048749,25831.747273461926,44941.64850740539,131.51310588280444,15,1308.3000000000002
MIX|Wnone|SUB:SPN-S000000171725,R1,66296.45872947866,25831.747273461926,44941.64850740539,121.7746326263026,15,1308.3000000000002
MIX|Wnone|SUB:SPN-S000000171725,R2,63882.955240970405,25831.747273461926,44941.64850740539,122.49478191015676,15,1308.3000000000002
MIX|Wnone|SUB:SPN-S000000171730,R0,141337.83808738663,34677.644846029376,57437.21620005528,155.2770793082344,21,1616.0
MIX|Wnone|SUB:SPN-S000000171730,R1,103114.91526065,34677.644846029376,57437.21620005528,136.4294379528186,21,1616.0
MIX|Wnone|SUB:SPN-S000000171730,R2,98112.59853925863,34677.644846029376,57437.21620005528,134.2288686168811,21,1616.0
MIX|Wnone|SUB:SPN-S000000171731,R0,386422.17845091154,85422.04305879973,154679.89000813942,406.2172174788463,49,4753.2
MIX|Wnone|SUB:SPN-S000000171731,R1,302747.50941159355,85422.04305879973,154679.89000813942,370.54507314085816,49,4753.2
MIX|Wnone|SUB:SPN-S000000171731,R2,302747.50941159355,85422.04305879973,154679.89000813942,370.54507314085816,49,4753.2
MIX|Wnone|SUB:SPN-S000000171732,R0,135620.64054777718,26579.623063957224,44276.858184279125,159.9687411454825,16,1259.7
MIX|Wnone|SUB:SPN-S000000171732,R1,91910.91732198931,26579.623063957224,44276.858184279125,139.42609046434507,16,1259.7
MIX|Wnone|SUB:SPN-S000000171732,R2,88736.17610320772,26579.623063957224,44276.858184279125,137.36299541226174,16,1259.7
MIX|Wnone|SUB:SPN-S000000171733,R0,179922.47365642688,39733.854428249746,71097.30988887436,212.691766813566,23,2106.3
MIX|Wnone|SUB:SPN-S000000171733,R1,140319.03770041198,39733.854428249746,71097.30988887436,197.96602230014756,23,2106.3
MIX|Wnone|SUB:SPN-S000000171733,R2,140319.03770041198,39733.854428249746,71097.30988887436,197.96602230014756,23,2106.3
MIX|Wnone|SUB:SPN-S000000171734,R0,221106.28619299567,40122.90108598778,73902.17396626258,222.0489022302153,23,2304.6000000000004
MIX|Wnone|SUB:SPN-S000000171734,R1,176743.95435688522,40122.90108598778,73902.17396626258,202.33762719758715,23,2304.6000000000004
MIX|Wnone|SUB:SPN-S000000171734,R2,163416.6073248241,40122.90108598778,73902.17396626258,199.61132179943107,23,2304.6000000000004
MIX|Wnone|SUB:SPN-S000000171740,R0,160725.09509543102,44247.65215187259,77031.46544601864,217.35269350123946,28,2392.0
MIX|Wnone|SUB:SPN-S000000171740,R1,136633.26167651187,44247.65215187259,77031.46544601864,207.13902478256884,28,2392.0
MIX|Wnone|SUB:SPN-S000000171740,R2,136633.26167651187,44247.65215187259,77031.46544601864,207.13902478256884,28,2392.0
MIX|Wnone|SUB:SPN-S000000171741,R0,187120.21920399368,56557.04818578168,99812.86411271644,283.95098285939105,33,2940.3
MIX|Wnone|SUB:SPN-S000000171741,R1,157719.80825196515,56557.04818578168,99812.86411271644,266.887908848993,33,2940.3
MIX|Wnone|SUB:SPN-S000000171741,R2,151444.9593015976,56557.04818578168,99812.86411271644,263.36943354802355,33,2940.3
MIX|Wnone|SUB:SPN-S000000171742,R0,196430.01380798512,54460.98493961447,92138.62493672935,248.5050687014827,33,2621.4
MIX|Wnone|SUB:SPN-S000000171742,R1,173646.01105169917,54460.98493961447,92138.62493672935,238.60358339896231,33,2621.4
MIX|Wnone|SUB:SPN-S000000171742,R2,168772.9915543897,54460.98493961447,92138.62493672935,237.50896795010726,33,2621.4
MIX|Wnone|SUB:SPN-S000000171743,R0,236638.30866828584,61039.52155862316,106583.55398428111,320.5336289187737,37,3361.7000000000003
MIX|Wnone|SUB:SPN-S000000171743,R1,185112.6629654258,61039.52155862316,106583.55398428111,309.2426861000357,37,3361.7000000000003
MIX|Wnone|SUB:SPN-S000000171743,R2,185112.6629654258,61039.52155862316,106583.55398428111,309.2426861000357,37,3361.7000000000003
MIX|Wnone|SUB:SPN-S000000171744,R0,308493.64425315894,89758.78462255884,156954.06603124883,428.28682052593666,54,4738.4
MIX|Wnone|SUB:SPN-S000000171744,R1,262159.7394709962,89758.78462255884,156954.06603124883,406.7557082451467,54,4738.4
MIX|Wnone|SUB:SPN-S000000171744,R2,260342.2598964918,89758.78462255884,156954.06603124883,406.082912234029,54,4738.4
MIX|Wnone|SUB:SPN-S000000171745,R0,252156.65751872153,82388.34899792651,138804.64248885246,333.37357630975305,51,4026.9
MIX|Wnone|SUB:SPN-S000000171745,R1,216896.2199038011,82388.34899792651,138804.64248885246,311.7228911291264,51,4026.9
MIX|Wnone|SUB:SPN-S000000171745,R2,214686.26490227552,82388.34899792651,138804.64248885246,309.2635219099935,51,4026.9
MIX|Wnone|SUB:SPN-S000000171746,R0,221640.68833407655,75637.48586493582,137904.7455011846,338.56033034740386,43,4238.6
MIX|Wnone|SUB:SPN-S000000171746,R1,185680.25967031694,75637.48586493582,137904.7455011846,321.7768450360554,43,4238.6
MIX|Wnone|SUB:SPN-S000000171746,R2,183501.20999637098,75637.48586493582,137904.7455011846,320.81590555367006,43,4238.6
MIX|Wnone|SUB:SPN-S000000171749,R0,100419.9975029004,30433.21354276778,58651.87584813505,183.58502626654195,17,1967.8
MIX|Wnone|SUB:SPN-S000000171749,R1,87409.43900493952,30433.21354276778,58651.87584813505,175.56566506392323,17,1967.8
MIX|Wnone|SUB:SPN-S000000171749,R2,87409.43900493952,30433.21354276778,58651.87584813505,175.56566506392323,17,1967.8
MIX|Wnone|SUB:SPN-S000000171773,R0,171492.50703458802,39034.000671215974,69012.61409513725,199.85450142739762,23,2061.2000000000003
MIX|Wnone|SUB:SPN-S000000171773,R1,144617.50036168686,39034.000671215974,69012.61409513725,185.27023893277453,23,2061.2000000000003
MIX|Wnone|SUB:SPN-S000000171773,R2,141707.63024809817,39034.000671215974,69012.61409513725,185.159458982499,23,2061.2000000000003
MIX|Wnone|SUB:SPN-S000000171774,R0,292174.1901181719,89633.24581929235,152698.44299027405,408.08352975014003,56,4721.9
MIX|Wnone|SUB:SPN-S000000171774,R1,259410.81385285105,89633.24581929235,152698.44299027405,393.94101261506927,56,4721.9
MIX|Wnone|SUB:SPN-S000000171774,R2,256705.2452910545,89633.24581929235,152698.44299027405,393.94101261506927,56,4721.9
MIX|Wnone|SUB:SPN-S000000171775,R0,278407.11059347214,46685.80609354196,87765.3980477053,280.0561099671767,26,2790.5000000000005
MIX|Wnone|SUB:SPN-S000000171775,R1,199661.53751547565,46685.80609354196,87765.3980477053,249.1421220559277,26,2790.5000000000005
MIX|Wnone|SUB:SPN-S000000171775,R2,196722.68762627218,46685.80609354196,87765.3980477053,247.01333545312164,26,2790.5000000000005
MIX|Wnone|SUB:SPN-S000000171780,R0,163327.51690654305,30421.21663537999,55972.14627332319,161.8272545031288,17,1741.6000000000001
MIX|Wnone|SUB:SPN-S000000171780,R1,113616.5894046617,30421.21663537999,55972.14627332319,145.48541830219847,17,1741.6000000000001
MIX|Wnone|SUB:SPN-S000000171780,R2,111107.78946554131,30421.21663537999,55972.14627332319,145.48541830219847,17,1741.6000000000001
MIX|Wnone|SUB:SPN-S000000171781,R0,217375.5891289352,33674.568593848904,66962.34650630793,233.49742361707098,18,2221.2
MIX|Wnone|SUB:SPN-S000000171781,R1,174883.01637701824,33674.568593848904,66962.34650630793,219.64390146017686,18,2221.2
MIX|Wnone|SUB:SPN-S000000171781,R2,165675.67785292174,33674.568593848904,66962.34650630793,219.64390146017686,18,2221.2
MIX|Wnone|SUB:SPN-S000000171789,R0,192220.87417610124,54987.064148210375,94028.21068591575,283.7057166795381,33,2755.8999999999996
MIX|Wnone|SUB:SPN-S000000171789,R1,148467.63006969535,54987.064148210375,94028.21068591575,264.2914206414088,33,2755.8999999999996
MIX|Wnone|SUB:SPN-S000000171789,R2,148467.63006969535,54987.064148210375,94028.21068591575,264.2914206414088,33,2755.8999999999996
MIX|Wnone|SUB:SPN-S000000171790,R0,242112.8436998006,34679.98135841881,69277.63720032704,272.51649392819337,19,2378.7999999999997
MIX|Wnone|SUB:SPN-S000000171790,R1,178675.68869998446,34679.98135841881,69277.63720032704,250.16320487901348,19,2378.7999999999997
MIX|Wnone|SUB:SPN-S000000171790,R2,175662.48349445997,34679.98135841881,69277.63720032704,249.5176140978459,19,2378.7999999999997
MIX|Wnone|SUB:SPN-S000000171791,R0,1625.1823881138773,1142.9659569970038,1101.0366484360336,3.06,1,20.4
MIX|Wnone|SUB:SPN-S000000171791,R1,1371.7120006655357,1142.9659569970038,1101.0366484360336,2.992836619636194,1,20.4
MIX|Wnone|SUB:SPN-S000000171791,R2,1371.7120006655357,1142.9659569970038,1101.0366484360336,2.992836619636194,1,20.4
MIX|Wnone|SUB:SPN-S000000171792,R0,45016.56194430675,28110.56611122124,43256.0397092422,95.29487523968889,20,1040.7
MIX|Wnone|SUB:SPN-S000000171792,R1,41671.28639439518,28110.56611122124,43256.0397092422,91.82681237541573,20,1040.7
MIX|Wnone|SUB:SPN-S000000171792,R2,41671.28639439518,28110.56611122124,43256.0397092422,91.82681237541573,20,1040.7
MIX|Wnone|SUB:SPN-S000000171794,R0,87969.31127515834,37271.29169820878,61625.51783626669,122.93263997556356,26,1716.4999999999998
MIX|Wnone|SUB:SPN-S000000171794,R1,81203.6474657285,37271.29169820878,61625.51783626669,119.92277585429783,26,1716.4999999999998
MIX|Wnone|SUB:SPN-S000000171794,R2,73172.83277894495,37271.29169820878,61625.51783626669,119.92277585429783,26,1716.4999999999998
MIX|Wnone|SUB:SPN-S000000171795,R0,167180.2472282024,49719.436436945965,87883.64122497772,237.47201041231617,29,2594.2000000000003
MIX|Wnone|SUB:SPN-S000000171795,R1,145788.68443095952,49719.436436945965,87883.64122497772,226.05562517943991,29,2594.2000000000003
MIX|Wnone|SUB:SPN-S000000171795,R2,144614.36718902417,49719.436436945965,87883.64122497772,226.05562517943991,29,2594.2000000000003
MIX|Wnone|SUB:SPN-S000000171796,R0,124773.83610823768,49961.8317647002,78875.03060217042,198.1939330869709,33,2158.2
MIX|Wnone|SUB:SPN-S000000171796,R1,109577.40054334466,49961.8317647002,78875.03060217042,192.155790057372,33,2158.2
MIX|Wnone|SUB:SPN-S000000171796,R2,109577.40054334466,49961.8317647002,78875.03060217042,192.155790057372,33,2158.2
MIX|Wnone|SUB:SPN-S000000171797,R0,275504.7836083239,74439.50935314283,133826.8544958036,353.93506066971395,43,4085.0
MIX|Wnone|SUB:SPN-S000000171797,R1,230185.62961773723,74439.50935314283,133826.8544958036,335.5520599250411,43,4085.0
MIX|Wnone|SUB:SPN-S000000171797,R2,230185.62961773723,74439.50935314283,133826.8544958036,335.5520599250411,43,4085.0
MIX|Wnone|SUB:SPN-S000000171798,R0,49328.48212850519,17319.069094306848,33361.7143374548,97.4430493424819,10,1148.5
MIX|Wnone|SUB:SPN-S000000171798,R1,46007.03973946815,17319.069094306848,33361.7143374548,96.11304480218215,10,1148.5
MIX|Wnone|SUB:SPN-S000000171798,R2,43744.20057869289,17319.069094306848,33361.7143374548,95.43758864120214,10,1148.5
MIX|Wnone|SUB:SPN-S000000171802,R0,50721.86870866026,30606.319770952832,51630.51666057506,143.5117154890764,19,1334.2
MIX|Wnone|SUB:SPN-S000000171802,R1,44706.98175216801,30606.319770952832,51630.51666057506,142.66556957897672,19,1334.2
MIX|Wnone|SUB:SPN-S000000171802,R2,44706.98175216801,30606.319770952832,51630.51666057506,142.66556957897672,19,1334.2
MIX|Wnone|SUB:SPN-S000000171804,R0,84885.71543103702,27358.719284733077,44190.50219887658,131.76695253067305,18,1312.4
MIX|Wnone|SUB:SPN-S000000171804,R1,73053.65517692166,27358.719284733077,44190.50219887658,123.3037256713534,18,1312.4
MIX|Wnone|SUB:SPN-S000000171804,R2,73053.65517692166,27358.719284733077,44190.50219887658,123.3037256713534,18,1312.4
MIX|Wnone|SUB:SPN-S000000171806,R0,182158.30913735897,52251.711415651705,86054.28712879086,201.36492377729004,35,2555.8999999999996
MIX|Wnone|SUB:SPN-S000000171806,R1,151644.74479122338,52251.711415651705,86054.28712879086,186.40242308523005,35,2555.8999999999996
MIX|Wnone|SUB:SPN-S000000171806,R2,143894.23251568733,52251.711415651705,86054.28712879086,183.48021809412117,35,2555.8999999999996
MIX|Wnone|SUB:SPN-S000000171807,R0,246598.86327437317,49928.92112924704,95579.06984848922,308.039242739058,31,3482.5
MIX|Wnone|SUB:SPN-S000000171807,R1,193869.1653559185,49928.92112924704,95579.06984848922,290.5386516457074,31,3482.5
MIX|Wnone|SUB:SPN-S000000171807,R2,191655.51835081226,49928.92112924704,95579.06984848922,288.75947372698124,31,3482.5
MIX|Wnone|SUB:SPN-S000000171808,R0,276736.7450204237,81682.8923890204,150822.66166099635,442.37530966789546,51,5064.1
MIX|Wnone|SUB:SPN-S000000171808,R1,238384.6695369631,81682.8923890204,150822.66166099635,419.21437949409415,51,5064.1
MIX|Wnone|SUB:SPN-S000000171808,R2,236121.83037618786,81682.8923890204,150822.66166099635,417.39566428828533,51,5064.1
MIX|Wnone|SUB:SPN-S000000171810,R0,306011.14780676045,65974.6077854907,140626.36034962998,498.37323961933663,36,5355.4
MIX|Wnone|SUB:SPN-S000000171810,R1,263551.20424453245,65974.6077854907,140626.36034962998,478.95456042045356,36,5355.4
MIX|Wnone|SUB:SPN-S000000171810,R2,258640.5067492224,65974.6077854907,140626.36034962998,474.90149200945297,36,5355.4
MIX|Wnone|SUB:SPN-S000000171811,R0,488312.5314033732,82861.71913628434,189909.49936674134,696.0277459642147,44,7825.9
MIX|Wnone|SUB:SPN-S000000171811,R1,444446.7474542374,82861.71913628434,189909.49936674134,664.634073951075,44,7825.9
MIX|Wnone|SUB:SPN-S000000171811,R2,442981.2801312387,82861.71913628434,189909.49936674134,663.5963692328739,44,7825.9
MIX|Wnone|SUB:SPN-S000000171812,R0,226195.27091607716,53724.57546492483,91238.48304387406,291.77023704035525,34,2750.9
MIX|Wnone|SUB:SPN-S000000171812,R1,170078.11876494478,53724.57546492483,91238.48304387406,278.1784840042922,34,2750.9
MIX|Wnone|SUB:SPN-S000000171812,R2,160477.29597560613,53724.57546492483,91238.48304387406,272.29707268701793,34,2750.9
MIX|Wnone|SUB:SPN-S000000171813,R0,339061.95582650043,53218.267439618314,108261.80779065183,376.8061303991048,32,4108.8
MIX|Wnone|SUB:SPN-S000000171813,R1,290854.5047456281,53218.267439618314,108261.80779065183,356.7988927658141,32,4108.8
MIX|Wnone|SUB:SPN-S000000171813,R2,237843.09601939772,53218.267439618314,108261.80779065183,336.4284869372746,32,4108.8
MIX|Wnone|SUB:SPN-S000000171814,R0,551015.2557216327,77675.22910312499,186285.63366288977,690.5735617321117,41,7946.599999999999
MIX|Wnone|SUB:SPN-S000000171814,R1,487419.1086907451,77675.22910312499,186285.63366288977,660.6543880587194,41,7946.599999999999
MIX|Wnone|SUB:SPN-S000000171814,R2,470680.7079968167,77675.22910312499,186285.63366288977,662.0715469109117,41,7946.599999999999
MIX|Wnone|SUB:SPN-S000000171815,R0,371963.1370659771,57167.73968022241,135529.23897690926,506.6435579895375,30,5917.900000000001
MIX|Wnone|SUB:SPN-S000000171815,R1,339898.1213625765,57167.73968022241,135529.23897690926,491.1063119112254,30,5917.900000000001
MIX|Wnone|SUB:SPN-S000000171815,R2,331019.8440329435,57167.73968022241,135529.23897690926,483.6677725236198,30,5917.900000000001
MIX|Wnone|SUB:SPN-S000000171816,R0,425988.66237877717,50825.00364663161,138676.556992408,613.5661668086975,26,6845.5
MIX|Wnone|SUB:SPN-S000000171816,R1,395098.2468251609,50825.00364663161,138676.556992408,596.3158552107834,26,6845.5
MIX|Wnone|SUB:SPN-S000000171816,R2,395098.2468251609,50825.00364663161,138676.556992408,596.3158552107834,26,6845.5
MIX|Wnone|SUB:SPN-S000000171817,R0,210693.55255012395,22101.60339550562,66842.5442512744,349.22930866138324,11,3657.6999999999994
MIX|Wnone|SUB:SPN-S000000171817,R1,195099.22427841456,22101.60339550562,66842.5442512744,343.46078533010575,11,3657.6999999999994
MIX|Wnone|SUB:SPN-S000000171817,R2,195099.22427841456,22101.60339550562,66842.5442512744,343.46078533010575,11,3657.6999999999994
MIX|Wnone|SUB:SPN-S000000171821,R0,454964.3405734358,38800.27944407436,124469.79896872089,658.0291761756507,19,7420.599999999999
MIX|Wnone|SUB:SPN-S000000171821,R1,425765.31528780895,38800.27944407436,124469.79896872089,641.9737490118946,19,7420.599999999999
MIX|Wnone|SUB:SPN-S000000171821,R2,425765.31528780895,38800.27944407436,124469.79896872089,641.9737490118946,19,7420.599999999999
MIX|Wnone|SUB:SPN-S000000171822,R0,188204.92885342127,23313.971313372967,62392.53552652121,298.71335704712686,12,2908.3999999999996
MIX|Wnone|SUB:SPN-S000000171822,R1,172680.28641833764,23313.971313372967,62392.53552652121,290.7485958178534,12,2908.3999999999996
MIX|Wnone|SUB:SPN-S000000171822,R2,164881.90512206205,23313.971313372967,62392.53552652121,295.56121975843104,12,2908.3999999999996
MIX|Wnone|SUB:SPN-S000000171825,R0,19403.958966330003,2207.8273150755554,9177.270668685454,54.555702051343275,1,695.5
MIX|Wnone|SUB:SPN-S000000171825,R1,18801.91673643448,2207.8273150755554,9177.270668685454,53.63707443722817,1,695.5
MIX|Wnone|SUB:SPN-S000000171825,R2,18801.91673643448,2207.8273150755554,9177.270668685454,53.63707443722817,1,695.5
MIX|Wnone|SUB:SPN-S000000171826,R0,6598.536123345396,1915.6345903299327,4093.5093384898496,12.272110962825655,1,147.0
MIX|Wnone|SUB:SPN-S000000171826,R1,6405.841371744437,1915.6345903299327,4093.5093384898496,12.20608888210444,1,147.0
MIX|Wnone|SUB:SPN-S000000171826,R2,6405.841371744437,1915.6345903299327,4093.5093384898496,12.20608888210444,1,147.0
MIX|Wnone|SUB:SPN-S000000171828,R0,271926.2434710551,72344.9019042739,122358.39599031422,305.9620043080873,45,3635.4999999999995
MIX|Wnone|SUB:SPN-S000000171828,R1,204008.2763246003,72344.9019042739,122358.39599031422,280.57653735518045,45,3635.4999999999995
MIX|Wnone|SUB:SPN-S000000171828,R2,198222.26331685763,72344.9019042739,122358.39599031422,278.2918780219556,45,3635.4999999999995
MIX|Wnone|SUB:SPN-S000000171829,R0,186289.75816817535,45765.415162421785,80142.02340709986,222.68967496721885,28,2418.5
MIX|Wnone|SUB:SPN-S000000171829,R1,162143.41824567202,45765.415162421785,80142.02340709986,209.57165377030066,28,2418.5
MIX|Wnone|SUB:SPN-S000000171829,R2,162143.41824567202,45765.415162421785,80142.02340709986,209.57165377030066,28,2418.5
MIX|Wnone|SUB:SPN-S000000171830,R0,103538.06330259866,34312.74432320975,64368.211133234516,176.1796789155906,20,1997.1999999999998
MIX|Wnone|SUB:SPN-S000000171830,R1,86590.03058424787,34312.74432320975,64368.211133234516,172.331117249202,20,1997.1999999999998
MIX|Wnone|SUB:SPN-S000000171830,R2,85339.95093960702,34312.74432320975,64368.211133234516,172.331117249202,20,1997.1999999999998
MIX|Wnone|SUB:SPN-S000000171831,R0,242899.47912144603,63137.99555993368,122883.59623287362,290.6341763287997,34,4013.9
MIX|Wnone|SUB:SPN-S000000171831,R1,217515.72341743493,63137.99555993368,122883.59623287362,278.46197454286624,34,4013.9
MIX|Wnone|SUB:SPN-S000000171831,R2,217515.72341743493,63137.99555993368,122883.59623287362,278.46197454286624,34,4013.9
MIX|Wnone|SUB:SPN-S000000171832,R0,238189.75230474153,63517.19462959045,114222.57083437653,311.7555326246158,37,3536.2999999999997
MIX|Wnone|SUB:SPN-S000000171832,R1,200900.8454980356,63517.19462959045,114222.57083437653,289.306694161754,37,3536.2999999999997
MIX|Wnone|SUB:SPN-S000000171832,R2,198248.71267119347,63517.19462959045,114222.57083437653,287.38559405678274,37,3536.2999999999997
MIX|Wnone|SUB:SPN-S000000171833,R0,188021.81963054737,54513.709672382785,92627.72708451058,225.69422232593612,34,2731.6
MIX|Wnone|SUB:SPN-S000000171833,R1,150886.92055088156,54513.709672382785,92627.72708451058,204.2665584054773,34,2731.6
MIX|Wnone|SUB:SPN-S000000171833,R2,147819.04798361554,54513.709672382785,92627.72708451058,203.2530924457212,34,2731.6
MIX|Wnone|SUB:SPN-S000000171834,R0,184703.17487772478,47430.388754096144,91893.59564372004,229.66219718360318,27,3057.6
MIX|Wnone|SUB:SPN-S000000171834,R1,170027.60125696915,47430.388754096144,91893.59564372004,223.18351321222613,27,3057.6
MIX|Wnone|SUB:SPN-S000000171834,R2,170027.60125696915,47430.388754096144,91893.59564372004,223.18351321222613,27,3057.6
MIX|Wnone|SUB:SPN-S000000171836,R0,359944.77458928985,43926.405127258666,94141.89439778091,374.5219772823417,26,3798.3
MIX|Wnone|SUB:SPN-S000000171836,R1,305154.3702550158,43926.405127258666,94141.89439778091,347.88146170057183,26,3798.3
MIX|Wnone|SUB:SPN-S000000171836,R2,300100.8663597483,43926.405127258666,94141.89439778091,346.30283259608467,26,3798.3
MIX|Wnone|SUB:SPN-S000000171837,R0,188515.5689567019,19797.291330461725,54752.79198500952,268.53632956468226,10,2652.1000000000004
MIX|Wnone|SUB:SPN-S000000171837,R1,145515.48866807154,19797.291330461725,54752.79198500952,252.57160337410932,10,2652.1000000000004
MIX|Wnone|SUB:SPN-S000000171837,R2,135459.1541162312,19797.291330461725,54752.79198500952,250.92836702335043,10,2652.1000000000004
MIX|Wnone|SUB:SPN-S000000171838,R0,142622.07451892988,30802.513842150525,53244.12904255405,159.36159943784023,20,1612.9
MIX|Wnone|SUB:SPN-S000000171838,R1,111131.52276159349,30802.513842150525,53244.12904255405,144.16380354864623,20,1612.9
MIX|Wnone|SUB:SPN-S000000171838,R2,104498.60128567273,30802.513842150525,53244.12904255405,139.4789667844312,20,1612.9
MIX|Wnone|SUB:SPN-S000000171839,R0,329594.9234265856,61576.63777719255,128275.46981799616,417.44937555635545,33,4587.599999999999
MIX|Wnone|SUB:SPN-S000000171839,R1,273796.07819193054,61576.63777719255,128275.46981799616,396.1685968740148,33,4587.599999999999
MIX|Wnone|SUB:SPN-S000000171839,R2,265200.18298775196,61576.63777719255,128275.46981799616,394.63055400602116,33,4587.599999999999
MIX|Wnone|SUB:SPN-S000000171840,R0,318376.816739368,76016.61284029129,144472.43922125234,384.753260654065,43,4596.5999999999985
MIX|Wnone|SUB:SPN-S000000171840,R1,281206.58789074165,76016.61284029129,144472.43922125234,367.9458283206816,43,4596.5999999999985
MIX|Wnone|SUB:SPN-S000000171840,R2,281206.58789074165,76016.61284029129,144472.43922125234,367.9458283206816,43,4596.5999999999985
MIX|Wnone|SUB:SPN-S000000171845,R0,372863.13203363144,38869.715142611094,99561.9238942379,500.7255306872228,20,4652.2
MIX|Wnone|SUB:SPN-S000000171845,R1,311265.0932722557,38869.715142611094,99561.9238942379,476.7510496315658,20,4652.2
MIX|Wnone|SUB:SPN-S000000171845,R2,311265.0932722557,38869.715142611094,99561.9238942379,476.7510496315658,20,4652.2
MIX|Wnone|SUB:SPN-S000000171846,R0,81447.2637303101,30286.8448808279,50174.679009898755,149.54334434024656,19,1429.0
MIX|Wnone|SUB:SPN-S000000171846,R1,71855.56726838561,30286.8448808279,50174.679009898755,147.77427669643157,19,1429.0
MIX|Wnone|SUB:SPN-S000000171846,R2,71855.56726838561,30286.8448808279,50174.679009898755,147.77427669643157,19,1429.0
MIX|Wnone|SUB:SPN-S000000171847,R0,29925.543590285226,9744.560730003841,15732.354864855653,53.437535983388024,6,433.0
MIX|Wnone|SUB:SPN-S000000171847,R1,25534.03777807804,9744.560730003841,15732.354864855653,51.46474509042496,6,433.0
MIX|Wnone|SUB:SPN-S000000171847,R2,25534.03777807804,9744.560730003841,15732.354864855653,51.46474509042496,6,433.0
MIX|Wnone|SUB:SPN-S000000171848,R0,154593.19005805027,34522.777839433606,68262.4807829026,193.23265420740404,20,2402.7999999999997
MIX|Wnone|SUB:SPN-S000000171848,R1,135605.9542539747,34522.777839433606,68262.4807829026,184.93596746053512,20,2402.7999999999997
MIX|Wnone|SUB:SPN-S000000171848,R2,135605.9542539747,34522.777839433606,68262.4807829026,184.93596746053512,20,2402.7999999999997
MIX|Wnone|SUB:SPN-S000000171849,R0,142337.29418342473,27547.416299023338,51677.16804130269,164.07266492321685,16,1704.6
MIX|Wnone|SUB:SPN-S000000171849,R1,100455.2008501963,27547.416299023338,51677.16804130269,146.54460809062772,16,1704.6
MIX|Wnone|SUB:SPN-S000000171849,R2,100455.2008501963,27547.416299023338,51677.16804130269,146.54460809062772,16,1704.6
MIX|Wnone|SUB:SPN-S000000171850,R0,236554.95632600994,33236.38442025246,68189.62147558368,232.28898665063204,18,2415.6000000000004
MIX|Wnone|SUB:SPN-S000000171850,R1,181254.5759080701,33236.38442025246,68189.62147558368,205.8679558594297,18,2415.6000000000004
MIX|Wnone|SUB:SPN-S000000171850,R2,181254.5759080701,33236.38442025246,68189.62147558368,205.8679558594297,18,2415.6000000000004
MIX|Wnone|SUB:SPN-S000000171851,R0,186646.3153544275,39355.72168081305,73349.02105984233,234.48180500294566,22,2312.7999999999997
MIX|Wnone|SUB:SPN-S000000171851,R1,138704.29404217895,39355.72168081305,73349.02105984233,219.36524152598986,22,2312.7999999999997
MIX|Wnone|SUB:SPN-S000000171851,R2,136145.39877725457,39355.72168081305,73349.02105984233,220.1287732968232,22,2312.7999999999997
MIX|Wnone|SUB:SPN-S000000171852,R0,168307.617336309,47370.91032331261,84931.9673167199,217.93990296045416,28,2665.2999999999997
MIX|Wnone|SUB:SPN-S000000171852,R1,145052.8969441166,47370.91032331261,84931.9673167199,208.33658441746675,28,2665.2999999999997
MIX|Wnone|SUB:SPN-S000000171852,R2,142581.23674504188,47370.91032331261,84931.9673167199,206.68381993178969,28,2665.2999999999997
MIX|Wnone|SUB:SPN-S000000171853,R0,65037.159994755064,9546.215226012358,20289.516237900505,75.17209745106015,5,732.1
MIX|Wnone|SUB:SPN-S000000171853,R1,47231.12613403669,9546.215226012358,20289.516237900505,70.73397758088171,5,732.1
MIX|Wnone|SUB:SPN-S000000171853,R2,47231.12613403669,9546.215226012358,20289.516237900505,70.73397758088171,5,732.1
MIX|Wnone|SUB:SPN-S000000171854,R0,255627.07784860954,30633.70485807996,70667.92267338908,263.05002438790194,16,2814.2
MIX|Wnone|SUB:SPN-S000000171854,R1,197020.98797681427,30633.70485807996,70667.92267338908,237.03849010865116,16,2814.2
MIX|Wnone|SUB:SPN-S000000171854,R2,191328.7334826063,30633.70485807996,70667.92267338908,236.4647221757919,16,2814.2
MIX|Wnone|SUB:SPN-S000000171855,R0,152754.56079706008,43243.22944396394,72052.40102947268,179.72794328264177,28,1941.7
MIX|Wnone|SUB:SPN-S000000171855,R1,125156.49611044645,43243.22944396394,72052.40102947268,167.65322041918273,28,1941.7
MIX|Wnone|SUB:SPN-S000000171855,R2,121852.30633280703,43243.22944396394,72052.40102947268,166.22018358412305,28,1941.7
MIX|Wnone|SUB:SPN-S000000171856,R0,173190.55820331597,35887.597624233254,71827.58279049594,212.25567908993526,20,2503.2
MIX|Wnone|SUB:SPN-S000000171856,R1,145623.66921142,35887.597624233254,71827.58279049594,201.13405396578258,20,2503.2
MIX|Wnone|SUB:SPN-S000000171856,R2,137150.76742126534,35887.597624233254,71827.58279049594,200.69627875547937,20,2503.2
MIX|Wnone|SUB:SPN-S000000171857,R0,323372.69715003343,60494.34320550662,113127.05231691718,341.8038438917668,34,3601.2
MIX|Wnone|SUB:SPN-S000000171857,R1,257273.8372529862,60494.34320550662,113127.05231691718,312.32494961230617,34,3601.2
MIX|Wnone|SUB:SPN-S000000171857,R2,248453.78690665268,60494.34320550662,113127.05231691718,311.617056195139,34,3601.2
MIX|Wnone|SUB:SPN-S000000171858,R0,334406.60041361314,41959.14460415274,95611.67871326822,339.72889979544,22,3814.6
MIX|Wnone|SUB:SPN-S000000171858,R1,273928.0148444571,41959.14460415274,95611.67871326822,317.2475649195279,22,3814.6
MIX|Wnone|SUB:SPN-S000000171858,R2,273928.0148444571,41959.14460415274,95611.67871326822,317.2475649195279,22,3814.6
MIX|Wnone|SUB:SPN-S000000171859,R0,239184.53729553672,43763.73095593249,70602.87572885503,222.5010518336369,28,2019.8999999999999
MIX|Wnone|SUB:SPN-S000000171859,R1,165641.26597697413,43763.73095593249,70602.87572885503,195.64479525063118,28,2019.8999999999999
MIX|Wnone|SUB:SPN-S000000171859,R2,164782.09381448114,43763.73095593249,70602.87572885503,195.63180465818326,28,2019.8999999999999
MIX|Wnone|SUB:SPN-S000000171860,R0,268182.7954311936,51531.71136849963,89833.13871540246,297.09961615953375,32,2741.0
MIX|Wnone|SUB:SPN-S000000171860,R1,198593.24625742275,51531.71136849963,89833.13871540246,276.74617751621787,32,2741.0
MIX|Wnone|SUB:SPN-S000000171860,R2,198593.24625742275,51531.71136849963,89833.13871540246,276.74617751621787,32,2741.0
MIX|Wnone|SUB:SPN-S000000171861,R0,293044.9799434949,47246.80990935257,112318.63992650712,414.7853485667071,26,5077.799999999999
MIX|Wnone|SUB:SPN-S000000171861,R1,265389.1718768179,47246.80990935257,112318.63992650712,401.57294286922064,26,5077.799999999999
MIX|Wnone|SUB:SPN-S000000171861,R2,260207.8674332616,47246.80990935257,112318.63992650712,401.57294286922064,26,5077.799999999999
MIX|Wnone|SUB:SPN-S000000171862,R0,201945.51477470595,40527.903866287685,81440.2347766243,285.7194077594052,23,2843.4
MIX|Wnone|SUB:SPN-S000000171862,R1,161086.4105350289,40527.903866287685,81440.2347766243,268.8223687362005,23,2843.4
MIX|Wnone|SUB:SPN-S000000171862,R2,157731.82090540158,40527.903866287685,81440.2347766243,267.4225267363321,23,2843.4
MIX|Wnone|SUB:SPN-S000000171863,R0,244772.2218977141,35166.51212312098,85362.99595327403,344.42031419024505,19,3844.3999999999996
MIX|Wnone|SUB:SPN-S000000171863,R1,208272.50673833076,35166.51212312098,85362.99595327403,327.1270650376795,19,3844.3999999999996
MIX|Wnone|SUB:SPN-S000000171863,R2,208272.50673833076,35166.51212312098,85362.99595327403,327.1270650376795,19,3844.3999999999996
MIX|Wnone|SUB:SPN-S000000171864,R0,229839.79902914673,49448.42213055698,94229.68457349233,289.2411772427218,28,3120.6
MIX|Wnone|SUB:SPN-S000000171864,R1,178992.308325367,49448.42213055698,94229.68457349233,269.15678947878916,28,3120.6
MIX|Wnone|SUB:SPN-S000000171864,R2,178992.308325367,49448.42213055698,94229.68457349233,269.15678947878916,28,3120.6
MIX|Wnone|SUB:SPN-S000000171865,R0,312451.71129770007,49847.112506877354,108678.0974110174,350.538272980154,27,4199.7
MIX|Wnone|SUB:SPN-S000000171865,R1,268338.2552403454,49847.112506877354,108678.0974110174,332.8363867402529,27,4199.7
MIX|Wnone|SUB:SPN-S000000171865,R2,264688.38268269855,49847.112506877354,108678.0974110174,330.0940830824617,27,4199.7
MIX|Wnone|SUB:SPN-S000000171866,R0,311134.9455306129,35691.84870240143,100317.01591335496,570.8370579091163,18,5146.7
MIX|Wnone|SUB:SPN-S000000171866,R1,265918.8196630053,35691.84870240143,100317.01591335496,552.1320739767157,18,5146.7
MIX|Wnone|SUB:SPN-S000000171866,R2,265918.8196630053,35691.84870240143,100317.01591335496,552.1320739767157,18,5146.7
MIX|Wnone|SUB:SPN-S000000171867,R0,203154.4459658647,27964.904704255576,65373.29325911602,222.27347727968692,15,2685.4
MIX|Wnone|SUB:SPN-S000000171867,R1,184242.47351510808,27964.904704255576,65373.29325911602,209.5380365615676,15,2685.4
MIX|Wnone|SUB:SPN-S000000171867,R2,184242.47351510808,27964.904704255576,65373.29325911602,209.5380365615676,15,2685.4
MIX|Wnone|SUB:SPN-S000000171868,R0,324957.1440967214,24044.31419469545,70590.50566496133,401.40907299326506,12,3729.5000000000005
MIX|Wnone|SUB:SPN-S000000171868,R1,271961.24174697243,24044.31419469545,70590.50566496133,387.4037273682398,12,3729.5000000000005
MIX|Wnone|SUB:SPN-S000000171868,R2,251809.41604975506,24044.31419469545,70590.50566496133,384.110856357523,12,3729.5000000000005
MIX|Wnone|SUB:SPN-S000000171869,R0,248485.50239898977,45115.43160401299,91027.70787848215,307.64191441328,26,3361.2
MIX|Wnone|SUB:SPN-S000000171869,R1,226289.5687384725,45115.43160401299,91027.70787848215,297.6372179219455,26,3361.2
MIX|Wnone|SUB:SPN-S000000171869,R2,226289.5687384725,45115.43160401299,91027.70787848215,297.6372179219455,26,3361.2
MIX|Wnone|SUB:SPN-S000000171870,R0,260736.15464716323,34791.70557109055,79780.90795661928,275.1037629620558,19,3365.7999999999997
MIX|Wnone|SUB:SPN-S000000171870,R1,241386.67146836533,34791.70557109055,79780.90795661928,264.67998388302374,19,3365.7999999999997
MIX|Wnone|SUB:SPN-S000000171870,R2,241386.67146836533,34791.70557109055,79780.90795661928,264.67998388302374,19,3365.7999999999997
MIX|Wnone|SUB:SPN-S000000171871,R0,180301.61844130862,17457.116485298633,42192.8376923154,173.03831412778177,9,1742.5
MIX|Wnone|SUB:SPN-S000000171871,R1,140816.58176914015,17457.116485298633,42192.8376923154,155.3555146476522,9,1742.5
MIX|Wnone|SUB:SPN-S000000171871,R2,130173.63977855808,17457.116485298633,42192.8376923154,148.43923409209663,9,1742.5
MIX|Wnone|SUB:SPN-S000000171872,R0,157296.04878584185,26911.105482442377,64130.909077356686,217.10393410088662,14,2647.9
MIX|Wnone|SUB:SPN-S000000171872,R1,129554.73203520277,26911.105482442377,64130.909077356686,200.22721746035276,14,2647.9
MIX|Wnone|SUB:SPN-S000000171872,R2,129554.73203520277,26911.105482442377,64130.909077356686,200.22721746035276,14,2647.9
MIX|Wnone|SUB:SPN-S000000171873,R0,214057.17028746722,41526.83389714167,80206.98016399243,265.29857579608364,23,2637.2
MIX|Wnone|SUB:SPN-S000000171873,R1,161313.0858611269,41526.83389714167,80206.98016399243,247.64389785992046,23,2637.2
MIX|Wnone|SUB:SPN-S000000171873,R2,157005.86057208854,41526.83389714167,80206.98016399243,244.0889082123731,23,2637.2
MIX|Wnone|SUB:SPN-S000000171874,R0,346115.3470322869,84869.88865575223,166869.3459838301,508.22958446220093,47,5711.400000000001
MIX|Wnone|SUB:SPN-S000000171874,R1,266334.9845849133,84869.88865575223,166869.3459838301,475.6501308945722,47,5711.400000000001
MIX|Wnone|SUB:SPN-S000000171874,R2,262221.3379606118,84869.88865575223,166869.3459838301,473.99397436564493,47,5711.400000000001
MIX|Wnone|SUB:SPN-S000000171875,R0,155153.1025501847,31389.095622578046,65801.65741347552,199.33265825297104,17,2349.2
MIX|Wnone|SUB:SPN-S000000171875,R1,129244.78651106718,31389.095622578046,65801.65741347552,187.19220042948226,17,2349.2
MIX|Wnone|SUB:SPN-S000000171875,R2,129244.78651106718,31389.095622578046,65801.65741347552,187.19220042948226,17,2349.2
MIX|Wnone|SUB:SPN-S000000171877,R0,320300.20350360073,39719.367290553055,89050.57119688002,304.75027637377053,21,3501.8
MIX|Wnone|SUB:SPN-S000000171877,R1,265872.47000873653,39719.367290553055,89050.57119688002,278.41206812967647,21,3501.8
MIX|Wnone|SUB:SPN-S000000171877,R2,262575.2237915815,39719.367290553055,89050.57119688002,277.0361550528828,21,3501.8
MIX|Wnone|SUB:SPN-S000000171878,R0,307840.21724367054,31217.692237544554,80148.25216163274,346.96392030941894,16,3842.0
MIX|Wnone|SUB:SPN-S000000171878,R1,257218.59664214082,31217.692237544554,80148.25216163274,323.7081409184817,16,3842.0
MIX|Wnone|SUB:SPN-S000000171878,R2,254041.6957354553,31217.692237544554,80148.25216163274,321.32120087078295,16,3842.0
MIX|Wnone|SUB:SPN-S000000171879,R0,214824.89595620433,33307.82973202074,73986.26185530491,254.979985682433,18,2909.1
MIX|Wnone|SUB:SPN-S000000171879,R1,189264.77454321575,33307.82973202074,73986.26185530491,245.87167767468887,18,2909.1
MIX|Wnone|SUB:SPN-S000000171879,R2,189264.77454321575,33307.82973202074,73986.26185530491,245.87167767468887,18,2909.1
MIX|Wnone|SUB:SPN-S000000171885,R0,293585.36577852507,69101.73003152193,130507.0932207386,414.2579917966268,40,4350.9
MIX|Wnone|SUB:SPN-S000000171885,R1,254426.1680525642,69101.73003152193,130507.0932207386,393.1985331570392,40,4350.9
MIX|Wnone|SUB:SPN-S000000171885,R2,254426.1680525642,69101.73003152193,130507.0932207386,393.1985331570392,40,4350.9
MIX|Wnone|SUB:SPN-S000000171886,R0,141259.99206797755,24853.504813200954,54366.37037736618,196.94874881641982,13,2037.5
MIX|Wnone|SUB:SPN-S000000171886,R1,119444.7916744345,24853.504813200954,54366.37037736618,191.82120885911948,13,2037.5
MIX|Wnone|SUB:SPN-S000000171886,R2,119444.7916744345,24853.504813200954,54366.37037736618,191.82120885911948,13,2037.5
MIX|Wnone|SUB:SPN-S000000171887,R0,123018.3760112497,42770.78262133654,74359.63004035325,189.8649879538793,25,2181.6000000000004
MIX|Wnone|SUB:SPN-S000000171887,R1,103075.85979791933,42770.78262133654,74359.63004035325,180.58775900483553,25,2181.6000000000004
MIX|Wnone|SUB:SPN-S000000171887,R2,103075.85979791933,42770.78262133654,74359.63004035325,180.58775900483553,25,2181.6000000000004
MIX|Wnone|SUB:SPN-S000000171888,R0,161936.42857205943,55307.8422759662,83427.7956405733,207.47896468652525,38,2144.2
MIX|Wnone|SUB:SPN-S000000171888,R1,123166.75879412907,55307.8422759662,83427.7956405733,192.6188166425899,38,2144.2
MIX|Wnone|SUB:SPN-S000000171888,R2,118251.9435145556,55307.8422759662,83427.7956405733,192.42447224421645,38,2144.2
MIX|Wnone|SUB:SPN-S000000171891,R0,1048.8625227171963,1239.6564306241887,1494.6232287145135,3.70561319812593,1,34.6
MIX|Wnone|SUB:SPN-S000000171891,R1,1018.647997356629,1239.6564306241887,1494.6232287145135,3.7007171227446056,1,34.6
MIX|Wnone|SUB:SPN-S000000171891,R2,1018.647997356629,1239.6564306241887,1494.6232287145135,3.7007171227446056,1,34.6
MIX|Wnone|SUB:SPN-S000000171923,R0,324623.23716031,31494.33276791947,90693.46080116152,498.18666496082176,16,4708.299999999999
MIX|Wnone|SUB:SPN-S000000171923,R1,291181.3513752809,31494.33276791947,90693.46080116152,484.9180536650878,16,4708.299999999999
MIX|Wnone|SUB:SPN-S000000171923,R2,291181.3513752809,31494.33276791947,90693.46080116152,484.9180536650878,16,4708.299999999999
MIX|Wnone|SUB:SPN-S000000171924,R0,415533.8509631157,51668.69271664745,125666.8065398958,588.1221532680528,28,5603.2
MIX|Wnone|SUB:SPN-S000000171924,R1,367433.2644689488,51668.69271664745,125666.8065398958,570.5836587708102,28,5603.2
MIX|Wnone|SUB:SPN-S000000171924,R2,367433.2644689488,51668.69271664745,125666.8065398958,570.5836587708102,28,5603.2
MIX|Wnone|SUB:SPN-S000000171925,R0,482847.10558999225,45368.196028626066,127665.63516923327,635.5730659604992,23,6513.5
MIX|Wnone|SUB:SPN-S000000171925,R1,427499.6170038234,45368.196028626066,127665.63516923327,610.2706697275266,23,6513.5
MIX|Wnone|SUB:SPN-S000000171925,R2,413964.1966187367,45368.196028626066,127665.63516923327,608.8395424308882,23,6513.5
MIX|Wnone|SUB:SPN-S000000171926,R0,236764.7120250862,33040.684652754964,86158.7640658686,446.6261736215978,17,4033.6
MIX|Wnone|SUB:SPN-S000000171926,R1,202805.21098694432,33040.684652754964,86158.7640658686,431.7347943365099,17,4033.6
MIX|Wnone|SUB:SPN-S000000171926,R2,195623.83724906307,33040.684652754964,86158.7640658686,427.3377284577462,17,4033.6
MIX|Wnone|SUB:SPN-S000000171927,R0,392800.61744754674,45524.83694684538,115674.76322577121,490.31915956251237,25,5485.8
MIX|Wnone|SUB:SPN-S000000171927,R1,359054.09813687287,45524.83694684538,115674.76322577121,475.6969723893879,25,5485.8
MIX|Wnone|SUB:SPN-S000000171927,R2,342893.61736562557,45524.83694684538,115674.76322577121,476.8193653597867,25,5485.8
MIX|Wnone|SUB:SPN-S000000171928,R0,391383.0732196757,31903.57023845767,90389.43862725171,485.24690674752674,16,4713.1
MIX|Wnone|SUB:SPN-S000000171928,R1,360012.12825689546,31903.57023845767,90389.43862725171,468.12027495269643,16,4713.1
MIX|Wnone|SUB:SPN-S000000171928,R2,360012.12825689546,31903.57023845767,90389.43862725171,468.12027495269643,16,4713.1
MIX|Wnone|SUB:SPN-S000000171929,R0,247256.3374012962,50411.1762962283,106894.95790246523,406.8544626647169,28,3959.3
MIX|Wnone|SUB:SPN-S000000171929,R1,213015.49961957903,50411.1762962283,106894.95790246523,391.7414609772324,28,3959.3
MIX|Wnone|SUB:SPN-S000000171929,R2,209997.2640213909,50411.1762962283,106894.95790246523,391.7414609772324,28,3959.3
MIX|Wnone|SUB:SPN-S000000171935,R0,44403.67767480442,3791.522052720643,9796.581151953289,53.94857443321078,2,494.7
MIX|Wnone|SUB:SPN-S000000171935,R1,41290.590212127725,3791.522052720643,9796.581151953289,52.094458816827505,2,494.7
MIX|Wnone|SUB:SPN-S000000171935,R2,41290.590212127725,3791.522052720643,9796.581151953289,52.094458816827505,2,494.7
MIX|Wnone|SUB:SPN-S000000171968,R0,325044.6202642964,31905.408067818636,82088.36826543472,404.51983234045184,17,3877.7
MIX|Wnone|SUB:SPN-S000000171968,R1,266052.21866035234,31905.408067818636,82088.36826543472,376.3037049861276,17,3877.7
MIX|Wnone|SUB:SPN-S000000171968,R2,266052.21866035234,31905.408067818636,82088.36826543472,376.3037049861276,17,3877.7
MIX|Wnone|SUB:SPN-S000000171969,R0,31006.805273936334,12164.43126743578,20225.813630374156,66.52241575889786,8,602.0
MIX|Wnone|SUB:SPN-S000000171969,R1,27927.39323541274,12164.43126743578,20225.813630374156,63.222688402749434,8,602.0
MIX|Wnone|SUB:SPN-S000000171969,R2,23903.079104495253,12164.43126743578,20225.813630374156,63.222688402749434,8,602.0
MIX|Wnone|SUB:SPN-S000000171971,R0,264212.3768737051,54351.89734165181,114844.80436837059,465.3760083096472,30,4287.5
MIX|Wnone|SUB:SPN-S000000171971,R1,229456.3898157091,54351.89734165181,114844.80436837059,451.5045107192516,30,4287.5
MIX|Wnone|SUB:SPN-S000000171971,R2,227816.36821900238,54351.89734165181,114844.80436837059,450.9627326547838,30,4287.5
MIX|Wnone|SUB:SPN-S000000171972,R0,276724.29934955575,35423.688038791726,77653.09564152951,275.4730369731977,19,3009.7999999999997
MIX|Wnone|SUB:SPN-S000000171972,R1,233861.96896253194,35423.688038791726,77653.09564152951,252.70468385663642,19,3009.7999999999997
MIX|Wnone|SUB:SPN-S000000171972,R2,225431.55692695064,35423.688038791726,77653.09564152951,251.14803211534544,19,3009.7999999999997
MIX|Wnone|SUB:SPN-S000000171973,R0,200648.94116185716,35131.56104098458,77149.02224683936,293.9235271425654,19,3076.5
MIX|Wnone|SUB:SPN-S000000171973,R1,188811.7447563713,35131.56104098458,77149.02224683936,289.9380890094886,19,3076.5
MIX|Wnone|SUB:SPN-S000000171973,R2,188811.7447563713,35131.56104098458,77149.02224683936,289.9380890094886,19,3076.5
MIX|Wnone|SUB:SPN-S000000171974,R0,124822.30500125876,7704.660880794493,22261.948503433916,140.00313796411865,4,1220.1
MIX|Wnone|SUB:SPN-S000000171974,R1,101543.80405024783,7704.660880794493,22261.948503433916,130.82965099588927,4,1220.1
MIX|Wnone|SUB:SPN-S000000171974,R2,75252.96995132162,7704.660880794493,22261.948503433916,125.40444673037831,4,1220.1
MIX|Wnone|SUB:SPN-S000000171975,R0,348348.9035785227,82499.52119970051,151383.28225995105,399.66016934475505,49,4921.900000000001
MIX|Wnone|SUB:SPN-S000000171975,R1,301769.1844611608,82499.52119970051,151383.28225995105,379.5810167975895,49,4921.900000000001
MIX|Wnone|SUB:SPN-S000000171975,R2,298934.89538948354,82499.52119970051,151383.28225995105,378.41084023349725,49,4921.900000000001
MIX|Wnone|SUB:SPN-S000000171976,R0,241107.26892606216,41532.686251258514,84797.22145125194,263.7919715491654,23,3040.0000000000005
MIX|Wnone|SUB:SPN-S000000171976,R1,198048.94342144064,41532.686251258514,84797.22145125194,246.148588056462,23,3040.0000000000005
MIX|Wnone|SUB:SPN-S000000171976,R2,190748.9758113426,41532.686251258514,84797.22145125194,241.29150042540073,23,3040.0000000000005
MIX|Wnone|SUB:SPN-S000000172024,R0,119589.053332343,13364.496399228834,28131.176016913116,106.02140319022207,7,996.7
MIX|Wnone|SUB:SPN-S000000172024,R1,100281.77862839955,13364.496399228834,28131.176016913116,100.87215461843168,7,996.7
MIX|Wnone|SUB:SPN-S000000172024,R2,100281.77862839955,13364.496399228834,28131.176016913116,100.87215461843168,7,996.7
MIX|Wnone|SUB:SPN-S000000172025,R0,272957.2887434402,41859.722748288594,94929.88184169275,306.80001244665846,22,3625.7
MIX|Wnone|SUB:SPN-S000000172025,R1,235738.1486259349,41859.722748288594,94929.88184169275,283.82186447194334,22,3625.7
MIX|Wnone|SUB:SPN-S000000172025,R2,235738.1486259349,41859.722748288594,94929.88184169275,283.82186447194334,22,3625.7
MIX|Wnone|SUB:SPN-S000000173197,R0,246825.68265204696,69717.42049173007,124202.98964779792,359.07231475440756,40,3733.5
MIX|Wnone|SUB:SPN-S000000173197,R1,207955.05517232994,69717.42049173007,124202.98964779792,344.60967308160923,40,3733.5
MIX|Wnone|SUB:SPN-S000000173197,R2,207955.05517232994,69717.42049173007,124202.98964779792,344.60967308160923,40,3733.5
MIX|Wnone|SUB:SPN-S000000173929,R0,276665.95388392475,43361.625788473466,91889.88662360475,292.67641313084994,23,3330.3
MIX|Wnone|SUB:SPN-S000000173929,R1,242117.51892616844,43361.625788473466,91889.88662360475,275.1869839098852,23,3330.3
MIX|Wnone|SUB:SPN-S000000173929,R2,242117.51892616844,43361.625788473466,91889.88662360475,275.1869839098852,23,3330.3
MIX|Wnone|SUB:SPN-S000000173931,R0,276009.6979642335,51211.12934978373,96287.7053521028,294.9940195285523,28,3038.2999999999997
MIX|Wnone|SUB:SPN-S000000173931,R1,202772.55231831624,51211.12934978373,96287.7053521028,271.7273226545005,28,3038.2999999999997
MIX|Wnone|SUB:SPN-S000000173931,R2,199103.92771320944,51211.12934978373,96287.7053521028,270.5885645457119,28,3038.2999999999997
MIX|Wnone|SUB:SPN-S000000173932,R0,78891.39953691907,23617.653296894558,43280.96834770176,121.2324959378798,13,1323.8
MIX|Wnone|SUB:SPN-S000000173932,R1,70938.05655274444,23617.653296894558,43280.96834770176,118.68516657913575,13,1323.8
MIX|Wnone|SUB:SPN-S000000173932,R2,70938.05655274444,23617.653296894558,43280.96834770176,118.68516657913575,13,1323.8
MIX|Wnone|SUB:SPN-S000000173973,R0,198446.348725716,27741.51372801689,58803.471417616376,230.82430095519592,15,2185.5
MIX|Wnone|SUB:SPN-S000000173973,R1,171861.38361426967,27741.51372801689,58803.471417616376,219.58051058479887,15,2185.5
MIX|Wnone|SUB:SPN-S000000173973,R2,155706.2119616539,27741.51372801689,58803.471417616376,215.2391037976895,15,2185.5
MIX|Wnone|SUB:SPN-S000000173976,R0,134174.0001678119,9989.373575637928,28643.917729558536,158.6784084216621,5,1672.5
MIX|Wnone|SUB:SPN-S000000173976,R1,121869.23721994535,9989.373575637928,28643.917729558536,154.68890093209552,5,1672.5
MIX|Wnone|SUB:SPN-S000000173976,R2,121869.23721994535,9989.373575637928,28643.917729558536,154.68890093209552,5,1672.5
MIX|Wnone|SUB:SPN-S000000173991,R0,3436.25843437392,1747.6320898710708,2962.6406682354336,8.969779214570018,1,83.0
MIX|Wnone|SUB:SPN-S000000173991,R1,3299.1790214436305,1747.6320898710708,2962.6406682354336,8.953026147091029,1,83.0
MIX|Wnone|SUB:SPN-S000000173991,R2,3299.1790214436305,1747.6320898710708,2962.6406682354336,8.953026147091029,1,83.0
MIX|Wnone|SUB:SPN-S000000173993,R0,197767.23716968653,34171.57765048477,69137.39466626557,247.2492355711427,20,2497.6
MIX|Wnone|SUB:SPN-S000000173993,R1,173146.95338829845,34171.57765048477,69137.39466626557,238.09734741873308,20,2497.6
MIX|Wnone|SUB:SPN-S000000173993,R2,161096.53548655743,34171.57765048477,69137.39466626557,234.8417041029732,20,2497.6
MIX|Wnone|SUB:SPN-S000000174043,R0,314226.83321977884,65610.44713025994,116938.6877547263,329.0990331947714,41,3711.4
MIX|Wnone|SUB:SPN-S000000174043,R1,260475.88833486236,65610.44713025994,116938.6877547263,309.911404108912,41,3711.4
MIX|Wnone|SUB:SPN-S000000174043,R2,235678.37209597108,65610.44713025994,116938.6877547263,302.11428887340935,41,3711.4
MIX|Wnone|SUB:SPN-S000000174077,R0,352104.51519715914,86064.43433391553,158084.62796494446,449.22296913281275,50,5020.4
MIX|Wnone|SUB:SPN-S000000174077,R1,305877.16719448334,86064.43433391553,158084.62796494446,429.9937215055381,50,5020.4
MIX|Wnone|SUB:SPN-S000000174077,R2,298298.62245927047,86064.43433391553,158084.62796494446,427.096428549036,50,5020.4
MIX|Wnone|SUB:SPN-S000000174080,R0,154045.31559643243,61161.17664385578,108558.3860480919,274.91462191232773,37,3249.2000000000003
MIX|Wnone|SUB:SPN-S000000174080,R1,142123.64531065052,61161.17664385578,108558.3860480919,269.5200788675946,37,3249.2000000000003
MIX|Wnone|SUB:SPN-S000000174080,R2,137597.96698909998,61161.17664385578,108558.3860480919,268.16916654563454,37,3249.2000000000003
MIX|Wnone|SUB:SPN-S000000174088,R0,142836.55977443056,51331.8651204138,89448.16834861698,240.63715773247242,30,2614.3
MIX|Wnone|SUB:SPN-S000000174088,R1,118920.8524787308,51331.8651204138,89448.16834861698,233.08865486303856,30,2614.3
MIX|Wnone|SUB:SPN-S000000174088,R2,118920.8524787308,51331.8651204138,89448.16834861698,233.08865486303856,30,2614.3
MIX|Wnone|SUB:SPN-S000000174089,R0,240249.54096849437,35543.78043447768,74761.8783120756,244.29188735796885,19,2710.0
MIX|Wnone|SUB:SPN-S000000174089,R1,201772.52565850003,35543.78043447768,74761.8783120756,227.60521395374607,19,2710.0
MIX|Wnone|SUB:SPN-S000000174089,R2,201772.52565850003,35543.78043447768,74761.8783120756,227.60521395374607,19,2710.0
MIX|Wnone|SUB:SPN-S000000174155,R0,363454.5635601688,67307.76161705091,141840.2258830617,460.72788076752437,37,5189.2
MIX|Wnone|SUB:SPN-S000000174155,R1,301980.80967599264,67307.76161705091,141840.2258830617,435.6518006743823,37,5189.2
MIX|Wnone|SUB:SPN-S000000174155,R2,299130.021642801,67307.76161705091,141840.2258830617,433.27657089653366,37,5189.2
MIX|Wnone|SUB:SPN-S000000174160,R0,55936.53286471007,15090.246434784256,23554.258728309454,70.82809857508857,10,665.5
MIX|Wnone|SUB:SPN-S000000174160,R1,42630.01211011142,15090.246434784256,23554.258728309454,63.64350204650004,10,665.5
MIX|Wnone|SUB:SPN-S000000174160,R2,42630.01211011142,15090.246434784256,23554.258728309454,63.64350204650004,10,665.5
MIX|Wnone|SUB:SPN-S000000174167,R0,6605.954265989774,9605.926561307231,13460.086933313702,32.942627785383856,7,326.0
MIX|Wnone|SUB:SPN-S000000174167,R1,6194.175539187005,9605.926561307231,13460.086933313702,32.46806721651472,7,326.0
MIX|Wnone|SUB:SPN-S000000174167,R2,6194.175539187005,9605.926561307231,13460.086933313702,32.46806721651472,7,326.0
MIX|Wnone|SUB:SPN-S000000174198,R0,263416.16925683396,48409.74361680945,95279.93034808146,332.59974903857204,29,3826.2
MIX|Wnone|SUB:SPN-S000000174198,R1,225675.2937410238,48409.74361680945,95279.93034808146,319.05353610284226,29,3826.2
MIX|Wnone|SUB:SPN-S000000174198,R2,223125.12198268436,48409.74361680945,95279.93034808146,317.3482720393848,29,3826.2
MIX|Wnone|SUB:SPN-S000000174201,R0,249472.30714562908,52685.35271696703,108636.89794537009,308.73994315337234,30,3975.7
MIX|Wnone|SUB:SPN-S000000174201,R1,228466.08610675848,52685.35271696703,108636.89794537009,300.9681531377957,30,3975.7
MIX|Wnone|SUB:SPN-S000000174201,R2,224056.2617244262,52685.35271696703,108636.89794537009,300.87098291052297,30,3975.7
MIX|Wnone|SUB:SPN-S000000174232,R0,88086.30954825006,20714.690696734295,33656.14387229255,97.54935244440091,13,939.0
MIX|Wnone|SUB:SPN-S000000174232,R1,67576.8910820615,20714.690696734295,33656.14387229255,89.30274142637386,13,939.0
MIX|Wnone|SUB:SPN-S000000174232,R2,65215.66760994818,20714.690696734295,33656.14387229255,89.30274142637386,13,939.0
MIX|Wnone|SUB:SPN-S000000174234,R0,277354.6046429138,50371.11910139177,107227.64445569267,338.8553980898164,27,3993.1
MIX|Wnone|SUB:SPN-S000000174234,R1,238652.8107275003,50371.11910139177,107227.64445569267,321.9247836976378,27,3993.1
MIX|Wnone|SUB:SPN-S000000174234,R2,233682.52301101392,50371.11910139177,107227.64445569267,321.3824485209616,27,3993.1
MIX|Wnone|SUB:SPN-S000000174239,R0,302587.82158237736,81595.8570375871,156220.8879991438,516.1927900840858,46,5164.000000000001
MIX|Wnone|SUB:SPN-S000000174239,R1,253313.2506239973,81595.8570375871,156220.8879991438,498.4960588350949,46,5164.000000000001
MIX|Wnone|SUB:SPN-S000000174239,R2,248689.18799110875,81595.8570375871,156220.8879991438,497.11577885396184,46,5164.000000000001
MIX|Wnone|SUB:SPN-S000000174301,R0,108477.92961422206,30479.793852918432,50598.04280989166,138.04468426685276,19,1447.1000000000001
MIX|Wnone|SUB:SPN-S000000174301,R1,79522.06399731131,30479.793852918432,50598.04280989166,128.971296907904,19,1447.1000000000001
MIX|Wnone|SUB:SPN-S000000174301,R2,79522.06399731131,30479.793852918432,50598.04280989166,128.971296907904,19,1447.1000000000001
MIX|Wnone|SUB:SPN-S000000174543,R0,7358.444543324471,5833.730153891876,6974.912160550304,18.9,5,126.0
MIX|Wnone|SUB:SPN-S000000174543,R1,6472.251270913608,5833.730153891876,6974.912160550304,18.9,5,126.0
MIX|Wnone|SUB:SPN-S000000174543,R2,6472.251270913608,5833.730153891876,6974.912160550304,18.9,5,126.0
MIX|Wnone|SUB:SPN-S000000174619,R0,141103.32106499176,20160.96960298357,43823.06578985609,195.09640823708492,11,1713.6999999999998
MIX|Wnone|SUB:SPN-S000000174619,R1,106104.27488991634,20160.96960298357,43823.06578985609,178.18076165445316,11,1713.6999999999998
MIX|Wnone|SUB:SPN-S000000174619,R2,104022.43465002949,20160.96960298357,43823.06578985609,178.14160072446518,11,1713.6999999999998
MIX|Wnone|SUB:SPN-S000000174640,R0,149833.28423895524,33108.602705858924,65794.24739073601,264.7431226529579,19,2352.7999999999997
MIX|Wnone|SUB:SPN-S000000174640,R1,120072.36725384858,33108.602705858924,65794.24739073601,250.51228164733547,19,2352.7999999999997
MIX|Wnone|SUB:SPN-S000000174640,R2,120072.36725384858,33108.602705858924,65794.24739073601,250.51228164733547,19,2352.7999999999997
MIX|Wnone|SUB:SPN-S000000174670,R0,8239.473986596597,1797.3059269045223,3153.013342783553,13.65,1,91.0
MIX|Wnone|SUB:SPN-S000000174670,R1,7416.548019831294,1797.3059269045223,3153.013342783553,13.65,1,91.0
MIX|Wnone|SUB:SPN-S000000174670,R2,7416.548019831294,1797.3059269045223,3153.013342783553,13.65,1,91.0
MIX|Wnone|SUB:SPN-S000000174673,R0,202026.4491663152,59014.34639280228,103255.47652843731,265.1706251249434,37,3266.3999999999996
MIX|Wnone|SUB:SPN-S000000174673,R1,179722.43056395475,59014.34639280228,103255.47652843731,252.79162643908856,37,3266.3999999999996
MIX|Wnone|SUB:SPN-S000000174673,R2,177342.67894635588,59014.34639280228,103255.47652843731,251.64701065836888,37,3266.3999999999996
MIX|Wnone|SUB:SPN-S000000174692,R0,172246.29424191828,43231.81044505276,73291.52881279096,200.9521499839303,27,2200.5
MIX|Wnone|SUB:SPN-S000000174692,R1,149101.28468510232,43231.81044505276,73291.52881279096,188.86880480622682,27,2200.5
MIX|Wnone|SUB:SPN-S000000174692,R2,136895.23965173887,43231.81044505276,73291.52881279096,182.43897924442655,27,2200.5
MIX|Wnone|SUB:SPN-S000000174710,R0,79059.27819269313,9428.522472361776,22850.52137777443,116.16883125505466,5,987.4000000000001
MIX|Wnone|SUB:SPN-S000000174710,R1,61908.46272557873,9428.522472361776,22850.52137777443,108.97212608313225,5,987.4000000000001
MIX|Wnone|SUB:SPN-S000000174710,R2,61908.46272557873,9428.522472361776,22850.52137777443,108.97212608313225,5,987.4000000000001
MIX|Wnone|SUB:SPN-S000000174720,R0,58245.881659869876,28681.334515891038,46309.65532497152,128.71900483506818,19,1227.8000000000002
MIX|Wnone|SUB:SPN-S000000174720,R1,53577.56666603072,28681.334515891038,46309.65532497152,126.98425345577547,19,1227.8000000000002
MIX|Wnone|SUB:SPN-S000000174720,R2,50592.11551053063,28681.334515891038,46309.65532497152,126.68743798009044,19,1227.8000000000002
MIX|Wnone|SUB:SPN-S000000174722,R0,238932.12443262117,55280.46603944307,99413.15915048154,285.63745977852443,34,3096.3
MIX|Wnone|SUB:SPN-S000000174722,R1,182732.68373911467,55280.46603944307,99413.15915048154,255.82007172301363,34,3096.3
MIX|Wnone|SUB:SPN-S000000174722,R2,177349.06648105057,55280.46603944307,99413.15915048154,251.21393124555823,34,3096.3
MIX|Wnone|SUB:SPN-S000000174751,R0,71238.38423346504,27918.85109028758,42095.71554884655,91.79719739616401,20,1037.7
MIX|Wnone|SUB:SPN-S000000174751,R1,59978.710839957406,27918.85109028758,42095.71554884655,86.75692978018381,20,1037.7
MIX|Wnone|SUB:SPN-S000000174751,R2,55273.28983539065,27918.85109028758,42095.71554884655,85.97207300202994,20,1037.7
MIX|Wnone|SUB:SPN-S000000174777,R0,163651.63736955952,27229.506281549173,56602.69451123003,199.47190694955054,15,2059.2
MIX|Wnone|SUB:SPN-S000000174777,R1,141870.3525665373,27229.506281549173,56602.69451123003,186.21057355378645,15,2059.2
MIX|Wnone|SUB:SPN-S000000174777,R2,140999.084935424,27229.506281549173,56602.69451123003,185.87695507234113,15,2059.2
MIX|Wnone|SUB:SPN-S000000174785,R0,229938.73723408335,56596.84353216671,105591.01544028004,292.81241201664966,32,3330.6000000000004
MIX|Wnone|SUB:SPN-S000000174785,R1,200007.60806709394,56596.84353216671,105591.01544028004,276.45753768171,32,3330.6000000000004
MIX|Wnone|SUB:SPN-S000000174785,R2,190176.30469135288,56596.84353216671,105591.01544028004,272.92016249470225,32,3330.6000000000004
MIX|Wnone|SUB:SPN-S000000174792,R0,177878.83139725108,37209.137918616936,73023.45075081413,215.99926291404776,22,2545.8
MIX|Wnone|SUB:SPN-S000000174792,R1,153698.60515235708,37209.137918616936,73023.45075081413,204.3762551158346,22,2545.8
MIX|Wnone|SUB:SPN-S000000174792,R2,141662.98409693228,37209.137918616936,73023.45075081413,201.8589336965254,22,2545.8
MIX|Wnone|SUB:SPN-S000000174793,R0,44132.95186462351,27276.961816588664,45602.061867566896,132.54624784250467,17,1285.8
MIX|Wnone|SUB:SPN-S000000174793,R1,41865.3500557158,27276.961816588664,45602.061867566896,131.88773903035352,17,1285.8
MIX|Wnone|SUB:SPN-S000000174793,R2,41865.3500557158,27276.961816588664,45602.061867566896,131.88773903035352,17,1285.8
MIX|Wnone|SUB:SPN-S000000174812,R0,10439.27000622229,4132.640866918349,5673.508320770126,14.481496718969101,3,141.5
MIX|Wnone|SUB:SPN-S000000174812,R1,9750.286150885211,4132.640866918349,5673.508320770126,14.175393739357974,3,141.5
MIX|Wnone|SUB:SPN-S000000174812,R2,9750.286150885211,4132.640866918349,5673.508320770126,14.175393739357974,3,141.5
MIX|Wnone|SUB:SPN-S000000174828,R0,101572.18983608166,15615.778286630397,33732.42625456265,166.89143466107618,9,1535.3
MIX|Wnone|SUB:SPN-S000000174828,R1,91767.40737165729,15615.778286630397,33732.42625456265,162.4242561743575,9,1535.3
MIX|Wnone|SUB:SPN-S000000174828,R2,91767.40737165729,15615.778286630397,33732.42625456265,162.4242561743575,9,1535.3
MIX|Wnone|SUB:SPN-S000000174842,R0,215485.19617264107,44789.04153846409,83518.95086622858,241.65849282300258,25,2641.9
MIX|Wnone|SUB:SPN-S000000174842,R1,180296.14577904154,44789.04153846409,83518.95086622858,225.35764692054872,25,2641.9
MIX|Wnone|SUB:SPN-S000000174842,R2,168957.8898373673,44789.04153846409,83518.95086622858,223.6383619371182,25,2641.9
MIX|Wnone|SUB:SPN-S000000174852,R0,295655.3800604597,67693.12237279472,128660.4631952063,400.1715645837142,41,4389.3
MIX|Wnone|SUB:SPN-S000000174852,R1,255558.05010077392,67693.12237279472,128660.4631952063,385.47404064407016,41,4389.3
MIX|Wnone|SUB:SPN-S000000174852,R2,244575.09168909176,67693.12237279472,128660.4631952063,383.11833542917657,41,4389.3
MIX|Wnone|SUB:SPN-S000000174889,R0,6848.24810840626,1942.4959264400304,4693.083748712708,25.63356062969133,1,194.9
MIX|Wnone|SUB:SPN-S000000174889,R1,5588.887341563266,1942.4959264400304,4693.083748712708,23.861849318799788,1,194.9
MIX|Wnone|SUB:SPN-S000000174889,R2,5588.887341563266,1942.4959264400304,4693.083748712708,23.861849318799788,1,194.9
MIX|Wnone|SUB:SPN-S000000174894,R0,39205.47060743203,6994.873049577742,15165.50715775077,51.242811269202335,4,580.4
MIX|Wnone|SUB:SPN-S000000174894,R1,35569.65218487578,6994.873049577742,15165.50715775077,48.556997928707375,4,580.4
MIX|Wnone|SUB:SPN-S000000174894,R2,35569.65218487578,6994.873049577742,15165.50715775077,48.556997928707375,4,580.4
MIX|Wnone|SUB:SPN-S000000174899,R0,278306.139737775,54192.58368471693,101013.10716672968,301.0959315306584,33,3353.4
MIX|Wnone|SUB:SPN-S000000174899,R1,238236.66964162458,54192.58368471693,101013.10716672968,285.2928530714313,33,3353.4
MIX|Wnone|SUB:SPN-S000000174899,R2,236835.06519157274,54192.58368471693,101013.10716672968,285.2928530714313,33,3353.4
MIX|Wnone|SUB:SPN-S000000174914,R0,116659.32883169278,9752.723562437719,25229.7606930569,127.61480801849943,5,1226.0
MIX|Wnone|SUB:SPN-S000000174914,R1,108359.8714123272,9752.723562437719,25229.7606930569,121.29913344222936,5,1226.0
MIX|Wnone|SUB:SPN-S000000174914,R2,108359.8714123272,9752.723562437719,25229.7606930569,121.29913344222936,5,1226.0
MIX|Wnone|SUB:SPN-S000000174925,R0,43961.53502418266,15156.604297014177,23835.11008140951,54.76963153968285,10,605.2
MIX|Wnone|SUB:SPN-S000000174925,R1,39791.6703284375,15156.604297014177,23835.11008140951,52.27051345771161,10,605.2
MIX|Wnone|SUB:SPN-S000000174925,R2,34361.37762088266,15156.604297014177,23835.11008140951,50.32087652881983,10,605.2
MIX|Wnone|SUB:SPN-S000000174930,R0,190555.1273718906,33848.15359333187,61223.772883453086,207.33183180233377,20,1891.8
MIX|Wnone|SUB:SPN-S000000174930,R1,157942.70945641684,33848.15359333187,61223.772883453086,196.62261784644394,20,1891.8
MIX|Wnone|SUB:SPN-S000000174930,R2,150428.54035019473,33848.15359333187,61223.772883453086,196.62261784644394,20,1891.8
MIX|Wnone|SUB:SPN-S000000174940,R0,285291.3129587119,42485.01319342881,92066.95220811866,315.1566505182896,23,3502.4000000000005
MIX|Wnone|SUB:SPN-S000000174940,R1,257426.64230318068,42485.01319342881,92066.95220811866,302.4093796004838,23,3502.4000000000005
MIX|Wnone|SUB:SPN-S000000174940,R2,253020.61210211128,42485.01319342881,92066.95220811866,299.489727453375,23,3502.4000000000005
MIX|Wnone|SUB:SPN-S000000174948,R0,58061.96789199488,26789.52228635777,42733.79253782467,125.44684250458297,18,1257.7
MIX|Wnone|SUB:SPN-S000000174948,R1,53266.512473923576,26789.52228635777,42733.79253782467,123.8554526065585,18,1257.7
MIX|Wnone|SUB:SPN-S000000174948,R2,53266.512473923576,26789.52228635777,42733.79253782467,123.8554526065585,18,1257.7
MIX|Wnone|SUB:SPN-S000000174949,R0,184958.4481026932,35280.32651486776,65888.07008657709,204.5212534776788,21,2114.5000000000005
MIX|Wnone|SUB:SPN-S000000174949,R1,145279.23346811463,35280.32651486776,65888.07008657709,189.10530445780765,21,2114.5000000000005
MIX|Wnone|SUB:SPN-S000000174949,R2,140995.31143174652,35280.32651486776,65888.07008657709,188.17690268776894,21,2114.5000000000005
MIX|Wnone|SUB:SPN-S000000174958,R0,32454.811761828103,5548.849600531913,11264.80723639739,37.41362503955901,3,373.0
MIX|Wnone|SUB:SPN-S000000174958,R1,26372.513104364923,5548.849600531913,11264.80723639739,34.79946726219849,3,373.0
MIX|Wnone|SUB:SPN-S000000174958,R2,26372.513104364923,5548.849600531913,11264.80723639739,34.79946726219849,3,373.0
MIX|Wnone|SUB:SPN-S000000174989,R0,46987.53060408803,25282.40012699618,44150.18946485463,115.373751738051,16,1275.1
MIX|Wnone|SUB:SPN-S000000174989,R1,41409.382256553465,25282.40012699618,44150.18946485463,113.57461669338566,16,1275.1
MIX|Wnone|SUB:SPN-S000000174989,R2,41409.382256553465,25282.40012699618,44150.18946485463,113.57461669338566,16,1275.1
MIX|Wnone|SUB:SPN-S000000175001,R0,130801.27467182052,21287.47920025322,40920.204289423156,158.9025479167339,13,1490.2
MIX|Wnone|SUB:SPN-S000000175001,R1,97023.10405428856,21287.47920025322,40920.204289423156,147.4040226952206,13,1490.2
MIX|Wnone|SUB:SPN-S000000175001,R2,86579.1300570067,21287.47920025322,40920.204289423156,139.8319546016833,13,1490.2
MIX|Wnone|SUB:SPN-S000000175003,R0,116352.93607470776,35269.595617954634,51004.86385416901,131.76509250449283,25,1341.0
MIX|Wnone|SUB:SPN-S000000175003,R1,73313.59491291868,35269.595617954634,51004.86385416901,113.1242206848258,25,1341.0
MIX|Wnone|SUB:SPN-S000000175003,R2,71099.94790781244,35269.595617954634,51004.86385416901,112.81308850758968,25,1341.0
MIX|Wnone|SUB:SPN-S000000175025,R0,21871.270742287717,8580.949288744472,13202.234932997922,33.491788284004365,6,316.4
MIX|Wnone|SUB:SPN-S000000175025,R1,18675.114057779654,8580.949288744472,13202.234932997922,31.985566797900447,6,316.4
MIX|Wnone|SUB:SPN-S000000175025,R2,18675.114057779654,8580.949288744472,13202.234932997922,31.985566797900447,6,316.4
MIX|Wnone|SUB:SPN-S000000175026,R0,48155.24895939351,19189.942190890382,32224.39823958119,91.96630937378129,12,843.3
MIX|Wnone|SUB:SPN-S000000175026,R1,42153.19835467133,19189.942190890382,32224.39823958119,89.58916249172148,12,843.3
MIX|Wnone|SUB:SPN-S000000175026,R2,42153.19835467133,19189.942190890382,32224.39823958119,89.58916249172148,12,843.3
MIX|Wnone|SUB:SPN-S000000175036,R0,539784.6471692198,66783.97710799584,157777.781881288,578.1960554464938,35,7053.0
MIX|Wnone|SUB:SPN-S000000175036,R1,489325.98942152696,66783.97710799584,157777.781881288,555.1643221768976,35,7053.0
MIX|Wnone|SUB:SPN-S000000175036,R2,479482.252736919,66783.97710799584,157777.781881288,552.5189980558036,35,7053.0
MIX|Wnone|SUB:SPN-S000000175044,R0,14050.084450674032,2106.118160465,7656.100773679716,39.50287786205101,1,503.6
MIX|Wnone|SUB:SPN-S000000175044,R1,13614.155669976139,2106.118160465,7656.100773679716,38.83771486209649,1,503.6
MIX|Wnone|SUB:SPN-S000000175044,R2,13614.155669976139,2106.118160465,7656.100773679716,38.83771486209649,1,503.6
MIX|Wnone|SUB:SPN-S000000175067,R0,77746.83840572672,8253.724463364304,18689.429103405724,104.27412125460381,5,1013.0999999999999
MIX|Wnone|SUB:SPN-S000000175067,R1,69703.64352485373,8253.724463364304,18689.429103405724,101.98737287310827,5,1013.0999999999999
MIX|Wnone|SUB:SPN-S000000175067,R2,69703.64352485373,8253.724463364304,18689.429103405724,101.98737287310827,5,1013.0999999999999
MIX|Wnone|SUB:SPN-S000000175216,R0,12421.291234075601,7438.783086565724,11735.411405804158,29.67666050470768,5,298.0
MIX|Wnone|SUB:SPN-S000000175216,R1,11494.198730736538,7438.783086565724,11735.411405804158,28.996702737999065,5,298.0
MIX|Wnone|SUB:SPN-S000000175216,R2,11494.198730736538,7438.783086565724,11735.411405804158,28.996702737999065,5,298.0
MIX|Wnone|SUB:SPN-S000000175224,R0,311746.5193082227,40933.18470561523,80199.86239998421,307.0053370567225,22,2644.0
MIX|Wnone|SUB:SPN-S000000175224,R1,227304.8628121295,40933.18470561523,80199.86239998421,277.73240414143714,22,2644.0
MIX|Wnone|SUB:SPN-S000000175224,R2,223754.33589806355,40933.18470561523,80199.86239998421,275.81775960752987,22,2644.0
MIX|Wnone|SUB:SPN-S000000175228,R0,235108.02595736278,62035.02129088623,117739.30188082997,276.66780166231,34,3790.6
MIX|Wnone|SUB:SPN-S000000175228,R1,210576.2142124913,62035.02129088623,117739.30188082997,266.468130043718,34,3790.6
MIX|Wnone|SUB:SPN-S000000175228,R2,210576.2142124913,62035.02129088623,117739.30188082997,266.468130043718,34,3790.6
MIX|Wnone|SUB:SPN-S000000175250,R0,36846.16853630036,2074.476490166666,7149.355740179608,45.22928908298154,1,443.9
MIX|Wnone|SUB:SPN-S000000175250,R1,34851.444323132404,2074.476490166666,7149.355740179608,44.120887804346545,1,443.9
MIX|Wnone|SUB:SPN-S000000175250,R2,34851.444323132404,2074.476490166666,7149.355740179608,44.120887804346545,1,443.9
MIX|Wnone|SUB:SPN-S000000175255,R0,128747.1218822731,26322.537335850047,44086.218879109816,151.47217539310515,17,1352.3999999999999
MIX|Wnone|SUB:SPN-S000000175255,R1,105477.60876869525,26322.537335850047,44086.218879109816,144.37044384780506,17,1352.3999999999999
MIX|Wnone|SUB:SPN-S000000175255,R2,105477.60876869525,26322.537335850047,44086.218879109816,144.37044384780506,17,1352.3999999999999
MIX|Wnone|SUB:SPN-S000000175257,R0,210015.956769255,50212.42587832667,88941.17358896503,297.6742804379344,30,2789.1000000000004
MIX|Wnone|SUB:SPN-S000000175257,R1,173249.95502396458,50212.42587832667,88941.17358896503,278.08111628204387,30,2789.1000000000004
MIX|Wnone|SUB:SPN-S000000175257,R2,167276.63019396464,50212.42587832667,88941.17358896503,276.79632519674175,30,2789.1000000000004
MIX|Wnone|SUB:SPN-S000000175297,R0,21482.612340676184,14307.454467946896,21961.76412767538,53.255992835437674,10,516.0
MIX|Wnone|SUB:SPN-S000000175297,R1,18575.946369154764,14307.454467946896,21961.76412767538,51.19080733234476,10,516.0
MIX|Wnone|SUB:SPN-S000000175297,R2,18575.946369154764,14307.454467946896,21961.76412767538,51.19080733234476,10,516.0
MIX|Wnone|SUB:SPN-S000000175336,R0,57820.96515948862,11303.504466055983,24071.64275835971,103.29351887337253,6,898.9000000000001
MIX|Wnone|SUB:SPN-S000000175336,R1,48492.43818334774,11303.504466055983,24071.64275835971,97.74282548122305,6,898.9000000000001
MIX|Wnone|SUB:SPN-S000000175336,R2,48492.43818334774,11303.504466055983,24071.64275835971,97.74282548122305,6,898.9000000000001
MIX|Wnone|SUB:SPN-S000000175337,R0,24228.174697646617,17579.802146276772,24981.611424180817,51.14870701873867,13,579.0
MIX|Wnone|SUB:SPN-S000000175337,R1,22805.443113477653,17579.802146276772,24981.611424180817,50.74060482327716,13,579.0
MIX|Wnone|SUB:SPN-S000000175337,R2,22805.443113477653,17579.802146276772,24981.611424180817,50.74060482327716,13,579.0
MIX|Wnone|SUB:SPN-S000000181145,R0,87504.83237112233,21922.72084206973,33168.452423832176,103.73404519378234,15,848.6
MIX|Wnone|SUB:SPN-S000000181145,R1,42818.82872771502,21922.72084206973,33168.452423832176,93.1528124346603,15,848.6
MIX|Wnone|SUB:SPN-S000000181145,R2,35951.878538206176,21922.72084206973,33168.452423832176,92.54437617695409,15,848.6
MIX|Wnone|SUB:SPN-S000000181195,R0,246009.28569487663,59391.8013102886,122006.74019153205,420.98368537057,32,4315.099999999999
MIX|Wnone|SUB:SPN-S000000181195,R1,209890.09777646547,59391.8013102886,122006.74019153205,404.41019970873737,32,4315.099999999999
MIX|Wnone|SUB:SPN-S000000181195,R2,209890.09777646547,59391.8013102886,122006.74019153205,404.41019970873737,32,4315.099999999999
MIX|Wnone|SUB:SPN-S000000181196,R0,149251.8904671995,49106.25050994778,78317.29557619312,216.8072301726806,32,2137.6000000000004
MIX|Wnone|SUB:SPN-S000000181196,R1,126015.67946321373,49106.25050994778,78317.29557619312,207.82304310472543,32,2137.6000000000004
MIX|Wnone|SUB:SPN-S000000181196,R2,123904.09864847132,49106.25050994778,78317.29557619312,207.05490905462025,32,2137.6000000000004
MIX|Wnone|SUB:SPN-S000000181225,R0,383459.1926066965,79938.5233974712,160324.59788602887,540.1880822585534,44,5584.000000000001
MIX|Wnone|SUB:SPN-S000000181225,R1,325322.4591317025,79938.5233974712,160324.59788602887,514.8541121405049,44,5584.000000000001
MIX|Wnone|SUB:SPN-S000000181225,R2,325322.4591317025,79938.5233974712,160324.59788602887,514.8541121405049,44,5584.000000000001
MIX|Wnone|SUB:SPN-S000000181226,R0,136885.14401040107,41668.50617960469,73616.85968959093,211.7060614035443,25,2261.2
MIX|Wnone|SUB:SPN-S000000181226,R1,124799.95453149083,41668.50617960469,73616.85968959093,201.86855640407083,25,2261.2
MIX|Wnone|SUB:SPN-S000000181226,R2,124799.95453149083,41668.50617960469,73616.85968959093,201.86855640407083,25,2261.2
MIX|Wnone|SUB:SPN-S000000181236,R0,40976.268657059976,19210.99136117515,32726.40492011868,85.18134293847204,12,819.0
MIX|Wnone|SUB:SPN-S000000181236,R1,31676.38333089816,19210.99136117515,32726.40492011868,84.17911335089896,12,819.0
MIX|Wnone|SUB:SPN-S000000181236,R2,31676.38333089816,19210.99136117515,32726.40492011868,84.17911335089896,12,819.0
MIX|Wnone|SUB:SPN-S000000181252,R0,160639.72125418292,23569.053022470347,41282.43645826398,147.4709961080326,14,1237.5
MIX|Wnone|SUB:SPN-S000000181252,R1,101013.16355411042,23569.053022470347,41282.43645826398,130.16447166048948,14,1237.5
MIX|Wnone|SUB:SPN-S000000181252,R2,101013.16355411042,23569.053022470347,41282.43645826398,130.16447166048948,14,1237.5
MIX|Wnone|SUB:SPN-S000000181316,R0,150087.73988624313,50690.54386032715,86892.4069174113,211.3715455537011,30,2491.0
MIX|Wnone|SUB:SPN-S000000181316,R1,125115.68263473408,50690.54386032715,86892.4069174113,203.25148307449498,30,2491.0
MIX|Wnone|SUB:SPN-S000000181316,R2,125115.68263473408,50690.54386032715,86892.4069174113,203.25148307449498,30,2491.0
MIX|Wnone|SUB:SPN-S000000181331,R0,96563.81165858803,6053.9571887223,19154.44845131816,131.87734381789014,3,1182.0
MIX|Wnone|SUB:SPN-S000000181331,R1,89154.15982318451,6053.9571887223,19154.44845131816,129.3845224575407,3,1182.0
MIX|Wnone|SUB:SPN-S000000181331,R2,89154.15982318451,6053.9571887223,19154.44845131816,129.3845224575407,3,1182.0
MIX|Wnone|SUB:SPN-S000000181361,R0,128878.14168160048,36224.1223937217,60742.73017233478,171.4410037841653,23,1790.1000000000001
MIX|Wnone|SUB:SPN-S000000181361,R1,107147.80973762463,36224.1223937217,60742.73017233478,159.42321778067975,23,1790.1000000000001
MIX|Wnone|SUB:SPN-S000000181361,R2,102382.22197130357,36224.1223937217,60742.73017233478,158.64450591404668,23,1790.1000000000001
MIX|Wnone|SUB:SPN-S000000181539,R0,29089.015219858185,15024.605210812279,26111.267180512983,69.02739393943834,9,758.1
MIX|Wnone|SUB:SPN-S000000181539,R1,27620.933226960246,15024.605210812279,26111.267180512983,68.65608464025703,9,758.1
MIX|Wnone|SUB:SPN-S000000181539,R2,27620.933226960246,15024.605210812279,26111.267180512983,68.65608464025703,9,758.1
MIX|Wsol|LSOA:E01030421,R0,311653.595887888,29932.086090036028,66263.74768311722,285.3883921813856,16,2595.0
MIX|Wsol|LSOA:E01030421,R1,253953.9345665424,29932.086090036028,66263.74768311722,255.34969018630534,16,2595.0
MIX|Wsol|LSOA:E01030421,R2,185052.06643748522,29932.086090036028,66263.74768311722,239.32332710233345,16,2595.0
MIX|Wsol|LSOA:E01030422,R0,232067.25095539974,36621.24831636338,63664.75232025724,209.9212440265444,22,1880.6000000000001
MIX|Wsol|LSOA:E01030422,R1,142584.09165084583,36621.24831636338,63664.75232025724,166.0884653594138,22,1880.6000000000001
MIX|Wsol|LSOA:E01030422,R2,114254.9359434354,36621.24831636338,63664.75232025724,159.38960440498317,22,1880.6000000000001
MIX|Wsol|LSOA:E01030423,R0,415335.3086955985,52270.23102437132,97822.76525060444,344.90775599034714,30,3200.0
MIX|Wsol|LSOA:E01030423,R1,310544.0486711154,52270.23102437132,97822.76525060444,300.6785649580878,30,3200.0
MIX|Wsol|LSOA:E01030423,R2,226854.97550390364,52270.23102437132,97822.76525060444,277.41008289538274,30,3200.0
MIX|Wsol|LSOA:E01030424,R0,462549.556690082,57399.44586684319,105490.54044132943,390.4134655797887,34,3498.2
MIX|Wsol|LSOA:E01030424,R1,352080.38876591926,57399.44586684319,105490.54044132943,334.4347851493168,34,3498.2
MIX|Wsol|LSOA:E01030424,R2,262361.9029982827,57399.44586684319,105490.54044132943,315.4936424755597,34,3498.2
MIX|Wsol|LSOA:E01030425,R0,170726.05959976302,20215.87155953278,39262.949223050426,140.6457989412372,11,1290.9
MIX|Wsol|LSOA:E01030425,R1,133843.90875172184,20215.87155953278,39262.949223050426,122.33849462139312,11,1290.9
MIX|Wsol|LSOA:E01030425,R2,98308.01148485864,20215.87155953278,39262.949223050426,118.67984703968912,11,1290.9
MIX|Wsol|LSOA:E01030426,R0,219988.2343776201,32883.892102902515,58996.813504402424,212.1209416966147,19,1780.3
MIX|Wsol|LSOA:E01030426,R1,187694.3767354243,32883.892102902515,58996.813504402424,199.81376368324584,19,1780.3
MIX|Wsol|LSOA:E01030426,R2,135070.73632715677,32883.892102902515,58996.813504402424,193.96848125000423,19,1780.3
MIX|Wsol|LSOA:E01030427,R0,223612.92174517337,25372.677506087406,50680.57105787966,202.7722501194573,14,1756.3
MIX|Wsol|LSOA:E01030427,R1,171271.55716866825,25372.677506087406,50680.57105787966,180.44998458994903,14,1756.3
MIX|Wsol|LSOA:E01030427,R2,126139.81026389929,25372.677506087406,50680.57105787966,171.0361447581023,14,1756.3
MIX|Wsol|LSOA:E01030428,R0,434734.7030550332,62049.97265643584,105835.41944896431,374.96986325366277,38,3237.7000000000003
MIX|Wsol|LSOA:E01030428,R1,292502.93889756943,62049.97265643584,105835.41944896431,330.4992093815978,38,3237.7000000000003
MIX|Wsol|LSOA:E01030428,R2,230909.00599780108,62049.97265643584,105835.41944896431,320.68996362412804,38,3237.7000000000003
MIX|Wsol|LSOA:E01030429,R0,49292.78357268335,7330.63071455004,13751.092074529039,49.03251680490418,4,432.0
MIX|Wsol|LSOA:E01030429,R1,40350.849140214224,7330.63071455004,13751.092074529039,45.89971140922315,4,432.0
MIX|Wsol|LSOA:E01030429,R2,30773.878294406506,7330.63071455004,13751.092074529039,46.09986067957004,4,432.0
MIX|Wsol|LSOA:E01030430,R0,553084.240057955,70169.35420305071,131273.4368685098,483.36320690613746,40,4296.7
MIX|Wsol|LSOA:E01030430,R1,337281.3269060671,70169.35420305071,131273.4368685098,418.62799844585163,40,4296.7
MIX|Wsol|LSOA:E01030430,R2,281120.3842180268,70169.35420305071,131273.4368685098,409.9133027931861,40,4296.7
MIX|Wsol|LSOA:E01030431,R0,266068.8627436892,34163.22605662617,61241.920771942576,210.45886827880818,20,1898.3000000000002
MIX|Wsol|LSOA:E01030431,R1,170710.2044098351,34163.22605662617,61241.920771942576,166.78779197669735,20,1898.3000000000002
MIX|Wsol|LSOA:E01030431,R2,132524.3515506142,34163.22605662617,61241.920771942576,151.12350761136912,20,1898.3000000000002
MIX|Wsol|LSOA:E01030432,R0,157131.85636185386,25374.919566008455,43116.86594857073,147.0747050313527,15,1228.3
MIX|Wsol|LSOA:E01030432,R1,129436.46465610803,25374.919566008455,43116.86594857073,130.46679110049524,15,1228.3
MIX|Wsol|LSOA:E01030432,R2,93981.09566125185,25374.919566008455,43116.86594857073,121.93032185683803,15,1228.3
MIX|Wsol|LSOA:E01030433,R0,184425.21416627668,28294.05065927292,51944.35967604124,180.14702269400047,16,1604.6
MIX|Wsol|LSOA:E01030433,R1,157212.29676001612,28294.05065927292,51944.35967604124,166.6313929404363,16,1604.6
MIX|Wsol|LSOA:E01030433,R2,114826.96697743738,28294.05065927292,51944.35967604124,167.65032252666495,16,1604.6
MIX|Wsol|LSOA:E01030440,R0,672591.4013450267,56723.68024660334,118178.59590981004,544.3958211302194,32,4406.2
MIX|Wsol|LSOA:E01030440,R1,480762.5067557723,56723.68024660334,118178.59590981004,460.24331049300423,32,4406.2
MIX|Wsol|LSOA:E01030440,R2,351105.51579867303,56723.68024660334,118178.59590981004,449.0557763500588,32,4406.2
MIX|Wsol|LSOA:E01030441,R0,245115.60973791758,36251.971228459166,66913.97568579025,234.62204236635034,21,2102.4
MIX|Wsol|LSOA:E01030441,R1,182497.69217356312,36251.971228459166,66913.97568579025,209.0435533257159,21,2102.4
MIX|Wsol|LSOA:E01030441,R2,148650.8459772399,36251.971228459166,66913.97568579025,194.15010743556962,21,2102.4
MIX|Wsol|LSOA:E01030442,R0,627783.4332763029,29268.151922141064,81778.30909900804,560.1459833653073,15,4386.0
MIX|Wsol|LSOA:E01030442,R1,361167.2574101817,29268.151922141064,81778.30909900804,447.8520312719855,15,4386.0
MIX|Wsol|LSOA:E01030442,R2,294523.7883768193,29268.151922141064,81778.30909900804,427.6023265910357,15,4386.0
MIX|Wsol|LSOA:E01030443,R0,304502.79027820827,22735.780428333866,50816.616092121156,279.1632327016137,12,2058.7
MIX|Wsol|LSOA:E01030443,R1,220590.71416113418,22735.780428333866,50816.616092121156,246.31141249812353,12,2058.7
MIX|Wsol|LSOA:E01030443,R2,160293.81041938998,22735.780428333866,50816.616092121156,245.35574697920867,12,2058.7
MIX|Wsol|LSOA:E01030444,R0,216658.33595396974,16919.369802258312,35732.33466871099,168.13035381190892,9,1296.5
MIX|Wsol|LSOA:E01030444,R1,147604.39382950042,16919.369802258312,35732.33466871099,139.563333005626,9,1296.5
MIX|Wsol|LSOA:E01030444,R2,112633.0557761665,16919.369802258312,35732.33466871099,122.09286427658651,9,1296.5
MIX|Wsol|LSOA:E01030445,R0,543123.8553919233,57540.4929183027,113341.25250806754,440.364495822872,32,3965.3
MIX|Wsol|LSOA:E01030445,R1,335419.301196931,57540.4929183027,113341.25250806754,364.4077026112253,32,3965.3
MIX|Wsol|LSOA:E01030445,R2,273615.06643119943,57540.4929183027,113341.25250806754,349.82920665783035,32,3965.3
MIX|Wsol|LSOA:E01030446,R0,410683.58252366,51265.66793738684,101301.47018834876,395.65797299906916,29,3429.0000000000005
MIX|Wsol|LSOA:E01030446,R1,302851.024396981,51265.66793738684,101301.47018834876,358.34248772041894,29,3429.0000000000005
MIX|Wsol|LSOA:E01030446,R2,234367.7933075037,51265.66793738684,101301.47018834876,328.8784139007363,29,3429.0000000000005
MIX|Wsol|LSOA:E01030447,R0,466357.1856407232,57484.96290306673,105608.05099742829,402.1766650250928,35,3404.3
MIX|Wsol|LSOA:E01030447,R1,340828.0409516806,57484.96290306673,105608.05099742829,345.74620675054007,35,3404.3
MIX|Wsol|LSOA:E01030447,R2,261067.2954905429,57484.96290306673,105608.05099742829,318.2441398041443,35,3404.3
MIX|Wsol|LSOA:E01030456,R0,12849.192383395533,1897.0491828583754,3794.082212549451,18.9,1,126.0
MIX|Wsol|LSOA:E01030456,R1,8178.209842355289,1897.0491828583754,3794.082212549451,18.9,1,126.0
MIX|Wsol|LSOA:E01030456,R2,8178.209842355289,1897.0491828583754,3794.082212549451,18.9,1,126.0
MIX|Wsol|LSOA:E01030458,R0,601259.0045537065,66087.81620805652,138321.4981968942,621.9377885253189,37,5184.4
MIX|Wsol|LSOA:E01030458,R1,421852.4238681126,66087.81620805652,138321.4981968942,517.4591544467957,37,5184.4
MIX|Wsol|LSOA:E01030458,R2,330282.40943861206,66087.81620805652,138321.4981968942,485.6001500752127,37,5184.4
MIX|Wsol|LSOA:E01030459,R0,350783.11341793527,48580.2538527366,86829.8519552702,325.77420607963813,29,2670.6
MIX|Wsol|LSOA:E01030459,R1,256465.7386307919,48580.2538527366,86829.8519552702,288.55591427002753,29,2670.6
MIX|Wsol|LSOA:E01030459,R2,188202.5762949601,48580.2538527366,86829.8519552702,274.3663480889364,29,2670.6
MIX|Wsol|LSOA:E01030462,R0,5166.642943490659,1243.4634764036896,1506.6571982964667,5.030372608549918,1,35.0
MIX|Wsol|LSOA:E01030462,R1,3661.988958806999,1243.4634764036896,1506.6571982964667,4.533679255620875,1,35.0
MIX|Wsol|LSOA:E01030462,R2,2526.7743457410616,1243.4634764036896,1506.6571982964667,4.553191909034654,1,35.0
MIX|Wsol|LSOA:E01030465,R0,629469.0993231422,59115.694236851705,123253.97224549964,551.238647829568,33,4639.4
MIX|Wsol|LSOA:E01030465,R1,433449.60751911864,59115.694236851705,123253.97224549964,461.93682823079604,33,4639.4
MIX|Wsol|LSOA:E01030465,R2,337624.64598029933,59115.694236851705,123253.97224549964,440.322968483915,33,4639.4
MIX|Wsol|LSOA:E01030466,R0,327219.9044183498,23602.00543254634,52113.53097617611,267.22457193019716,13,2120.1000000000004
MIX|Wsol|LSOA:E01030466,R1,236512.10828735164,23602.00543254634,52113.53097617611,234.6800535321167,13,2120.1000000000004
MIX|Wsol|LSOA:E01030466,R2,170651.18141526854,23602.00543254634,52113.53097617611,212.4684032256279,13,2120.1000000000004
MIX|Wsol|LSOA:E01030471,R0,356872.34987350344,33828.55623430839,71538.45990316672,400.0088275944307,20,2955.0
MIX|Wsol|LSOA:E01030471,R1,252770.22879473603,33828.55623430839,71538.45990316672,379.597764160732,20,2955.0
MIX|Wsol|LSOA:E01030471,R2,187358.0785063203,33828.55623430839,71538.45990316672,368.6032260899416,20,2955.0
MIX|Wsol|LSOA:E01030472,R0,544265.3035265701,45212.43109722981,96040.29358692915,493.0401493992659,26,3751.2999999999997
MIX|Wsol|LSOA:E01030472,R1,395392.74188068503,45212.43109722981,96040.29358692915,418.21894282616785,26,3751.2999999999997
MIX|Wsol|LSOA:E01030472,R2,288026.7318719884,45212.43109722981,96040.29358692915,439.45379031562953,26,3751.2999999999997
MIX|Wsol|LSOA:E01030473,R0,615849.9666305655,51379.708059206605,111798.93073173655,546.3727286098556,28,4591.900000000001
MIX|Wsol|LSOA:E01030473,R1,439149.2705796465,51379.708059206605,111798.93073173655,466.95833936685216,28,4591.900000000001
MIX|Wsol|LSOA:E01030473,R2,332508.9412367362,51379.708059206605,111798.93073173655,451.97345640526186,28,4591.900000000001
MIX|Wsol|LSOA:E01030474,R0,55165.718655735094,5543.744131880756,11842.38250578057,54.735657992236504,3,463.0
MIX|Wsol|LSOA:E01030474,R1,43532.937406971934,5543.744131880756,11842.38250578057,51.576286866109434,3,463.0
MIX|Wsol|LSOA:E01030474,R2,33556.24348582197,5543.744131880756,11842.38250578057,51.5491040734732,3,463.0
MIX|Wsol|LSOA:E01030475,R0,185999.71583621288,20833.12251616156,38428.14821983002,146.8840398951909,12,1180.1
MIX|Wsol|LSOA:E01030475,R1,135789.49276275848,20833.12251616156,38428.14821983002,131.32442402021437,12,1180.1
MIX|Wsol|LSOA:E01030475,R2,95074.25271390937,20833.12251616156,38428.14821983002,124.29243928997612,12,1180.1
MIX|Wsol|LSOA:E01030476,R0,281620.74495028955,22228.578906742077,48723.44733298848,233.3872452750668,12,1939.8
MIX|Wsol|LSOA:E01030476,R1,216900.90385831264,22228.578906742077,48723.44733298848,205.65177885061792,12,1939.8
MIX|Wsol|LSOA:E01030476,R2,161837.62744577887,22228.578906742077,48723.44733298848,207.3710564781106,12,1939.8
MIX|Wsol|LSOA:E01030477,R0,358439.6088588566,26800.92521376269,58130.948896927934,319.9414776997799,15,2497.7
MIX|Wsol|LSOA:E01030477,R1,255800.92832312395,26800.92521376269,58130.948896927934,280.64958417935736,15,2497.7
MIX|Wsol|LSOA:E01030477,R2,192093.47088930965,26800.92521376269,58130.948896927934,283.48643410334785,15,2497.7
MIX|Wsol|LSOA:E01030478,R0,199270.47841575087,21190.11003964735,45174.180011945275,218.3882741750886,12,1932.6
MIX|Wsol|LSOA:E01030478,R1,126103.18341929662,21190.11003964735,45174.180011945275,196.6228516464007,12,1932.6
MIX|Wsol|LSOA:E01030478,R2,100576.7909016654,21190.11003964735,45174.180011945275,186.5898102560085,12,1932.6
MIX|Wsol|LSOA:E01030479,R0,517236.4739878311,57129.841765176076,112988.93010527521,457.80978001153915,32,4052.1000000000004
MIX|Wsol|LSOA:E01030479,R1,396010.33995512826,57129.841765176076,112988.93010527521,399.6175537788579,32,4052.1000000000004
MIX|Wsol|LSOA:E01030479,R2,281306.2121550364,57129.841765176076,112988.93010527521,368.32656914456993,32,4052.1000000000004
MIX|Wsol|LSOA:E01030480,R0,277703.2776296853,35050.27645552267,63485.9054860607,245.499369267575,21,2055.7
MIX|Wsol|LSOA:E01030480,R1,188614.40180219378,35050.27645552267,63485.9054860607,210.72582579995495,21,2055.7
MIX|Wsol|LSOA:E01030480,R2,144364.01373452737,35050.27645552267,63485.9054860607,190.99081134495782,21,2055.7
MIX|Wsol|LSOA:E01030490,R0,239368.66544404946,30268.080259583097,58253.710840900385,224.9392693709345,17,1826.4
MIX|Wsol|LSOA:E01030490,R1,165523.1451755293,30268.080259583097,58253.710840900385,198.25714435651287,17,1826.4
MIX|Wsol|LSOA:E01030490,R2,123245.61012605656,30268.080259583097,58253.710840900385,197.8501089239596,17,1826.4
MIX|Wsol|LSOA:E01030491,R0,216805.0562935246,42478.14259762993,73824.79822923953,231.31162542181409,26,2233.0
MIX|Wsol|LSOA:E01030491,R1,150421.0716843318,42478.14259762993,73824.79822923953,211.73739104266608,26,2233.0
MIX|Wsol|LSOA:E01030491,R2,119994.25368789167,42478.14259762993,73824.79822923953,210.67706447772466,26,2233.0
MIX|Wsol|LSOA:E01030492,R0,407041.8393235546,53989.87415045447,107126.49484595587,409.10124901683133,31,3667.2
MIX|Wsol|LSOA:E01030492,R1,285623.7959685625,53989.87415045447,107126.49484595587,346.9617047602612,31,3667.2
MIX|Wsol|LSOA:E01030492,R2,238132.95153298968,53989.87415045447,107126.49484595587,314.41843091627084,31,3667.2
MIX|Wsol|LSOA:E01030499,R0,423896.56031896337,33439.755277149045,75066.56508965268,402.73669200559203,18,3186.4
MIX|Wsol|LSOA:E01030499,R1,306320.1364613572,33439.755277149045,75066.56508965268,354.2010610275304,18,3186.4
MIX|Wsol|LSOA:E01030499,R2,223770.9486713108,33439.755277149045,75066.56508965268,340.87042229015236,18,3186.4
MIX|Wsol|LSOA:E01030500,R0,398729.9916491922,42245.36946926985,89388.28296209694,366.0762270061914,23,3248.0
MIX|Wsol|LSOA:E01030500,R1,310068.99577635963,42245.36946926985,89388.28296209694,319.43903145291,23,3248.0
MIX|Wsol|LSOA:E01030500,R2,228162.89056374427,42245.36946926985,89388.28296209694,304.61631537812997,23,3248.0
MIX|Wsol|LSOA:E01030501,R0,464068.85092899384,36536.507084158984,80290.38316655673,421.25760249494743,20,3312.3
MIX|Wsol|LSOA:E01030501,R1,367410.3629145075,36536.507084158984,80290.38316655673,380.1325548902521,20,3312.3
MIX|Wsol|LSOA:E01030501,R2,245325.25996855815,36536.507084158984,80290.38316655673,356.9498530846325,20,3312.3
MIX|Wsol|LSOA:E01030502,R0,291150.62016688625,33633.49280291683,64737.76374153061,246.33243353467842,19,2183.8999999999996
MIX|Wsol|LSOA:E01030502,R1,218359.79231233394,33633.49280291683,64737.76374153061,205.33560018451382,19,2183.8999999999996
MIX|Wsol|LSOA:E01030502,R2,163378.05645574344,33633.49280291683,64737.76374153061,206.7139546892466,19,2183.8999999999996
MIX|Wsol|LSOA:E01030503,R0,349161.3924280067,45835.69970311627,87584.50854591533,301.4336320098804,26,2864.9
MIX|Wsol|LSOA:E01030503,R1,289640.10766331607,45835.69970311627,87584.50854591533,273.62597959014624,26,2864.9
MIX|Wsol|LSOA:E01030503,R2,209530.97773564426,45835.69970311627,87584.50854591533,248.01031630242426,26,2864.9
MIX|Wsol|LSOA:E01030504,R0,471382.94360855,46383.71308349408,97551.20895690439,394.9757376484177,25,3580.6
MIX|Wsol|LSOA:E01030504,R1,376710.8006412148,46383.71308349408,97551.20895690439,348.5261506248704,25,3580.6
MIX|Wsol|LSOA:E01030504,R2,274730.25507584336,46383.71308349408,97551.20895690439,332.7746289633642,25,3580.6
MIX|Wsol|SUB:SPN-R000000843506-000-002Z,R0,114625.328666771,9079.271971500282,20273.226898494668,97.23737706148019,5,841.0
MIX|Wsol|SUB:SPN-R000000843506-000-002Z,R1,93341.34845962471,9079.271971500282,20273.226898494668,90.1457715405461,5,841.0
MIX|Wsol|SUB:SPN-R000000843506-000-002Z,R2,69093.6039414804,9079.271971500282,20273.226898494668,87.59856203208138,5,841.0
MIX|Wsol|SUB:SPN-R000000843508-000-011Z,R0,202938.5519020646,6454.673369179444,24957.33378299731,200.04669700757574,3,1768.0
MIX|Wsol|SUB:SPN-R000000843508-000-011Z,R1,179970.95850168949,6454.673369179444,24957.33378299731,190.0892971496212,3,1768.0
MIX|Wsol|SUB:SPN-R000000843508-000-011Z,R2,142196.8814282228,6454.673369179444,24957.33378299731,204.93683683712123,3,1768.0
MIX|Wsol|SUB:SPN-R000000843508-000-016Z,R0,102414.6672316076,6018.846613191255,17935.788811136095,108.23916479861329,3,945.9
MIX|Wsol|SUB:SPN-R000000843508-000-016Z,R1,87643.26198950331,6018.846613191255,17935.788811136095,98.38471783605038,3,945.9
MIX|Wsol|SUB:SPN-R000000843508-000-016Z,R2,71129.92252678704,6018.846613191255,17935.788811136095,109.42524301786858,3,945.9
MIX|Wsol|SUB:SPN-R000000848207-000-055Z,R0,65230.22072003824,3986.286067058116,11726.356603209908,67.70916879839251,2,581.0
MIX|Wsol|SUB:SPN-R000000848207-000-055Z,R1,58688.36812985869,3986.286067058116,11726.356603209908,62.41308771922937,2,581.0
MIX|Wsol|SUB:SPN-R000000848207-000-055Z,R2,44669.475547589114,3986.286067058116,11726.356603209908,69.57113416943112,2,581.0
MIX|Wsol|SUB:SPN-R000000852112-000-073Z,R0,11001.652517176371,1696.1327940166352,2790.0527683274904,11.46,1,76.4
MIX|Wsol|SUB:SPN-R000000852112-000-073Z,R1,9962.904339482458,1696.1327940166352,2790.0527683274904,11.46,1,76.4
MIX|Wsol|SUB:SPN-R000000852112-000-073Z,R2,7474.239589363246,1696.1327940166352,2790.0527683274904,11.46,1,76.4
MIX|Wsol|SUB:SPN-R000000852116-000-001Z,R0,113635.22774231239,16253.09104860641,30275.713651172216,119.82882485186373,9,949.9
MIX|Wsol|SUB:SPN-R000000852116-000-001Z,R1,91993.94655842063,16253.09104860641,30275.713651172216,109.24804511586677,9,949.9
MIX|Wsol|SUB:SPN-R000000852116-000-001Z,R2,71382.98832638255,16253.09104860641,30275.713651172216,109.79141861825111,9,949.9
MIX|Wsol|SUB:SPN-S000000171105,R0,3069.9141214509164,1434.4149170673163,2047.656800301222,7.8,1,52.0
MIX|Wsol|SUB:SPN-S000000171105,R1,1901.8322213736672,1434.4149170673163,2047.656800301222,7.189103957841981,1,52.0
MIX|Wsol|SUB:SPN-S000000171105,R2,1901.8322213736672,1434.4149170673163,2047.656800301222,7.189103957841981,1,52.0
MIX|Wsol|SUB:SPN-S000000171605,R0,25003.248283430126,3674.930436873743,6709.228990527409,29.171864332932692,2,201.7
MIX|Wsol|SUB:SPN-S000000171605,R1,23444.303308911174,3674.930436873743,6709.228990527409,28.853339783653848,2,201.7
MIX|Wsol|SUB:SPN-S000000171605,R2,15980.141924065696,3674.930436873743,6709.228990527409,27.765586478365382,2,201.7
MIX|Wsol|SUB:SPN-S000000171606,R0,168546.95760466618,27016.10852877186,45693.95244026169,169.74265811981553,16,1325.2
MIX|Wsol|SUB:SPN-S000000171606,R1,123424.12358083841,27016.10852877186,45693.95244026169,161.07047189308062,16,1325.2
MIX|Wsol|SUB:SPN-S000000171606,R2,98727.33455597062,27016.10852877186,45693.95244026169,155.97760802633158,16,1325.2
MIX|Wsol|SUB:SPN-S000000171608,R0,159537.24158600788,21975.54991489008,42820.444922318384,143.35490581910634,12,1409.3
MIX|Wsol|SUB:SPN-S000000171608,R1,124665.32379756094,21975.54991489008,42820.444922318384,129.5840040814136,12,1409.3
MIX|Wsol|SUB:SPN-S000000171608,R2,94617.83577194368,21975.54991489008,42820.444922318384,116.23180659039838,12,1409.3
MIX|Wsol|SUB:SPN-S000000171609,R0,26302.81992246136,6590.730549571958,11049.628580770554,35.836618738771634,4,305.9
MIX|Wsol|SUB:SPN-S000000171609,R1,18167.808631817505,6590.730549571958,11049.628580770554,33.98173429860031,4,305.9
MIX|Wsol|SUB:SPN-S000000171609,R2,17421.860689700618,6590.730549571958,11049.628580770554,33.804105069074446,4,305.9
MIX|Wsol|SUB:SPN-S000000171610,R0,153936.0312431742,33372.04410756287,53890.92218881738,175.87367618729039,21,1518.0
MIX|Wsol|SUB:SPN-S000000171610,R1,127162.19577734981,33372.04410756287,53890.92218881738,164.01583145589296,21,1518.0
MIX|Wsol|SUB:SPN-S000000171610,R2,95972.63025309349,33372.04410756287,53890.92218881738,158.59209378470916,21,1518.0
MIX|Wsol|SUB:SPN-S000000171611,R0,9171.223717912342,1829.5318381019088,3299.5307563484785,11.345206336105509,1,97.8
MIX|Wsol|SUB:SPN-S000000171611,R1,8144.748810047619,1829.5318381019088,3299.5307563484785,10.457570761928764,1,97.8
MIX|Wsol|SUB:SPN-S000000171611,R2,6276.429969247823,1829.5318381019088,3299.5307563484785,12.882106758232524,1,97.8
MIX|Wsol|SUB:SPN-S000000171613,R0,127996.69464991172,13368.127921561001,30180.858329487866,144.0587658123618,7,1156.0
MIX|Wsol|SUB:SPN-S000000171613,R1,109851.21545193349,13368.127921561001,30180.858329487866,134.58985562794726,7,1156.0
MIX|Wsol|SUB:SPN-S000000171613,R2,80175.73739191712,13368.127921561001,30180.858329487866,141.62870328008503,7,1156.0
MIX|Wsol|SUB:SPN-S000000171614,R0,154341.5548806973,11564.809016730651,27632.817909869776,122.04119052717914,6,1163.1
MIX|Wsol|SUB:SPN-S000000171614,R1,121105.62400379089,11564.809016730651,27632.817909869776,103.1987858978851,6,1163.1
MIX|Wsol|SUB:SPN-S000000171614,R2,91468.48878929816,11564.809016730651,27632.817909869776,105.08780736972507,6,1163.1
MIX|Wsol|SUB:SPN-S000000171615,R0,55620.71927294385,5629.208473144078,12129.420514154197,64.58521678936297,3,455.40000000000003
MIX|Wsol|SUB:SPN-S000000171615,R1,51962.424239406915,5629.208473144078,12129.420514154197,63.489846256009606,3,455.40000000000003
MIX|Wsol|SUB:SPN-S000000171615,R2,35412.2127377804,5629.208473144078,12129.420514154197,59.74918350060096,3,455.40000000000003
MIX|Wsol|SUB:SPN-S000000171616,R0,78283.87762445194,9425.798907146298,19234.74405532417,79.52007267179894,5,664.1
MIX|Wsol|SUB:SPN-S000000171616,R1,73079.35616652214,9425.798907146298,19234.74405532417,78.05689566816145,5,664.1
MIX|Wsol|SUB:SPN-S000000171616,R2,50027.6595695016,9425.798907146298,19234.74405532417,74.65871105220606,5,664.1
MIX|Wsol|SUB:SPN-S000000171617,R0,96838.63310981696,15130.239831420004,25191.318933636758,85.01337551595398,9,707.0
MIX|Wsol|SUB:SPN-S000000171617,R1,69488.14001518919,15130.239831420004,25191.318933636758,75.55892316683983,9,707.0
MIX|Wsol|SUB:SPN-S000000171617,R2,53578.53787826655,15130.239831420004,25191.318933636758,72.3800885927242,9,707.0
MIX|Wsol|SUB:SPN-S000000171618,R0,93976.10422040246,16053.832448886924,28845.453029270124,99.25010940922077,9,871.9
MIX|Wsol|SUB:SPN-S000000171618,R1,70863.93925003163,16053.832448886924,28845.453029270124,93.40137974174444,9,871.9
MIX|Wsol|SUB:SPN-S000000171618,R2,57797.92279801995,16053.832448886924,28845.453029270124,91.90251826507854,9,871.9
MIX|Wsol|SUB:SPN-S000000171619,R0,179604.1626010096,28035.895076508306,48203.92977232814,164.47684913445747,17,1435.6
MIX|Wsol|SUB:SPN-S000000171619,R1,136203.44605098982,28035.895076508306,48203.92977232814,142.16362496308804,17,1435.6
MIX|Wsol|SUB:SPN-S000000171619,R2,102542.76138698403,28035.895076508306,48203.92977232814,140.8388539129335,17,1435.6
MIX|Wsol|SUB:SPN-S000000171621,R0,259988.98885909215,34911.871799591696,67115.36706742045,252.63374701649917,20,2283.7999999999997
MIX|Wsol|SUB:SPN-S000000171621,R1,206892.95757196314,34911.871799591696,67115.36706742045,226.06425260833646,20,2283.7999999999997
MIX|Wsol|SUB:SPN-S000000171621,R2,154556.28713324192,34911.871799591696,67115.36706742045,230.81142819618785,20,2283.7999999999997
MIX|Wsol|SUB:SPN-S000000171622,R0,214326.62915546334,11926.54512815368,33827.06626963662,176.28509041515878,6,1681.7
MIX|Wsol|SUB:SPN-S000000171622,R1,175120.64156845008,11926.54512815368,33827.06626963662,154.79055190713257,6,1681.7
MIX|Wsol|SUB:SPN-S000000171622,R2,135607.1344147835,11926.54512815368,33827.06626963662,164.44502744365099,6,1681.7
MIX|Wsol|SUB:SPN-S000000171623,R0,203126.29832511678,17024.258084841524,35589.0639310919,148.77225665678276,9,1265.6000000000001
MIX|Wsol|SUB:SPN-S000000171623,R1,141797.4138731176,17024.258084841524,35589.0639310919,119.97416520959422,9,1265.6000000000001
MIX|Wsol|SUB:SPN-S000000171623,R2,102382.75821495696,17024.258084841524,35589.0639310919,114.6079156629661,9,1265.6000000000001
MIX|Wsol|SUB:SPN-S000000171624,R0,193734.75451715448,25232.116740808437,47711.48983239003,193.50210440404442,14,1523.1
MIX|Wsol|SUB:SPN-S000000171624,R1,155952.65600282472,25232.116740808437,47711.48983239003,186.9682999195147,14,1523.1
MIX|Wsol|SUB:SPN-S000000171624,R2,113915.17416712479,25232.116740808437,47711.48983239003,185.04350334033865,14,1523.1
MIX|Wsol|SUB:SPN-S000000171625,R0,158864.85603807005,18734.04862634846,37246.90851614208,165.09330599841203,10,1247.0
MIX|Wsol|SUB:SPN-S000000171625,R1,121766.25957549675,18734.04862634846,37246.90851614208,159.3336199625453,10,1247.0
MIX|Wsol|SUB:SPN-S000000171625,R2,85959.52197677069,18734.04862634846,37246.90851614208,155.9955729885202,10,1247.0
MIX|Wsol|SUB:SPN-S000000171626,R0,151430.893754852,15133.971656268493,32615.34293720672,138.71283762542112,8,1221.4
MIX|Wsol|SUB:SPN-S000000171626,R1,133485.43287789024,15133.971656268493,32615.34293720672,131.59819044963456,8,1221.4
MIX|Wsol|SUB:SPN-S000000171626,R2,89977.47510618239,15133.971656268493,32615.34293720672,123.9376599193724,8,1221.4
MIX|Wsol|SUB:SPN-S000000171629,R0,44382.82807256273,7079.111715024579,12543.388424583602,47.079675628063725,4,357.0
MIX|Wsol|SUB:SPN-S000000171629,R1,24154.589880146268,7079.111715024579,12543.388424583602,43.75037602199911,4,357.0
MIX|Wsol|SUB:SPN-S000000171629,R2,19325.41292304529,7079.111715024579,12543.388424583602,41.87063024281647,4,357.0
MIX|Wsol|SUB:SPN-S000000171630,R0,90304.01828063105,12519.080336024286,22771.85249118189,95.7247544558794,7,698.2
MIX|Wsol|SUB:SPN-S000000171630,R1,84198.03334497366,12519.080336024286,22771.85249118189,94.20903791040664,7,698.2
MIX|Wsol|SUB:SPN-S000000171630,R2,58694.66878786622,12519.080336024286,22771.85249118189,92.47740708233174,7,698.2
MIX|Wsol|SUB:SPN-S000000171631,R0,59281.260160577105,6739.94672968106,11731.914896024251,45.23217067464926,4,352.8
MIX|Wsol|SUB:SPN-S000000171631,R1,39713.13265917238,6739.94672968106,11731.914896024251,37.121263204993674,4,352.8
MIX|Wsol|SUB:SPN-S000000171631,R2,29703.690519659147,6739.94672968106,11731.914896024251,32.022903083670236,4,352.8
MIX|Wsol|SUB:SPN-S000000171632,R0,12821.908675133418,1840.4607084718507,3356.1301274752623,15.09,1,100.6
MIX|Wsol|SUB:SPN-S000000171632,R1,12102.854013226366,1840.4607084718507,3356.1301274752623,15.09,1,100.6
MIX|Wsol|SUB:SPN-S000000171632,R2,8252.30843894602,1840.4607084718507,3356.1301274752623,15.09,1,100.6
MIX|Wsol|SUB:SPN-S000000171633,R0,28676.5541155998,7192.449827190598,10498.06122394798,34.23240764451539,5,262.5
MIX|Wsol|SUB:SPN-S000000171633,R1,13601.685693879295,7192.449827190598,10498.06122394798,28.256028853856844,5,262.5
MIX|Wsol|SUB:SPN-S000000171633,R2,13601.685693879295,7192.449827190598,10498.06122394798,28.256028853856844,5,262.5
MIX|Wsol|SUB:SPN-S000000171634,R0,69393.19420767807,6640.245787726384,14071.740337032665,69.81562693144052,4,592.4
MIX|Wsol|SUB:SPN-S000000171634,R1,62474.20172793721,6640.245787726384,14071.740337032665,64.97443564065233,4,592.4
MIX|Wsol|SUB:SPN-S000000171634,R2,47493.790658583865,6640.245787726384,14071.740337032665,70.53241323841985,4,592.4
MIX|Wsol|SUB:SPN-S000000171636,R0,10915.252104737814,1690.9702227562243,2773.6649687967038,11.37,1,75.8
MIX|Wsol|SUB:SPN-S000000171636,R1,9884.66163524568,1690.9702227562243,2773.6649687967038,11.37,1,75.8
MIX|Wsol|SUB:SPN-S000000171636,R2,7415.541372692851,1690.9702227562243,2773.6649687967038,11.37,1,75.8
MIX|Wsol|SUB:SPN-S000000171637,R0,23630.407054509233,3246.3041368549307,5314.734340915134,21.194000875538794,2,149.4
MIX|Wsol|SUB:SPN-S000000171637,R1,18699.203601278452,3246.3041368549307,5314.734340915134,19.41275502873563,2,149.4
MIX|Wsol|SUB:SPN-S000000171637,R2,14011.592419257318,3246.3041368549307,5314.734340915134,18.74825714936661,2,149.4
MIX|Wsol|SUB:SPN-S000000171647,R0,18626.658021627623,3527.4715926252693,6061.990333188983,22.044546334262833,2,172.1
MIX|Wsol|SUB:SPN-S000000171647,R1,15712.986817139175,3527.4715926252693,6061.990333188983,21.835,2,172.1
MIX|Wsol|SUB:SPN-S000000171647,R2,12172.475230449993,3527.4715926252693,6061.990333188983,21.835,2,172.1
MIX|Wsol|SUB:SPN-S000000171669,R0,31184.369060756202,6357.731821089992,10341.641845322161,33.61259788137593,4,266.0
MIX|Wsol|SUB:SPN-S000000171669,R1,16106.087577518068,6357.731821089992,10341.641845322161,26.911404829197306,4,266.0
MIX|Wsol|SUB:SPN-S000000171669,R2,16106.087577518068,6357.731821089992,10341.641845322161,26.911404829197306,4,266.0
MIX|Wsol|SUB:SPN-S000000171674,R0,426480.58533454087,55341.2451413954,99997.8784776749,373.16885440347886,32,3100.0
MIX|Wsol|SUB:SPN-S000000171674,R1,285004.819880719,55341.2451413954,99997.8784776749,320.2760521759607,32,3100.0
MIX|Wsol|SUB:SPN-S000000171674,R2,220517.1530851561,55341.2451413954,99997.8784776749,303.1945087505524,32,3100.0
MIX|Wsol|SUB:SPN-S000000171675,R0,217084.69100658863,29220.9165660984,58881.1995777504,210.75050109518668,16,2090.3
MIX|Wsol|SUB:SPN-S000000171675,R1,165382.11073060267,29220.9165660984,58881.1995777504,188.0241911142302,16,2090.3
MIX|Wsol|SUB:SPN-S000000171675,R2,125058.36178577252,29220.9165660984,58881.1995777504,183.4446464905175,16,2090.3
MIX|Wsol|SUB:SPN-S000000171677,R0,366467.52663418377,38884.75013126028,80326.61576996004,349.62141719978797,22,3000.2
MIX|Wsol|SUB:SPN-S000000171677,R1,275143.78670459264,38884.75013126028,80326.61576996004,314.01413008453153,22,3000.2
MIX|Wsol|SUB:SPN-S000000171677,R2,210050.98307567486,38884.75013126028,80326.61576996004,302.5584843779846,22,3000.2
MIX|Wsol|SUB:SPN-S000000171678,R0,258631.87672554638,28369.976333832517,57248.336554665526,241.67791277437794,16,2098.0
MIX|Wsol|SUB:SPN-S000000171678,R1,207822.52254595407,28369.976333832517,57248.336554665526,217.95254823770432,16,2098.0
MIX|Wsol|SUB:SPN-S000000171678,R2,151431.4920852697,28369.976333832517,57248.336554665526,205.56936489415196,16,2098.0
MIX|Wsol|SUB:SPN-S000000171679,R0,52362.163800741604,2021.3163640205553,6243.8884795663635,51.54,1,343.6
MIX|Wsol|SUB:SPN-S000000171679,R1,37363.89687800659,2021.3163640205553,6243.8884795663635,47.08487149444348,1,343.6
MIX|Wsol|SUB:SPN-S000000171679,R2,27848.220766066406,2021.3163640205553,6243.8884795663635,50.42936034320999,1,343.6
MIX|Wsol|SUB:SPN-S000000171680,R0,254005.03895748826,15793.402532911165,42455.47083829205,227.78374165983954,8,2039.3
MIX|Wsol|SUB:SPN-S000000171680,R1,190137.7761066052,15793.402532911165,42455.47083829205,193.80835677971865,8,2039.3
MIX|Wsol|SUB:SPN-S000000171680,R2,146360.78510287174,15793.402532911165,42455.47083829205,171.33301749524315,8,2039.3
MIX|Wsol|SUB:SPN-S000000171681,R0,711643.350252648,57231.748009422576,131762.57272686806,642.0776096937575,31,5727.299999999999
MIX|Wsol|SUB:SPN-S000000171681,R1,563967.3243267582,57231.748009422576,131762.57272686806,573.8024203870822,31,5727.299999999999
MIX|Wsol|SUB:SPN-S000000171681,R2,409092.35265881056,57231.748009422576,131762.57272686806,528.7309323926207,31,5727.299999999999
MIX|Wsol|SUB:SPN-S000000171683,R0,102349.94104276103,14522.164642180607,28517.73981033527,102.35087491103897,8,964.5
MIX|Wsol|SUB:SPN-S000000171683,R1,77487.44496009647,14522.164642180607,28517.73981033527,90.05932440852554,8,964.5
MIX|Wsol|SUB:SPN-S000000171683,R2,58647.38794197059,14522.164642180607,28517.73981033527,85.08497062364499,8,964.5
MIX|Wsol|SUB:SPN-S000000171685,R0,242411.92196714308,40434.43453227473,70712.2788959465,237.32622333635226,23,2051.4
MIX|Wsol|SUB:SPN-S000000171685,R1,206124.48939172487,40434.43453227473,70712.2788959465,214.50218437131818,23,2051.4
MIX|Wsol|SUB:SPN-S000000171685,R2,156351.0989073067,40434.43453227473,70712.2788959465,207.70459107862175,23,2051.4
MIX|Wsol|SUB:SPN-S000000171686,R0,249139.46605870075,45510.33051097175,79054.7661539135,260.41080757316905,27,2334.3
MIX|Wsol|SUB:SPN-S000000171686,R1,169858.68432030577,45510.33051097175,79054.7661539135,213.37074686802356,27,2334.3
MIX|Wsol|SUB:SPN-S000000171686,R2,137782.1436849815,45510.33051097175,79054.7661539135,202.9800278538603,27,2334.3
MIX|Wsol|SUB:SPN-S000000171689,R0,59794.427313636435,12204.392431742235,19762.169574840707,67.0078648579624,8,583.0
MIX|Wsol|SUB:SPN-S000000171689,R1,40112.64244063404,12204.392431742235,19762.169574840707,62.21099212720117,8,583.0
MIX|Wsol|SUB:SPN-S000000171689,R2,36323.33814785318,12204.392431742235,19762.169574840707,61.741909814658705,8,583.0
MIX|Wsol|SUB:SPN-S000000171695,R0,157158.898797907,8749.275794527743,21487.230962641137,157.49471211209067,5,1143.0
MIX|Wsol|SUB:SPN-S000000171695,R1,111988.97348030903,8749.275794527743,21487.230962641137,142.89024040801155,5,1143.0
MIX|Wsol|SUB:SPN-S000000171695,R2,84857.0565089806,8749.275794527743,21487.230962641137,151.0017081602471,5,1143.0
MIX|Wsol|SUB:SPN-S000000171696,R0,152120.5093679779,23224.910834363756,41001.8625687999,145.29468523090523,13,1199.3
MIX|Wsol|SUB:SPN-S000000171696,R1,133814.67385429196,23224.910834363756,41001.8625687999,139.75838991868844,13,1199.3
MIX|Wsol|SUB:SPN-S000000171696,R2,96462.86816001171,23224.910834363756,41001.8625687999,130.75812552763418,13,1199.3
MIX|Wsol|SUB:SPN-S000000171697,R0,10080.048117831753,1637.0642841290273,2609.478050285346,10.5,1,70.0
MIX|Wsol|SUB:SPN-S000000171697,R1,9128.315494290207,1637.0642841290273,2609.478050285346,10.5,1,70.0
MIX|Wsol|SUB:SPN-S000000171697,R2,6848.125278212397,1637.0642841290273,2609.478050285346,10.5,1,70.0
MIX|Wsol|SUB:SPN-S000000171698,R0,67597.88253273065,7539.033219682148,14945.590831953674,68.27110024362,4,495.0
MIX|Wsol|SUB:SPN-S000000171698,R1,50369.07901849551,7539.033219682148,14945.590831953674,67.36165125238749,4,495.0
MIX|Wsol|SUB:SPN-S000000171698,R2,36027.51468229024,7539.033219682148,14945.590831953674,64.24665905640857,4,495.0
MIX|Wsol|SUB:SPN-S000000171699,R0,15668.02675220158,1915.6345903299327,4093.5093384898496,18.259620966372285,1,147.0
MIX|Wsol|SUB:SPN-S000000171699,R1,14588.987019164568,1915.6345903299327,4093.5093384898496,17.719459154211957,1,147.0
MIX|Wsol|SUB:SPN-S000000171699,R2,10122.313552502896,1915.6345903299327,4093.5093384898496,18.876774159307068,1,147.0
MIX|Wsol|SUB:SPN-S000000171700,R0,132475.07419532843,20046.92537099775,37126.59250632237,110.09211514505002,11,1145.7
MIX|Wsol|SUB:SPN-S000000171700,R1,108537.99978695571,20046.92537099775,37126.59250632237,100.55384905963722,11,1145.7
MIX|Wsol|SUB:SPN-S000000171700,R2,79914.90189075339,20046.92537099775,37126.59250632237,92.0774754982565,11,1145.7
MIX|Wsol|SUB:SPN-S000000171702,R0,41343.29502104703,3755.9748447208503,8194.321996027758,47.46,2,316.4
MIX|Wsol|SUB:SPN-S000000171702,R1,31140.434603641257,3755.9748447208503,8194.321996027758,47.46,2,316.4
MIX|Wsol|SUB:SPN-S000000171702,R2,21901.239082671564,3755.9748447208503,8194.321996027758,47.46,2,316.4
MIX|Wsol|SUB:SPN-S000000171705,R0,250829.2224345134,22562.99245265958,47070.86649541203,215.48092178328827,13,1910.6
MIX|Wsol|SUB:SPN-S000000171705,R1,182507.85525259285,22562.99245265958,47070.86649541203,188.35357368787814,13,1910.6
MIX|Wsol|SUB:SPN-S000000171705,R2,139676.38324962292,22562.99245265958,47070.86649541203,179.8218685620447,13,1910.6
MIX|Wsol|SUB:SPN-S000000171706,R0,467039.0184615345,47991.11426318472,103318.00350435177,413.44144631477246,26,3905.4
MIX|Wsol|SUB:SPN-S000000171706,R1,337171.04935774393,47991.11426318472,103318.00350435177,365.2124518432936,26,3905.4
MIX|Wsol|SUB:SPN-S000000171706,R2,268748.20200965094,47991.11426318472,103318.00350435177,358.6634730019533,26,3905.4
MIX|Wsol|SUB:SPN-S000000171708,R0,293168.4867947893,26669.278211388988,58090.26851307483,258.56926100420606,16,2509.0
MIX|Wsol|SUB:SPN-S000000171708,R1,239571.76849022135,26669.278211388988,58090.26851307483,231.79486322061538,16,2509.0
MIX|Wsol|SUB:SPN-S000000171708,R2,185307.40963915177,26669.278211388988,58090.26851307483,220.91368593182926,16,2509.0
MIX|Wsol|SUB:SPN-S000000171709,R0,92517.36377033935,9419.800537399467,20432.75514612544,88.15138688998996,5,751.8
MIX|Wsol|SUB:SPN-S000000171709,R1,81826.56255946259,9419.800537399467,20432.75514612544,82.78883752362698,5,751.8
MIX|Wsol|SUB:SPN-S000000171709,R2,56295.412658389716,9419.800537399467,20432.75514612544,78.770763858589,5,751.8
MIX|Wsol|SUB:SPN-S000000171710,R0,216982.46351140976,8144.052220220925,25119.753041327494,201.0265749180871,4,1546.9
MIX|Wsol|SUB:SPN-S000000171710,R1,160285.8397753854,8144.052220220925,25119.753041327494,182.68155188711796,4,1546.9
MIX|Wsol|SUB:SPN-S000000171710,R2,122425.95531826888,8144.052220220925,25119.753041327494,190.62712884478742,4,1546.9
MIX|Wsol|SUB:SPN-S000000171711,R0,269953.4394338466,20941.281161398514,48879.60042439476,245.2838618155984,11,2037.0000000000002
MIX|Wsol|SUB:SPN-S000000171711,R1,208669.7502981503,20941.281161398514,48879.60042439476,214.7636169647744,11,2037.0000000000002
MIX|Wsol|SUB:SPN-S000000171711,R2,147592.0636651839,20941.281161398514,48879.60042439476,211.82778003728276,11,2037.0000000000002
MIX|Wsol|SUB:SPN-S000000171712,R0,338565.87429000356,46027.60083932534,83491.73881513305,310.6092842808777,27,2676.0
MIX|Wsol|SUB:SPN-S000000171712,R1,249111.6684962479,46027.60083932534,83491.73881513305,278.1663869082565,27,2676.0
MIX|Wsol|SUB:SPN-S000000171712,R2,188939.62761779572,46027.60083932534,83491.73881513305,277.7843811436656,27,2676.0
MIX|Wsol|SUB:SPN-S000000171713,R0,100064.32395314182,13692.345253729727,25103.61758476644,87.73516094179826,8,801.9
MIX|Wsol|SUB:SPN-S000000171713,R1,76381.19395690307,13692.345253729727,25103.61758476644,75.46669963799502,8,801.9
MIX|Wsol|SUB:SPN-S000000171713,R2,57059.823966485594,13692.345253729727,25103.61758476644,78.43658982088985,8,801.9
MIX|Wsol|SUB:SPN-S000000171714,R0,121853.6411252905,15442.291448504136,30839.15649667621,128.19762172180495,9,1152.2
MIX|Wsol|SUB:SPN-S000000171714,R1,106978.48972467173,15442.291448504136,30839.15649667621,117.82627516247605,9,1152.2
MIX|Wsol|SUB:SPN-S000000171714,R2,76273.0052104666,15442.291448504136,30839.15649667621,124.91578579962915,9,1152.2
MIX|Wsol|SUB:SPN-S000000171715,R0,133605.72148037545,14485.971190064683,30987.354642757964,137.71676069743407,8,1213.3
MIX|Wsol|SUB:SPN-S000000171715,R1,115044.91919373709,14485.971190064683,30987.354642757964,133.35071716984484,8,1213.3
MIX|Wsol|SUB:SPN-S000000171715,R2,82223.54829340497,14485.971190064683,30987.354642757964,130.70950874585571,8,1213.3
MIX|Wsol|SUB:SPN-S000000171716,R0,92743.9225505599,13294.278041569747,24010.90802646342,90.42528404482886,8,793.5
MIX|Wsol|SUB:SPN-S000000171716,R1,80518.26279699552,13294.278041569747,24010.90802646342,87.71379101946656,8,793.5
MIX|Wsol|SUB:SPN-S000000171716,R2,54076.69083097261,13294.278041569747,24010.90802646342,84.05800984657076,8,793.5
MIX|Wsol|SUB:SPN-S000000171717,R0,108319.91655110574,17442.113211785352,30439.445163243145,109.67929919100699,10,891.3
MIX|Wsol|SUB:SPN-S000000171717,R1,88955.13491387884,17442.113211785352,30439.445163243145,102.05150514794745,10,891.3
MIX|Wsol|SUB:SPN-S000000171717,R2,65339.60758705531,17442.113211785352,30439.445163243145,99.5357033259884,10,891.3
MIX|Wsol|SUB:SPN-S000000171719,R0,29940.726072379664,4679.823987409252,7385.966661840466,28.84,3,203.9
MIX|Wsol|SUB:SPN-S000000171719,R1,26009.780680220156,4679.823987409252,7385.966661840466,28.531157063876915,3,203.9
MIX|Wsol|SUB:SPN-S000000171719,R2,17762.253465317714,4679.823987409252,7385.966661840466,28.83333806423611,3,203.9
MIX|Wsol|SUB:SPN-S000000171720,R0,110027.07194390148,15315.73874810024,26249.15568770762,95.57209799468843,9,764.0
MIX|Wsol|SUB:SPN-S000000171720,R1,79370.18356353696,15315.73874810024,26249.15568770762,85.7789757866493,9,764.0
MIX|Wsol|SUB:SPN-S000000171720,R2,58706.47194512248,15315.73874810024,26249.15568770762,82.61617679413506,9,764.0
MIX|Wsol|SUB:SPN-S000000171721,R0,6480.030932891841,1351.0719991044648,1820.3728623171528,6.75,1,45.0
MIX|Wsol|SUB:SPN-S000000171721,R1,5868.2028177579905,1351.0719991044648,1820.3728623171528,6.75,1,45.0
MIX|Wsol|SUB:SPN-S000000171721,R2,4402.366250279398,1351.0719991044648,1820.3728623171528,6.75,1,45.0
MIX|Wsol|SUB:SPN-S000000171722,R0,10511.80195155069,1512.9851158124163,2260.348175279053,8.79,1,58.6
MIX|Wsol|SUB:SPN-S000000171722,R1,8065.854187998886,1512.9851158124163,2260.348175279053,8.79,1,58.6
MIX|Wsol|SUB:SPN-S000000171722,R2,5244.03319221607,1512.9851158124163,2260.348175279053,8.79,1,58.6
MIX|Wsol|SUB:SPN-S000000171723,R0,51469.851551309424,9129.134918517251,14505.296224522352,51.51165508131421,6,416.0
MIX|Wsol|SUB:SPN-S000000171723,R1,29430.036375874617,9129.134918517251,14505.296224522352,46.747636756257776,6,416.0
MIX|Wsol|SUB:SPN-S000000171723,R2,24841.820774065687,9129.134918517251,14505.296224522352,47.936443326117384,6,416.0
MIX|Wsol|SUB:SPN-S000000171724,R0,11598.346813490469,1797.3059269045223,3153.013342783553,13.65,1,91.0
MIX|Wsol|SUB:SPN-S000000171724,R1,10947.909693872758,1797.3059269045223,3153.013342783553,13.65,1,91.0
MIX|Wsol|SUB:SPN-S000000171724,R2,7464.811808589344,1797.3059269045223,3153.013342783553,13.65,1,91.0
MIX|Wsol|SUB:SPN-S000000171725,R0,35826.586791290254,3792.2763340090223,8022.201923163766,41.72660549128606,2,290.6
MIX|Wsol|SUB:SPN-S000000171725,R1,33547.7428435539,3792.2763340090223,8022.201923163766,41.17862529447116,2,290.6
MIX|Wsol|SUB:SPN-S000000171725,R2,22865.326313481055,3792.2763340090223,8022.201923163766,39.30728673778045,2,290.6
MIX|Wsol|SUB:SPN-S000000171730,R0,23719.256505390946,3615.6412262086947,6396.8715663726325,27.915,2,186.1
MIX|Wsol|SUB:SPN-S000000171730,R1,22389.076857469452,3615.6412262086947,6396.8715663726325,27.915,2,186.1
MIX|Wsol|SUB:SPN-S000000171730,R2,15265.950303060185,3615.6412262086947,6396.8715663726325,27.915,2,186.1
MIX|Wsol|SUB:SPN-S000000171731,R0,70505.55710036802,10498.023123606974,19438.820343973064,76.51269233058997,6,620.0
MIX|Wsol|SUB:SPN-S000000171731,R1,65349.99722794906,10498.023123606974,19438.820343973064,74.9603622591971,6,620.0
MIX|Wsol|SUB:SPN-S000000171731,R2,45440.56966376398,10498.023123606974,19438.820343973064,76.3556645380004,6,620.0
MIX|Wsol|SUB:SPN-S000000171732,R0,101302.95851912395,13930.493890052858,24797.00857122926,97.9557594181423,8,751.0999999999999
MIX|Wsol|SUB:SPN-S000000171732,R1,88565.32218991939,13930.493890052858,24797.00857122926,94.51438069432213,8,751.0999999999999
MIX|Wsol|SUB:SPN-S000000171732,R2,63993.76410490531,13930.493890052858,24797.00857122926,91.46356681460244,8,751.0999999999999
MIX|Wsol|SUB:SPN-S000000171733,R0,144413.87942128532,22184.01890749709,37133.74152373918,128.78307401460194,13,1038.8
MIX|Wsol|SUB:SPN-S000000171733,R1,128111.13505331059,22184.01890749709,37133.74152373918,125.55132221822171,13,1038.8
MIX|Wsol|SUB:SPN-S000000171733,R2,91082.4045254561,22184.01890749709,37133.74152373918,118.92138509886382,13,1038.8
MIX|Wsol|SUB:SPN-S000000171734,R0,192514.4836696628,28322.360208819315,51321.05204914435,188.20966435682257,16,1572.5
MIX|Wsol|SUB:SPN-S000000171734,R1,163041.56048560515,28322.360208819315,51321.05204914435,178.6129964190144,16,1572.5
MIX|Wsol|SUB:SPN-S000000171734,R2,119323.50964886684,28322.360208819315,51321.05204914435,165.7011680582489,16,1572.5
MIX|Wsol|SUB:SPN-S000000171740,R0,138372.4948124763,23549.124593212793,39719.405318386685,131.91424876541487,14,1124.0
MIX|Wsol|SUB:SPN-S000000171740,R1,124254.68908424319,23549.124593212793,39719.405318386685,125.85456242427108,14,1124.0
MIX|Wsol|SUB:SPN-S000000171740,R2,91582.11035647153,23549.124593212793,39719.405318386685,124.13745492401489,14,1124.0
MIX|Wsol|SUB:SPN-S000000171741,R0,216140.1162904887,33030.2765089955,55248.08882153574,176.96493786820375,20,1561.6
MIX|Wsol|SUB:SPN-S000000171741,R1,159428.73595285922,33030.2765089955,55248.08882153574,160.29257547364745,20,1561.6
MIX|Wsol|SUB:SPN-S000000171741,R2,117566.79636775423,33030.2765089955,55248.08882153574,152.03761725586415,20,1561.6
MIX|Wsol|SUB:SPN-S000000171742,R0,100209.07144031145,15471.131105723885,26252.069712022196,88.77744382085535,9,745.1
MIX|Wsol|SUB:SPN-S000000171742,R1,85948.82406619511,15471.131105723885,26252.069712022196,84.75212201708536,9,745.1
MIX|Wsol|SUB:SPN-S000000171742,R2,59395.673995808276,15471.131105723885,26252.069712022196,82.89465205846582,9,745.1
MIX|Wsol|SUB:SPN-S000000171743,R0,5148.271604257761,1189.6713157040524,1323.2056805368975,4.305,1,28.7
MIX|Wsol|SUB:SPN-S000000171743,R1,3950.341556238362,1189.6713157040524,1323.2056805368975,4.305,1,28.7
MIX|Wsol|SUB:SPN-S000000171743,R2,2568.323423491488,1189.6713157040524,1323.2056805368975,4.305,1,28.7
MIX|Wsol|SUB:SPN-S000000171744,R0,137493.04499082523,24276.465046044126,40013.85352813665,124.96662669740957,15,1101.0
MIX|Wsol|SUB:SPN-S000000171744,R1,91803.91215634078,24276.465046044126,40013.85352813665,105.90093060808688,15,1101.0
MIX|Wsol|SUB:SPN-S000000171744,R2,73681.68766615234,24276.465046044126,40013.85352813665,100.92624903450405,15,1101.0
MIX|Wsol|SUB:SPN-S000000171745,R0,175093.50779396115,24311.593859275046,43414.6240770968,150.61970531099996,14,1327.0
MIX|Wsol|SUB:SPN-S000000171745,R1,141601.3096544393,24311.593859275046,43414.6240770968,139.23545674159246,14,1327.0
MIX|Wsol|SUB:SPN-S000000171745,R2,106607.07288474755,24311.593859275046,43414.6240770968,131.253492572331,14,1327.0
MIX|Wsol|SUB:SPN-S000000171746,R0,166559.4663067729,31726.632594007828,54369.68621356799,169.17796011501034,19,1574.2
MIX|Wsol|SUB:SPN-S000000171746,R1,125890.8013156838,31726.632594007828,54369.68621356799,154.20442321067435,19,1574.2
MIX|Wsol|SUB:SPN-S000000171746,R2,101100.59329712525,31726.632594007828,54369.68621356799,149.75752846181015,19,1574.2
MIX|Wsol|SUB:SPN-S000000171749,R0,119108.9753799781,17029.238415262378,30163.492594976356,119.47132593586113,10,921.3999999999999
MIX|Wsol|SUB:SPN-S000000171749,R1,103066.4196607348,17029.238415262378,30163.492594976356,115.61847868991305,10,921.3999999999999
MIX|Wsol|SUB:SPN-S000000171749,R2,71011.03370486759,17029.238415262378,30163.492594976356,110.64280113126108,10,921.3999999999999
MIX|Wsol|SUB:SPN-S000000171773,R0,197293.47320345548,29202.643968527736,50526.09287040893,178.14850699820917,17,1486.8
MIX|Wsol|SUB:SPN-S000000171773,R1,145147.80350389468,29202.643968527736,50526.09287040893,159.08445312701102,17,1486.8
MIX|Wsol|SUB:SPN-S000000171773,R2,103906.26559378165,29202.643968527736,50526.09287040893,156.11558029455094,17,1486.8
MIX|Wsol|SUB:SPN-S000000171774,R0,237638.70976080318,30485.694244762963,57673.32505252945,201.31465444528504,17,1860.8000000000002
MIX|Wsol|SUB:SPN-S000000171774,R1,182698.56533389504,30485.694244762963,57673.32505252945,177.8853510764065,17,1860.8000000000002
MIX|Wsol|SUB:SPN-S000000171774,R2,136731.4768974827,30485.694244762963,57673.32505252945,160.35865375547553,17,1860.8000000000002
MIX|Wsol|SUB:SPN-S000000171775,R0,135705.1815720203,16787.911502976673,32764.588174830307,120.11162315440824,9,1069.8999999999999
MIX|Wsol|SUB:SPN-S000000171775,R1,96351.27206321846,16787.911502976673,32764.588174830307,97.81872938112295,9,1069.8999999999999
MIX|Wsol|SUB:SPN-S000000171775,R2,73614.32509815427,16787.911502976673,32764.588174830307,100.63148182487811,9,1069.8999999999999
MIX|Wsol|SUB:SPN-S000000171780,R0,159534.83321661613,21178.355284949183,38538.77472363995,143.97594124903353,12,1189.1
MIX|Wsol|SUB:SPN-S000000171780,R1,128685.38044618069,21178.355284949183,38538.77472363995,129.72468091332138,12,1189.1
MIX|Wsol|SUB:SPN-S000000171780,R2,91137.0029118652,21178.355284949183,38538.77472363995,123.87792570669319,12,1189.1
MIX|Wsol|SUB:SPN-S000000171781,R0,100156.86897881249,11405.085103556392,23529.97185038081,96.54429365577967,6,815.7
MIX|Wsol|SUB:SPN-S000000171781,R1,85866.32920793173,11405.085103556392,23529.97185038081,93.68373794034062,6,815.7
MIX|Wsol|SUB:SPN-S000000171781,R2,60162.41240093659,11405.085103556392,23529.97185038081,87.51876635708858,6,815.7
MIX|Wsol|SUB:SPN-S000000171789,R0,140863.97277630828,18358.449578610605,34319.89066399114,128.0525247553429,10,1069.0
MIX|Wsol|SUB:SPN-S000000171789,R1,114259.66935058963,18358.449578610605,34319.89066399114,118.21108095288213,10,1069.0
MIX|Wsol|SUB:SPN-S000000171789,R2,82796.24153790533,18358.449578610605,34319.89066399114,115.36488804348491,10,1069.0
MIX|Wsol|SUB:SPN-S000000171790,R0,146424.81348915148,25448.37395582455,43625.95856677778,144.31441689488338,15,1270.8
MIX|Wsol|SUB:SPN-S000000171790,R1,118727.5589858589,25448.37395582455,43625.95856677778,127.6439634381491,15,1270.8
MIX|Wsol|SUB:SPN-S000000171790,R2,85973.57340237912,25448.37395582455,43625.95856677778,130.00499034258868,15,1270.8
MIX|Wsol|SUB:SPN-S000000171792,R0,99911.33509572785,21920.071895573343,35924.663736726114,108.76972018967352,14,974.0
MIX|Wsol|SUB:SPN-S000000171792,R1,68933.2717058751,21920.071895573343,35924.663736726114,97.83782831895273,14,974.0
MIX|Wsol|SUB:SPN-S000000171792,R2,57771.54342221047,21920.071895573343,35924.663736726114,98.37841995418981,14,974.0
MIX|Wsol|SUB:SPN-S000000171794,R0,85137.3917686728,19055.21288783876,34734.50906061678,110.25682805982753,11,967.0
MIX|Wsol|SUB:SPN-S000000171794,R1,57379.17089250361,19055.21288783876,34734.50906061678,98.77747348010266,11,967.0
MIX|Wsol|SUB:SPN-S000000171794,R2,53703.99242174803,19055.21288783876,34734.50906061678,98.6154144374489,11,967.0
MIX|Wsol|SUB:SPN-S000000171795,R0,247607.65662872297,50746.16826203137,82361.45389026665,244.49732719944942,32,2304.1
MIX|Wsol|SUB:SPN-S000000171795,R1,183727.676999503,50746.16826203137,82361.45389026665,219.80264022280414,32,2304.1
MIX|Wsol|SUB:SPN-S000000171795,R2,140548.02535720504,50746.16826203137,82361.45389026665,216.535017604203,32,2304.1
MIX|Wsol|SUB:SPN-S000000171796,R0,338099.07258868247,46236.76570748878,86131.90324595457,316.0710914612678,26,2703.2
MIX|Wsol|SUB:SPN-S000000171796,R1,246242.52721873356,46236.76570748878,86131.90324595457,277.8834125105038,26,2703.2
MIX|Wsol|SUB:SPN-S000000171796,R2,185354.06667072736,46236.76570748878,86131.90324595457,267.02019389570523,26,2703.2
MIX|Wsol|SUB:SPN-S000000171797,R0,202885.41494056024,42008.65446566095,66329.94091150444,196.5700889000636,27,1765.1
MIX|Wsol|SUB:SPN-S000000171797,R1,120654.4317369802,42008.65446566095,66329.94091150444,169.3833931008467,27,1765.1
MIX|Wsol|SUB:SPN-S000000171797,R2,103657.02415316891,42008.65446566095,66329.94091150444,163.59158817750324,27,1765.1
MIX|Wsol|SUB:SPN-S000000171798,R0,263131.7508385359,46236.5641524798,76455.92803985033,249.13197291217534,29,2190.7999999999997
MIX|Wsol|SUB:SPN-S000000171798,R1,176079.27363345583,46236.5641524798,76455.92803985033,213.055569205557,29,2190.7999999999997
MIX|Wsol|SUB:SPN-S000000171798,R2,134076.51539343293,46236.5641524798,76455.92803985033,207.12647541044052,29,2190.7999999999997
MIX|Wsol|SUB:SPN-S000000171802,R0,39584.259245546564,10381.681363592887,16272.252324003994,48.676714376756586,7,410.3
MIX|Wsol|SUB:SPN-S000000171802,R1,26151.032390193453,10381.681363592887,16272.252324003994,43.88500714408621,7,410.3
MIX|Wsol|SUB:SPN-S000000171802,R2,22908.355359455993,10381.681363592887,16272.252324003994,45.037621444366074,7,410.3
MIX|Wsol|SUB:SPN-S000000171804,R0,310384.110127787,25161.290798407776,59389.63334078665,349.78557736325183,14,2763.0
MIX|Wsol|SUB:SPN-S000000171804,R1,276284.4509754593,25161.290798407776,59389.63334078665,336.3305522154217,14,2763.0
MIX|Wsol|SUB:SPN-S000000171804,R2,188908.46655050403,25161.290798407776,59389.63334078665,340.0875180502733,14,2763.0
MIX|Wsol|SUB:SPN-S000000171806,R0,396684.90156678256,37185.5978536998,82528.9970324816,373.9922556295955,20,3249.2000000000003
MIX|Wsol|SUB:SPN-S000000171806,R1,325867.7345616198,37185.5978536998,82528.9970324816,340.27544419361226,20,3249.2000000000003
MIX|Wsol|SUB:SPN-S000000171806,R2,220833.37104647997,37185.5978536998,82528.9970324816,326.6493455718501,20,3249.2000000000003
MIX|Wsol|SUB:SPN-S000000171807,R0,570855.812327003,56530.306423380214,116662.47615499761,516.1098674984161,33,4377.7
MIX|Wsol|SUB:SPN-S000000171807,R1,426302.4077240864,56530.306423380214,116662.47615499761,457.3791212769615,33,4377.7
MIX|Wsol|SUB:SPN-S000000171807,R2,314029.8686926692,56530.306423380214,116662.47615499761,420.6179921089973,33,4377.7
MIX|Wsol|SUB:SPN-S000000171808,R0,580738.8717334294,46555.56922751381,109932.40018391289,493.5648362316929,25,4701.5
MIX|Wsol|SUB:SPN-S000000171808,R1,486266.6046412606,46555.56922751381,109932.40018391289,440.6246100868847,25,4701.5
MIX|Wsol|SUB:SPN-S000000171808,R2,362625.4251849386,46555.56922751381,109932.40018391289,416.8922485062624,25,4701.5
MIX|Wsol|SUB:SPN-S000000171810,R0,290406.7364857083,43523.6580403978,80862.41603605308,296.60067167354686,26,2653.6
MIX|Wsol|SUB:SPN-S000000171810,R1,228029.77302738215,43523.6580403978,80862.41603605308,271.899076312427,26,2653.6
MIX|Wsol|SUB:SPN-S000000171810,R2,171523.63824294446,43523.6580403978,80862.41603605308,273.81628413347164,26,2653.6
MIX|Wsol|SUB:SPN-S000000171811,R0,165695.40612691076,15257.029844318204,34504.787088211466,146.69133106869447,8,1354.3
MIX|Wsol|SUB:SPN-S000000171811,R1,110934.95811982613,15257.029844318204,34504.787088211466,126.44910786336608,8,1354.3
MIX|Wsol|SUB:SPN-S000000171811,R2,94707.06622962198,15257.029844318204,34504.787088211466,130.9077097357771,8,1354.3
MIX|Wsol|SUB:SPN-S000000171812,R0,653549.1866227782,52612.28429372356,121181.27844253968,559.7278305961988,29,5136.1
MIX|Wsol|SUB:SPN-S000000171812,R1,508297.75523086067,52612.28429372356,121181.27844253968,482.3142231742878,29,5136.1
MIX|Wsol|SUB:SPN-S000000171812,R2,387306.8138443146,52612.28429372356,121181.27844253968,458.699382672081,29,5136.1
MIX|Wsol|SUB:SPN-S000000171813,R0,498544.44144987175,50075.49061535876,108066.70281787918,471.6564172989722,29,4314.0
MIX|Wsol|SUB:SPN-S000000171813,R1,382474.8319913342,50075.49061535876,108066.70281787918,412.94969112779586,29,4314.0
MIX|Wsol|SUB:SPN-S000000171813,R2,303702.6316466822,50075.49061535876,108066.70281787918,409.43593333620413,29,4314.0
MIX|Wsol|SUB:SPN-S000000171814,R0,475265.4759719536,52217.524706159624,108678.7544380608,478.5861158735292,30,4169.4
MIX|Wsol|SUB:SPN-S000000171814,R1,360892.24333898764,52217.524706159624,108678.7544380608,443.4713841598724,30,4169.4
MIX|Wsol|SUB:SPN-S000000171814,R2,276609.3715479208,52217.524706159624,108678.7544380608,425.15276124036825,30,4169.4
MIX|Wsol|SUB:SPN-S000000171815,R0,249614.4674983518,23656.959659604945,52933.419711243354,244.2750908358009,13,2179.4
MIX|Wsol|SUB:SPN-S000000171815,R1,215593.40614333554,23656.959659604945,52933.419711243354,225.04968906794417,13,2179.4
MIX|Wsol|SUB:SPN-S000000171815,R2,164885.83613735007,23656.959659604945,52933.419711243354,232.31073752140168,13,2179.4
MIX|Wsol|SUB:SPN-S000000171816,R0,60447.339338497164,5571.060767198079,12298.037392480304,67.11240196985632,3,488.0
MIX|Wsol|SUB:SPN-S000000171816,R1,44758.186004133415,5571.060767198079,12298.037392480304,64.01490228551289,3,488.0
MIX|Wsol|SUB:SPN-S000000171816,R2,32682.46739430957,5571.060767198079,12298.037392480304,61.19771578085543,3,488.0
MIX|Wsol|SUB:SPN-S000000171817,R0,149011.94811535956,7587.565456915523,20367.470834527143,131.71536532349708,4,1109.3
MIX|Wsol|SUB:SPN-S000000171817,R1,112848.79709905527,7587.565456915523,20367.470834527143,118.19806912323187,4,1109.3
MIX|Wsol|SUB:SPN-S000000171817,R2,86536.926596003,7587.565456915523,20367.470834527143,122.41474653250984,4,1109.3
MIX|Wsol|SUB:SPN-S000000171821,R0,161927.9516510984,9915.290499023746,27476.461264625155,157.8681496098247,5,1362.3
MIX|Wsol|SUB:SPN-S000000171821,R1,137895.39895157143,9915.290499023746,27476.461264625155,145.3308131730853,5,1362.3
MIX|Wsol|SUB:SPN-S000000171821,R2,106960.15405684587,9915.290499023746,27476.461264625155,152.82090845401214,5,1362.3
MIX|Wsol|SUB:SPN-S000000171822,R0,97783.54028800962,5899.766797074604,16542.037363698797,99.47000763966405,3,836.0
MIX|Wsol|SUB:SPN-S000000171822,R1,84943.910950395,5899.766797074604,16542.037363698797,90.82844707488347,3,836.0
MIX|Wsol|SUB:SPN-S000000171822,R2,64464.20606735454,5899.766797074604,16542.037363698797,98.0714591837163,3,836.0
MIX|Wsol|SUB:SPN-S000000171828,R0,252053.72001004923,38604.45753581084,68529.42955482515,242.32221315349886,23,2100.3999999999996
MIX|Wsol|SUB:SPN-S000000171828,R1,177974.60932773008,38604.45753581084,68529.42955482515,208.534254808429,23,2100.3999999999996
MIX|Wsol|SUB:SPN-S000000171828,R2,144273.11363790894,38604.45753581084,68529.42955482515,197.69929479709012,23,2100.3999999999996
MIX|Wsol|SUB:SPN-S000000171829,R0,234569.05591333483,34485.24809048716,64527.16925611972,225.66583011807708,19,1983.5
MIX|Wsol|SUB:SPN-S000000171829,R1,174438.1736478657,34485.24809048716,64527.16925611972,205.16901632752914,19,1983.5
MIX|Wsol|SUB:SPN-S000000171829,R2,134532.27295476515,34485.24809048716,64527.16925611972,201.41051458096067,19,1983.5
MIX|Wsol|SUB:SPN-S000000171830,R0,186259.7552678915,20329.014673658487,40010.493647126044,174.94077932489313,12,1440.8
MIX|Wsol|SUB:SPN-S000000171830,R1,134546.2127461722,20329.014673658487,40010.493647126044,149.43837740740022,12,1440.8
MIX|Wsol|SUB:SPN-S000000171830,R2,103764.64974835402,20329.014673658487,40010.493647126044,156.0809447550673,12,1440.8
MIX|Wsol|SUB:SPN-S000000171831,R0,174523.99425265501,18613.100025127027,37608.73102613479,149.88921882021043,10,1299.6
MIX|Wsol|SUB:SPN-S000000171831,R1,125494.59140800269,18613.100025127027,37608.73102613479,122.66645609995648,10,1299.6
MIX|Wsol|SUB:SPN-S000000171831,R2,93620.86353796971,18613.100025127027,37608.73102613479,120.04062078989675,10,1299.6
MIX|Wsol|SUB:SPN-S000000171832,R0,84577.44988204856,16282.417495645075,26644.298291412408,87.36676619925065,10,748.3
MIX|Wsol|SUB:SPN-S000000171832,R1,59483.57594126671,16282.417495645075,26644.298291412408,79.55193654365615,10,748.3
MIX|Wsol|SUB:SPN-S000000171832,R2,49228.50059756881,16282.417495645075,26644.298291412408,78.04713416945421,10,748.3
MIX|Wsol|SUB:SPN-S000000171833,R0,201304.132571964,32694.992130354272,57223.926951471774,189.97585861568584,20,1781.6
MIX|Wsol|SUB:SPN-S000000171833,R1,143166.78801556386,32694.992130354272,57223.926951471774,168.78117231991646,20,1781.6
MIX|Wsol|SUB:SPN-S000000171833,R2,120676.00414129233,32694.992130354272,57223.926951471774,167.1832597944934,20,1781.6
MIX|Wsol|SUB:SPN-S000000171834,R0,230242.12499644674,38340.94265757238,69434.59704974559,247.10225629548378,22,2119.8
MIX|Wsol|SUB:SPN-S000000171834,R1,173300.2254592763,38340.94265757238,69434.59704974559,220.92577645980538,22,2119.8
MIX|Wsol|SUB:SPN-S000000171834,R2,132430.42934878822,38340.94265757238,69434.59704974559,225.89503469435618,22,2119.8
MIX|Wsol|SUB:SPN-S000000171836,R0,159237.4179827965,17335.87108086677,35854.38659841586,149.23845749208766,10,1304.0
MIX|Wsol|SUB:SPN-S000000171836,R1,115459.51830015547,17335.87108086677,35854.38659841586,127.89660061851326,10,1304.0
MIX|Wsol|SUB:SPN-S000000171836,R2,90551.09576175317,17335.87108086677,35854.38659841586,138.1370648107737,10,1304.0
MIX|Wsol|SUB:SPN-S000000171837,R0,197828.29727605675,11837.44224253545,31743.423845775484,161.45433400028617,6,1521.2
MIX|Wsol|SUB:SPN-S000000171837,R1,156116.0203112648,11837.44224253545,31743.423845775484,134.0470065550997,6,1521.2
MIX|Wsol|SUB:SPN-S000000171837,R2,120727.1680588389,11837.44224253545,31743.423845775484,134.6038077159714,6,1521.2
MIX|Wsol|SUB:SPN-S000000171838,R0,41027.78980923053,8632.745821969584,13422.378919598847,43.48769779768534,6,391.0
MIX|Wsol|SUB:SPN-S000000171838,R1,32719.900293965933,8632.745821969584,13422.378919598847,40.46487188651272,6,391.0
MIX|Wsol|SUB:SPN-S000000171838,R2,23318.79357706061,8632.745821969584,13422.378919598847,39.48206966921504,6,391.0
MIX|Wsol|SUB:SPN-S000000171839,R0,158669.0340755747,20869.71697399477,44035.028360878714,156.5754328326873,11,1584.2
MIX|Wsol|SUB:SPN-S000000171839,R1,139575.34910361632,20869.71697399477,44035.028360878714,150.36756783319223,11,1584.2
MIX|Wsol|SUB:SPN-S000000171839,R2,105269.70025933895,20869.71697399477,44035.028360878714,148.82290787719487,11,1584.2
MIX|Wsol|SUB:SPN-S000000171840,R0,63419.63450820584,3890.5318986594457,9493.496436180485,51.82988096778212,2,400.4
MIX|Wsol|SUB:SPN-S000000171840,R1,46689.83509535755,3890.5318986594457,9493.496436180485,43.596078226379916,2,400.4
MIX|Wsol|SUB:SPN-S000000171840,R2,30136.52907471425,3890.5318986594457,9493.496436180485,42.70742082979044,2,400.4
MIX|Wsol|SUB:SPN-S000000171845,R0,160541.9071515075,18218.31094200854,36807.45502594865,168.37448605446204,11,1454.0
MIX|Wsol|SUB:SPN-S000000171845,R1,137091.96777658575,18218.31094200854,36807.45502594865,153.9211130640169,11,1454.0
MIX|Wsol|SUB:SPN-S000000171845,R2,102041.62363245666,18218.31094200854,36807.45502594865,158.21950271385566,11,1454.0
MIX|Wsol|SUB:SPN-S000000171846,R0,25343.297435934608,11584.808647354217,16234.675676420591,48.413390165892785,9,349.0
MIX|Wsol|SUB:SPN-S000000171846,R1,16933.641586406848,11584.808647354217,16234.675676420591,43.460069787448155,9,349.0
MIX|Wsol|SUB:SPN-S000000171846,R2,16933.641586406848,11584.808647354217,16234.675676420591,43.460069787448155,9,349.0
MIX|Wsol|SUB:SPN-S000000171847,R0,118721.36692284877,9376.481538618687,22045.54587857933,112.71421887937676,5,1035.2
MIX|Wsol|SUB:SPN-S000000171847,R1,104736.07298022513,9376.481538618687,22045.54587857933,102.05984902016073,5,1035.2
MIX|Wsol|SUB:SPN-S000000171847,R2,79536.30577167732,9376.481538618687,22045.54587857933,111.97768096593197,5,1035.2
MIX|Wsol|SUB:SPN-S000000171848,R0,107580.69441782159,7857.275061680042,20536.56506093515,108.82424449251394,4,947.6
MIX|Wsol|SUB:SPN-S000000171848,R1,96089.9834255666,7857.275061680042,20536.56506093515,99.04657997548466,4,947.6
MIX|Wsol|SUB:SPN-S000000171848,R2,74536.18834595574,7857.275061680042,20536.56506093515,111.65292538001572,4,947.6
MIX|Wsol|SUB:SPN-S000000171849,R0,15405.277340560368,4433.623213963092,6531.145036667103,19.809546334262834,3,169.9
MIX|Wsol|SUB:SPN-S000000171849,R1,11462.175753089161,4433.623213963092,6531.145036667103,18.896595134888887,3,169.9
MIX|Wsol|SUB:SPN-S000000171849,R2,10221.10079262395,4433.623213963092,6531.145036667103,18.986754357679835,3,169.9
MIX|Wsol|SUB:SPN-S000000171850,R0,41205.061740169695,3873.438357439927,9115.737440449202,43.518924903528934,2,369.8
MIX|Wsol|SUB:SPN-S000000171850,R1,37257.11594819595,3873.438357439927,9115.737440449202,40.447710757934544,2,369.8
MIX|Wsol|SUB:SPN-S000000171850,R2,27989.634601474514,3873.438357439927,9115.737440449202,44.758770046116986,2,369.8
MIX|Wsol|SUB:SPN-S000000171851,R0,54924.90315555153,7756.124597184658,13532.238241148909,57.852468949328255,5,427.20000000000005
MIX|Wsol|SUB:SPN-S000000171851,R1,51264.99254302187,7756.124597184658,13532.238241148909,56.998118448043456,5,427.20000000000005
MIX|Wsol|SUB:SPN-S000000171851,R2,32008.828546225464,7756.124597184658,13532.238241148909,55.91043419570306,5,427.20000000000005
MIX|Wsol|SUB:SPN-S000000171852,R0,83337.96674658654,9609.504739722288,21480.93198141917,83.05187707790503,5,825.0
MIX|Wsol|SUB:SPN-S000000171852,R1,76643.2368091914,9609.504739722288,21480.93198141917,79.68448886333516,5,825.0
MIX|Wsol|SUB:SPN-S000000171852,R2,56708.664301720746,9609.504739722288,21480.93198141917,76.04681155139122,5,825.0
MIX|Wsol|SUB:SPN-S000000171853,R0,35628.70963923871,3690.308207448177,7778.2657882547865,33.82623804617702,2,289.5
MIX|Wsol|SUB:SPN-S000000171853,R1,31818.187853968455,3690.308207448177,7778.2657882547865,32.07454972012963,2,289.5
MIX|Wsol|SUB:SPN-S000000171853,R2,24712.66066142734,3690.308207448177,7778.2657882547865,33.58245034382756,2,289.5
MIX|Wsol|SUB:SPN-S000000171854,R0,63044.63369116212,5668.807312005405,12754.055239953486,61.15453049530333,3,504.8
MIX|Wsol|SUB:SPN-S000000171854,R1,50868.74013586421,5668.807312005405,12754.055239953486,56.606100380959106,3,504.8
MIX|Wsol|SUB:SPN-S000000171854,R2,37109.24552418773,5668.807312005405,12754.055239953486,59.70308863051285,3,504.8
MIX|Wsol|SUB:SPN-S000000171855,R0,123383.07462162073,6060.258378481292,17632.901091447096,120.54475782275637,3,1033.8
MIX|Wsol|SUB:SPN-S000000171855,R1,105865.61552754333,6060.258378481292,17632.901091447096,108.52471116407006,3,1033.8
MIX|Wsol|SUB:SPN-S000000171855,R2,82515.3353228433,6060.258378481292,17632.901091447096,118.5961700568938,3,1033.8
MIX|Wsol|SUB:SPN-S000000171856,R0,65819.57146443811,8963.835062908722,16345.61913880938,63.966261443685525,5,498.8
MIX|Wsol|SUB:SPN-S000000171856,R1,52872.430403668506,8963.835062908722,16345.61913880938,59.25813601126778,5,498.8
MIX|Wsol|SUB:SPN-S000000171856,R2,37580.56439700156,8963.835062908722,16345.61913880938,60.310156051726366,5,498.8
MIX|Wsol|SUB:SPN-S000000171857,R0,8611.241106376268,1526.923467241682,2298.4187868113513,8.97,1,59.8
MIX|Wsol|SUB:SPN-S000000171857,R1,7798.189522265063,1526.923467241682,2298.4187868113513,8.97,1,59.8
MIX|Wsol|SUB:SPN-S000000171857,R2,5850.255594815732,1526.923467241682,2298.4187868113513,8.97,1,59.8
MIX|Wsol|SUB:SPN-S000000171858,R0,72632.71348348184,5747.455209053023,13945.611815750988,72.63376096575358,3,646.6
MIX|Wsol|SUB:SPN-S000000171858,R1,65067.9686044568,5747.455209053023,13945.611815750988,66.81424036887906,3,646.6
MIX|Wsol|SUB:SPN-S000000171858,R2,50055.85844072663,5747.455209053023,13945.611815750988,72.56751385740624,3,646.6
MIX|Wsol|SUB:SPN-S000000171859,R0,19010.683169135416,1921.9684031554862,4228.440031439902,23.58,1,157.2
MIX|Wsol|SUB:SPN-S000000171859,R1,17716.38982004275,1921.9684031554862,4228.440031439902,23.58,1,157.2
MIX|Wsol|SUB:SPN-S000000171859,R2,12072.154623918872,1921.9684031554862,4228.440031439902,20.70831979266827,1,157.2
MIX|Wsol|SUB:SPN-S000000171860,R0,23841.987899339736,3678.09272964546,6915.94616017839,22.46465849250468,2,216.8
MIX|Wsol|SUB:SPN-S000000171860,R1,21859.03724217443,3678.09272964546,6915.94616017839,21.084437248333895,2,216.8
MIX|Wsol|SUB:SPN-S000000171860,R2,15544.992923838105,3678.09272964546,6915.94616017839,20.786375990036344,2,216.8
MIX|Wsol|SUB:SPN-S000000171861,R0,86180.45958815757,12506.047702680276,24041.574228667832,85.9973290146097,7,805.4000000000001
MIX|Wsol|SUB:SPN-S000000171861,R1,76568.63794456744,12506.047702680276,24041.574228667832,78.08504543905237,7,805.4000000000001
MIX|Wsol|SUB:SPN-S000000171861,R2,58106.78911560544,12506.047702680276,24041.574228667832,82.63827897427983,7,805.4000000000001
MIX|Wsol|SUB:SPN-S000000171862,R0,121500.5199173262,14966.156864410419,32835.66292885927,135.8251096827084,8,1269.8
MIX|Wsol|SUB:SPN-S000000171862,R1,106383.97835791449,14966.156864410419,32835.66292885927,129.53661672210575,8,1269.8
MIX|Wsol|SUB:SPN-S000000171862,R2,76615.2206855717,14966.156864410419,32835.66292885927,135.29465211933945,8,1269.8
MIX|Wsol|SUB:SPN-S000000171863,R0,150928.04917127208,14735.688377648494,32299.410046067762,138.42113955377212,8,1267.2
MIX|Wsol|SUB:SPN-S000000171863,R1,121362.4710073644,14735.688377648494,32299.410046067762,117.60998900784567,8,1267.2
MIX|Wsol|SUB:SPN-S000000171863,R2,96200.60631941457,14735.688377648494,32299.410046067762,129.38882136008078,8,1267.2
MIX|Wsol|SUB:SPN-S000000171864,R0,313119.6889733507,47023.13596332595,84481.04846168275,297.962773713474,27,2617.1000000000004
MIX|Wsol|SUB:SPN-S000000171864,R1,232449.42865519563,47023.13596332595,84481.04846168275,282.71652155762627,27,2617.1000000000004
MIX|Wsol|SUB:SPN-S000000171864,R2,179034.65629488858,47023.13596332595,84481.04846168275,271.73125111163637,27,2617.1000000000004
MIX|Wsol|SUB:SPN-S000000171865,R0,296810.65979685856,32128.071470417002,61704.367646671846,235.37253813752847,19,2177.9
MIX|Wsol|SUB:SPN-S000000171865,R1,210118.03191120632,32128.071470417002,61704.367646671846,200.08478770601195,19,2177.9
MIX|Wsol|SUB:SPN-S000000171865,R2,165331.51179119185,32128.071470417002,61704.367646671846,184.8791679644799,19,2177.9
MIX|Wsol|SUB:SPN-S000000171866,R0,84107.29192467008,5900.736670432277,15521.076642993703,75.67772188694639,3,724.6
MIX|Wsol|SUB:SPN-S000000171866,R1,75417.32593586003,5900.736670432277,15521.076642993703,68.95423485562354,3,724.6
MIX|Wsol|SUB:SPN-S000000171866,R2,57725.9515283197,5900.736670432277,15521.076642993703,72.75783028515625,3,724.6
MIX|Wsol|SUB:SPN-S000000171867,R0,179635.79108105216,16572.97928849585,37069.893293028166,175.3568041457741,9,1487.6
MIX|Wsol|SUB:SPN-S000000171867,R1,145136.44791844953,16572.97928849585,37069.893293028166,163.27169295324404,9,1487.6
MIX|Wsol|SUB:SPN-S000000171867,R2,110208.42754578037,16572.97928849585,37069.893293028166,166.70770381229298,9,1487.6
MIX|Wsol|SUB:SPN-S000000171868,R0,33620.30647744045,1994.4447947710796,5751.052275228411,33.14122033570075,1,292.9
MIX|Wsol|SUB:SPN-S000000171868,R1,29815.32451648464,1994.4447947710796,5751.052275228411,31.491603583214957,1,292.9
MIX|Wsol|SUB:SPN-S000000171868,R2,23557.390594076056,1994.4447947710796,5751.052275228411,33.95135718868371,1,292.9
MIX|Wsol|SUB:SPN-S000000171869,R0,143508.67781842427,11203.75745184825,26161.278590673144,119.48772345755373,6,1111.3
MIX|Wsol|SUB:SPN-S000000171869,R1,116538.80308479366,11203.75745184825,26161.278590673144,109.58085426821509,6,1111.3
MIX|Wsol|SUB:SPN-S000000171869,R2,89402.81345073256,11203.75745184825,26161.278590673144,108.48535074585621,6,1111.3
MIX|Wsol|SUB:SPN-S000000171870,R0,163193.5680881408,18652.892293619065,36000.278060398574,139.3804202508315,11,1235.9
MIX|Wsol|SUB:SPN-S000000171870,R1,122493.63130677567,18652.892293619065,36000.278060398574,122.9493492693637,11,1235.9
MIX|Wsol|SUB:SPN-S000000171870,R2,93619.91235194069,18652.892293619065,36000.278060398574,113.26760048556517,11,1235.9
MIX|Wsol|SUB:SPN-S000000171871,R0,118015.34026331679,7810.8995663913975,19603.886729428952,115.26362936569924,4,857.0
MIX|Wsol|SUB:SPN-S000000171871,R1,89284.78716910476,7810.8995663913975,19603.886729428952,103.76557782742941,4,857.0
MIX|Wsol|SUB:SPN-S000000171871,R2,67342.53914646487,7810.8995663913975,19603.886729428952,96.62728147331664,4,857.0
MIX|Wsol|SUB:SPN-S000000171872,R0,26182.287154333106,1960.0999874806266,5071.180926449049,25.80919207433712,1,228.1
MIX|Wsol|SUB:SPN-S000000171872,R1,23219.10386551774,1960.0999874806266,5071.180926449049,24.524529796283144,1,228.1
MIX|Wsol|SUB:SPN-S000000171872,R2,18345.649691050694,1960.0999874806266,5071.180926449049,26.44009755800189,1,228.1
MIX|Wsol|SUB:SPN-S000000171873,R0,110463.20785187985,14178.851063883427,27208.842542092258,104.51300962231798,8,893.1
MIX|Wsol|SUB:SPN-S000000171873,R1,96349.42603327108,14178.851063883427,27208.842542092258,98.61892921263843,8,893.1
MIX|Wsol|SUB:SPN-S000000171873,R2,69386.47748580847,14178.851063883427,27208.842542092258,95.5773273183928,8,893.1
MIX|Wsol|SUB:SPN-S000000171874,R0,328774.6186905544,24865.945304218905,61034.801079576966,301.26756697807247,13,2714.2999999999997
MIX|Wsol|SUB:SPN-S000000171874,R1,241174.34435439383,24865.945304218905,61034.801079576966,260.886656739314,13,2714.2999999999997
MIX|Wsol|SUB:SPN-S000000171874,R2,187785.4264200046,24865.945304218905,61034.801079576966,254.08556577682583,13,2714.2999999999997
MIX|Wsol|SUB:SPN-S000000171875,R0,69507.67164994498,5801.124717605896,13518.32392188919,66.31138859131114,3,551.3
MIX|Wsol|SUB:SPN-S000000171875,R1,55243.71308909527,5801.124717605896,13518.32392188919,61.09207699507927,3,551.3
MIX|Wsol|SUB:SPN-S000000171875,R2,40659.26798596684,5801.124717605896,13518.32392188919,64.70705457941284,3,551.3
MIX|Wsol|SUB:SPN-S000000171877,R0,151233.8183244586,11671.81654446969,29244.725784067825,141.69513524617912,6,1309.5
MIX|Wsol|SUB:SPN-S000000171877,R1,136629.7573698541,11671.81654446969,29244.725784067825,130.09499546480825,6,1309.5
MIX|Wsol|SUB:SPN-S000000171877,R2,102821.89898158572,11671.81654446969,29244.725784067825,134.8869284634181,6,1309.5
MIX|Wsol|SUB:SPN-S000000171878,R0,35571.63870726799,2003.4549856444064,5919.547704549672,35.0647462684659,1,309.9
MIX|Wsol|SUB:SPN-S000000171878,R1,31545.81450207781,2003.4549856444064,5919.547704549672,33.3193852865767,1,309.9
MIX|Wsol|SUB:SPN-S000000171878,R2,24924.66830011666,2003.4549856444064,5919.547704549672,35.921903696732954,1,309.9
MIX|Wsol|SUB:SPN-S000000171879,R0,33714.02906400616,3716.1824594686354,7973.081190102999,31.757208633364897,2,303.2
MIX|Wsol|SUB:SPN-S000000171879,R1,27728.39425495494,3716.1824594686354,7973.081190102999,29.17413147679924,2,303.2
MIX|Wsol|SUB:SPN-S000000171879,R2,23066.45781975674,3716.1824594686354,7973.081190102999,30.43733225201231,2,303.2
MIX|Wsol|SUB:SPN-S000000171885,R0,10971.709355784704,1883.6472087793281,3651.7470244031347,13.572486107610887,1,117.0
MIX|Wsol|SUB:SPN-S000000171885,R1,9743.71790159071,1883.6472087793281,3651.7470244031347,12.510590788810484,1,117.0
MIX|Wsol|SUB:SPN-S000000171885,R2,7508.612539897702,1883.6472087793281,3651.7470244031347,15.411109311995967,1,117.0
MIX|Wsol|SUB:SPN-S000000171887,R0,21202.59389181984,3743.9728071361333,7155.940679717894,26.228539392571122,2,226.1
MIX|Wsol|SUB:SPN-S000000171887,R1,18829.526645723585,3743.9728071361333,7155.940679717894,24.176449379060262,2,226.1
MIX|Wsol|SUB:SPN-S000000171887,R2,14510.233292913419,3743.9728071361333,7155.940679717894,29.781639448224684,2,226.1
MIX|Wsol|SUB:SPN-S000000171888,R0,5337.608823707342,1606.4962491911238,2520.674832181333,10.05,1,67.0
MIX|Wsol|SUB:SPN-S000000171888,R1,4505.132551205436,1606.4962491911238,2520.674832181333,9.829414388020833,1,67.0
MIX|Wsol|SUB:SPN-S000000171888,R2,4505.132551205436,1606.4962491911238,2520.674832181333,9.829414388020833,1,67.0
MIX|Wsol|SUB:SPN-S000000171891,R0,9676.846193118483,1608.5868602280343,2526.6716275205954,10.08,1,67.2
MIX|Wsol|SUB:SPN-S000000171891,R1,8763.1828745186,1608.5868602280343,2526.6716275205954,10.08,1,67.2
MIX|Wsol|SUB:SPN-S000000171891,R2,6574.200267083901,1608.5868602280343,2526.6716275205954,10.08,1,67.2
MIX|Wsol|SUB:SPN-S000000171923,R0,70110.27874980745,3948.248922878938,10581.162466499452,69.96831027756211,2,509.6
MIX|Wsol|SUB:SPN-S000000171923,R1,53849.932417786265,3948.248922878938,10581.162466499452,64.64265489352012,2,509.6
MIX|Wsol|SUB:SPN-S000000171923,R2,39293.487475921356,3948.248922878938,10581.162466499452,68.43239743440704,2,509.6
MIX|Wsol|SUB:SPN-S000000171924,R0,143835.03199830846,12981.140793665632,27429.942095652747,119.83506855817954,7,1000.5
MIX|Wsol|SUB:SPN-S000000171924,R1,97778.54185595782,12981.140793665632,27429.942095652747,97.85456287277714,7,1000.5
MIX|Wsol|SUB:SPN-S000000171924,R2,71708.72338251144,12981.140793665632,27429.942095652747,88.5038144736349,7,1000.5
MIX|Wsol|SUB:SPN-S000000171925,R0,386474.9756103358,21860.016439842002,60706.19766754826,333.87545435768567,11,3101.5
MIX|Wsol|SUB:SPN-S000000171925,R1,318973.8139550416,21860.016439842002,60706.19766754826,292.03358793098624,11,3101.5
MIX|Wsol|SUB:SPN-S000000171925,R2,241308.70452294417,21860.016439842002,60706.19766754826,290.30620105807554,11,3101.5
MIX|Wsol|SUB:SPN-S000000171926,R0,179351.01264305296,16841.677249904184,37489.83529679131,162.96332229303732,9,1485.7
MIX|Wsol|SUB:SPN-S000000171926,R1,143365.61203564456,16841.677249904184,37489.83529679131,152.16820754390693,9,1485.7
MIX|Wsol|SUB:SPN-S000000171926,R2,106293.36061507411,16841.677249904184,37489.83529679131,149.10175551490565,9,1485.7
MIX|Wsol|SUB:SPN-S000000171927,R0,223673.03370235086,13780.904611268925,36675.86711573338,194.3435514023564,7,1716.7
MIX|Wsol|SUB:SPN-S000000171927,R1,183154.87024112337,13780.904611268925,36675.86711573338,179.4735671346716,7,1716.7
MIX|Wsol|SUB:SPN-S000000171927,R2,135264.44088226277,13780.904611268925,36675.86711573338,181.1390526023772,7,1716.7
MIX|Wsol|SUB:SPN-S000000171928,R0,127909.82018421835,6084.750083678541,18009.986823598872,125.63686017978453,3,1078.3
MIX|Wsol|SUB:SPN-S000000171928,R1,110275.90666631589,6084.750083678541,18009.986823598872,113.33807711652662,3,1078.3
MIX|Wsol|SUB:SPN-S000000171928,R2,85807.78659042098,6084.750083678541,18009.986823598872,124.20436432002829,3,1078.3
MIX|Wsol|SUB:SPN-S000000171929,R0,239134.46513102233,32461.249776815093,62053.993138504404,241.85081261414507,21,2334.0
MIX|Wsol|SUB:SPN-S000000171929,R1,164210.44882597693,32461.249776815093,62053.993138504404,212.793179790664,21,2334.0
MIX|Wsol|SUB:SPN-S000000171929,R2,138538.65749726378,32461.249776815093,62053.993138504404,209.88539268053702,21,2334.0
MIX|Wsol|SUB:SPN-S000000171968,R0,207184.56690959987,13737.55513601927,36273.72028257337,190.32565828252552,7,1711.8
MIX|Wsol|SUB:SPN-S000000171968,R1,173562.7465108166,13737.55513601927,36273.72028257337,175.74992279406933,7,1711.8
MIX|Wsol|SUB:SPN-S000000171968,R2,133614.43566719044,13737.55513601927,36273.72028257337,173.79211707597216,7,1711.8
MIX|Wsol|SUB:SPN-S000000171969,R0,317698.180751516,28226.724352162833,65695.45384162084,343.23645636521763,17,3165.9
MIX|Wsol|SUB:SPN-S000000171969,R1,238001.82542869248,28226.724352162833,65695.45384162084,306.54199662154144,17,3165.9
MIX|Wsol|SUB:SPN-S000000171969,R2,190960.6133512804,28226.724352162833,65695.45384162084,298.2340244587922,17,3165.9
MIX|Wsol|SUB:SPN-S000000171971,R0,405280.6865063139,47848.475885417065,92791.39513841138,355.65824233775425,27,3171.7
MIX|Wsol|SUB:SPN-S000000171971,R1,321869.5439776407,47848.475885417065,92791.39513841138,313.59292106018444,27,3171.7
MIX|Wsol|SUB:SPN-S000000171971,R2,229375.40054847245,47848.475885417065,92791.39513841138,288.9017014182628,27,3171.7
MIX|Wsol|SUB:SPN-S000000171972,R0,213464.6649437346,32748.952600987457,60034.02436117311,204.75387932866204,19,1873.2
MIX|Wsol|SUB:SPN-S000000171972,R1,168345.5784738868,32748.952600987457,60034.02436117311,181.88190156444182,19,1873.2
MIX|Wsol|SUB:SPN-S000000171972,R2,119575.96284850394,32748.952600987457,60034.02436117311,174.83525602302717,19,1873.2
MIX|Wsol|SUB:SPN-S000000171973,R0,300137.6968908157,24915.20572620631,57794.70749261313,263.50813619934075,13,2322.0000000000005
MIX|Wsol|SUB:SPN-S000000171973,R1,241303.6366134187,24915.20572620631,57794.70749261313,242.0960426767976,13,2322.0000000000005
MIX|Wsol|SUB:SPN-S000000171973,R2,177423.7202901116,24915.20572620631,57794.70749261313,228.83196846540537,13,2322.0000000000005
MIX|Wsol|SUB:SPN-S000000171974,R0,302697.9153853244,15747.200305029242,42967.0217620364,292.74426305287494,8,2248.1
MIX|Wsol|SUB:SPN-S000000171974,R1,222478.8220142248,15747.200305029242,42967.0217620364,263.18440386918826,8,2248.1
MIX|Wsol|SUB:SPN-S000000171974,R2,173662.21982298046,15747.200305029242,42967.0217620364,251.72847715156698,8,2248.1
MIX|Wsol|SUB:SPN-S000000171975,R0,212305.4662514145,30860.96623176875,52175.44887639077,188.4038089090972,19,1526.1
MIX|Wsol|SUB:SPN-S000000171975,R1,147882.4952731113,30860.96623176875,52175.44887639077,163.77386639192875,19,1526.1
MIX|Wsol|SUB:SPN-S000000171975,R2,110404.72500555782,30860.96623176875,52175.44887639077,160.34932531383336,19,1526.1
MIX|Wsol|SUB:SPN-S000000171976,R0,197106.85840470227,39586.99722461895,62770.02131107282,213.8780765359917,25,1720.8999999999999
MIX|Wsol|SUB:SPN-S000000171976,R1,146198.28950899013,39586.99722461895,62770.02131107282,195.48420110952756,25,1720.8999999999999
MIX|Wsol|SUB:SPN-S000000171976,R2,116032.9240315741,39586.99722461895,62770.02131107282,183.62189665350516,25,1720.8999999999999
MIX|Wsol|SUB:SPN-S000000171979,R0,21913.776328534736,1912.129040228936,4025.285741571573,20.78687821534864,1,142.0
MIX|Wsol|SUB:SPN-S000000171979,R1,15396.153768137247,1912.129040228936,4025.285741571573,18.99092083864796,1,142.0
MIX|Wsol|SUB:SPN-S000000171979,R2,12329.39694455231,1912.129040228936,4025.285741571573,16.997999087655895,1,142.0
MIX|Wsol|SUB:SPN-S000000172024,R0,33363.74821430848,1934.8804858726926,4522.029876479562,22.882799772644507,1,180.6
MIX|Wsol|SUB:SPN-S000000172024,R1,17730.59668179478,1934.8804858726926,4522.029876479562,15.725710054670728,1,180.6
MIX|Wsol|SUB:SPN-S000000172024,R2,14269.192658494347,1934.8804858726926,4522.029876479562,15.051891670140485,1,180.6
MIX|Wsol|SUB:SPN-S000000172025,R0,143208.25933302863,13484.04930554287,30778.71775715966,126.82919378262484,7,1190.1999999999998
MIX|Wsol|SUB:SPN-S000000172025,R1,119761.50115462192,13484.04930554287,30778.71775715966,111.44603303504292,7,1190.1999999999998
MIX|Wsol|SUB:SPN-S000000172025,R2,89508.83734172562,13484.04930554287,30778.71775715966,114.28941907143039,7,1190.1999999999998
MIX|Wsol|SUB:SPN-S000000173197,R0,152544.8374388729,20878.6012776634,37551.99160746717,138.79613464297043,12,1098.5
MIX|Wsol|SUB:SPN-S000000173197,R1,133164.14901636934,20878.6012776634,37551.99160746717,133.41797226768387,12,1098.5
MIX|Wsol|SUB:SPN-S000000173197,R2,94550.59837345271,20878.6012776634,37551.99160746717,129.23489646918404,12,1098.5
MIX|Wsol|SUB:SPN-S000000173929,R0,42098.87937146588,3872.55712182232,9099.516257114521,41.40754741421289,2,367.1
MIX|Wsol|SUB:SPN-S000000173929,R1,39219.27343608656,3872.55712182232,9099.516257114521,40.289915135722595,2,367.1
MIX|Wsol|SUB:SPN-S000000173929,R2,26921.70311214761,3872.55712182232,9099.516257114521,38.487206821218294,2,367.1
MIX|Wsol|SUB:SPN-S000000173931,R0,119816.04299489892,19015.053033718104,33547.17682224078,113.21508871091473,11,1004.5999999999999
MIX|Wsol|SUB:SPN-S000000173931,R1,102773.6679741316,19015.053033718104,33547.17682224078,111.09766290144842,11,1004.5999999999999
MIX|Wsol|SUB:SPN-S000000173931,R2,75952.87338515089,19015.053033718104,33547.17682224078,104.37795038237488,11,1004.5999999999999
MIX|Wsol|SUB:SPN-S000000173973,R0,52931.46359304551,7263.958764390327,13106.968153490681,53.60081391649907,4,391.0
MIX|Wsol|SUB:SPN-S000000173973,R1,46376.158112348676,7263.958764390327,13106.968153490681,51.678080303894646,4,391.0
MIX|Wsol|SUB:SPN-S000000173973,R2,32452.942822452023,7263.958764390327,13106.968153490681,48.47389736908261,4,391.0
MIX|Wsol|SUB:SPN-S000000173976,R0,33883.440166835935,3845.2862395105385,8496.133230428217,39.48798302863775,2,317.9
MIX|Wsol|SUB:SPN-S000000173976,R1,31549.924989064057,3845.2862395105385,8496.133230428217,38.31983717771415,2,317.9
MIX|Wsol|SUB:SPN-S000000173976,R2,21890.363798235856,3845.2862395105385,8496.133230428217,40.82262928737222,2,317.9
MIX|Wsol|SUB:SPN-S000000173993,R0,74235.04147290802,3987.4055521501277,11445.61936137751,80.26263037860576,2,583.0
MIX|Wsol|SUB:SPN-S000000173993,R1,57886.6277510598,3987.4055521501277,11445.61936137751,79.9661879747596,2,583.0
MIX|Wsol|SUB:SPN-S000000173993,R2,40460.43154126613,3987.4055521501277,11445.61936137751,75.21,2,583.0
MIX|Wsol|SUB:SPN-S000000174043,R0,363538.9213482437,38672.48489522301,74219.76882772421,282.9340435555555,22,2471.2
MIX|Wsol|SUB:SPN-S000000174043,R1,195939.63305384747,38672.48489522301,74219.76882772421,190.07214522471338,22,2471.2
MIX|Wsol|SUB:SPN-S000000174043,R2,156882.00456472748,38672.48489522301,74219.76882772421,188.2851239210069,22,2471.2
MIX|Wsol|SUB:SPN-S000000174077,R0,58778.864643618006,9413.978168082489,16320.973007487726,62.150145084242176,6,508.8
MIX|Wsol|SUB:SPN-S000000174077,R1,52269.629916046455,9413.978168082489,16320.973007487726,59.86401550386782,6,508.8
MIX|Wsol|SUB:SPN-S000000174077,R2,35743.97605870842,9413.978168082489,16320.973007487726,57.490300059043264,6,508.8
MIX|Wsol|SUB:SPN-S000000174080,R0,387124.14084857947,66741.77437789735,108225.28708327207,357.799031189733,42,2972.7
MIX|Wsol|SUB:SPN-S000000174080,R1,294343.8764241459,66741.77437789735,108225.28708327207,329.32065073033675,42,2972.7
MIX|Wsol|SUB:SPN-S000000174080,R2,205518.87066183877,66741.77437789735,108225.28708327207,306.2305224982457,42,2972.7
MIX|Wsol|SUB:SPN-S000000174088,R0,375940.8881060693,57753.26180532234,108434.41065579935,357.67323737845607,32,3383.8
MIX|Wsol|SUB:SPN-S000000174088,R1,287472.38313508395,57753.26180532234,108434.41065579935,313.7644746444421,32,3383.8
MIX|Wsol|SUB:SPN-S000000174088,R2,220945.02436288723,57753.26180532234,108434.41065579935,293.4228404824735,32,3383.8
MIX|Wsol|SUB:SPN-S000000174089,R0,76363.79827423887,5815.694668997559,13793.391752254145,75.87663853366688,3,567.2
MIX|Wsol|SUB:SPN-S000000174089,R1,62945.81651062846,5815.694668997559,13793.391752254145,69.71971332347852,3,567.2
MIX|Wsol|SUB:SPN-S000000174089,R2,44608.66752252042,5815.694668997559,13793.391752254145,70.78714550695962,3,567.2
MIX|Wsol|SUB:SPN-S000000174155,R0,134047.99844866453,11346.404185507667,25793.41951769906,115.37964979866025,6,1034.2
MIX|Wsol|SUB:SPN-S000000174155,R1,114491.84716884776,11346.404185507667,25793.41951769906,104.90947615623101,6,1034.2
MIX|Wsol|SUB:SPN-S000000174155,R2,83831.06571652781,11346.404185507667,25793.41951769906,103.97893113096062,6,1034.2
MIX|Wsol|SUB:SPN-S000000174167,R0,21608.30055210673,1912.8596927657607,4039.0560286787754,19.902444492953432,1,143.0
MIX|Wsol|SUB:SPN-S000000174167,R1,7399.031237504993,1912.8596927657607,4039.0560286787754,16.546582600911456,1,143.0
MIX|Wsol|SUB:SPN-S000000174167,R2,7399.031237504993,1912.8596927657607,4039.0560286787754,16.546582600911456,1,143.0
MIX|Wsol|SUB:SPN-S000000174198,R0,130623.08088366524,17474.356655236435,31379.376071319344,120.48367910503482,10,963.1
MIX|Wsol|SUB:SPN-S000000174198,R1,104264.06633546876,17474.356655236435,31379.376071319344,111.1764254370344,10,963.1
MIX|Wsol|SUB:SPN-S000000174198,R2,73534.59251184604,17474.356655236435,31379.376071319344,107.03025263397498,10,963.1
MIX|Wsol|SUB:SPN-S000000174201,R0,154014.47479473014,20542.854258705564,38287.10877118939,150.0351533383399,12,1266.3000000000002
MIX|Wsol|SUB:SPN-S000000174201,R1,118231.97773396075,20542.854258705564,38287.10877118939,138.33194895577188,12,1266.3000000000002
MIX|Wsol|SUB:SPN-S000000174201,R2,88779.59747852798,20542.854258705564,38287.10877118939,141.76783957417268,12,1266.3000000000002
MIX|Wsol|SUB:SPN-S000000174232,R0,23273.166243333617,3590.7539671488926,6308.663592232936,27.39,2,182.6
MIX|Wsol|SUB:SPN-S000000174232,R1,21968.00340770511,3590.7539671488926,6308.663592232936,27.39,2,182.6
MIX|Wsol|SUB:SPN-S000000174232,R2,14978.842156575978,3590.7539671488926,6308.663592232936,27.39,2,182.6
MIX|Wsol|SUB:SPN-S000000174234,R0,12795.283733622942,1924.5000479185605,4285.169578133871,19.606764060088732,1,161.6
MIX|Wsol|SUB:SPN-S000000174234,R1,8376.151861062914,1924.5000479185605,4285.169578133871,18.527884261670525,1,161.6
MIX|Wsol|SUB:SPN-S000000174234,R2,8376.151861062914,1924.5000479185605,4285.169578133871,18.527884261670525,1,161.6
MIX|Wsol|SUB:SPN-S000000174239,R0,165433.88088295984,40983.793705119024,62663.30715210905,181.56469297919455,27,1676.8000000000002
MIX|Wsol|SUB:SPN-S000000174239,R1,132323.96709761434,40983.793705119024,62663.30715210905,165.6044597861651,27,1676.8000000000002
MIX|Wsol|SUB:SPN-S000000174239,R2,102518.47329616202,40983.793705119024,62663.30715210905,169.03674478637933,27,1676.8000000000002
MIX|Wsol|SUB:SPN-S000000174301,R0,355141.95172805333,60598.58041967846,101271.9999031918,342.63688057702024,38,3007.2
MIX|Wsol|SUB:SPN-S000000174301,R1,236756.7591119312,60598.58041967846,101271.9999031918,295.56043038976344,38,3007.2
MIX|Wsol|SUB:SPN-S000000174301,R2,194396.81480373238,60598.58041967846,101271.9999031918,281.2495339103367,38,3007.2
MIX|Wsol|SUB:SPN-S000000174543,R0,42824.56599640615,3831.2691806598655,8187.0186769797,31.374284003340385,2,294.0
MIX|Wsol|SUB:SPN-S000000174543,R1,29020.86803923009,3831.2691806598655,8187.0186769797,25.793661494399597,2,294.0
MIX|Wsol|SUB:SPN-S000000174543,R2,21736.77269313783,3831.2691806598655,8187.0186769797,26.181151585824587,2,294.0
MIX|Wsol|SUB:SPN-S000000174619,R0,167051.41878245768,11709.933341030148,29266.82605232074,139.6930987169009,6,1273.8000000000002
MIX|Wsol|SUB:SPN-S000000174619,R1,132914.4769181855,11709.933341030148,29266.82605232074,122.3239674019365,6,1273.8000000000002
MIX|Wsol|SUB:SPN-S000000174619,R2,98079.81387856638,11709.933341030148,29266.82605232074,115.61372453426235,6,1273.8000000000002
MIX|Wsol|SUB:SPN-S000000174640,R0,82232.54435608194,9501.544772376335,21377.4770639404,87.15672103740451,5,821.6
MIX|Wsol|SUB:SPN-S000000174640,R1,64531.738572180126,9501.544772376335,21377.4770639404,76.91181952274614,5,821.6
MIX|Wsol|SUB:SPN-S000000174640,R2,54271.43863578157,9501.544772376335,21377.4770639404,81.67752100245615,5,821.6
MIX|Wsol|SUB:SPN-S000000174673,R0,45646.85809990058,6982.6762134066375,12263.546437408306,41.81601228119496,4,361.79999999999995
MIX|Wsol|SUB:SPN-S000000174673,R1,33657.023995130985,6982.6762134066375,12263.546437408306,37.2137058784616,4,361.79999999999995
MIX|Wsol|SUB:SPN-S000000174673,R2,26545.04629745855,6982.6762134066375,12263.546437408306,36.025606792986835,4,361.79999999999995
MIX|Wsol|SUB:SPN-S000000174692,R0,13967.059137937777,1919.8845447224223,4182.714640591419,20.172165359246925,1,153.7
MIX|Wsol|SUB:SPN-S000000174692,R1,7982.016038112884,1919.8845447224223,4182.714640591419,16.830571073138128,1,153.7
MIX|Wsol|SUB:SPN-S000000174692,R2,6486.383053086926,1919.8845447224223,4182.714640591419,16.53496183868575,1,153.7
MIX|Wsol|SUB:SPN-S000000174710,R0,147424.29219914545,11285.760021353455,27149.314314413947,139.72255027188433,6,1161.5
MIX|Wsol|SUB:SPN-S000000174710,R1,121306.67770267304,11285.760021353455,27149.314314413947,130.90549778288272,6,1161.5
MIX|Wsol|SUB:SPN-S000000174710,R2,85856.96402605526,11285.760021353455,27149.314314413947,132.28788297064392,6,1161.5
MIX|Wsol|SUB:SPN-S000000174720,R0,274403.909277997,41068.77524015865,76890.62074243423,259.2325926753099,23,2417.0
MIX|Wsol|SUB:SPN-S000000174720,R1,191907.84255877696,41068.77524015865,76890.62074243423,217.76232652741083,23,2417.0
MIX|Wsol|SUB:SPN-S000000174720,R2,148310.2175654103,41068.77524015865,76890.62074243423,203.04122145245924,23,2417.0
MIX|Wsol|SUB:SPN-S000000174722,R0,135777.4585141587,18035.01715967472,34374.09857626159,128.40486987202524,10,1124.5
MIX|Wsol|SUB:SPN-S000000174722,R1,116916.46035365143,18035.01715967472,34374.09857626159,119.41240363145899,10,1124.5
MIX|Wsol|SUB:SPN-S000000174722,R2,86212.1569237383,18035.01715967472,34374.09857626159,112.73046782998433,10,1124.5
MIX|Wsol|SUB:SPN-S000000174751,R0,353457.7272537808,58036.33295228847,101336.53867584179,318.9088974968754,35,3099.7000000000003
MIX|Wsol|SUB:SPN-S000000174751,R1,248968.54935285953,58036.33295228847,101336.53867584179,280.44979106300286,35,3099.7000000000003
MIX|Wsol|SUB:SPN-S000000174751,R2,191301.45672916228,58036.33295228847,101336.53867584179,260.03010533692816,35,3099.7000000000003
MIX|Wsol|SUB:SPN-S000000174777,R0,78288.66764503917,7346.015779740653,16591.4656011055,71.71215039504268,4,670.9
MIX|Wsol|SUB:SPN-S000000174777,R1,71372.40944432783,7346.015779740653,16591.4656011055,67.72122461618751,4,670.9
MIX|Wsol|SUB:SPN-S000000174777,R2,52263.6785741652,7346.015779740653,16591.4656011055,66.68459679527201,4,670.9
MIX|Wsol|SUB:SPN-S000000174785,R0,110277.09481525334,17435.12510526386,31825.2860012467,104.63622742970782,10,965.1000000000001
MIX|Wsol|SUB:SPN-S000000174785,R1,96249.34805658704,17435.12510526386,31825.2860012467,99.7939086095546,10,965.1000000000001
MIX|Wsol|SUB:SPN-S000000174785,R2,70063.112261915,17435.12510526386,31825.2860012467,96.95691555522308,10,965.1000000000001
MIX|Wsol|SUB:SPN-S000000174792,R0,70819.10450458134,5833.9598492322275,14422.186779784828,66.73001452249737,3,597.3
MIX|Wsol|SUB:SPN-S000000174792,R1,64807.10432361755,5833.9598492322275,14422.186779784828,64.27181450374007,3,597.3
MIX|Wsol|SUB:SPN-S000000174792,R2,46705.2213092411,5833.9598492322275,14422.186779784828,60.13853578835227,3,597.3
MIX|Wsol|SUB:SPN-S000000174793,R0,279664.7046380696,57815.14458728381,101387.86075558164,330.7644522057767,35,3033.0
MIX|Wsol|SUB:SPN-S000000174793,R1,177917.879434,57815.14458728381,101387.86075558164,264.51458797571934,35,3033.0
MIX|Wsol|SUB:SPN-S000000174793,R2,162554.7429503179,57815.14458728381,101387.86075558164,264.27109408690814,35,3033.0
MIX|Wsol|SUB:SPN-S000000174812,R0,8956.842756130502,1554.2927391435023,2373.770441276082,9.33,1,62.2
MIX|Wsol|SUB:SPN-S000000174812,R1,8111.160339212157,1554.2927391435023,2373.770441276082,9.33,1,62.2
MIX|Wsol|SUB:SPN-S000000174812,R2,6085.048461497301,1554.2927391435023,2373.770441276082,9.33,1,62.2
MIX|Wsol|SUB:SPN-S000000174842,R0,60414.621779479145,7590.429979498204,16159.52311772756,62.29913783435188,4,552.5
MIX|Wsol|SUB:SPN-S000000174842,R1,55658.655957315365,7590.429979498204,16159.52311772756,59.3085938493572,4,552.5
MIX|Wsol|SUB:SPN-S000000174842,R2,37497.78204954881,7590.429979498204,16159.52311772756,60.85721069248214,4,552.5
MIX|Wsol|SUB:SPN-S000000174852,R0,86760.0433462213,12530.43931419621,23901.32247773833,82.18735729817148,7,795.6
MIX|Wsol|SUB:SPN-S000000174852,R1,76569.55267961709,12530.43931419621,23901.32247773833,75.77819008326027,7,795.6
MIX|Wsol|SUB:SPN-S000000174852,R2,57935.00994681286,12530.43931419621,23901.32247773833,79.31452594733153,7,795.6
MIX|Wsol|SUB:SPN-S000000174894,R0,87587.55757645919,11190.992822466746,22015.610177804825,89.5823973294828,6,709.6
MIX|Wsol|SUB:SPN-S000000174894,R1,77486.14095953642,11190.992822466746,22015.610177804825,87.73069549344318,6,709.6
MIX|Wsol|SUB:SPN-S000000174894,R2,54079.69317123254,11190.992822466746,22015.610177804825,81.46377551282954,6,709.6
MIX|Wsol|SUB:SPN-S000000174899,R0,115595.421617683,9254.794956478607,20810.131771971646,111.52201176952236,5,921.0
MIX|Wsol|SUB:SPN-S000000174899,R1,104632.96905144313,9254.794956478607,20810.131771971646,108.78677412798142,5,921.0
MIX|Wsol|SUB:SPN-S000000174899,R2,72868.02766182422,9254.794956478607,20810.131771971646,98.67874409936826,5,921.0
MIX|Wsol|SUB:SPN-S000000174914,R0,72936.90765744128,5802.446479524187,13702.903200536588,57.80524633594754,3,543.0
MIX|Wsol|SUB:SPN-S000000174914,R1,57083.08855571002,5802.446479524187,13702.903200536588,49.18984094584784,3,543.0
MIX|Wsol|SUB:SPN-S000000174914,R2,40858.69700201696,5802.446479524187,13702.903200536588,49.65481960042387,3,543.0
MIX|Wsol|SUB:SPN-S000000174930,R0,136772.31165526042,17853.71298513782,33982.41906331721,121.36013445877134,10,1124.3999999999999
MIX|Wsol|SUB:SPN-S000000174930,R1,111960.91295961672,17853.71298513782,33982.41906331721,114.77999681874748,10,1124.3999999999999
MIX|Wsol|SUB:SPN-S000000174930,R2,81400.70561936474,17853.71298513782,33982.41906331721,105.79398745481608,10,1124.3999999999999
MIX|Wsol|SUB:SPN-S000000174940,R0,100891.98494175726,8782.667947481825,18203.149411442035,71.6322017150462,5,663.0
MIX|Wsol|SUB:SPN-S000000174940,R1,66662.18948571739,8782.667947481825,18203.149411442035,56.672860854123925,5,663.0
MIX|Wsol|SUB:SPN-S000000174940,R2,50696.23496649075,8782.667947481825,18203.149411442035,52.80684712783954,5,663.0
MIX|Wsol|SUB:SPN-S000000174948,R0,43489.50418261629,13274.391502893093,20335.830323314498,59.39200816135671,9,521.0
MIX|Wsol|SUB:SPN-S000000174948,R1,28921.420284752287,13274.391502893093,20335.830323314498,52.36019039797791,9,521.0
MIX|Wsol|SUB:SPN-S000000174948,R2,26560.19681263897,13274.391502893093,20335.830323314498,52.36019039797791,9,521.0
MIX|Wsol|SUB:SPN-S000000174949,R0,75236.2673526674,9406.556938555075,19087.082078855856,75.93325703725729,5,651.8
MIX|Wsol|SUB:SPN-S000000174949,R1,70219.82726888078,9406.556938555075,19087.082078855856,74.03237995709985,5,651.8
MIX|Wsol|SUB:SPN-S000000174949,R2,48208.954579610654,9406.556938555075,19087.082078855856,70.40172569147516,5,651.8
MIX|Wsol|SUB:SPN-S000000174958,R0,88945.4860836828,6302.087039403283,13995.727582997506,82.78815233853894,4,710.2
MIX|Wsol|SUB:SPN-S000000174958,R1,74377.09936730706,6302.087039403283,13995.727582997506,73.5178643276107,4,710.2
MIX|Wsol|SUB:SPN-S000000174958,R2,58515.796600573594,6302.087039403283,13995.727582997506,79.12737957788417,4,710.2
MIX|Wsol|SUB:SPN-S000000174977,R0,27156.53924420457,1915.6345903299327,4093.5093384898496,18.625534698664133,1,147.0
MIX|Wsol|SUB:SPN-S000000174977,R1,14431.88102006552,1915.6345903299327,4093.5093384898496,12.799996556127336,1,147.0
MIX|Wsol|SUB:SPN-S000000174977,R2,11614.459140634932,1915.6345903299327,4093.5093384898496,12.251539731509698,1,147.0
MIX|Wsol|SUB:SPN-S000000174989,R0,87424.86886307469,9846.746629632453,19981.277279998845,104.01061523776728,6,834.4
MIX|Wsol|SUB:SPN-S000000174989,R1,43942.63992506277,9846.746629632453,19981.277279998845,94.59629486080735,6,834.4
MIX|Wsol|SUB:SPN-S000000174989,R2,42654.67907906919,9846.746629632453,19981.277279998845,94.59629486080735,6,834.4
MIX|Wsol|SUB:SPN-S000000175001,R0,83182.02255620227,28781.79115347677,39638.95571005793,95.36017629355644,22,883.5
MIX|Wsol|SUB:SPN-S000000175001,R1,63145.434288915545,28781.79115347677,39638.95571005793,89.79611408268818,22,883.5
MIX|Wsol|SUB:SPN-S000000175001,R2,44584.1856717013,28781.79115347677,39638.95571005793,82.89472465318164,22,883.5
MIX|Wsol|SUB:SPN-S000000175003,R0,496072.4305572281,48958.3102186289,108783.12455489264,480.4507470932423,27,4248.0
MIX|Wsol|SUB:SPN-S000000175003,R1,376378.39077490114,48958.3102186289,108783.12455489264,418.91871900961104,27,4248.0
MIX|Wsol|SUB:SPN-S000000175003,R2,278743.0963758765,48958.3102186289,108783.12455489264,402.4870026859442,27,4248.0
MIX|Wsol|SUB:SPN-S000000175026,R0,65143.744627879525,10232.478585788154,16978.199124754712,60.08734421814247,6,469.0
MIX|Wsol|SUB:SPN-S000000175026,R1,54330.139875413806,10232.478585788154,16978.199124754712,55.570062704666924,6,469.0
MIX|Wsol|SUB:SPN-S000000175026,R2,39686.28857927451,10232.478585788154,16978.199124754712,57.652516439253475,6,469.0
MIX|Wsol|SUB:SPN-S000000175036,R0,51899.863680539886,5275.91346119363,11506.541848045857,54.92438360300848,3,435.5
MIX|Wsol|SUB:SPN-S000000175036,R1,43433.3486127705,5275.91346119363,11506.541848045857,51.357062841701044,3,435.5
MIX|Wsol|SUB:SPN-S000000175036,R2,31245.585273902405,5275.91346119363,11506.541848045857,50.377189787325655,3,435.5
MIX|Wsol|SUB:SPN-S000000175044,R0,83769.54478400834,2226.0067001883335,9436.230002576785,82.57583680776514,1,729.8
MIX|Wsol|SUB:SPN-S000000175044,R1,74288.91714622905,2226.0067001883335,9436.230002576785,78.46559335961173,1,729.8
MIX|Wsol|SUB:SPN-S000000175044,R2,58696.427639319576,2226.0067001883335,9436.230002576785,84.59440244554924,1,729.8
MIX|Wsol|SUB:SPN-S000000175216,R0,84299.15528843077,8901.333483512464,17945.731243004928,83.52320889741863,5,641.2
MIX|Wsol|SUB:SPN-S000000175216,R1,55658.5679995465,8901.333483512464,17945.731243004928,73.50579504686642,5,641.2
MIX|Wsol|SUB:SPN-S000000175216,R2,41475.219566507745,8901.333483512464,17945.731243004928,75.20115835676796,5,641.2
MIX|Wsol|SUB:SPN-S000000175224,R0,152851.23941471177,21152.897582579513,37939.85806231738,142.72034732240482,12,1130.3
MIX|Wsol|SUB:SPN-S000000175224,R1,122587.10241814284,21152.897582579513,37939.85806231738,132.49016186551938,12,1130.3
MIX|Wsol|SUB:SPN-S000000175224,R2,90106.03096124047,21152.897582579513,37939.85806231738,128.4413975001244,12,1130.3
MIX|Wsol|SUB:SPN-S000000175250,R0,9701.224591011802,1868.9242472134515,3532.2755522472635,16.5,1,110.0
MIX|Wsol|SUB:SPN-S000000175250,R1,6111.522332560984,1868.9242472134515,3532.2755522472635,16.5,1,110.0
MIX|Wsol|SUB:SPN-S000000175250,R2,6111.522332560984,1868.9242472134515,3532.2755522472635,16.5,1,110.0
MIX|Wsol|SUB:SPN-S000000175255,R0,169065.84096719878,6285.291924249091,21786.768503592775,169.70371381155303,3,1450.0
MIX|Wsol|SUB:SPN-S000000175255,R1,145732.7562870087,6285.291924249091,21786.768503592775,162.39899230942234,3,1450.0
MIX|Wsol|SUB:SPN-S000000175255,R2,114114.59564149514,6285.291924249091,21786.768503592775,169.71539725142046,3,1450.0
MIX|Wsol|SUB:SPN-S000000175257,R0,116317.1355373904,22798.055233169885,40655.4250579999,131.2016711285801,13,1227.1000000000001
MIX|Wsol|SUB:SPN-S000000175257,R1,82247.61410476247,22798.055233169885,40655.4250579999,118.09641537610847,13,1227.1000000000001
MIX|Wsol|SUB:SPN-S000000175257,R2,72917.92868249441,22798.055233169885,40655.4250579999,119.11242062205189,13,1227.1000000000001
MIX|Wsol|SUB:SPN-S000000175297,R0,89710.08531572955,15375.522584494582,26600.710205271324,98.24384976742301,9,735.1
MIX|Wsol|SUB:SPN-S000000175297,R1,65975.56013475537,15375.522584494582,26600.710205271324,90.98562283150807,9,735.1
MIX|Wsol|SUB:SPN-S000000175297,R2,54059.713971029945,15375.522584494582,26600.710205271324,91.26959541233566,9,735.1
MIX|Wsol|SUB:SPN-S000000175337,R0,37289.06141362645,8442.499817182594,12744.359901743788,38.44960054768437,6,298.0
MIX|Wsol|SUB:SPN-S000000175337,R1,15485.664344438512,8442.499817182594,12744.359901743788,35.48153887195123,6,298.0
MIX|Wsol|SUB:SPN-S000000175337,R2,15485.664344438512,8442.499817182594,12744.359901743788,35.48153887195123,6,298.0
MIX|Wsol|SUB:SPN-S000000181145,R0,368878.82022191456,63399.22080679773,105919.19996877201,352.57166949410646,41,3016.6
MIX|Wsol|SUB:SPN-S000000181145,R1,291396.38623418135,63399.22080679773,105919.19996877201,322.189912993965,41,3016.6
MIX|Wsol|SUB:SPN-S000000181145,R2,197961.88279017602,63399.22080679773,105919.19996877201,306.52447757518553,41,3016.6
MIX|Wsol|SUB:SPN-S000000181195,R0,139272.32278336005,13254.093624862988,28314.930337249825,125.33234241464342,7,1050.6000000000001
MIX|Wsol|SUB:SPN-S000000181195,R1,115189.19359272692,13254.093624862988,28314.930337249825,113.42233286618759,7,1050.6000000000001
MIX|Wsol|SUB:SPN-S000000181195,R2,81205.49772414283,13254.093624862988,28314.930337249825,114.04389790442781,7,1050.6000000000001
MIX|Wsol|SUB:SPN-S000000181196,R0,48868.9531777597,8075.528647464108,14678.776125460332,57.671330896442555,5,493.09999999999997
MIX|Wsol|SUB:SPN-S000000181196,R1,38782.21685389613,8075.528647464108,14678.776125460332,51.239650949786444,5,493.09999999999997
MIX|Wsol|SUB:SPN-S000000181196,R2,31762.32034977512,8075.528647464108,14678.776125460332,48.3075583135685,5,493.09999999999997
MIX|Wsol|SUB:SPN-S000000181225,R0,31404.19292511845,3582.3736962356543,6301.451208798483,27.45,2,183.0
MIX|Wsol|SUB:SPN-S000000181225,R1,23661.7083002144,3582.3736962356543,6301.451208798483,25.307150881076385,2,183.0
MIX|Wsol|SUB:SPN-S000000181225,R2,16604.94328947793,3582.3736962356543,6301.451208798483,22.8524604578993,2,183.0
MIX|Wsol|SUB:SPN-S000000181226,R0,21604.5801772709,3071.8324249090274,5317.0605105070135,24.889922011045257,2,174.3
MIX|Wsol|SUB:SPN-S000000181226,R1,20047.2244005424,3071.8324249090274,5317.0605105070135,24.710171953125002,2,174.3
MIX|Wsol|SUB:SPN-S000000181226,R2,13864.956059961594,3071.8324249090274,5317.0605105070135,22.795078165772132,2,174.3
MIX|Wsol|SUB:SPN-S000000181236,R0,25383.857488559315,1950.4527834518967,4866.935416519235,31.485,1,209.9
MIX|Wsol|SUB:SPN-S000000181236,R1,23655.662997627056,1950.4527834518967,4866.935416519235,31.485,1,209.9
MIX|Wsol|SUB:SPN-S000000181236,R2,16119.244628247909,1950.4527834518967,4866.935416519235,27.65061275115185,1,209.9
MIX|Wsol|SUB:SPN-S000000181252,R0,28849.734547594457,3782.0565453295394,7607.968257550185,28.238408205030225,2,256.0
MIX|Wsol|SUB:SPN-S000000181252,R1,26873.252225173856,3782.0565453295394,7607.968257550185,27.31000185203935,2,256.0
MIX|Wsol|SUB:SPN-S000000181252,R2,18492.95511743392,3782.0565453295394,7607.968257550185,26.499308231431158,2,256.0
MIX|Wsol|SUB:SPN-S000000181316,R0,52855.2871893609,8201.15790743781,13755.744931007022,50.9357654890454,5,399.0
MIX|Wsol|SUB:SPN-S000000181316,R1,48734.214611756805,8201.15790743781,13755.744931007022,49.747070339340354,5,399.0
MIX|Wsol|SUB:SPN-S000000181316,R2,34774.675652680686,8201.15790743781,13755.744931007022,50.04939388509115,5,399.0
MIX|Wsol|SUB:SPN-S000000181331,R0,77116.25837124277,3993.819367658768,11315.04193529719,85.11367830967048,2,597.0
MIX|Wsol|SUB:SPN-S000000181331,R1,56975.00365394533,3993.819367658768,11315.04193529719,84.93070262657751,2,597.0
MIX|Wsol|SUB:SPN-S000000181331,R2,40162.72504843061,3993.819367658768,11315.04193529719,81.995,2,597.0
MIX|Wsol|SUB:SPN-S000000181361,R0,58210.43527258195,5753.214151735297,12499.897645945663,69.0,3,460.0
MIX|Wsol|SUB:SPN-S000000181361,R1,54552.97906043421,5753.214151735297,12499.897645945663,69.0,3,460.0
MIX|Wsol|SUB:SPN-S000000181361,R2,34664.71695491677,5753.214151735297,12499.897645945663,63.21095337540064,3,460.0
MIX|Wsol|SUB:SPN-S000000181539,R0,114839.60918402951,19446.523429898654,33865.124599022325,122.52781681629021,11,964.0
MIX|Wsol|SUB:SPN-S000000181539,R1,82559.34053955128,19446.523429898654,33865.124599022325,99.75537215440109,11,964.0
MIX|Wsol|SUB:SPN-S000000181539,R2,66514.31804000278,19446.523429898654,33865.124599022325,101.8564601631331,11,964.0
