cluster_id,archetype_id,n_archetypes,archetype_mix,eligibility_class,electricity_zone_id,network_assignment_method,building_count,dwelling_count,heated_floor_area_m2,ward,in_ten_wards,n_S.ElecResistive,n_S.ElecStorage,n_S.GasBoiler,n_S.GasCommunal,n_S.HeatPump,n_S.LPGBoiler,n_S.OilBoiler,n_S.SolidFuel
C.Det.1|Wcav|LSOA:E01030425,C.Det.1,1,C.Det.1:14,Wcav,LSOA:E01030425,assumed_zone_lsoa,14,14,1841.9,,0.0,0,0,14,0,0,0,0,0
C.Det.1|Wcav|LSOA:E01030427,C.Det.1,1,C.Det.1:11,Wcav,LSOA:E01030427,assumed_zone_lsoa,11,11,1182.8,,0.0,0,0,11,0,0,0,0,0
C.Det.1|Wcav|LSOA:E01030466,C.Det.1,1,C.Det.1:10,Wcav,LSOA:E01030466,assumed_zone_lsoa,10,10,990.2,,0.0,0,0,9,0,0,1,0,0
C.Det.1|Wcav|LSOA:E01030480,C.Det.1,1,C.Det.1:11,Wcav,LSOA:E01030480,assumed_zone_lsoa,11,11,1763.7,,0.0,0,0,11,0,0,0,0,0
C.Det.1|Wcav|LSOA:E01030501,C.Det.1,1,C.Det.1:10,Wcav,LSOA:E01030501,assumed_zone_lsoa,10,10,1384.3,,0.0,0,0,9,0,0,0,1,0
C.Det.1|Wcav|SUB:SPN-S000000174640,C.Det.1,1,C.Det.1:14,Wcav,SUB:SPN-S000000174640,spatial_inference_nearest_substation,14,14,2053.7,Merrow,1.0,0,0,14,0,0,0,0,0
C.Det.1|Wnone|LSOA:E01030421,C.Det.1,1,C.Det.1:33,Wnone,LSOA:E01030421,assumed_zone_lsoa,33,33,3778.0,,0.0,0,2,30,0,1,0,0,0
C.Det.1|Wnone|LSOA:E01030422,C.Det.1,1,C.Det.1:13,Wnone,LSOA:E01030422,assumed_zone_lsoa,13,13,1633.3,,0.0,0,0,13,0,0,0,0,0
C.Det.1|Wnone|LSOA:E01030423,C.Det.1,1,C.Det.1:22,Wnone,LSOA:E01030423,assumed_zone_lsoa,22,22,3087.0,,0.0,1,0,19,0,0,0,1,1
C.Det.1|Wnone|LSOA:E01030424,C.Det.1,1,C.Det.1:32,Wnone,LSOA:E01030424,assumed_zone_lsoa,32,32,3756.7,,0.0,0,0,32,0,0,0,0,0
C.Det.1|Wnone|LSOA:E01030425,C.Det.1,1,C.Det.1:79,Wnone,LSOA:E01030425,assumed_zone_lsoa,79,79,10336.7,,0.0,0,1,78,0,0,0,0,0
C.Det.1|Wnone|LSOA:E01030426,C.Det.1,1,C.Det.1:21,Wnone,LSOA:E01030426,assumed_zone_lsoa,21,21,2239.3,,0.0,0,0,21,0,0,0,0,0
C.Det.1|Wnone|LSOA:E01030427,C.Det.1,1,C.Det.1:55,Wnone,LSOA:E01030427,assumed_zone_lsoa,55,55,6673.5,,0.0,0,0,55,0,0,0,0,0
C.Det.1|Wnone|LSOA:E01030428,C.Det.1,1,C.Det.1:63,Wnone,LSOA:E01030428,assumed_zone_lsoa,62,63,7851.8,,0.0,0,0,61,0,0,0,2,0
C.Det.1|Wnone|LSOA:E01030430,C.Det.1,1,C.Det.1:85,Wnone,LSOA:E01030430,assumed_zone_lsoa,85,85,10894.1,,0.0,0,0,84,0,0,0,1,0
C.Det.1|Wnone|LSOA:E01030431,C.Det.1,1,C.Det.1:87,Wnone,LSOA:E01030431,assumed_zone_lsoa,87,87,11716.2,,0.0,0,0,85,0,1,0,1,0
C.Det.1|Wnone|LSOA:E01030433,C.Det.1,1,C.Det.1:22,Wnone,LSOA:E01030433,assumed_zone_lsoa,21,22,3031.6,,0.0,0,0,22,0,0,0,0,0
C.Det.1|Wnone|LSOA:E01030440,C.Det.1,1,C.Det.1:94,Wnone,LSOA:E01030440,assumed_zone_lsoa,94,94,20140.0,,0.0,0,0,88,0,3,1,2,0
C.Det.1|Wnone|LSOA:E01030441,C.Det.1,1,C.Det.1:60,Wnone,LSOA:E01030441,assumed_zone_lsoa,60,60,11392.6,,0.0,0,0,55,0,0,1,4,0
C.Det.1|Wnone|LSOA:E01030442,C.Det.1,1,C.Det.1:135,Wnone,LSOA:E01030442,assumed_zone_lsoa,135,135,29469.4,,0.0,0,0,132,0,3,0,0,0
C.Det.1|Wnone|LSOA:E01030443,C.Det.1,1,C.Det.1:92,Wnone,LSOA:E01030443,assumed_zone_lsoa,92,92,17025.0,,0.0,0,0,89,0,0,0,3,0
C.Det.1|Wnone|LSOA:E01030444,C.Det.1,1,C.Det.1:89,Wnone,LSOA:E01030444,assumed_zone_lsoa,88,89,15712.1,,0.0,0,0,88,0,0,1,0,0
C.Det.1|Wnone|LSOA:E01030445,C.Det.1,1,C.Det.1:76,Wnone,LSOA:E01030445,assumed_zone_lsoa,75,76,16313.1,,0.0,0,0,76,0,0,0,0,0
C.Det.1|Wnone|LSOA:E01030446,C.Det.1,1,C.Det.1:72,Wnone,LSOA:E01030446,assumed_zone_lsoa,72,72,12478.1,,0.0,0,1,64,0,4,1,2,0
C.Det.1|Wnone|LSOA:E01030447,C.Det.1,1,C.Det.1:83,Wnone,LSOA:E01030447,assumed_zone_lsoa,83,83,11483.8,,0.0,0,0,80,0,2,0,1,0
C.Det.1|Wnone|LSOA:E01030458,C.Det.1,1,C.Det.1:52,Wnone,LSOA:E01030458,assumed_zone_lsoa,52,52,7795.5,,0.0,1,0,38,0,2,3,6,2
C.Det.1|Wnone|LSOA:E01030459,C.Det.1,1,C.Det.1:15,Wnone,LSOA:E01030459,assumed_zone_lsoa,15,15,1914.7,,0.0,0,0,13,0,1,0,1,0
C.Det.1|Wnone|LSOA:E01030465,C.Det.1,1,C.Det.1:71,Wnone,LSOA:E01030465,assumed_zone_lsoa,71,71,10447.0,,0.0,0,1,59,0,3,3,5,0
C.Det.1|Wnone|LSOA:E01030466,C.Det.1,1,C.Det.1:98,Wnone,LSOA:E01030466,assumed_zone_lsoa,98,98,10745.3,,0.0,1,0,91,0,2,0,3,1
C.Det.1|Wnone|LSOA:E01030471,C.Det.1,1,C.Det.1:63,Wnone,LSOA:E01030471,assumed_zone_lsoa,61,63,12546.0,,0.0,0,0,51,0,1,4,7,0
C.Det.1|Wnone|LSOA:E01030472,C.Det.1,1,C.Det.1:28,Wnone,LSOA:E01030472,assumed_zone_lsoa,27,28,5554.2,,0.0,0,1,13,0,4,3,7,0
C.Det.1|Wnone|LSOA:E01030473,C.Det.1,1,C.Det.1:72,Wnone,LSOA:E01030473,assumed_zone_lsoa,70,72,13841.8,,0.0,1,0,53,0,5,2,11,0
C.Det.1|Wnone|LSOA:E01030475,C.Det.1,1,C.Det.1:97,Wnone,LSOA:E01030475,assumed_zone_lsoa,97,97,15036.6,,0.0,0,0,93,0,2,1,1,0
C.Det.1|Wnone|LSOA:E01030476,C.Det.1,1,C.Det.1:132,Wnone,LSOA:E01030476,assumed_zone_lsoa,131,132,20430.2,,0.0,0,0,127,0,4,0,1,0
C.Det.1|Wnone|LSOA:E01030477,C.Det.1,1,C.Det.1:43,Wnone,LSOA:E01030477,assumed_zone_lsoa,43,43,5662.7,,0.0,1,1,39,0,1,0,1,0
C.Det.1|Wnone|LSOA:E01030478,C.Det.1,1,C.Det.1:45,Wnone,LSOA:E01030478,assumed_zone_lsoa,45,45,10121.4,,0.0,1,0,35,0,2,2,5,0
C.Det.1|Wnone|LSOA:E01030479,C.Det.1,1,C.Det.1:30,Wnone,LSOA:E01030479,assumed_zone_lsoa,29,30,3617.8,,0.0,0,0,29,0,0,1,0,0
C.Det.1|Wnone|LSOA:E01030480,C.Det.1,1,C.Det.1:129,Wnone,LSOA:E01030480,assumed_zone_lsoa,128,129,19815.4,,0.0,0,2,122,0,5,0,0,0
C.Det.1|Wnone|LSOA:E01030490,C.Det.1,1,C.Det.1:71,Wnone,LSOA:E01030490,assumed_zone_lsoa,71,71,12104.8,,0.0,0,1,41,0,6,1,22,0
C.Det.1|Wnone|LSOA:E01030491,C.Det.1,1,C.Det.1:46,Wnone,LSOA:E01030491,assumed_zone_lsoa,46,46,9066.6,,0.0,0,0,39,0,6,0,1,0
C.Det.1|Wnone|LSOA:E01030492,C.Det.1,1,C.Det.1:107,Wnone,LSOA:E01030492,assumed_zone_lsoa,107,107,21074.2,,0.0,4,2,59,0,11,3,28,0
C.Det.1|Wnone|LSOA:E01030499,C.Det.1,1,C.Det.1:93,Wnone,LSOA:E01030499,assumed_zone_lsoa,91,93,11718.8,,0.0,0,0,91,0,1,0,1,0
C.Det.1|Wnone|LSOA:E01030500,C.Det.1,1,C.Det.1:22,Wnone,LSOA:E01030500,assumed_zone_lsoa,22,22,2774.4,,0.0,0,0,22,0,0,0,0,0
C.Det.1|Wnone|LSOA:E01030501,C.Det.1,1,C.Det.1:39,Wnone,LSOA:E01030501,assumed_zone_lsoa,39,39,6277.8,,0.0,1,0,36,0,0,0,2,0
C.Det.1|Wnone|LSOA:E01030502,C.Det.1,1,C.Det.1:87,Wnone,LSOA:E01030502,assumed_zone_lsoa,87,87,10273.6,,0.0,0,1,84,0,0,0,1,1
C.Det.1|Wnone|LSOA:E01030503,C.Det.1,1,C.Det.1:16,Wnone,LSOA:E01030503,assumed_zone_lsoa,16,16,2384.7,,0.0,0,0,16,0,0,0,0,0
C.Det.1|Wnone|LSOA:E01030504,C.Det.1,1,C.Det.1:70,Wnone,LSOA:E01030504,assumed_zone_lsoa,70,70,8673.3,,0.0,0,1,66,0,1,0,2,0
C.Det.1|Wnone|SUB:SPN-R000000852116-000-001Z,C.Det.1,1,C.Det.1:14,Wnone,SUB:SPN-R000000852116-000-001Z,spatial_inference_nearest_substation,14,14,1519.0,Stoughton South,1.0,0,0,14,0,0,0,0,0
C.Det.1|Wnone|SUB:SPN-S000000171613,C.Det.1,1,C.Det.1:27,Wnone,SUB:SPN-S000000171613,spatial_inference_nearest_substation,27,27,4059.9,Onslow,1.0,1,0,24,0,1,0,1,0
C.Det.1|Wnone|SUB:SPN-S000000171614,C.Det.1,1,C.Det.1:38,Wnone,SUB:SPN-S000000171614,spatial_inference_nearest_substation,38,38,6746.0,Onslow,1.0,1,1,35,0,1,0,0,0
C.Det.1|Wnone|SUB:SPN-S000000171615,C.Det.1,1,C.Det.1:10,Wnone,SUB:SPN-S000000171615,spatial_inference_nearest_substation,10,10,1262.3,Onslow,1.0,0,0,10,0,0,0,0,0
C.Det.1|Wnone|SUB:SPN-S000000171618,C.Det.1,1,C.Det.1:11,Wnone,SUB:SPN-S000000171618,spatial_inference_nearest_substation,11,11,2149.8,Onslow,1.0,0,0,11,0,0,0,0,0
C.Det.1|Wnone|SUB:SPN-S000000171619,C.Det.1,1,C.Det.1:10,Wnone,SUB:SPN-S000000171619,spatial_inference_nearest_substation,10,10,1553.4,Onslow,1.0,0,0,9,0,1,0,0,0
C.Det.1|Wnone|SUB:SPN-S000000171622,C.Det.1,1,C.Det.1:21,Wnone,SUB:SPN-S000000171622,spatial_inference_nearest_substation,21,21,4017.6,Onslow,1.0,0,0,21,0,0,0,0,0
C.Det.1|Wnone|SUB:SPN-S000000171623,C.Det.1,1,C.Det.1:10,Wnone,SUB:SPN-S000000171623,spatial_inference_nearest_substation,10,10,1783.3,St Nicolas,1.0,0,0,10,0,0,0,0,0
C.Det.1|Wnone|SUB:SPN-S000000171624,C.Det.1,1,C.Det.1:12,Wnone,SUB:SPN-S000000171624,spatial_inference_nearest_substation,12,12,3020.0,Onslow,1.0,0,0,12,0,0,0,0,0
C.Det.1|Wnone|SUB:SPN-S000000171626,C.Det.1,1,C.Det.1:10,Wnone,SUB:SPN-S000000171626,spatial_inference_nearest_substation,10,10,1487.1,Onslow,1.0,0,0,10,0,0,0,0,0
C.Det.1|Wnone|SUB:SPN-S000000171700,C.Det.1,1,C.Det.1:17,Wnone,SUB:SPN-S000000171700,spatial_inference_nearest_substation,17,17,1836.4,Bellfields & Slyfield,1.0,1,0,16,0,0,0,0,0
C.Det.1|Wnone|SUB:SPN-S000000171705,C.Det.1,1,C.Det.1:11,Wnone,SUB:SPN-S000000171705,spatial_inference_nearest_substation,11,11,1730.0,Castle,1.0,0,1,10,0,0,0,0,0
C.Det.1|Wnone|SUB:SPN-S000000171710,C.Det.1,1,C.Det.1:13,Wnone,SUB:SPN-S000000171710,spatial_inference_nearest_substation,9,13,6156.6,Castle,1.0,0,0,13,0,0,0,0,0
C.Det.1|Wnone|SUB:SPN-S000000171711,C.Det.1,1,C.Det.1:18,Wnone,SUB:SPN-S000000171711,spatial_inference_nearest_substation,18,18,3801.7,Merrow,1.0,0,0,18,0,0,0,0,0
C.Det.1|Wnone|SUB:SPN-S000000171712,C.Det.1,1,C.Det.1:13,Wnone,SUB:SPN-S000000171712,spatial_inference_nearest_substation,13,13,1760.9,Merrow,1.0,0,0,13,0,0,0,0,0
C.Det.1|Wnone|SUB:SPN-S000000171714,C.Det.1,1,C.Det.1:18,Wnone,SUB:SPN-S000000171714,spatial_inference_nearest_substation,18,18,3896.3,Castle,1.0,0,0,18,0,0,0,0,0
C.Det.1|Wnone|SUB:SPN-S000000171715,C.Det.1,1,C.Det.1:22,Wnone,SUB:SPN-S000000171715,spatial_inference_nearest_substation,22,22,4318.1,Castle,1.0,0,0,21,0,1,0,0,0
C.Det.1|Wnone|SUB:SPN-S000000171716,C.Det.1,1,C.Det.1:17,Wnone,SUB:SPN-S000000171716,spatial_inference_nearest_substation,17,17,2621.6,Castle,1.0,0,0,16,0,1,0,0,0
C.Det.1|Wnone|SUB:SPN-S000000171746,C.Det.1,1,C.Det.1:39,Wnone,SUB:SPN-S000000171746,spatial_inference_nearest_substation,39,39,3944.9,Stoughton North,1.0,0,1,38,0,0,0,0,0
C.Det.1|Wnone|SUB:SPN-S000000171749,C.Det.1,1,C.Det.1:11,Wnone,SUB:SPN-S000000171749,spatial_inference_nearest_substation,11,11,1371.1,Stoughton North,1.0,0,0,10,0,0,1,0,0
C.Det.1|Wnone|SUB:SPN-S000000171774,C.Det.1,1,C.Det.1:11,Wnone,SUB:SPN-S000000171774,spatial_inference_nearest_substation,11,11,1268.9,Stoughton South,1.0,0,0,11,0,0,0,0,0
C.Det.1|Wnone|SUB:SPN-S000000171775,C.Det.1,1,C.Det.1:23,Wnone,SUB:SPN-S000000171775,spatial_inference_nearest_substation,23,23,2623.0,Stoughton South,1.0,1,0,22,0,0,0,0,0
C.Det.1|Wnone|SUB:SPN-S000000171780,C.Det.1,1,C.Det.1:18,Wnone,SUB:SPN-S000000171780,spatial_inference_nearest_substation,18,18,2104.0,Stoughton South,1.0,0,0,18,0,0,0,0,0
C.Det.1|Wnone|SUB:SPN-S000000171781,C.Det.1,1,C.Det.1:26,Wnone,SUB:SPN-S000000171781,spatial_inference_nearest_substation,26,26,3215.8,Stoughton South,1.0,0,0,26,0,0,0,0,0
C.Det.1|Wnone|SUB:SPN-S000000171789,C.Det.1,1,C.Det.1:13,Wnone,SUB:SPN-S000000171789,spatial_inference_nearest_substation,13,13,1506.9,Westborough,1.0,0,0,11,0,1,0,1,0
C.Det.1|Wnone|SUB:SPN-S000000171790,C.Det.1,1,C.Det.1:12,Wnone,SUB:SPN-S000000171790,spatial_inference_nearest_substation,12,12,1441.4,Westborough,1.0,0,0,12,0,0,0,0,0
C.Det.1|Wnone|SUB:SPN-S000000171815,C.Det.1,1,C.Det.1:11,Wnone,SUB:SPN-S000000171815,spatial_inference_nearest_substation,11,11,2629.1,Castle,1.0,0,0,11,0,0,0,0,0
C.Det.1|Wnone|SUB:SPN-S000000171828,C.Det.1,1,C.Det.1:16,Wnone,SUB:SPN-S000000171828,spatial_inference_nearest_substation,16,16,2149.1,Stoughton South,1.0,0,0,16,0,0,0,0,0
C.Det.1|Wnone|SUB:SPN-S000000171830,C.Det.1,1,C.Det.1:11,Wnone,SUB:SPN-S000000171830,spatial_inference_nearest_substation,11,11,1251.6,Stoughton South,1.0,0,0,11,0,0,0,0,0
C.Det.1|Wnone|SUB:SPN-S000000171831,C.Det.1,1,C.Det.1:18,Wnone,SUB:SPN-S000000171831,spatial_inference_nearest_substation,18,18,2556.9,Westborough,1.0,0,0,18,0,0,0,0,0
C.Det.1|Wnone|SUB:SPN-S000000171832,C.Det.1,1,C.Det.1:19,Wnone,SUB:SPN-S000000171832,spatial_inference_nearest_substation,19,19,1862.4,Westborough,1.0,0,0,18,0,0,0,1,0
C.Det.1|Wnone|SUB:SPN-S000000171836,C.Det.1,1,C.Det.1:17,Wnone,SUB:SPN-S000000171836,spatial_inference_nearest_substation,17,17,3698.2,Burpham,1.0,0,0,17,0,0,0,0,0
C.Det.1|Wnone|SUB:SPN-S000000171837,C.Det.1,1,C.Det.1:14,Wnone,SUB:SPN-S000000171837,spatial_inference_nearest_substation,14,14,3283.1,Burpham,1.0,0,0,14,0,0,0,0,0
C.Det.1|Wnone|SUB:SPN-S000000171838,C.Det.1,1,C.Det.1:21,Wnone,SUB:SPN-S000000171838,spatial_inference_nearest_substation,21,21,3414.0,Burpham,1.0,0,1,20,0,0,0,0,0
C.Det.1|Wnone|SUB:SPN-S000000171839,C.Det.1,1,C.Det.1:27,Wnone,SUB:SPN-S000000171839,spatial_inference_nearest_substation,26,27,4394.4,Burpham,1.0,1,1,25,0,0,0,0,0
C.Det.1|Wnone|SUB:SPN-S000000171848,C.Det.1,1,C.Det.1:17,Wnone,SUB:SPN-S000000171848,spatial_inference_nearest_substation,17,17,2837.1,Merrow,1.0,0,0,16,0,0,0,1,0
C.Det.1|Wnone|SUB:SPN-S000000171849,C.Det.1,1,C.Det.1:14,Wnone,SUB:SPN-S000000171849,spatial_inference_nearest_substation,14,14,1905.7,Burpham,1.0,0,1,13,0,0,0,0,0
C.Det.1|Wnone|SUB:SPN-S000000171850,C.Det.1,1,C.Det.1:47,Wnone,SUB:SPN-S000000171850,spatial_inference_nearest_substation,47,47,7053.0,Burpham,1.0,0,0,47,0,0,0,0,0
C.Det.1|Wnone|SUB:SPN-S000000171851,C.Det.1,1,C.Det.1:15,Wnone,SUB:SPN-S000000171851,spatial_inference_nearest_substation,15,15,2369.6,Burpham,1.0,0,0,15,0,0,0,0,0
C.Det.1|Wnone|SUB:SPN-S000000171853,C.Det.1,1,C.Det.1:10,Wnone,SUB:SPN-S000000171853,spatial_inference_nearest_substation,10,10,1332.3,Burpham,1.0,0,0,10,0,0,0,0,0
C.Det.1|Wnone|SUB:SPN-S000000171854,C.Det.1,1,C.Det.1:30,Wnone,SUB:SPN-S000000171854,spatial_inference_nearest_substation,30,30,4095.1,Burpham,1.0,0,0,29,0,0,0,1,0
C.Det.1|Wnone|SUB:SPN-S000000171855,C.Det.1,1,C.Det.1:16,Wnone,SUB:SPN-S000000171855,spatial_inference_nearest_substation,16,16,2188.3,Burpham,1.0,0,0,15,0,1,0,0,0
C.Det.1|Wnone|SUB:SPN-S000000171856,C.Det.1,1,C.Det.1:20,Wnone,SUB:SPN-S000000171856,spatial_inference_nearest_substation,20,20,3574.7,Burpham,1.0,0,1,19,0,0,0,0,0
C.Det.1|Wnone|SUB:SPN-S000000171858,C.Det.1,1,C.Det.1:20,Wnone,SUB:SPN-S000000171858,spatial_inference_nearest_substation,20,20,3523.6,Merrow,1.0,0,0,20,0,0,0,0,0
C.Det.1|Wnone|SUB:SPN-S000000171861,C.Det.1,1,C.Det.1:22,Wnone,SUB:SPN-S000000171861,spatial_inference_nearest_substation,22,22,3153.5,Merrow,1.0,0,0,21,0,1,0,0,0
C.Det.1|Wnone|SUB:SPN-S000000171862,C.Det.1,1,C.Det.1:20,Wnone,SUB:SPN-S000000171862,spatial_inference_nearest_substation,20,20,3385.1,Merrow,1.0,0,0,19,0,1,0,0,0
C.Det.1|Wnone|SUB:SPN-S000000171863,C.Det.1,1,C.Det.1:41,Wnone,SUB:SPN-S000000171863,spatial_inference_nearest_substation,41,41,5809.3,Merrow,1.0,0,1,37,0,2,0,1,0
C.Det.1|Wnone|SUB:SPN-S000000171864,C.Det.1,1,C.Det.1:20,Wnone,SUB:SPN-S000000171864,spatial_inference_nearest_substation,20,20,3883.0,Merrow,1.0,0,0,19,0,0,0,1,0
C.Det.1|Wnone|SUB:SPN-S000000171865,C.Det.1,1,C.Det.1:28,Wnone,SUB:SPN-S000000171865,spatial_inference_nearest_substation,28,28,5180.3,Merrow,1.0,0,0,24,0,2,0,2,0
C.Det.1|Wnone|SUB:SPN-S000000171867,C.Det.1,1,C.Det.1:15,Wnone,SUB:SPN-S000000171867,spatial_inference_nearest_substation,15,15,3626.4,Merrow,1.0,0,0,13,0,2,0,0,0
C.Det.1|Wnone|SUB:SPN-S000000171870,C.Det.1,1,C.Det.1:10,Wnone,SUB:SPN-S000000171870,spatial_inference_nearest_substation,10,10,1635.0,Merrow,1.0,0,0,9,0,1,0,0,0
C.Det.1|Wnone|SUB:SPN-S000000171871,C.Det.1,1,C.Det.1:45,Wnone,SUB:SPN-S000000171871,spatial_inference_nearest_substation,45,45,6641.8,Merrow,1.0,0,0,44,0,0,0,1,0
C.Det.1|Wnone|SUB:SPN-S000000171872,C.Det.1,1,C.Det.1:49,Wnone,SUB:SPN-S000000171872,spatial_inference_nearest_substation,49,49,7492.8,Merrow,1.0,1,2,46,0,0,0,0,0
C.Det.1|Wnone|SUB:SPN-S000000171873,C.Det.1,1,C.Det.1:10,Wnone,SUB:SPN-S000000171873,spatial_inference_nearest_substation,10,10,1301.2,Castle,1.0,0,0,10,0,0,0,0,0
C.Det.1|Wnone|SUB:SPN-S000000171874,C.Det.1,1,C.Det.1:12,Wnone,SUB:SPN-S000000171874,spatial_inference_nearest_substation,12,12,2753.5,Castle,1.0,0,0,12,0,0,0,0,0
C.Det.1|Wnone|SUB:SPN-S000000171875,C.Det.1,1,C.Det.1:40,Wnone,SUB:SPN-S000000171875,spatial_inference_nearest_substation,40,40,5355.0,Merrow,1.0,0,0,39,0,1,0,0,0
C.Det.1|Wnone|SUB:SPN-S000000171877,C.Det.1,1,C.Det.1:24,Wnone,SUB:SPN-S000000171877,spatial_inference_nearest_substation,24,24,5128.8,Merrow,1.0,1,0,22,1,0,0,0,0
C.Det.1|Wnone|SUB:SPN-S000000171878,C.Det.1,1,C.Det.1:11,Wnone,SUB:SPN-S000000171878,spatial_inference_nearest_substation,11,11,2619.6,Merrow,1.0,0,0,10,0,1,0,0,0
C.Det.1|Wnone|SUB:SPN-S000000171886,C.Det.1,1,C.Det.1:15,Wnone,SUB:SPN-S000000171886,spatial_inference_nearest_substation,15,15,2714.1,Castle,1.0,0,0,15,0,0,0,0,0
C.Det.1|Wnone|SUB:SPN-S000000171887,C.Det.1,1,C.Det.1:22,Wnone,SUB:SPN-S000000171887,spatial_inference_nearest_substation,22,22,2438.9,Burpham,1.0,0,1,21,0,0,0,0,0
C.Det.1|Wnone|SUB:SPN-S000000171925,C.Det.1,1,C.Det.1:12,Wnone,SUB:SPN-S000000171925,spatial_inference_nearest_substation,12,12,3984.6,Castle,1.0,0,0,12,0,0,0,0,0
C.Det.1|Wnone|SUB:SPN-S000000171927,C.Det.1,1,C.Det.1:10,Wnone,SUB:SPN-S000000171927,spatial_inference_nearest_substation,10,10,2449.5,Castle,1.0,0,0,10,0,0,0,0,0
C.Det.1|Wnone|SUB:SPN-S000000171968,C.Det.1,1,C.Det.1:11,Wnone,SUB:SPN-S000000171968,spatial_inference_nearest_substation,11,11,3275.6,Castle,1.0,0,0,11,0,0,0,0,0
C.Det.1|Wnone|SUB:SPN-S000000171973,C.Det.1,1,C.Det.1:10,Wnone,SUB:SPN-S000000171973,spatial_inference_nearest_substation,10,10,1861.8,Castle,1.0,0,0,10,0,0,0,0,0
C.Det.1|Wnone|SUB:SPN-S000000171974,C.Det.1,1,C.Det.1:16,Wnone,SUB:SPN-S000000171974,spatial_inference_nearest_substation,16,16,4670.2,Castle,1.0,0,0,16,0,0,0,0,0
C.Det.1|Wnone|SUB:SPN-S000000171975,C.Det.1,1,C.Det.1:13,Wnone,SUB:SPN-S000000171975,spatial_inference_nearest_substation,13,13,2358.1,Castle,1.0,0,0,13,0,0,0,0,0
C.Det.1|Wnone|SUB:SPN-S000000171976,C.Det.1,1,C.Det.1:10,Wnone,SUB:SPN-S000000171976,spatial_inference_nearest_substation,10,10,1435.1,Castle,1.0,0,1,9,0,0,0,0,0
C.Det.1|Wnone|SUB:SPN-S000000172024,C.Det.1,1,C.Det.1:13,Wnone,SUB:SPN-S000000172024,spatial_inference_nearest_substation,13,13,1461.4,Onslow,1.0,0,0,13,0,0,0,0,0
C.Det.1|Wnone|SUB:SPN-S000000172025,C.Det.1,1,C.Det.1:34,Wnone,SUB:SPN-S000000172025,spatial_inference_nearest_substation,34,34,4837.5,Onslow,1.0,0,0,33,0,1,0,0,0
C.Det.1|Wnone|SUB:SPN-S000000173197,C.Det.1,1,C.Det.1:14,Wnone,SUB:SPN-S000000173197,spatial_inference_nearest_substation,14,14,1727.0,Stoughton North,1.0,0,1,13,0,0,0,0,0
C.Det.1|Wnone|SUB:SPN-S000000174089,C.Det.1,1,C.Det.1:30,Wnone,SUB:SPN-S000000174089,spatial_inference_nearest_substation,30,30,4923.7,Onslow,1.0,0,0,29,0,1,0,0,0
C.Det.1|Wnone|SUB:SPN-S000000174201,C.Det.1,1,C.Det.1:10,Wnone,SUB:SPN-S000000174201,spatial_inference_nearest_substation,10,10,2108.0,Castle,1.0,0,0,10,0,0,0,0,0
C.Det.1|Wnone|SUB:SPN-S000000174619,C.Det.1,1,C.Det.1:19,Wnone,SUB:SPN-S000000174619,spatial_inference_nearest_substation,19,19,3590.0,Merrow,1.0,0,0,18,0,1,0,0,0
C.Det.1|Wnone|SUB:SPN-S000000174640,C.Det.1,1,C.Det.1:21,Wnone,SUB:SPN-S000000174640,spatial_inference_nearest_substation,21,21,4362.8,Merrow,1.0,0,0,18,1,2,0,0,0
C.Det.1|Wnone|SUB:SPN-S000000174930,C.Det.1,1,C.Det.1:21,Wnone,SUB:SPN-S000000174930,spatial_inference_nearest_substation,21,21,2522.9,Stoughton South,1.0,0,0,20,0,0,0,1,0
C.Det.1|Wnone|SUB:SPN-S000000175224,C.Det.1,1,C.Det.1:29,Wnone,SUB:SPN-S000000175224,spatial_inference_nearest_substation,28,29,3524.1,Stoughton South,1.0,1,0,28,0,0,0,0,0
C.Det.2|Wcav|LSOA:E01030421,C.Det.2,1,C.Det.2:24,Wcav,LSOA:E01030421,assumed_zone_lsoa,24,24,3026.0,,0.0,1,1,22,0,0,0,0,0
C.Det.2|Wcav|LSOA:E01030422,C.Det.2,1,C.Det.2:12,Wcav,LSOA:E01030422,assumed_zone_lsoa,12,12,1493.6,,0.0,0,0,12,0,0,0,0,0
C.Det.2|Wcav|LSOA:E01030423,C.Det.2,1,C.Det.2:11,Wcav,LSOA:E01030423,assumed_zone_lsoa,11,11,1350.0,,0.0,0,0,10,0,0,0,0,1
C.Det.2|Wcav|LSOA:E01030424,C.Det.2,1,C.Det.2:22,Wcav,LSOA:E01030424,assumed_zone_lsoa,22,22,2594.7,,0.0,0,1,21,0,0,0,0,0
C.Det.2|Wcav|LSOA:E01030425,C.Det.2,1,C.Det.2:44,Wcav,LSOA:E01030425,assumed_zone_lsoa,44,44,5325.0,,0.0,0,0,43,0,0,0,0,1
C.Det.2|Wcav|LSOA:E01030426,C.Det.2,1,C.Det.2:16,Wcav,LSOA:E01030426,assumed_zone_lsoa,16,16,1713.9,,0.0,0,0,16,0,0,0,0,0
C.Det.2|Wcav|LSOA:E01030427,C.Det.2,1,C.Det.2:46,Wcav,LSOA:E01030427,assumed_zone_lsoa,46,46,5434.0,,0.0,0,0,46,0,0,0,0,0
C.Det.2|Wcav|LSOA:E01030428,C.Det.2,1,C.Det.2:47,Wcav,LSOA:E01030428,assumed_zone_lsoa,46,47,5714.6,,0.0,0,0,47,0,0,0,0,0
C.Det.2|Wcav|LSOA:E01030429,C.Det.2,1,C.Det.2:11,Wcav,LSOA:E01030429,assumed_zone_lsoa,11,11,1458.7,,0.0,1,0,10,0,0,0,0,0
C.Det.2|Wcav|LSOA:E01030430,C.Det.2,1,C.Det.2:71,Wcav,LSOA:E01030430,assumed_zone_lsoa,71,71,10525.7,,0.0,0,0,71,0,0,0,0,0
C.Det.2|Wcav|LSOA:E01030431,C.Det.2,1,C.Det.2:49,Wcav,LSOA:E01030431,assumed_zone_lsoa,49,49,6484.4,,0.0,0,0,48,0,0,0,1,0
C.Det.2|Wcav|LSOA:E01030432,C.Det.2,1,C.Det.2:12,Wcav,LSOA:E01030432,assumed_zone_lsoa,12,12,1064.0,,0.0,0,1,11,0,0,0,0,0
C.Det.2|Wcav|LSOA:E01030433,C.Det.2,1,C.Det.2:13,Wcav,LSOA:E01030433,assumed_zone_lsoa,13,13,1968.0,,0.0,0,0,13,0,0,0,0,0
C.Det.2|Wcav|LSOA:E01030440,C.Det.2,1,C.Det.2:83,Wcav,LSOA:E01030440,assumed_zone_lsoa,83,83,19449.0,,0.0,0,0,79,0,2,0,2,0
C.Det.2|Wcav|LSOA:E01030441,C.Det.2,1,C.Det.2:54,Wcav,LSOA:E01030441,assumed_zone_lsoa,52,54,9610.6,,0.0,0,1,45,0,1,1,6,0
C.Det.2|Wcav|LSOA:E01030442,C.Det.2,1,C.Det.2:132,Wcav,LSOA:E01030442,assumed_zone_lsoa,131,132,31127.7,,0.0,0,0,130,0,0,0,2,0
C.Det.2|Wcav|LSOA:E01030443,C.Det.2,1,C.Det.2:118,Wcav,LSOA:E01030443,assumed_zone_lsoa,118,118,22980.4,,0.0,0,0,117,0,0,1,0,0
C.Det.2|Wcav|LSOA:E01030444,C.Det.2,1,C.Det.2:79,Wcav,LSOA:E01030444,assumed_zone_lsoa,79,79,12583.4,,0.0,0,0,79,0,0,0,0,0
C.Det.2|Wcav|LSOA:E01030445,C.Det.2,1,C.Det.2:65,Wcav,LSOA:E01030445,assumed_zone_lsoa,65,65,14084.1,,0.0,0,0,65,0,0,0,0,0
C.Det.2|Wcav|LSOA:E01030446,C.Det.2,1,C.Det.2:78,Wcav,LSOA:E01030446,assumed_zone_lsoa,78,78,13552.0,,0.0,2,0,70,0,3,0,2,1
C.Det.2|Wcav|LSOA:E01030447,C.Det.2,1,C.Det.2:60,Wcav,LSOA:E01030447,assumed_zone_lsoa,60,60,8678.5,,0.0,0,0,59,0,0,0,1,0
C.Det.2|Wcav|LSOA:E01030458,C.Det.2,1,C.Det.2:43,Wcav,LSOA:E01030458,assumed_zone_lsoa,43,43,7043.1,,0.0,2,1,32,0,0,3,5,0
C.Det.2|Wcav|LSOA:E01030459,C.Det.2,1,C.Det.2:11,Wcav,LSOA:E01030459,assumed_zone_lsoa,11,11,1463.8,,0.0,0,0,9,0,0,1,1,0
C.Det.2|Wcav|LSOA:E01030465,C.Det.2,1,C.Det.2:59,Wcav,LSOA:E01030465,assumed_zone_lsoa,59,59,9336.9,,0.0,0,0,53,0,0,0,6,0
C.Det.2|Wcav|LSOA:E01030466,C.Det.2,1,C.Det.2:56,Wcav,LSOA:E01030466,assumed_zone_lsoa,56,56,7133.1,,0.0,0,0,51,0,0,0,4,1
C.Det.2|Wcav|LSOA:E01030471,C.Det.2,1,C.Det.2:55,Wcav,LSOA:E01030471,assumed_zone_lsoa,55,55,10878.0,,0.0,0,1,40,0,2,7,5,0
C.Det.2|Wcav|LSOA:E01030472,C.Det.2,1,C.Det.2:36,Wcav,LSOA:E01030472,assumed_zone_lsoa,36,36,6845.0,,0.0,1,3,16,0,1,5,10,0
C.Det.2|Wcav|LSOA:E01030473,C.Det.2,1,C.Det.2:71,Wcav,LSOA:E01030473,assumed_zone_lsoa,71,71,12391.0,,0.0,1,1,61,0,1,1,6,0
C.Det.2|Wcav|LSOA:E01030475,C.Det.2,1,C.Det.2:77,Wcav,LSOA:E01030475,assumed_zone_lsoa,77,77,12979.5,,0.0,2,0,72,0,0,1,2,0
C.Det.2|Wcav|LSOA:E01030476,C.Det.2,1,C.Det.2:67,Wcav,LSOA:E01030476,assumed_zone_lsoa,67,67,10101.9,,0.0,0,0,67,0,0,0,0,0
C.Det.2|Wcav|LSOA:E01030477,C.Det.2,1,C.Det.2:37,Wcav,LSOA:E01030477,assumed_zone_lsoa,37,37,5361.7,,0.0,0,0,37,0,0,0,0,0
C.Det.2|Wcav|LSOA:E01030478,C.Det.2,1,C.Det.2:51,Wcav,LSOA:E01030478,assumed_zone_lsoa,51,51,10131.6,,0.0,0,0,42,0,1,2,6,0
C.Det.2|Wcav|LSOA:E01030479,C.Det.2,1,C.Det.2:16,Wcav,LSOA:E01030479,assumed_zone_lsoa,15,16,1814.4,,0.0,0,0,15,0,0,0,1,0
C.Det.2|Wcav|LSOA:E01030480,C.Det.2,1,C.Det.2:105,Wcav,LSOA:E01030480,assumed_zone_lsoa,104,105,18502.8,,0.0,0,0,103,0,1,0,1,0
C.Det.2|Wcav|LSOA:E01030490,C.Det.2,1,C.Det.2:70,Wcav,LSOA:E01030490,assumed_zone_lsoa,70,70,10402.8,,0.0,1,0,48,0,3,4,14,0
C.Det.2|Wcav|LSOA:E01030491,C.Det.2,1,C.Det.2:35,Wcav,LSOA:E01030491,assumed_zone_lsoa,35,35,6936.3,,0.0,1,0,30,0,0,1,3,0
C.Det.2|Wcav|LSOA:E01030492,C.Det.2,1,C.Det.2:94,Wcav,LSOA:E01030492,assumed_zone_lsoa,94,94,17258.3,,0.0,2,0,53,0,4,2,33,0
C.Det.2|Wcav|LSOA:E01030499,C.Det.2,1,C.Det.2:44,Wcav,LSOA:E01030499,assumed_zone_lsoa,44,44,6683.8,,0.0,0,0,44,0,0,0,0,0
C.Det.2|Wcav|LSOA:E01030500,C.Det.2,1,C.Det.2:32,Wcav,LSOA:E01030500,assumed_zone_lsoa,32,32,3802.8,,0.0,1,1,30,0,0,0,0,0
C.Det.2|Wcav|LSOA:E01030501,C.Det.2,1,C.Det.2:25,Wcav,LSOA:E01030501,assumed_zone_lsoa,25,25,4660.8,,0.0,0,0,24,0,0,1,0,0
C.Det.2|Wcav|LSOA:E01030502,C.Det.2,1,C.Det.2:38,Wcav,LSOA:E01030502,assumed_zone_lsoa,37,38,4881.2,,0.0,0,1,37,0,0,0,0,0
C.Det.2|Wcav|LSOA:E01030504,C.Det.2,1,C.Det.2:37,Wcav,LSOA:E01030504,assumed_zone_lsoa,37,37,4374.8,,0.0,0,0,36,0,0,0,1,0
C.Det.2|Wcav|SUB:SPN-R000000852116-000-001Z,C.Det.2,1,C.Det.2:14,Wcav,SUB:SPN-R000000852116-000-001Z,spatial_inference_nearest_substation,14,14,1571.4,Stoughton South,1.0,0,0,14,0,0,0,0,0
C.Det.2|Wcav|SUB:SPN-S000000171613,C.Det.2,1,C.Det.2:20,Wcav,SUB:SPN-S000000171613,spatial_inference_nearest_substation,20,20,3075.0,Onslow,1.0,0,0,20,0,0,0,0,0
C.Det.2|Wcav|SUB:SPN-S000000171614,C.Det.2,1,C.Det.2:13,Wcav,SUB:SPN-S000000171614,spatial_inference_nearest_substation,13,13,2462.6,Onslow,1.0,0,0,13,0,0,0,0,0
C.Det.2|Wcav|SUB:SPN-S000000171622,C.Det.2,1,C.Det.2:17,Wcav,SUB:SPN-S000000171622,spatial_inference_nearest_substation,17,17,3279.3,Onslow,1.0,0,0,17,0,0,0,0,0
C.Det.2|Wcav|SUB:SPN-S000000171623,C.Det.2,1,C.Det.2:20,Wcav,SUB:SPN-S000000171623,spatial_inference_nearest_substation,20,20,3337.7,St Nicolas,1.0,0,0,20,0,0,0,0,0
C.Det.2|Wcav|SUB:SPN-S000000171624,C.Det.2,1,C.Det.2:10,Wcav,SUB:SPN-S000000171624,spatial_inference_nearest_substation,10,10,1751.3,Onslow,1.0,0,0,10,0,0,0,0,0
C.Det.2|Wcav|SUB:SPN-S000000171679,C.Det.2,1,C.Det.2:10,Wcav,SUB:SPN-S000000171679,spatial_inference_nearest_substation,10,10,2674.3,St Nicolas,1.0,0,0,9,0,0,0,1,0
C.Det.2|Wcav|SUB:SPN-S000000171680,C.Det.2,1,C.Det.2:11,Wcav,SUB:SPN-S000000171680,spatial_inference_nearest_substation,11,11,2124.5,St Nicolas,1.0,0,0,10,0,0,0,1,0
C.Det.2|Wcav|SUB:SPN-S000000171681,C.Det.2,1,C.Det.2:11,Wcav,SUB:SPN-S000000171681,spatial_inference_nearest_substation,11,11,2316.7,St Nicolas,1.0,0,0,10,0,0,0,1,0
C.Det.2|Wcav|SUB:SPN-S000000171709,C.Det.2,1,C.Det.2:13,Wcav,SUB:SPN-S000000171709,spatial_inference_nearest_substation,13,13,2286.4,Castle,1.0,0,0,13,0,0,0,0,0
C.Det.2|Wcav|SUB:SPN-S000000171711,C.Det.2,1,C.Det.2:15,Wcav,SUB:SPN-S000000171711,spatial_inference_nearest_substation,15,15,2948.2,Merrow,1.0,0,0,15,0,0,0,0,0
C.Det.2|Wcav|SUB:SPN-S000000171713,C.Det.2,1,C.Det.2:13,Wcav,SUB:SPN-S000000171713,spatial_inference_nearest_substation,13,13,1997.7,Merrow,1.0,0,0,13,0,0,0,0,0
C.Det.2|Wcav|SUB:SPN-S000000171714,C.Det.2,1,C.Det.2:17,Wcav,SUB:SPN-S000000171714,spatial_inference_nearest_substation,17,17,3048.2,Castle,1.0,0,0,17,0,0,0,0,0
C.Det.2|Wcav|SUB:SPN-S000000171715,C.Det.2,1,C.Det.2:19,Wcav,SUB:SPN-S000000171715,spatial_inference_nearest_substation,19,19,3577.1,Castle,1.0,0,1,17,0,0,0,1,0
C.Det.2|Wcav|SUB:SPN-S000000171746,C.Det.2,1,C.Det.2:19,Wcav,SUB:SPN-S000000171746,spatial_inference_nearest_substation,19,19,1873.0,Stoughton North,1.0,0,0,19,0,0,0,0,0
C.Det.2|Wcav|SUB:SPN-S000000171749,C.Det.2,1,C.Det.2:11,Wcav,SUB:SPN-S000000171749,spatial_inference_nearest_substation,11,11,1836.2,Stoughton North,1.0,0,0,10,0,0,0,1,0
C.Det.2|Wcav|SUB:SPN-S000000171775,C.Det.2,1,C.Det.2:16,Wcav,SUB:SPN-S000000171775,spatial_inference_nearest_substation,16,16,1839.9,Stoughton South,1.0,0,0,16,0,0,0,0,0
C.Det.2|Wcav|SUB:SPN-S000000171780,C.Det.2,1,C.Det.2:15,Wcav,SUB:SPN-S000000171780,spatial_inference_nearest_substation,15,15,1589.8,Stoughton South,1.0,0,0,15,0,0,0,0,0
C.Det.2|Wcav|SUB:SPN-S000000171781,C.Det.2,1,C.Det.2:21,Wcav,SUB:SPN-S000000171781,spatial_inference_nearest_substation,21,21,2331.2,Stoughton South,1.0,0,0,21,0,0,0,0,0
C.Det.2|Wcav|SUB:SPN-S000000171789,C.Det.2,1,C.Det.2:12,Wcav,SUB:SPN-S000000171789,spatial_inference_nearest_substation,12,12,1397.3,Westborough,1.0,0,0,12,0,0,0,0,0
C.Det.2|Wcav|SUB:SPN-S000000171790,C.Det.2,1,C.Det.2:16,Wcav,SUB:SPN-S000000171790,spatial_inference_nearest_substation,16,16,2206.6,Westborough,1.0,0,0,15,0,0,0,1,0
C.Det.2|Wcav|SUB:SPN-S000000171815,C.Det.2,1,C.Det.2:16,Wcav,SUB:SPN-S000000171815,spatial_inference_nearest_substation,16,16,3866.0,Castle,1.0,0,0,15,0,0,0,1,0
C.Det.2|Wcav|SUB:SPN-S000000171816,C.Det.2,1,C.Det.2:12,Wcav,SUB:SPN-S000000171816,spatial_inference_nearest_substation,12,12,3304.7,Castle,1.0,0,0,12,0,0,0,0,0
C.Det.2|Wcav|SUB:SPN-S000000171830,C.Det.2,1,C.Det.2:13,Wcav,SUB:SPN-S000000171830,spatial_inference_nearest_substation,13,13,1579.9,Stoughton South,1.0,0,0,13,0,0,0,0,0
C.Det.2|Wcav|SUB:SPN-S000000171832,C.Det.2,1,C.Det.2:20,Wcav,SUB:SPN-S000000171832,spatial_inference_nearest_substation,19,20,2316.7,Westborough,1.0,0,1,19,0,0,0,0,0
C.Det.2|Wcav|SUB:SPN-S000000171836,C.Det.2,1,C.Det.2:26,Wcav,SUB:SPN-S000000171836,spatial_inference_nearest_substation,26,26,5703.3,Burpham,1.0,0,0,26,0,0,0,0,0
C.Det.2|Wcav|SUB:SPN-S000000171837,C.Det.2,1,C.Det.2:12,Wcav,SUB:SPN-S000000171837,spatial_inference_nearest_substation,12,12,2739.7,Burpham,1.0,0,0,12,0,0,0,0,0
C.Det.2|Wcav|SUB:SPN-S000000171839,C.Det.2,1,C.Det.2:16,Wcav,SUB:SPN-S000000171839,spatial_inference_nearest_substation,16,16,2771.2,Burpham,1.0,0,0,16,0,0,0,0,0
C.Det.2|Wcav|SUB:SPN-S000000171850,C.Det.2,1,C.Det.2:24,Wcav,SUB:SPN-S000000171850,spatial_inference_nearest_substation,24,24,3691.2,Burpham,1.0,0,0,24,0,0,0,0,0
C.Det.2|Wcav|SUB:SPN-S000000171854,C.Det.2,1,C.Det.2:30,Wcav,SUB:SPN-S000000171854,spatial_inference_nearest_substation,30,30,4003.0,Burpham,1.0,0,0,29,1,0,0,0,0
C.Det.2|Wcav|SUB:SPN-S000000171855,C.Det.2,1,C.Det.2:16,Wcav,SUB:SPN-S000000171855,spatial_inference_nearest_substation,16,16,1763.5,Burpham,1.0,1,0,15,0,0,0,0,0
C.Det.2|Wcav|SUB:SPN-S000000171856,C.Det.2,1,C.Det.2:13,Wcav,SUB:SPN-S000000171856,spatial_inference_nearest_substation,13,13,1821.7,Burpham,1.0,1,0,12,0,0,0,0,0
C.Det.2|Wcav|SUB:SPN-S000000171858,C.Det.2,1,C.Det.2:12,Wcav,SUB:SPN-S000000171858,spatial_inference_nearest_substation,12,12,2081.0,Merrow,1.0,0,0,12,0,0,0,0,0
C.Det.2|Wcav|SUB:SPN-S000000171862,C.Det.2,1,C.Det.2:23,Wcav,SUB:SPN-S000000171862,spatial_inference_nearest_substation,23,23,4443.6,Merrow,1.0,0,0,23,0,0,0,0,0
C.Det.2|Wcav|SUB:SPN-S000000171863,C.Det.2,1,C.Det.2:22,Wcav,SUB:SPN-S000000171863,spatial_inference_nearest_substation,22,22,3541.9,Merrow,1.0,0,0,22,0,0,0,0,0
C.Det.2|Wcav|SUB:SPN-S000000171864,C.Det.2,1,C.Det.2:13,Wcav,SUB:SPN-S000000171864,spatial_inference_nearest_substation,13,13,1953.4,Merrow,1.0,0,0,13,0,0,0,0,0
C.Det.2|Wcav|SUB:SPN-S000000171866,C.Det.2,1,C.Det.2:12,Wcav,SUB:SPN-S000000171866,spatial_inference_nearest_substation,12,12,2997.7,Merrow,1.0,0,0,12,0,0,0,0,0
C.Det.2|Wcav|SUB:SPN-S000000171867,C.Det.2,1,C.Det.2:10,Wcav,SUB:SPN-S000000171867,spatial_inference_nearest_substation,10,10,2231.7,Merrow,1.0,0,0,10,0,0,0,0,0
C.Det.2|Wcav|SUB:SPN-S000000171868,C.Det.2,1,C.Det.2:19,Wcav,SUB:SPN-S000000171868,spatial_inference_nearest_substation,19,19,4837.4,Merrow,1.0,0,1,18,0,0,0,0,0
C.Det.2|Wcav|SUB:SPN-S000000171871,C.Det.2,1,C.Det.2:24,Wcav,SUB:SPN-S000000171871,spatial_inference_nearest_substation,24,24,3059.5,Merrow,1.0,0,1,22,0,0,0,1,0
C.Det.2|Wcav|SUB:SPN-S000000171872,C.Det.2,1,C.Det.2:20,Wcav,SUB:SPN-S000000171872,spatial_inference_nearest_substation,20,20,3241.8,Merrow,1.0,0,0,20,0,0,0,0,0
C.Det.2|Wcav|SUB:SPN-S000000171875,C.Det.2,1,C.Det.2:26,Wcav,SUB:SPN-S000000171875,spatial_inference_nearest_substation,26,26,3377.6,Merrow,1.0,0,0,25,0,0,1,0,0
C.Det.2|Wcav|SUB:SPN-S000000171877,C.Det.2,1,C.Det.2:18,Wcav,SUB:SPN-S000000171877,spatial_inference_nearest_substation,18,18,3930.0,Merrow,1.0,0,0,18,0,0,0,0,0
C.Det.2|Wcav|SUB:SPN-S000000171885,C.Det.2,1,C.Det.2:11,Wcav,SUB:SPN-S000000171885,spatial_inference_nearest_substation,11,11,1933.9,Burpham,1.0,0,0,10,0,0,0,1,0
C.Det.2|Wcav|SUB:SPN-S000000171886,C.Det.2,1,C.Det.2:13,Wcav,SUB:SPN-S000000171886,spatial_inference_nearest_substation,13,13,2021.0,Castle,1.0,0,0,13,0,0,0,0,0
C.Det.2|Wcav|SUB:SPN-S000000171925,C.Det.2,1,C.Det.2:16,Wcav,SUB:SPN-S000000171925,spatial_inference_nearest_substation,16,16,4256.8,Castle,1.0,0,0,15,0,0,0,1,0
C.Det.2|Wcav|SUB:SPN-S000000171927,C.Det.2,1,C.Det.2:13,Wcav,SUB:SPN-S000000171927,spatial_inference_nearest_substation,13,13,2889.2,Castle,1.0,0,0,11,0,2,0,0,0
C.Det.2|Wcav|SUB:SPN-S000000171968,C.Det.2,1,C.Det.2:11,Wcav,SUB:SPN-S000000171968,spatial_inference_nearest_substation,11,11,2765.8,Castle,1.0,0,0,9,0,0,0,2,0
C.Det.2|Wcav|SUB:SPN-S000000171971,C.Det.2,1,C.Det.2:10,Wcav,SUB:SPN-S000000171971,spatial_inference_nearest_substation,10,10,2370.7,Castle,1.0,0,0,10,0,0,0,0,0
C.Det.2|Wcav|SUB:SPN-S000000171973,C.Det.2,1,C.Det.2:13,Wcav,SUB:SPN-S000000171973,spatial_inference_nearest_substation,13,13,2348.0,Castle,1.0,0,0,13,0,0,0,0,0
C.Det.2|Wcav|SUB:SPN-S000000171975,C.Det.2,1,C.Det.2:12,Wcav,SUB:SPN-S000000171975,spatial_inference_nearest_substation,12,12,2025.2,Castle,1.0,0,0,12,0,0,0,0,0
C.Det.2|Wcav|SUB:SPN-S000000172025,C.Det.2,1,C.Det.2:19,Wcav,SUB:SPN-S000000172025,spatial_inference_nearest_substation,19,19,2533.4,Onslow,1.0,0,0,19,0,0,0,0,0
C.Det.2|Wcav|SUB:SPN-S000000173197,C.Det.2,1,C.Det.2:11,Wcav,SUB:SPN-S000000173197,spatial_inference_nearest_substation,11,11,1096.2,Stoughton North,1.0,0,0,11,0,0,0,0,0
C.Det.2|Wcav|SUB:SPN-S000000174089,C.Det.2,1,C.Det.2:14,Wcav,SUB:SPN-S000000174089,spatial_inference_nearest_substation,14,14,2020.1,Onslow,1.0,0,0,14,0,0,0,0,0
C.Det.2|Wcav|SUB:SPN-S000000174930,C.Det.2,1,C.Det.2:18,Wcav,SUB:SPN-S000000174930,spatial_inference_nearest_substation,18,18,2480.9,Stoughton South,1.0,0,0,18,0,0,0,0,0
C.Det.2|Wcav|SUB:SPN-S000000175224,C.Det.2,1,C.Det.2:21,Wcav,SUB:SPN-S000000175224,spatial_inference_nearest_substation,21,21,2318.5,Stoughton South,1.0,0,0,21,0,0,0,0,0
C.Det.3|Wnone|LSOA:E01030421,C.Det.3,1,C.Det.3:77,Wnone,LSOA:E01030421,assumed_zone_lsoa,77,77,11002.0,,0.0,1,0,74,1,0,0,1,0
C.Det.3|Wnone|LSOA:E01030422,C.Det.3,1,C.Det.3:23,Wnone,LSOA:E01030422,assumed_zone_lsoa,23,23,2706.1,,0.0,0,1,22,0,0,0,0,0
C.Det.3|Wnone|LSOA:E01030423,C.Det.3,1,C.Det.3:35,Wnone,LSOA:E01030423,assumed_zone_lsoa,35,35,4808.0,,0.0,0,1,33,0,1,0,0,0
C.Det.3|Wnone|LSOA:E01030424,C.Det.3,1,C.Det.3:21,Wnone,LSOA:E01030424,assumed_zone_lsoa,20,21,3231.7,,0.0,0,1,19,0,1,0,0,0
C.Det.3|Wnone|LSOA:E01030425,C.Det.3,1,C.Det.3:60,Wnone,LSOA:E01030425,assumed_zone_lsoa,60,60,7470.1,,0.0,0,0,59,0,1,0,0,0
C.Det.3|Wnone|LSOA:E01030426,C.Det.3,1,C.Det.3:67,Wnone,LSOA:E01030426,assumed_zone_lsoa,66,67,7478.7,,0.0,0,0,66,0,1,0,0,0
C.Det.3|Wnone|LSOA:E01030427,C.Det.3,1,C.Det.3:86,Wnone,LSOA:E01030427,assumed_zone_lsoa,86,86,9057.2,,0.0,0,0,86,0,0,0,0,0
C.Det.3|Wnone|LSOA:E01030428,C.Det.3,1,C.Det.3:19,Wnone,LSOA:E01030428,assumed_zone_lsoa,19,19,2831.5,,0.0,0,0,19,0,0,0,0,0
C.Det.3|Wnone|LSOA:E01030429,C.Det.3,1,C.Det.3:13,Wnone,LSOA:E01030429,assumed_zone_lsoa,13,13,1753.0,,0.0,0,0,13,0,0,0,0,0
C.Det.3|Wnone|LSOA:E01030430,C.Det.3,1,C.Det.3:52,Wnone,LSOA:E01030430,assumed_zone_lsoa,52,52,7834.2,,0.0,1,0,50,0,1,0,0,0
C.Det.3|Wnone|LSOA:E01030431,C.Det.3,1,C.Det.3:43,Wnone,LSOA:E01030431,assumed_zone_lsoa,43,43,5033.0,,0.0,0,1,40,0,0,2,0,0
C.Det.3|Wnone|LSOA:E01030432,C.Det.3,1,C.Det.3:12,Wnone,LSOA:E01030432,assumed_zone_lsoa,12,12,1101.0,,0.0,0,0,12,0,0,0,0,0
C.Det.3|Wnone|LSOA:E01030433,C.Det.3,1,C.Det.3:16,Wnone,LSOA:E01030433,assumed_zone_lsoa,16,16,1946.9,,0.0,0,0,16,0,0,0,0,0
C.Det.3|Wnone|LSOA:E01030440,C.Det.3,1,C.Det.3:43,Wnone,LSOA:E01030440,assumed_zone_lsoa,42,43,10794.2,,0.0,3,1,34,0,5,0,0,0
C.Det.3|Wnone|LSOA:E01030441,C.Det.3,1,C.Det.3:59,Wnone,LSOA:E01030441,assumed_zone_lsoa,59,59,12176.1,,0.0,1,0,50,0,5,0,3,0
C.Det.3|Wnone|LSOA:E01030442,C.Det.3,1,C.Det.3:79,Wnone,LSOA:E01030442,assumed_zone_lsoa,79,79,18670.3,,0.0,0,0,70,0,8,1,0,0
C.Det.3|Wnone|LSOA:E01030443,C.Det.3,1,C.Det.3:66,Wnone,LSOA:E01030443,assumed_zone_lsoa,66,66,12395.5,,0.0,0,1,63,0,2,0,0,0
C.Det.3|Wnone|LSOA:E01030444,C.Det.3,1,C.Det.3:36,Wnone,LSOA:E01030444,assumed_zone_lsoa,36,36,5034.4,,0.0,0,1,33,1,0,0,1,0
C.Det.3|Wnone|LSOA:E01030445,C.Det.3,1,C.Det.3:62,Wnone,LSOA:E01030445,assumed_zone_lsoa,62,62,14407.1,,0.0,0,2,55,0,3,0,2,0
C.Det.3|Wnone|LSOA:E01030446,C.Det.3,1,C.Det.3:80,Wnone,LSOA:E01030446,assumed_zone_lsoa,80,80,16498.2,,0.0,0,0,67,0,9,1,3,0
C.Det.3|Wnone|LSOA:E01030447,C.Det.3,1,C.Det.3:26,Wnone,LSOA:E01030447,assumed_zone_lsoa,26,26,4891.9,,0.0,0,0,26,0,0,0,0,0
C.Det.3|Wnone|LSOA:E01030458,C.Det.3,1,C.Det.3:45,Wnone,LSOA:E01030458,assumed_zone_lsoa,45,45,8085.1,,0.0,3,1,19,0,9,4,8,1
C.Det.3|Wnone|LSOA:E01030459,C.Det.3,1,C.Det.3:19,Wnone,LSOA:E01030459,assumed_zone_lsoa,19,19,2383.4,,0.0,1,0,12,0,2,4,0,0
C.Det.3|Wnone|LSOA:E01030465,C.Det.3,1,C.Det.3:43,Wnone,LSOA:E01030465,assumed_zone_lsoa,42,43,6610.3,,0.0,1,0,34,0,5,0,2,1
C.Det.3|Wnone|LSOA:E01030466,C.Det.3,1,C.Det.3:78,Wnone,LSOA:E01030466,assumed_zone_lsoa,78,78,9797.0,,0.0,1,0,65,0,2,6,4,0
C.Det.3|Wnone|LSOA:E01030471,C.Det.3,1,C.Det.3:46,Wnone,LSOA:E01030471,assumed_zone_lsoa,46,46,10719.8,,0.0,3,0,27,0,5,2,9,0
C.Det.3|Wnone|LSOA:E01030472,C.Det.3,1,C.Det.3:45,Wnone,LSOA:E01030472,assumed_zone_lsoa,44,45,7569.7,,0.0,2,3,16,0,13,4,7,0
C.Det.3|Wnone|LSOA:E01030473,C.Det.3,1,C.Det.3:48,Wnone,LSOA:E01030473,assumed_zone_lsoa,48,48,9678.8,,0.0,0,1,38,0,3,2,4,0
C.Det.3|Wnone|LSOA:E01030474,C.Det.3,1,C.Det.3:13,Wnone,LSOA:E01030474,assumed_zone_lsoa,13,13,1460.4,,0.0,1,1,11,0,0,0,0,0
C.Det.3|Wnone|LSOA:E01030475,C.Det.3,1,C.Det.3:49,Wnone,LSOA:E01030475,assumed_zone_lsoa,49,49,8096.2,,0.0,3,0,42,0,4,0,0,0
C.Det.3|Wnone|LSOA:E01030476,C.Det.3,1,C.Det.3:49,Wnone,LSOA:E01030476,assumed_zone_lsoa,49,49,6993.5,,0.0,0,0,47,0,0,1,1,0
C.Det.3|Wnone|LSOA:E01030477,C.Det.3,1,C.Det.3:57,Wnone,LSOA:E01030477,assumed_zone_lsoa,57,57,7956.9,,0.0,1,1,55,0,0,0,0,0
C.Det.3|Wnone|LSOA:E01030478,C.Det.3,1,C.Det.3:46,Wnone,LSOA:E01030478,assumed_zone_lsoa,45,46,8865.2,,0.0,2,1,31,0,3,3,6,0
C.Det.3|Wnone|LSOA:E01030479,C.Det.3,1,C.Det.3:20,Wnone,LSOA:E01030479,assumed_zone_lsoa,20,20,2995.0,,0.0,0,2,18,0,0,0,0,0
C.Det.3|Wnone|LSOA:E01030480,C.Det.3,1,C.Det.3:60,Wnone,LSOA:E01030480,assumed_zone_lsoa,59,60,11164.9,,0.0,2,0,54,0,2,0,2,0
C.Det.3|Wnone|LSOA:E01030490,C.Det.3,1,C.Det.3:47,Wnone,LSOA:E01030490,assumed_zone_lsoa,47,47,9765.4,,0.0,1,3,27,0,1,4,11,0
C.Det.3|Wnone|LSOA:E01030491,C.Det.3,1,C.Det.3:45,Wnone,LSOA:E01030491,assumed_zone_lsoa,45,45,7043.6,,0.0,0,0,33,0,7,2,3,0
C.Det.3|Wnone|LSOA:E01030492,C.Det.3,1,C.Det.3:60,Wnone,LSOA:E01030492,assumed_zone_lsoa,60,60,11717.6,,0.0,3,1,25,0,13,4,14,0
C.Det.3|Wnone|LSOA:E01030499,C.Det.3,1,C.Det.3:18,Wnone,LSOA:E01030499,assumed_zone_lsoa,18,18,3780.9,,0.0,0,1,16,0,1,0,0,0
C.Det.3|Wnone|LSOA:E01030500,C.Det.3,1,C.Det.3:32,Wnone,LSOA:E01030500,assumed_zone_lsoa,32,32,3908.7,,0.0,1,0,31,0,0,0,0,0
C.Det.3|Wnone|LSOA:E01030501,C.Det.3,1,C.Det.3:58,Wnone,LSOA:E01030501,assumed_zone_lsoa,58,58,9350.2,,0.0,1,2,50,0,0,2,3,0
C.Det.3|Wnone|LSOA:E01030502,C.Det.3,1,C.Det.3:34,Wnone,LSOA:E01030502,assumed_zone_lsoa,34,34,4791.9,,0.0,0,0,29,0,2,2,1,0
C.Det.3|Wnone|LSOA:E01030503,C.Det.3,1,C.Det.3:13,Wnone,LSOA:E01030503,assumed_zone_lsoa,13,13,2475.9,,0.0,0,0,11,0,1,0,1,0
C.Det.3|Wnone|LSOA:E01030504,C.Det.3,1,C.Det.3:28,Wnone,LSOA:E01030504,assumed_zone_lsoa,28,28,3414.1,,0.0,0,1,27,0,0,0,0,0
C.Det.3|Wnone|SUB:SPN-S000000171608,C.Det.3,1,C.Det.3:12,Wnone,SUB:SPN-S000000171608,spatial_inference_nearest_substation,12,12,1432.6,Onslow,1.0,0,0,11,1,0,0,0,0
C.Det.3|Wnone|SUB:SPN-S000000171623,C.Det.3,1,C.Det.3:12,Wnone,SUB:SPN-S000000171623,spatial_inference_nearest_substation,12,12,2016.1,St Nicolas,1.0,0,0,11,0,0,0,1,0
C.Det.3|Wnone|SUB:SPN-S000000171680,C.Det.3,1,C.Det.3:12,Wnone,SUB:SPN-S000000171680,spatial_inference_nearest_substation,12,12,3909.5,St Nicolas,1.0,0,0,12,0,0,0,0,0
C.Det.3|Wnone|SUB:SPN-S000000171681,C.Det.3,1,C.Det.3:11,Wnone,SUB:SPN-S000000171681,spatial_inference_nearest_substation,11,11,3191.1,St Nicolas,1.0,0,0,8,0,3,0,0,0
C.Det.3|Wnone|SUB:SPN-S000000171712,C.Det.3,1,C.Det.3:11,Wnone,SUB:SPN-S000000171712,spatial_inference_nearest_substation,11,11,2137.2,Merrow,1.0,1,0,10,0,0,0,0,0
C.Det.3|Wnone|SUB:SPN-S000000171715,C.Det.3,1,C.Det.3:13,Wnone,SUB:SPN-S000000171715,spatial_inference_nearest_substation,13,13,2267.5,Castle,1.0,0,0,11,0,1,0,1,0
C.Det.3|Wnone|SUB:SPN-S000000171716,C.Det.3,1,C.Det.3:10,Wnone,SUB:SPN-S000000171716,spatial_inference_nearest_substation,10,10,2223.8,Castle,1.0,0,0,10,0,0,0,0,0
C.Det.3|Wnone|SUB:SPN-S000000171745,C.Det.3,1,C.Det.3:16,Wnone,SUB:SPN-S000000171745,spatial_inference_nearest_substation,16,16,1761.2,Stoughton North,1.0,0,0,16,0,0,0,0,0
C.Det.3|Wnone|SUB:SPN-S000000171746,C.Det.3,1,C.Det.3:24,Wnone,SUB:SPN-S000000171746,spatial_inference_nearest_substation,23,24,2822.8,Stoughton North,1.0,0,2,22,0,0,0,0,0
C.Det.3|Wnone|SUB:SPN-S000000171749,C.Det.3,1,C.Det.3:17,Wnone,SUB:SPN-S000000171749,spatial_inference_nearest_substation,17,17,2892.4,Stoughton North,1.0,0,0,17,0,0,0,0,0
C.Det.3|Wnone|SUB:SPN-S000000171775,C.Det.3,1,C.Det.3:10,Wnone,SUB:SPN-S000000171775,spatial_inference_nearest_substation,10,10,1356.0,Stoughton South,1.0,0,0,10,0,0,0,0,0
C.Det.3|Wnone|SUB:SPN-S000000171837,C.Det.3,1,C.Det.3:23,Wnone,SUB:SPN-S000000171837,spatial_inference_nearest_substation,23,23,4652.1,Burpham,1.0,0,0,22,0,1,0,0,0
C.Det.3|Wnone|SUB:SPN-S000000171838,C.Det.3,1,C.Det.3:15,Wnone,SUB:SPN-S000000171838,spatial_inference_nearest_substation,13,15,2251.7,Burpham,1.0,1,0,14,0,0,0,0,0
C.Det.3|Wnone|SUB:SPN-S000000171839,C.Det.3,1,C.Det.3:54,Wnone,SUB:SPN-S000000171839,spatial_inference_nearest_substation,54,54,8084.2,Burpham,1.0,1,1,52,0,0,0,0,0
C.Det.3|Wnone|SUB:SPN-S000000171845,C.Det.3,1,C.Det.3:10,Wnone,SUB:SPN-S000000171845,spatial_inference_nearest_substation,10,10,2849.6,Burpham,1.0,0,0,9,0,1,0,0,0
C.Det.3|Wnone|SUB:SPN-S000000171850,C.Det.3,1,C.Det.3:18,Wnone,SUB:SPN-S000000171850,spatial_inference_nearest_substation,18,18,2675.4,Burpham,1.0,0,0,18,0,0,0,0,0
C.Det.3|Wnone|SUB:SPN-S000000171851,C.Det.3,1,C.Det.3:15,Wnone,SUB:SPN-S000000171851,spatial_inference_nearest_substation,15,15,2464.6,Burpham,1.0,0,0,15,0,0,0,0,0
C.Det.3|Wnone|SUB:SPN-S000000171852,C.Det.3,1,C.Det.3:26,Wnone,SUB:SPN-S000000171852,spatial_inference_nearest_substation,26,26,3710.3,Merrow,1.0,0,0,25,0,1,0,0,0
C.Det.3|Wnone|SUB:SPN-S000000171854,C.Det.3,1,C.Det.3:14,Wnone,SUB:SPN-S000000171854,spatial_inference_nearest_substation,14,14,2059.7,Burpham,1.0,1,0,13,0,0,0,0,0
C.Det.3|Wnone|SUB:SPN-S000000171855,C.Det.3,1,C.Det.3:10,Wnone,SUB:SPN-S000000171855,spatial_inference_nearest_substation,10,10,1480.1,Burpham,1.0,0,0,10,0,0,0,0,0
C.Det.3|Wnone|SUB:SPN-S000000171856,C.Det.3,1,C.Det.3:20,Wnone,SUB:SPN-S000000171856,spatial_inference_nearest_substation,20,20,3314.1,Burpham,1.0,1,0,19,0,0,0,0,0
C.Det.3|Wnone|SUB:SPN-S000000171862,C.Det.3,1,C.Det.3:10,Wnone,SUB:SPN-S000000171862,spatial_inference_nearest_substation,10,10,2348.9,Merrow,1.0,0,0,9,0,0,1,0,0
C.Det.3|Wnone|SUB:SPN-S000000171871,C.Det.3,1,C.Det.3:12,Wnone,SUB:SPN-S000000171871,spatial_inference_nearest_substation,12,12,2090.2,Merrow,1.0,0,0,11,0,0,0,1,0
C.Det.3|Wnone|SUB:SPN-S000000171872,C.Det.3,1,C.Det.3:10,Wnone,SUB:SPN-S000000171872,spatial_inference_nearest_substation,10,10,1742.1,Merrow,1.0,0,0,9,0,0,0,1,0
C.Det.3|Wnone|SUB:SPN-S000000171874,C.Det.3,1,C.Det.3:12,Wnone,SUB:SPN-S000000171874,spatial_inference_nearest_substation,12,12,2346.8,Castle,1.0,0,0,12,0,0,0,0,0
C.Det.3|Wnone|SUB:SPN-S000000171875,C.Det.3,1,C.Det.3:14,Wnone,SUB:SPN-S000000171875,spatial_inference_nearest_substation,14,14,1979.5,Merrow,1.0,0,0,14,0,0,0,0,0
C.Det.3|Wnone|SUB:SPN-S000000171926,C.Det.3,1,C.Det.3:12,Wnone,SUB:SPN-S000000171926,spatial_inference_nearest_substation,12,12,4867.0,Castle,1.0,0,0,10,0,2,0,0,0
C.Det.3|Wnone|SUB:SPN-S000000171974,C.Det.3,1,C.Det.3:16,Wnone,SUB:SPN-S000000171974,spatial_inference_nearest_substation,16,16,4303.0,Castle,1.0,0,0,16,0,0,0,0,0
C.Det.3|Wnone|SUB:SPN-S000000173931,C.Det.3,1,C.Det.3:15,Wnone,SUB:SPN-S000000173931,spatial_inference_nearest_substation,15,15,2187.6,Stoughton North,1.0,0,0,15,0,0,0,0,0
C.Det.3|Wnone|SUB:SPN-S000000174155,C.Det.3,1,C.Det.3:20,Wnone,SUB:SPN-S000000174155,spatial_inference_nearest_substation,20,20,3542.3,Merrow,1.0,0,0,19,0,1,0,0,0
C.Det.3|Wnone|SUB:SPN-S000000174234,C.Det.3,1,C.Det.3:25,Wnone,SUB:SPN-S000000174234,spatial_inference_nearest_substation,25,25,3671.6,Stoughton North,1.0,0,0,24,0,0,0,1,0
C.Det.3|Wnone|SUB:SPN-S000000174619,C.Det.3,1,C.Det.3:38,Wnone,SUB:SPN-S000000174619,spatial_inference_nearest_substation,38,38,7073.8,Merrow,1.0,1,1,34,0,1,0,1,0
C.Det.3|Wnone|SUB:SPN-S000000174640,C.Det.3,1,C.Det.3:49,Wnone,SUB:SPN-S000000174640,spatial_inference_nearest_substation,49,49,8260.7,Merrow,1.0,0,0,49,0,0,0,0,0
C.Det.3|Wnone|SUB:SPN-S000000174673,C.Det.3,1,C.Det.3:27,Wnone,SUB:SPN-S000000174673,spatial_inference_nearest_substation,27,27,3524.4,Merrow,1.0,0,0,27,0,0,0,0,0
C.Det.3|Wnone|SUB:SPN-S000000174692,C.Det.3,1,C.Det.3:30,Wnone,SUB:SPN-S000000174692,spatial_inference_nearest_substation,30,30,4565.5,Merrow,1.0,0,0,28,0,1,0,1,0
C.Det.3|Wnone|SUB:SPN-S000000174722,C.Det.3,1,C.Det.3:46,Wnone,SUB:SPN-S000000174722,spatial_inference_nearest_substation,46,46,6298.5,Merrow,1.0,0,0,44,0,2,0,0,0
C.Det.3|Wnone|SUB:SPN-S000000174777,C.Det.3,1,C.Det.3:44,Wnone,SUB:SPN-S000000174777,spatial_inference_nearest_substation,44,44,6275.6,Burpham,1.0,1,1,42,0,0,0,0,0
C.Det.3|Wnone|SUB:SPN-S000000174792,C.Det.3,1,C.Det.3:58,Wnone,SUB:SPN-S000000174792,spatial_inference_nearest_substation,58,58,7537.6,Burpham,1.0,0,1,57,0,0,0,0,0
C.Det.3|Wnone|SUB:SPN-S000000174842,C.Det.3,1,C.Det.3:21,Wnone,SUB:SPN-S000000174842,spatial_inference_nearest_substation,21,21,2484.6,Stoughton North,1.0,0,0,21,0,0,0,0,0
C.Det.3|Wnone|SUB:SPN-S000000174852,C.Det.3,1,C.Det.3:19,Wnone,SUB:SPN-S000000174852,spatial_inference_nearest_substation,19,19,3195.8,Burpham,1.0,0,0,18,0,0,1,0,0
C.Det.3|Wnone|SUB:SPN-S000000174949,C.Det.3,1,C.Det.3:51,Wnone,SUB:SPN-S000000174949,spatial_inference_nearest_substation,51,51,6234.0,Burpham,1.0,0,0,51,0,0,0,0,0
C.Det.3|Wnone|SUB:SPN-S000000175257,C.Det.3,1,C.Det.3:35,Wnone,SUB:SPN-S000000175257,spatial_inference_nearest_substation,35,35,4107.8,Stoughton North,1.0,0,0,35,0,0,0,0,0
C.Det.3|Wnone|SUB:SPN-S000000181195,C.Det.3,1,C.Det.3:51,Wnone,SUB:SPN-S000000181195,spatial_inference_nearest_substation,51,51,9114.4,Stoughton North,1.0,0,2,49,0,0,0,0,0
C.Det.4|Wnone|LSOA:E01030421,C.Det.4,1,C.Det.4:198,Wnone,LSOA:E01030421,assumed_zone_lsoa,198,198,26073.0,,0.0,0,0,197,0,1,0,0,0
C.Det.4|Wnone|LSOA:E01030422,C.Det.4,1,C.Det.4:43,Wnone,LSOA:E01030422,assumed_zone_lsoa,43,43,5524.3,,0.0,0,0,42,0,1,0,0,0
C.Det.4|Wnone|LSOA:E01030423,C.Det.4,1,C.Det.4:159,Wnone,LSOA:E01030423,assumed_zone_lsoa,159,159,21564.0,,0.0,1,0,151,0,7,0,0,0
C.Det.4|Wnone|LSOA:E01030424,C.Det.4,1,C.Det.4:13,Wnone,LSOA:E01030424,assumed_zone_lsoa,13,13,1577.7,,0.0,3,0,10,0,0,0,0,0
C.Det.4|Wnone|LSOA:E01030425,C.Det.4,1,C.Det.4:89,Wnone,LSOA:E01030425,assumed_zone_lsoa,89,89,11879.0,,0.0,0,0,88,0,1,0,0,0
C.Det.4|Wnone|LSOA:E01030426,C.Det.4,1,C.Det.4:11,Wnone,LSOA:E01030426,assumed_zone_lsoa,11,11,1614.9,,0.0,0,0,11,0,0,0,0,0
C.Det.4|Wnone|LSOA:E01030427,C.Det.4,1,C.Det.4:15,Wnone,LSOA:E01030427,assumed_zone_lsoa,15,15,1926.4,,0.0,0,0,14,0,0,0,1,0
C.Det.4|Wnone|LSOA:E01030428,C.Det.4,1,C.Det.4:15,Wnone,LSOA:E01030428,assumed_zone_lsoa,15,15,1755.3,,0.0,0,0,11,0,3,0,1,0
C.Det.4|Wnone|LSOA:E01030430,C.Det.4,1,C.Det.4:10,Wnone,LSOA:E01030430,assumed_zone_lsoa,10,10,1356.8,,0.0,0,0,10,0,0,0,0,0
C.Det.4|Wnone|LSOA:E01030431,C.Det.4,1,C.Det.4:14,Wnone,LSOA:E01030431,assumed_zone_lsoa,14,14,1791.2,,0.0,0,0,10,0,4,0,0,0
C.Det.4|Wnone|LSOA:E01030432,C.Det.4,1,C.Det.4:66,Wnone,LSOA:E01030432,assumed_zone_lsoa,66,66,6948.0,,0.0,0,0,60,0,6,0,0,0
C.Det.4|Wnone|LSOA:E01030440,C.Det.4,1,C.Det.4:44,Wnone,LSOA:E01030440,assumed_zone_lsoa,44,44,10451.0,,0.0,0,0,22,0,22,0,0,0
C.Det.4|Wnone|LSOA:E01030441,C.Det.4,1,C.Det.4:53,Wnone,LSOA:E01030441,assumed_zone_lsoa,53,53,11140.7,,0.0,0,0,40,0,11,1,1,0
C.Det.4|Wnone|LSOA:E01030442,C.Det.4,1,C.Det.4:32,Wnone,LSOA:E01030442,assumed_zone_lsoa,32,32,10526.7,,0.0,0,0,24,0,7,1,0,0
C.Det.4|Wnone|LSOA:E01030443,C.Det.4,1,C.Det.4:23,Wnone,LSOA:E01030443,assumed_zone_lsoa,23,23,4964.1,,0.0,0,0,18,0,5,0,0,0
C.Det.4|Wnone|LSOA:E01030444,C.Det.4,1,C.Det.4:90,Wnone,LSOA:E01030444,assumed_zone_lsoa,90,90,15049.5,,0.0,1,0,81,0,8,0,0,0
C.Det.4|Wnone|LSOA:E01030445,C.Det.4,1,C.Det.4:50,Wnone,LSOA:E01030445,assumed_zone_lsoa,50,50,9561.3,,0.0,0,0,40,0,9,0,1,0
C.Det.4|Wnone|LSOA:E01030446,C.Det.4,1,C.Det.4:33,Wnone,LSOA:E01030446,assumed_zone_lsoa,33,33,6343.0,,0.0,1,1,16,0,10,5,0,0
C.Det.4|Wnone|LSOA:E01030447,C.Det.4,1,C.Det.4:21,Wnone,LSOA:E01030447,assumed_zone_lsoa,21,21,3343.2,,0.0,0,0,9,0,12,0,0,0
C.Det.4|Wnone|LSOA:E01030458,C.Det.4,1,C.Det.4:26,Wnone,LSOA:E01030458,assumed_zone_lsoa,25,26,4795.7,,0.0,0,0,12,0,6,4,4,0
C.Det.4|Wnone|LSOA:E01030465,C.Det.4,1,C.Det.4:34,Wnone,LSOA:E01030465,assumed_zone_lsoa,34,34,6240.4,,0.0,0,0,22,0,12,0,0,0
C.Det.4|Wnone|LSOA:E01030466,C.Det.4,1,C.Det.4:30,Wnone,LSOA:E01030466,assumed_zone_lsoa,30,30,4244.3,,0.0,2,0,23,0,5,0,0,0
C.Det.4|Wnone|LSOA:E01030471,C.Det.4,1,C.Det.4:27,Wnone,LSOA:E01030471,assumed_zone_lsoa,27,27,7949.1,,0.0,0,0,11,0,12,2,2,0
C.Det.4|Wnone|LSOA:E01030472,C.Det.4,1,C.Det.4:28,Wnone,LSOA:E01030472,assumed_zone_lsoa,28,28,5901.8,,0.0,4,1,10,0,10,0,3,0
C.Det.4|Wnone|LSOA:E01030473,C.Det.4,1,C.Det.4:21,Wnone,LSOA:E01030473,assumed_zone_lsoa,21,21,4521.5,,0.0,1,0,14,0,6,0,0,0
C.Det.4|Wnone|LSOA:E01030475,C.Det.4,1,C.Det.4:66,Wnone,LSOA:E01030475,assumed_zone_lsoa,64,66,11149.1,,0.0,0,0,47,0,17,2,0,0
C.Det.4|Wnone|LSOA:E01030477,C.Det.4,1,C.Det.4:57,Wnone,LSOA:E01030477,assumed_zone_lsoa,57,57,7670.8,,0.0,0,0,48,0,9,0,0,0
C.Det.4|Wnone|LSOA:E01030478,C.Det.4,1,C.Det.4:23,Wnone,LSOA:E01030478,assumed_zone_lsoa,23,23,4322.4,,0.0,1,0,19,0,3,0,0,0
C.Det.4|Wnone|LSOA:E01030479,C.Det.4,1,C.Det.4:16,Wnone,LSOA:E01030479,assumed_zone_lsoa,15,16,2362.7,,0.0,0,0,12,0,4,0,0,0
C.Det.4|Wnone|LSOA:E01030480,C.Det.4,1,C.Det.4:40,Wnone,LSOA:E01030480,assumed_zone_lsoa,40,40,8598.6,,0.0,1,0,30,0,8,0,1,0
C.Det.4|Wnone|LSOA:E01030490,C.Det.4,1,C.Det.4:27,Wnone,LSOA:E01030490,assumed_zone_lsoa,27,27,5243.2,,0.0,0,0,10,0,12,1,4,0
C.Det.4|Wnone|LSOA:E01030491,C.Det.4,1,C.Det.4:25,Wnone,LSOA:E01030491,assumed_zone_lsoa,25,25,5783.2,,0.0,1,0,17,0,7,0,0,0
C.Det.4|Wnone|LSOA:E01030492,C.Det.4,1,C.Det.4:48,Wnone,LSOA:E01030492,assumed_zone_lsoa,48,48,10154.9,,0.0,1,0,13,0,31,2,1,0
C.Det.4|Wnone|LSOA:E01030499,C.Det.4,1,C.Det.4:16,Wnone,LSOA:E01030499,assumed_zone_lsoa,16,16,2951.1,,0.0,0,1,13,0,2,0,0,0
C.Det.4|Wnone|LSOA:E01030501,C.Det.4,1,C.Det.4:46,Wnone,LSOA:E01030501,assumed_zone_lsoa,46,46,6463.0,,0.0,0,0,44,0,1,0,1,0
C.Det.4|Wnone|LSOA:E01030502,C.Det.4,1,C.Det.4:19,Wnone,LSOA:E01030502,assumed_zone_lsoa,18,19,2476.1,,0.0,1,0,16,0,1,1,0,0
C.Det.4|Wnone|LSOA:E01030504,C.Det.4,1,C.Det.4:13,Wnone,LSOA:E01030504,assumed_zone_lsoa,13,13,1708.7,,0.0,0,0,9,0,0,4,0,0
C.Det.4|Wnone|SUB:SPN-S000000171851,C.Det.4,1,C.Det.4:10,Wnone,SUB:SPN-S000000171851,spatial_inference_nearest_substation,10,10,1706.8,Burpham,1.0,0,0,10,0,0,0,0,0
C.Det.4|Wnone|SUB:SPN-S000000171862,C.Det.4,1,C.Det.4:14,Wnone,SUB:SPN-S000000171862,spatial_inference_nearest_substation,14,14,2990.1,Merrow,0.8571428571428571,1,0,12,0,1,0,0,0
C.Det.4|Wnone|SUB:SPN-S000000171974,C.Det.4,1,C.Det.4:15,Wnone,SUB:SPN-S000000171974,spatial_inference_nearest_substation,15,15,5683.2,Castle,1.0,0,0,11,0,4,0,0,0
C.Det.4|Wnone|SUB:SPN-S000000174201,C.Det.4,1,C.Det.4:10,Wnone,SUB:SPN-S000000174201,spatial_inference_nearest_substation,9,10,3172.8,Castle,0.6,0,0,9,0,1,0,0,0
C.Det.5|Wcav|LSOA:E01030466,C.Det.5,1,C.Det.5:10,Wcav,LSOA:E01030466,assumed_zone_lsoa,10,10,539.7,,0.0,0,0,1,0,0,9,0,0
C.Det.5|Wsol|LSOA:E01030428,C.Det.5,1,C.Det.5:13,Wsol,LSOA:E01030428,assumed_zone_lsoa,13,13,2227.6,,0.0,0,1,11,0,0,0,1,0
C.Det.5|Wsol|LSOA:E01030430,C.Det.5,1,C.Det.5:11,Wsol,LSOA:E01030430,assumed_zone_lsoa,11,11,1366.2,,0.0,0,0,11,0,0,0,0,0
C.Det.5|Wsol|LSOA:E01030431,C.Det.5,1,C.Det.5:17,Wsol,LSOA:E01030431,assumed_zone_lsoa,17,17,2015.2,,0.0,0,0,17,0,0,0,0,0
C.Det.5|Wsol|LSOA:E01030440,C.Det.5,1,C.Det.5:42,Wsol,LSOA:E01030440,assumed_zone_lsoa,42,42,9278.8,,0.0,1,0,32,0,2,1,6,0
C.Det.5|Wsol|LSOA:E01030441,C.Det.5,1,C.Det.5:21,Wsol,LSOA:E01030441,assumed_zone_lsoa,21,21,3342.4,,0.0,0,0,17,0,0,0,4,0
C.Det.5|Wsol|LSOA:E01030442,C.Det.5,1,C.Det.5:24,Wsol,LSOA:E01030442,assumed_zone_lsoa,24,24,5669.7,,0.0,0,0,22,0,1,0,1,0
C.Det.5|Wsol|LSOA:E01030443,C.Det.5,1,C.Det.5:24,Wsol,LSOA:E01030443,assumed_zone_lsoa,24,24,4903.6,,0.0,0,0,23,0,1,0,0,0
C.Det.5|Wsol|LSOA:E01030444,C.Det.5,1,C.Det.5:19,Wsol,LSOA:E01030444,assumed_zone_lsoa,19,19,3058.3,,0.0,0,1,15,0,0,0,3,0
C.Det.5|Wsol|LSOA:E01030445,C.Det.5,1,C.Det.5:26,Wsol,LSOA:E01030445,assumed_zone_lsoa,26,26,5609.6,,0.0,0,0,24,0,1,0,1,0
C.Det.5|Wsol|LSOA:E01030446,C.Det.5,1,C.Det.5:30,Wsol,LSOA:E01030446,assumed_zone_lsoa,30,30,6637.1,,0.0,0,0,24,1,0,1,4,0
C.Det.5|Wsol|LSOA:E01030447,C.Det.5,1,C.Det.5:18,Wsol,LSOA:E01030447,assumed_zone_lsoa,18,18,2946.7,,0.0,0,0,18,0,0,0,0,0
C.Det.5|Wsol|LSOA:E01030458,C.Det.5,1,C.Det.5:45,Wsol,LSOA:E01030458,assumed_zone_lsoa,45,45,8287.9,,0.0,0,0,19,0,3,5,17,1
C.Det.5|Wsol|LSOA:E01030459,C.Det.5,1,C.Det.5:17,Wsol,LSOA:E01030459,assumed_zone_lsoa,17,17,2654.8,,0.0,0,0,12,0,0,1,3,1
C.Det.5|Wsol|LSOA:E01030465,C.Det.5,1,C.Det.5:23,Wsol,LSOA:E01030465,assumed_zone_lsoa,23,23,4666.8,,0.0,0,0,20,0,1,0,2,0
C.Det.5|Wsol|LSOA:E01030466,C.Det.5,1,C.Det.5:10,Wsol,LSOA:E01030466,assumed_zone_lsoa,10,10,2059.7,,0.0,0,0,6,0,1,2,1,0
C.Det.5|Wsol|LSOA:E01030471,C.Det.5,1,C.Det.5:33,Wsol,LSOA:E01030471,assumed_zone_lsoa,33,33,6084.3,,0.0,0,1,25,0,3,1,2,1
C.Det.5|Wsol|LSOA:E01030472,C.Det.5,1,C.Det.5:48,Wsol,LSOA:E01030472,assumed_zone_lsoa,46,48,9991.3,,0.0,0,0,16,0,4,1,26,1
C.Det.5|Wsol|LSOA:E01030473,C.Det.5,1,C.Det.5:43,Wsol,LSOA:E01030473,assumed_zone_lsoa,43,43,9279.9,,0.0,0,0,31,0,2,1,9,0
C.Det.5|Wsol|LSOA:E01030475,C.Det.5,1,C.Det.5:21,Wsol,LSOA:E01030475,assumed_zone_lsoa,21,21,3447.4,,0.0,0,1,13,0,0,0,7,0
C.Det.5|Wsol|LSOA:E01030476,C.Det.5,1,C.Det.5:15,Wsol,LSOA:E01030476,assumed_zone_lsoa,15,15,2419.7,,0.0,0,0,15,0,0,0,0,0
C.Det.5|Wsol|LSOA:E01030477,C.Det.5,1,C.Det.5:12,Wsol,LSOA:E01030477,assumed_zone_lsoa,12,12,2667.9,,0.0,0,0,10,0,2,0,0,0
C.Det.5|Wsol|LSOA:E01030478,C.Det.5,1,C.Det.5:52,Wsol,LSOA:E01030478,assumed_zone_lsoa,52,52,11269.6,,0.0,0,1,38,0,1,4,8,0
C.Det.5|Wsol|LSOA:E01030480,C.Det.5,1,C.Det.5:28,Wsol,LSOA:E01030480,assumed_zone_lsoa,28,28,5315.8,,0.0,0,2,24,0,0,0,2,0
C.Det.5|Wsol|LSOA:E01030490,C.Det.5,1,C.Det.5:56,Wsol,LSOA:E01030490,assumed_zone_lsoa,54,56,12459.0,,0.0,2,2,25,1,1,2,23,0
C.Det.5|Wsol|LSOA:E01030491,C.Det.5,1,C.Det.5:41,Wsol,LSOA:E01030491,assumed_zone_lsoa,40,41,6998.9,,0.0,0,0,32,0,1,2,6,0
C.Det.5|Wsol|LSOA:E01030492,C.Det.5,1,C.Det.5:67,Wsol,LSOA:E01030492,assumed_zone_lsoa,67,67,13520.9,,0.0,1,2,25,1,4,5,29,0
C.Det.5|Wsol|LSOA:E01030499,C.Det.5,1,C.Det.5:10,Wsol,LSOA:E01030499,assumed_zone_lsoa,10,10,1565.9,,0.0,0,0,10,0,0,0,0,0
C.Det.5|Wsol|LSOA:E01030501,C.Det.5,1,C.Det.5:11,Wsol,LSOA:E01030501,assumed_zone_lsoa,11,11,2119.7,,0.0,0,0,8,0,0,1,2,0
C.Det.5|Wsol|SUB:SPN-S000000171623,C.Det.5,1,C.Det.5:11,Wsol,SUB:SPN-S000000171623,spatial_inference_nearest_substation,11,11,2032.9,St Nicolas,1.0,0,0,11,0,0,0,0,0
C.Det.5|Wsol|SUB:SPN-S000000171674,C.Det.5,1,C.Det.5:16,Wsol,SUB:SPN-S000000171674,spatial_inference_nearest_substation,16,16,2215.1,St Nicolas,1.0,0,0,15,0,0,0,1,0
C.Det.5|Wsol|SUB:SPN-S000000171744,C.Det.5,1,C.Det.5:10,Wsol,SUB:SPN-S000000171744,spatial_inference_nearest_substation,10,10,1001.0,Stoughton South,1.0,0,0,10,0,0,0,0,0
C.Det.5|Wsol|SUB:SPN-S000000174043,C.Det.5,1,C.Det.5:15,Wsol,SUB:SPN-S000000174043,spatial_inference_nearest_substation,15,15,2464.1,St Nicolas,1.0,0,0,15,0,0,0,0,0
C.Det.6|Wcav|LSOA:E01030425,C.Det.6,1,C.Det.6:15,Wcav,LSOA:E01030425,assumed_zone_lsoa,15,15,2034.0,,0.0,0,0,15,0,0,0,0,0
C.Det.6|Wnone|LSOA:E01030421,C.Det.6,1,C.Det.6:34,Wnone,LSOA:E01030421,assumed_zone_lsoa,34,34,4314.0,,0.0,1,0,32,0,1,0,0,0
C.Det.6|Wnone|LSOA:E01030425,C.Det.6,1,C.Det.6:12,Wnone,LSOA:E01030425,assumed_zone_lsoa,12,12,1482.8,,0.0,0,0,12,0,0,0,0,0
C.Det.6|Wnone|LSOA:E01030427,C.Det.6,1,C.Det.6:15,Wnone,LSOA:E01030427,assumed_zone_lsoa,15,15,1869.4,,0.0,0,0,15,0,0,0,0,0
C.Det.6|Wnone|LSOA:E01030428,C.Det.6,1,C.Det.6:13,Wnone,LSOA:E01030428,assumed_zone_lsoa,13,13,2056.3,,0.0,0,0,12,0,0,1,0,0
C.Det.6|Wnone|LSOA:E01030430,C.Det.6,1,C.Det.6:17,Wnone,LSOA:E01030430,assumed_zone_lsoa,17,17,2826.3,,0.0,0,0,17,0,0,0,0,0
C.Det.6|Wnone|LSOA:E01030431,C.Det.6,1,C.Det.6:28,Wnone,LSOA:E01030431,assumed_zone_lsoa,28,28,3323.8,,0.0,2,0,25,0,0,0,1,0
C.Det.6|Wnone|LSOA:E01030440,C.Det.6,1,C.Det.6:22,Wnone,LSOA:E01030440,assumed_zone_lsoa,22,22,4794.7,,0.0,0,1,17,0,3,1,0,0
C.Det.6|Wnone|LSOA:E01030441,C.Det.6,1,C.Det.6:17,Wnone,LSOA:E01030441,assumed_zone_lsoa,17,17,3548.1,,0.0,0,0,11,0,2,0,4,0
C.Det.6|Wnone|LSOA:E01030442,C.Det.6,1,C.Det.6:32,Wnone,LSOA:E01030442,assumed_zone_lsoa,32,32,7259.9,,0.0,0,0,29,0,2,0,1,0
C.Det.6|Wnone|LSOA:E01030443,C.Det.6,1,C.Det.6:35,Wnone,LSOA:E01030443,assumed_zone_lsoa,35,35,6414.9,,0.0,1,0,31,0,1,2,0,0
C.Det.6|Wnone|LSOA:E01030444,C.Det.6,1,C.Det.6:16,Wnone,LSOA:E01030444,assumed_zone_lsoa,16,16,2445.9,,0.0,0,1,15,0,0,0,0,0
C.Det.6|Wnone|LSOA:E01030445,C.Det.6,1,C.Det.6:16,Wnone,LSOA:E01030445,assumed_zone_lsoa,16,16,3770.5,,0.0,1,0,14,0,0,0,1,0
C.Det.6|Wnone|LSOA:E01030446,C.Det.6,1,C.Det.6:31,Wnone,LSOA:E01030446,assumed_zone_lsoa,31,31,6099.7,,0.0,0,0,22,0,4,2,2,1
C.Det.6|Wnone|LSOA:E01030447,C.Det.6,1,C.Det.6:13,Wnone,LSOA:E01030447,assumed_zone_lsoa,13,13,1842.4,,0.0,0,0,13,0,0,0,0,0
C.Det.6|Wnone|LSOA:E01030458,C.Det.6,1,C.Det.6:17,Wnone,LSOA:E01030458,assumed_zone_lsoa,17,17,3372.1,,0.0,1,0,6,0,3,3,4,0
C.Det.6|Wnone|LSOA:E01030465,C.Det.6,1,C.Det.6:21,Wnone,LSOA:E01030465,assumed_zone_lsoa,21,21,2579.7,,0.0,0,0,19,0,1,0,1,0
C.Det.6|Wnone|LSOA:E01030466,C.Det.6,1,C.Det.6:35,Wnone,LSOA:E01030466,assumed_zone_lsoa,35,35,4381.6,,0.0,0,0,27,0,2,1,4,1
C.Det.6|Wnone|LSOA:E01030471,C.Det.6,1,C.Det.6:24,Wnone,LSOA:E01030471,assumed_zone_lsoa,24,24,4489.4,,0.0,0,0,17,0,3,0,4,0
C.Det.6|Wnone|LSOA:E01030472,C.Det.6,1,C.Det.6:17,Wnone,LSOA:E01030472,assumed_zone_lsoa,17,17,4273.0,,0.0,0,1,11,0,0,2,2,1
C.Det.6|Wnone|LSOA:E01030473,C.Det.6,1,C.Det.6:24,Wnone,LSOA:E01030473,assumed_zone_lsoa,24,24,4299.4,,0.0,0,0,22,0,0,2,0,0
C.Det.6|Wnone|LSOA:E01030475,C.Det.6,1,C.Det.6:21,Wnone,LSOA:E01030475,assumed_zone_lsoa,21,21,2993.7,,0.0,1,1,16,0,1,1,1,0
C.Det.6|Wnone|LSOA:E01030476,C.Det.6,1,C.Det.6:17,Wnone,LSOA:E01030476,assumed_zone_lsoa,17,17,2520.6,,0.0,0,0,15,0,0,0,2,0
C.Det.6|Wnone|LSOA:E01030477,C.Det.6,1,C.Det.6:24,Wnone,LSOA:E01030477,assumed_zone_lsoa,24,24,3435.7,,0.0,0,0,23,0,1,0,0,0
C.Det.6|Wnone|LSOA:E01030478,C.Det.6,1,C.Det.6:20,Wnone,LSOA:E01030478,assumed_zone_lsoa,20,20,3582.3,,0.0,0,1,16,0,0,2,1,0
C.Det.6|Wnone|LSOA:E01030480,C.Det.6,1,C.Det.6:28,Wnone,LSOA:E01030480,assumed_zone_lsoa,28,28,5123.8,,0.0,2,0,23,0,0,1,1,1
C.Det.6|Wnone|LSOA:E01030490,C.Det.6,1,C.Det.6:27,Wnone,LSOA:E01030490,assumed_zone_lsoa,26,27,4565.7,,0.0,0,1,10,0,3,5,8,0
C.Det.6|Wnone|LSOA:E01030491,C.Det.6,1,C.Det.6:24,Wnone,LSOA:E01030491,assumed_zone_lsoa,24,24,4174.1,,0.0,0,0,20,0,1,1,2,0
C.Det.6|Wnone|LSOA:E01030492,C.Det.6,1,C.Det.6:44,Wnone,LSOA:E01030492,assumed_zone_lsoa,44,44,7737.7,,0.0,1,2,24,1,2,1,11,2
C.Det.6|Wnone|LSOA:E01030499,C.Det.6,1,C.Det.6:23,Wnone,LSOA:E01030499,assumed_zone_lsoa,23,23,3341.5,,0.0,0,2,20,0,1,0,0,0
C.Det.6|Wnone|LSOA:E01030501,C.Det.6,1,C.Det.6:15,Wnone,LSOA:E01030501,assumed_zone_lsoa,15,15,1935.0,,0.0,1,0,10,0,1,1,1,1
C.Det.6|Wnone|LSOA:E01030502,C.Det.6,1,C.Det.6:17,Wnone,LSOA:E01030502,assumed_zone_lsoa,17,17,1935.3,,0.0,0,0,15,0,1,1,0,0
C.Det.6|Wnone|LSOA:E01030504,C.Det.6,1,C.Det.6:12,Wnone,LSOA:E01030504,assumed_zone_lsoa,12,12,1287.9,,0.0,0,0,12,0,0,0,0,0
C.Det.6|Wnone|SUB:SPN-S000000171865,C.Det.6,1,C.Det.6:10,Wnone,SUB:SPN-S000000171865,spatial_inference_nearest_substation,10,10,1479.1,Merrow,1.0,0,0,10,0,0,0,0,0
C.Det.7|Wcav|LSOA:E01030421,C.Det.7,1,C.Det.7:15,Wcav,LSOA:E01030421,assumed_zone_lsoa,15,15,2307.0,,0.0,0,0,14,0,0,0,1,0
C.Det.7|Wcav|LSOA:E01030424,C.Det.7,1,C.Det.7:12,Wcav,LSOA:E01030424,assumed_zone_lsoa,12,12,1496.6,,0.0,0,1,11,0,0,0,0,0
C.Det.7|Wcav|LSOA:E01030428,C.Det.7,1,C.Det.7:13,Wcav,LSOA:E01030428,assumed_zone_lsoa,13,13,1499.1,,0.0,0,0,13,0,0,0,0,0
C.Det.7|Wcav|LSOA:E01030431,C.Det.7,1,C.Det.7:14,Wcav,LSOA:E01030431,assumed_zone_lsoa,14,14,1989.8,,0.0,1,0,12,0,0,0,1,0
C.Det.7|Wcav|LSOA:E01030440,C.Det.7,1,C.Det.7:21,Wcav,LSOA:E01030440,assumed_zone_lsoa,21,21,4218.3,,0.0,0,0,19,0,0,0,2,0
C.Det.7|Wcav|LSOA:E01030441,C.Det.7,1,C.Det.7:14,Wcav,LSOA:E01030441,assumed_zone_lsoa,14,14,3192.4,,0.0,0,0,14,0,0,0,0,0
C.Det.7|Wcav|LSOA:E01030442,C.Det.7,1,C.Det.7:31,Wcav,LSOA:E01030442,assumed_zone_lsoa,31,31,6686.8,,0.0,0,0,30,0,1,0,0,0
C.Det.7|Wcav|LSOA:E01030443,C.Det.7,1,C.Det.7:28,Wcav,LSOA:E01030443,assumed_zone_lsoa,28,28,5312.5,,0.0,0,0,28,0,0,0,0,0
C.Det.7|Wcav|LSOA:E01030444,C.Det.7,1,C.Det.7:20,Wcav,LSOA:E01030444,assumed_zone_lsoa,20,20,3445.4,,0.0,0,0,19,0,0,1,0,0
C.Det.7|Wcav|LSOA:E01030446,C.Det.7,1,C.Det.7:17,Wcav,LSOA:E01030446,assumed_zone_lsoa,17,17,2910.4,,0.0,0,0,15,0,1,0,1,0
C.Det.7|Wcav|LSOA:E01030447,C.Det.7,1,C.Det.7:13,Wcav,LSOA:E01030447,assumed_zone_lsoa,13,13,1854.7,,0.0,0,1,12,0,0,0,0,0
C.Det.7|Wcav|LSOA:E01030458,C.Det.7,1,C.Det.7:16,Wcav,LSOA:E01030458,assumed_zone_lsoa,16,16,2274.7,,0.0,1,1,11,0,0,0,2,1
C.Det.7|Wcav|LSOA:E01030465,C.Det.7,1,C.Det.7:12,Wcav,LSOA:E01030465,assumed_zone_lsoa,12,12,1422.2,,0.0,0,0,10,0,1,0,1,0
C.Det.7|Wcav|LSOA:E01030466,C.Det.7,1,C.Det.7:12,Wcav,LSOA:E01030466,assumed_zone_lsoa,12,12,1646.5,,0.0,0,0,12,0,0,0,0,0
C.Det.7|Wcav|LSOA:E01030471,C.Det.7,1,C.Det.7:16,Wcav,LSOA:E01030471,assumed_zone_lsoa,16,16,2331.1,,0.0,0,0,15,0,0,0,1,0
C.Det.7|Wcav|LSOA:E01030473,C.Det.7,1,C.Det.7:14,Wcav,LSOA:E01030473,assumed_zone_lsoa,14,14,2648.2,,0.0,0,0,10,0,0,0,4,0
C.Det.7|Wcav|LSOA:E01030475,C.Det.7,1,C.Det.7:16,Wcav,LSOA:E01030475,assumed_zone_lsoa,16,16,2101.8,,0.0,0,0,16,0,0,0,0,0
C.Det.7|Wcav|LSOA:E01030476,C.Det.7,1,C.Det.7:19,Wcav,LSOA:E01030476,assumed_zone_lsoa,19,19,2053.5,,0.0,0,0,19,0,0,0,0,0
C.Det.7|Wcav|LSOA:E01030478,C.Det.7,1,C.Det.7:13,Wcav,LSOA:E01030478,assumed_zone_lsoa,13,13,2384.4,,0.0,0,0,11,0,0,0,2,0
C.Det.7|Wcav|LSOA:E01030480,C.Det.7,1,C.Det.7:19,Wcav,LSOA:E01030480,assumed_zone_lsoa,19,19,3525.5,,0.0,0,0,17,0,1,0,1,0
C.Det.7|Wcav|LSOA:E01030490,C.Det.7,1,C.Det.7:18,Wcav,LSOA:E01030490,assumed_zone_lsoa,18,18,3118.0,,0.0,0,0,12,0,0,1,5,0
C.Det.7|Wcav|LSOA:E01030491,C.Det.7,1,C.Det.7:14,Wcav,LSOA:E01030491,assumed_zone_lsoa,14,14,2773.9,,0.0,0,0,11,0,0,0,3,0
C.Det.7|Wcav|LSOA:E01030492,C.Det.7,1,C.Det.7:31,Wcav,LSOA:E01030492,assumed_zone_lsoa,31,31,6403.1,,0.0,1,0,17,0,0,1,11,1
C.Det.7|Wcav|LSOA:E01030502,C.Det.7,1,C.Det.7:11,Wcav,LSOA:E01030502,assumed_zone_lsoa,11,11,1522.6,,0.0,0,0,11,0,0,0,0,0
C.Det.7|Wcav|LSOA:E01030504,C.Det.7,1,C.Det.7:11,Wcav,LSOA:E01030504,assumed_zone_lsoa,11,11,1178.9,,0.0,0,0,11,0,0,0,0,0
C.Det.7|Wcav|SUB:SPN-S000000171711,C.Det.7,1,C.Det.7:10,Wcav,SUB:SPN-S000000171711,spatial_inference_nearest_substation,10,10,2081.9,Merrow,1.0,0,0,10,0,0,0,0,0
C.Det.8|Wcav|LSOA:E01030440,C.Det.8,1,C.Det.8:10,Wcav,LSOA:E01030440,assumed_zone_lsoa,10,10,1832.6,,0.0,0,0,9,0,0,0,1,0
C.Det.8|Wcav|LSOA:E01030442,C.Det.8,1,C.Det.8:17,Wcav,LSOA:E01030442,assumed_zone_lsoa,17,17,3110.3,,0.0,0,0,17,0,0,0,0,0
C.Det.8|Wcav|LSOA:E01030471,C.Det.8,1,C.Det.8:11,Wcav,LSOA:E01030471,assumed_zone_lsoa,11,11,1704.8,,0.0,1,0,8,0,0,1,1,0
C.Det.8|Wcav|LSOA:E01030480,C.Det.8,1,C.Det.8:13,Wcav,LSOA:E01030480,assumed_zone_lsoa,13,13,1851.3,,0.0,0,1,11,0,0,0,1,0
C.Det.8|Wcav|LSOA:E01030492,C.Det.8,1,C.Det.8:21,Wcav,LSOA:E01030492,assumed_zone_lsoa,21,21,4104.6,,0.0,1,0,11,0,0,3,6,0
C.Det.8|Wnone|LSOA:E01030466,C.Det.8,1,C.Det.8:11,Wnone,LSOA:E01030466,assumed_zone_lsoa,11,11,1144.2,,0.0,0,0,8,0,1,1,1,0
C.Det.8|Wsol|LSOA:E01030441,C.Det.8,1,C.Det.8:12,Wsol,LSOA:E01030441,assumed_zone_lsoa,12,12,1493.3,,0.0,0,0,12,0,0,0,0,0
C.Det.8|Wsol|LSOA:E01030442,C.Det.8,1,C.Det.8:10,Wsol,LSOA:E01030442,assumed_zone_lsoa,10,10,2503.8,,0.0,0,0,9,0,1,0,0,0
C.Det.8|Wsol|LSOA:E01030471,C.Det.8,1,C.Det.8:13,Wsol,LSOA:E01030471,assumed_zone_lsoa,13,13,2672.1,,0.0,0,1,9,0,0,0,2,1
C.Det.8|Wsol|LSOA:E01030472,C.Det.8,1,C.Det.8:16,Wsol,LSOA:E01030472,assumed_zone_lsoa,16,16,2282.8,,0.0,1,1,6,0,0,2,6,0
C.Det.8|Wsol|LSOA:E01030478,C.Det.8,1,C.Det.8:13,Wsol,LSOA:E01030478,assumed_zone_lsoa,13,13,2632.9,,0.0,0,0,10,0,0,2,1,0
C.Det.8|Wsol|LSOA:E01030490,C.Det.8,1,C.Det.8:15,Wsol,LSOA:E01030490,assumed_zone_lsoa,15,15,3185.7,,0.0,1,2,6,0,0,0,6,0
C.Det.8|Wsol|LSOA:E01030491,C.Det.8,1,C.Det.8:16,Wsol,LSOA:E01030491,assumed_zone_lsoa,16,16,2254.9,,0.0,0,1,13,0,0,1,1,0
C.Det.9|Wsol|LSOA:E01030441,C.Det.9,1,C.Det.9:15,Wsol,LSOA:E01030441,assumed_zone_lsoa,15,15,2383.0,,0.0,0,0,11,0,0,0,4,0
C.Det.9|Wsol|LSOA:E01030446,C.Det.9,1,C.Det.9:14,Wsol,LSOA:E01030446,assumed_zone_lsoa,14,14,2708.1,,0.0,0,0,12,0,0,0,2,0
C.Det.9|Wsol|LSOA:E01030458,C.Det.9,1,C.Det.9:11,Wsol,LSOA:E01030458,assumed_zone_lsoa,11,11,1920.1,,0.0,3,0,6,0,0,1,1,0
C.Det.9|Wsol|LSOA:E01030471,C.Det.9,1,C.Det.9:11,Wsol,LSOA:E01030471,assumed_zone_lsoa,11,11,2701.6,,0.0,0,2,7,0,1,0,1,0
C.Det.9|Wsol|LSOA:E01030478,C.Det.9,1,C.Det.9:16,Wsol,LSOA:E01030478,assumed_zone_lsoa,16,16,3761.4,,0.0,1,0,9,0,0,0,5,1
C.Det.9|Wsol|LSOA:E01030490,C.Det.9,1,C.Det.9:12,Wsol,LSOA:E01030490,assumed_zone_lsoa,12,12,1396.1,,0.0,0,0,9,0,0,0,3,0
C.Det.9|Wsol|LSOA:E01030491,C.Det.9,1,C.Det.9:18,Wsol,LSOA:E01030491,assumed_zone_lsoa,18,18,3314.1,,0.0,0,0,15,0,0,0,3,0
C.Det.9|Wsol|LSOA:E01030492,C.Det.9,1,C.Det.9:15,Wsol,LSOA:E01030492,assumed_zone_lsoa,15,15,3137.3,,0.0,0,1,5,0,1,2,6,0
C.Flat.1|Wcav|LSOA:E01030422,C.Flat.1,1,C.Flat.1:10,Wcav,LSOA:E01030422,assumed_zone_lsoa,9,10,564.0,,0.0,0,0,9,1,0,0,0,0
C.Flat.1|Wcav|SUB:SPN-S000000171675,C.Flat.1,1,C.Flat.1:15,Wcav,SUB:SPN-S000000171675,spatial_inference_nearest_substation,6,15,1353.0,St Nicolas,1.0,0,0,15,0,0,0,0,0
C.Flat.1|Wcav|SUB:SPN-S000000171717,C.Flat.1,1,C.Flat.1:14,Wcav,SUB:SPN-S000000171717,spatial_inference_nearest_substation,7,14,787.0,Stoke,1.0,1,3,10,0,0,0,0,0
C.Flat.1|Wcav|SUB:SPN-S000000171812,C.Flat.1,1,C.Flat.1:14,Wcav,SUB:SPN-S000000171812,spatial_inference_nearest_substation,7,14,700.0,Castle,1.0,0,3,11,0,0,0,0,0
C.Flat.1|Wcav|SUB:SPN-S000000171929,C.Flat.1,1,C.Flat.1:12,Wcav,SUB:SPN-S000000171929,spatial_inference_nearest_substation,6,12,558.0,Castle,1.0,2,0,2,8,0,0,0,0
C.Flat.1|Wcav|SUB:SPN-S000000174301,C.Flat.1,1,C.Flat.1:10,Wcav,SUB:SPN-S000000174301,spatial_inference_nearest_substation,4,10,591.0,Stoke,1.0,1,9,0,0,0,0,0,0
C.Flat.1|Wcav|SUB:SPN-S000000174543,C.Flat.1,1,C.Flat.1:10,Wcav,SUB:SPN-S000000174543,spatial_inference_nearest_substation,1,10,252.0,Stoke,1.0,0,0,0,10,0,0,0,0
C.Flat.1|Wcav|SUB:SPN-S000000174640,C.Flat.1,1,C.Flat.1:11,Wcav,SUB:SPN-S000000174640,spatial_inference_nearest_substation,2,11,571.0,Merrow,1.0,0,0,11,0,0,0,0,0
C.Flat.1|Wnone|LSOA:E01030421,C.Flat.1,1,C.Flat.1:20,Wnone,LSOA:E01030421,assumed_zone_lsoa,7,20,1010.0,,0.0,4,0,16,0,0,0,0,0
C.Flat.1|Wnone|LSOA:E01030422,C.Flat.1,1,C.Flat.1:54,Wnone,LSOA:E01030422,assumed_zone_lsoa,44,54,3461.6,,0.0,3,15,27,2,7,0,0,0
C.Flat.1|Wnone|LSOA:E01030423,C.Flat.1,1,C.Flat.1:18,Wnone,LSOA:E01030423,assumed_zone_lsoa,11,18,872.0,,0.0,0,0,18,0,0,0,0,0
C.Flat.1|Wnone|LSOA:E01030424,C.Flat.1,1,C.Flat.1:97,Wnone,LSOA:E01030424,assumed_zone_lsoa,44,97,5404.7,,0.0,0,4,66,27,0,0,0,0
C.Flat.1|Wnone|LSOA:E01030425,C.Flat.1,1,C.Flat.1:11,Wnone,LSOA:E01030425,assumed_zone_lsoa,4,11,452.0,,0.0,1,0,10,0,0,0,0,0
C.Flat.1|Wnone|LSOA:E01030426,C.Flat.1,1,C.Flat.1:24,Wnone,LSOA:E01030426,assumed_zone_lsoa,21,24,1178.4,,0.0,3,0,21,0,0,0,0,0
C.Flat.1|Wnone|LSOA:E01030428,C.Flat.1,1,C.Flat.1:12,Wnone,LSOA:E01030428,assumed_zone_lsoa,7,12,1128.2,,0.0,4,4,4,0,0,0,0,0
C.Flat.1|Wnone|LSOA:E01030430,C.Flat.1,1,C.Flat.1:10,Wnone,LSOA:E01030430,assumed_zone_lsoa,8,10,797.5,,0.0,3,0,6,1,0,0,0,0
C.Flat.1|Wnone|LSOA:E01030432,C.Flat.1,1,C.Flat.1:32,Wnone,LSOA:E01030432,assumed_zone_lsoa,18,32,1442.0,,0.0,2,7,23,0,0,0,0,0
C.Flat.1|Wnone|LSOA:E01030433,C.Flat.1,1,C.Flat.1:58,Wnone,LSOA:E01030433,assumed_zone_lsoa,49,58,2675.5,,0.0,2,3,52,0,1,0,0,0
C.Flat.1|Wnone|LSOA:E01030445,C.Flat.1,1,C.Flat.1:31,Wnone,LSOA:E01030445,assumed_zone_lsoa,20,31,2049.0,,0.0,1,4,21,5,0,0,0,0
C.Flat.1|Wnone|LSOA:E01030459,C.Flat.1,1,C.Flat.1:14,Wnone,LSOA:E01030459,assumed_zone_lsoa,14,14,810.0,,0.0,0,1,13,0,0,0,0,0
C.Flat.1|Wnone|LSOA:E01030473,C.Flat.1,1,C.Flat.1:13,Wnone,LSOA:E01030473,assumed_zone_lsoa,9,13,759.2,,0.0,4,2,7,0,0,0,0,0
C.Flat.1|Wnone|LSOA:E01030477,C.Flat.1,1,C.Flat.1:35,Wnone,LSOA:E01030477,assumed_zone_lsoa,27,35,1801.0,,0.0,0,6,23,0,5,1,0,0
C.Flat.1|Wnone|LSOA:E01030478,C.Flat.1,1,C.Flat.1:19,Wnone,LSOA:E01030478,assumed_zone_lsoa,18,19,959.0,,0.0,0,0,17,2,0,0,0,0
C.Flat.1|Wnone|LSOA:E01030479,C.Flat.1,1,C.Flat.1:63,Wnone,LSOA:E01030479,assumed_zone_lsoa,39,63,3304.1,,0.0,1,14,15,15,18,0,0,0
C.Flat.1|Wnone|LSOA:E01030480,C.Flat.1,1,C.Flat.1:12,Wnone,LSOA:E01030480,assumed_zone_lsoa,10,12,813.5,,0.0,0,1,9,1,1,0,0,0
C.Flat.1|Wnone|LSOA:E01030490,C.Flat.1,1,C.Flat.1:12,Wnone,LSOA:E01030490,assumed_zone_lsoa,11,12,684.4,,0.0,0,2,10,0,0,0,0,0
C.Flat.1|Wnone|LSOA:E01030491,C.Flat.1,1,C.Flat.1:14,Wnone,LSOA:E01030491,assumed_zone_lsoa,13,14,1148.2,,0.0,1,2,11,0,0,0,0,0
C.Flat.1|Wnone|LSOA:E01030500,C.Flat.1,1,C.Flat.1:15,Wnone,LSOA:E01030500,assumed_zone_lsoa,9,15,1700.1,,0.0,0,4,11,0,0,0,0,0
C.Flat.1|Wnone|LSOA:E01030501,C.Flat.1,1,C.Flat.1:13,Wnone,LSOA:E01030501,assumed_zone_lsoa,13,13,728.0,,0.0,0,0,13,0,0,0,0,0
C.Flat.1|Wnone|LSOA:E01030503,C.Flat.1,1,C.Flat.1:54,Wnone,LSOA:E01030503,assumed_zone_lsoa,42,54,2730.5,,0.0,3,5,45,0,0,1,0,0
C.Flat.1|Wnone|SUB:SPN-S000000171619,C.Flat.1,1,C.Flat.1:44,Wnone,SUB:SPN-S000000171619,spatial_inference_nearest_substation,9,44,2123.0,Onslow,1.0,0,2,2,36,4,0,0,0
C.Flat.1|Wnone|SUB:SPN-S000000171621,C.Flat.1,1,C.Flat.1:19,Wnone,SUB:SPN-S000000171621,spatial_inference_nearest_substation,2,19,508.0,Onslow,1.0,0,1,0,18,0,0,0,0
C.Flat.1|Wnone|SUB:SPN-S000000171633,C.Flat.1,1,C.Flat.1:14,Wnone,SUB:SPN-S000000171633,spatial_inference_nearest_substation,4,14,518.8,Westborough,1.0,0,0,14,0,0,0,0,0
C.Flat.1|Wnone|SUB:SPN-S000000171635,C.Flat.1,1,C.Flat.1:14,Wnone,SUB:SPN-S000000171635,spatial_inference_nearest_substation,14,14,635.0,Westborough,1.0,0,4,8,0,2,0,0,0
C.Flat.1|Wnone|SUB:SPN-S000000171637,C.Flat.1,1,C.Flat.1:24,Wnone,SUB:SPN-S000000171637,spatial_inference_nearest_substation,22,24,1131.0,Westborough,1.0,1,1,22,0,0,0,0,0
C.Flat.1|Wnone|SUB:SPN-S000000171647,C.Flat.1,1,C.Flat.1:15,Wnone,SUB:SPN-S000000171647,spatial_inference_nearest_substation,12,15,713.7,Westborough,1.0,0,2,13,0,0,0,0,0
C.Flat.1|Wnone|SUB:SPN-S000000171674,C.Flat.1,1,C.Flat.1:16,Wnone,SUB:SPN-S000000171674,spatial_inference_nearest_substation,9,16,1339.0,St Nicolas,1.0,0,0,16,0,0,0,0,0
C.Flat.1|Wnone|SUB:SPN-S000000171675,C.Flat.1,1,C.Flat.1:25,Wnone,SUB:SPN-S000000171675,spatial_inference_nearest_substation,10,25,2110.0,St Nicolas,1.0,2,0,23,0,0,0,0,0
C.Flat.1|Wnone|SUB:SPN-S000000171677,C.Flat.1,1,C.Flat.1:21,Wnone,SUB:SPN-S000000171677,spatial_inference_nearest_substation,6,21,1496.0,St Nicolas,1.0,2,7,12,0,0,0,0,0
C.Flat.1|Wnone|SUB:SPN-S000000171695,C.Flat.1,1,C.Flat.1:20,Wnone,SUB:SPN-S000000171695,spatial_inference_nearest_substation,11,20,864.3,Bellfields & Slyfield,1.0,4,12,4,0,0,0,0,0
C.Flat.1|Wnone|SUB:SPN-S000000171697,C.Flat.1,1,C.Flat.1:12,Wnone,SUB:SPN-S000000171697,spatial_inference_nearest_substation,12,12,566.0,Bellfields & Slyfield,1.0,0,0,12,0,0,0,0,0
C.Flat.1|Wnone|SUB:SPN-S000000171705,C.Flat.1,1,C.Flat.1:12,Wnone,SUB:SPN-S000000171705,spatial_inference_nearest_substation,10,12,833.0,Castle,1.0,1,0,11,0,0,0,0,0
C.Flat.1|Wnone|SUB:SPN-S000000171709,C.Flat.1,1,C.Flat.1:21,Wnone,SUB:SPN-S000000171709,spatial_inference_nearest_substation,11,21,1633.0,Castle,1.0,1,0,20,0,0,0,0,0
C.Flat.1|Wnone|SUB:SPN-S000000171717,C.Flat.1,1,C.Flat.1:19,Wnone,SUB:SPN-S000000171717,spatial_inference_nearest_substation,11,19,1000.0,Stoke,1.0,3,6,10,0,0,0,0,0
C.Flat.1|Wnone|SUB:SPN-S000000171719,C.Flat.1,1,C.Flat.1:15,Wnone,SUB:SPN-S000000171719,spatial_inference_nearest_substation,14,15,729.0,Bellfields & Slyfield,1.0,0,0,15,0,0,0,0,0
C.Flat.1|Wnone|SUB:SPN-S000000171723,C.Flat.1,1,C.Flat.1:25,Wnone,SUB:SPN-S000000171723,spatial_inference_nearest_substation,8,25,1248.9,Bellfields & Slyfield,1.0,0,8,17,0,0,0,0,0
C.Flat.1|Wnone|SUB:SPN-S000000171730,C.Flat.1,1,C.Flat.1:19,Wnone,SUB:SPN-S000000171730,spatial_inference_nearest_substation,19,19,985.3,Westborough,1.0,1,0,18,0,0,0,0,0
C.Flat.1|Wnone|SUB:SPN-S000000171741,C.Flat.1,1,C.Flat.1:31,Wnone,SUB:SPN-S000000171741,spatial_inference_nearest_substation,25,31,1473.0,Bellfields & Slyfield,1.0,1,5,25,0,0,0,0,0
C.Flat.1|Wnone|SUB:SPN-S000000171743,C.Flat.1,1,C.Flat.1:15,Wnone,SUB:SPN-S000000171743,spatial_inference_nearest_substation,5,15,961.4,Bellfields & Slyfield,1.0,0,0,15,0,0,0,0,0
C.Flat.1|Wnone|SUB:SPN-S000000171780,C.Flat.1,1,C.Flat.1:15,Wnone,SUB:SPN-S000000171780,spatial_inference_nearest_substation,14,15,739.0,Stoughton South,1.0,0,0,15,0,0,0,0,0
C.Flat.1|Wnone|SUB:SPN-S000000171797,C.Flat.1,1,C.Flat.1:10,Wnone,SUB:SPN-S000000171797,spatial_inference_nearest_substation,10,10,503.0,Stoke,1.0,1,2,6,0,1,0,0,0
C.Flat.1|Wnone|SUB:SPN-S000000171798,C.Flat.1,1,C.Flat.1:21,Wnone,SUB:SPN-S000000171798,spatial_inference_nearest_substation,19,21,1055.0,Stoke,1.0,0,4,7,0,10,0,0,0
C.Flat.1|Wnone|SUB:SPN-S000000171810,C.Flat.1,1,C.Flat.1:11,Wnone,SUB:SPN-S000000171810,spatial_inference_nearest_substation,4,11,753.3,Castle,1.0,1,5,5,0,0,0,0,0
C.Flat.1|Wnone|SUB:SPN-S000000171813,C.Flat.1,1,C.Flat.1:29,Wnone,SUB:SPN-S000000171813,spatial_inference_nearest_substation,11,29,1387.0,Castle,1.0,2,4,22,1,0,0,0,0
C.Flat.1|Wnone|SUB:SPN-S000000171814,C.Flat.1,1,C.Flat.1:10,Wnone,SUB:SPN-S000000171814,spatial_inference_nearest_substation,4,10,677.5,Castle,1.0,1,3,5,1,0,0,0,0
C.Flat.1|Wnone|SUB:SPN-S000000171828,C.Flat.1,1,C.Flat.1:14,Wnone,SUB:SPN-S000000171828,spatial_inference_nearest_substation,5,14,526.6,Stoughton South,1.0,0,0,13,1,0,0,0,0
C.Flat.1|Wnone|SUB:SPN-S000000171830,C.Flat.1,1,C.Flat.1:16,Wnone,SUB:SPN-S000000171830,spatial_inference_nearest_substation,2,16,684.0,Stoughton South,1.0,0,1,15,0,0,0,0,0
C.Flat.1|Wnone|SUB:SPN-S000000171833,C.Flat.1,1,C.Flat.1:12,Wnone,SUB:SPN-S000000171833,spatial_inference_nearest_substation,11,12,692.0,Stoughton South,1.0,0,0,12,0,0,0,0,0
C.Flat.1|Wnone|SUB:SPN-S000000171836,C.Flat.1,1,C.Flat.1:15,Wnone,SUB:SPN-S000000171836,spatial_inference_nearest_substation,9,15,850.9,Burpham,1.0,0,4,9,1,0,1,0,0
C.Flat.1|Wnone|SUB:SPN-S000000171840,C.Flat.1,1,C.Flat.1:16,Wnone,SUB:SPN-S000000171840,spatial_inference_nearest_substation,8,16,953.9,Burpham,1.0,0,14,2,0,0,0,0,0
C.Flat.1|Wnone|SUB:SPN-S000000171849,C.Flat.1,1,C.Flat.1:11,Wnone,SUB:SPN-S000000171849,spatial_inference_nearest_substation,11,11,438.6,Merrow,1.0,0,2,9,0,0,0,0,0
C.Flat.1|Wnone|SUB:SPN-S000000171864,C.Flat.1,1,C.Flat.1:15,Wnone,SUB:SPN-S000000171864,spatial_inference_nearest_substation,3,15,1232.4,Merrow,1.0,1,0,14,0,0,0,0,0
C.Flat.1|Wnone|SUB:SPN-S000000171870,C.Flat.1,1,C.Flat.1:33,Wnone,SUB:SPN-S000000171870,spatial_inference_nearest_substation,7,33,1519.0,Merrow,1.0,0,0,25,8,0,0,0,0
C.Flat.1|Wnone|SUB:SPN-S000000171873,C.Flat.1,1,C.Flat.1:11,Wnone,SUB:SPN-S000000171873,spatial_inference_nearest_substation,6,11,946.0,Castle,1.0,2,0,9,0,0,0,0,0
C.Flat.1|Wnone|SUB:SPN-S000000171885,C.Flat.1,1,C.Flat.1:10,Wnone,SUB:SPN-S000000171885,spatial_inference_nearest_substation,5,10,532.0,Castle,1.0,0,0,9,1,0,0,0,0
C.Flat.1|Wnone|SUB:SPN-S000000171886,C.Flat.1,1,C.Flat.1:12,Wnone,SUB:SPN-S000000171886,spatial_inference_nearest_substation,6,12,1284.8,Castle,1.0,1,1,10,0,0,0,0,0
C.Flat.1|Wnone|SUB:SPN-S000000171888,C.Flat.1,1,C.Flat.1:19,Wnone,SUB:SPN-S000000171888,spatial_inference_nearest_substation,15,19,761.6,Merrow,1.0,4,1,13,1,0,0,0,0
C.Flat.1|Wnone|SUB:SPN-S000000171929,C.Flat.1,1,C.Flat.1:13,Wnone,SUB:SPN-S000000171929,spatial_inference_nearest_substation,3,13,594.0,Castle,1.0,1,0,6,6,0,0,0,0
C.Flat.1|Wnone|SUB:SPN-S000000173197,C.Flat.1,1,C.Flat.1:19,Wnone,SUB:SPN-S000000173197,spatial_inference_nearest_substation,13,19,1091.9,Stoughton North,1.0,0,9,10,0,0,0,0,0
C.Flat.1|Wnone|SUB:SPN-S000000173993,C.Flat.1,1,C.Flat.1:15,Wnone,SUB:SPN-S000000173993,spatial_inference_nearest_substation,4,15,1014.5,Castle,1.0,2,6,7,0,0,0,0,0
C.Flat.1|Wnone|SUB:SPN-S000000174043,C.Flat.1,1,C.Flat.1:10,Wnone,SUB:SPN-S000000174043,spatial_inference_nearest_substation,5,10,497.0,St Nicolas,1.0,3,0,7,0,0,0,0,0
C.Flat.1|Wnone|SUB:SPN-S000000174080,C.Flat.1,1,C.Flat.1:14,Wnone,SUB:SPN-S000000174080,spatial_inference_nearest_substation,8,14,791.0,Castle,1.0,1,4,9,0,0,0,0,0
C.Flat.1|Wnone|SUB:SPN-S000000174198,C.Flat.1,1,C.Flat.1:20,Wnone,SUB:SPN-S000000174198,spatial_inference_nearest_substation,9,20,1204.6,Bellfields & Slyfield,1.0,0,1,5,1,13,0,0,0
C.Flat.1|Wnone|SUB:SPN-S000000174239,C.Flat.1,1,C.Flat.1:26,Wnone,SUB:SPN-S000000174239,spatial_inference_nearest_substation,26,26,1207.1,Stoke,1.0,4,5,0,1,16,0,0,0
C.Flat.1|Wnone|SUB:SPN-S000000174301,C.Flat.1,1,C.Flat.1:21,Wnone,SUB:SPN-S000000174301,spatial_inference_nearest_substation,10,21,1070.0,Stoke,1.0,4,9,8,0,0,0,0,0
C.Flat.1|Wnone|SUB:SPN-S000000174543,C.Flat.1,1,C.Flat.1:12,Wnone,SUB:SPN-S000000174543,spatial_inference_nearest_substation,1,12,397.0,Stoke,1.0,0,0,0,12,0,0,0,0
C.Flat.1|Wnone|SUB:SPN-S000000174640,C.Flat.1,1,C.Flat.1:12,Wnone,SUB:SPN-S000000174640,spatial_inference_nearest_substation,4,12,616.0,Merrow,1.0,1,0,11,0,0,0,0,0
C.Flat.1|Wnone|SUB:SPN-S000000174720,C.Flat.1,1,C.Flat.1:18,Wnone,SUB:SPN-S000000174720,spatial_inference_nearest_substation,3,18,631.0,St Nicolas,1.0,0,0,3,15,0,0,0,0
C.Flat.1|Wnone|SUB:SPN-S000000174722,C.Flat.1,1,C.Flat.1:13,Wnone,SUB:SPN-S000000174722,spatial_inference_nearest_substation,1,13,619.0,Merrow,1.0,0,0,8,5,0,0,0,0
C.Flat.1|Wnone|SUB:SPN-S000000174777,C.Flat.1,1,C.Flat.1:11,Wnone,SUB:SPN-S000000174777,spatial_inference_nearest_substation,7,11,356.5,Burpham,1.0,8,3,0,0,0,0,0,0
C.Flat.1|Wnone|SUB:SPN-S000000174785,C.Flat.1,1,C.Flat.1:26,Wnone,SUB:SPN-S000000174785,spatial_inference_nearest_substation,13,26,1044.4,Stoughton North,1.0,0,17,7,2,0,0,0,0
C.Flat.1|Wnone|SUB:SPN-S000000174792,C.Flat.1,1,C.Flat.1:12,Wnone,SUB:SPN-S000000174792,spatial_inference_nearest_substation,9,12,383.0,Burpham,1.0,11,0,1,0,0,0,0,0
C.Flat.1|Wnone|SUB:SPN-S000000174925,C.Flat.1,1,C.Flat.1:33,Wnone,SUB:SPN-S000000174925,spatial_inference_nearest_substation,27,33,1259.4,Burpham,1.0,32,1,0,0,0,0,0,0
C.Flat.1|Wnone|SUB:SPN-S000000174930,C.Flat.1,1,C.Flat.1:38,Wnone,SUB:SPN-S000000174930,spatial_inference_nearest_substation,3,38,1688.0,Stoughton South,1.0,0,38,0,0,0,0,0,0
C.Flat.1|Wnone|SUB:SPN-S000000174940,C.Flat.1,1,C.Flat.1:18,Wnone,SUB:SPN-S000000174940,spatial_inference_nearest_substation,2,18,772.2,Burpham,1.0,4,12,2,0,0,0,0,0
C.Flat.1|Wnone|SUB:SPN-S000000174949,C.Flat.1,1,C.Flat.1:24,Wnone,SUB:SPN-S000000174949,spatial_inference_nearest_substation,11,24,986.3,Burpham,1.0,22,1,0,1,0,0,0,0
C.Flat.1|Wnone|SUB:SPN-S000000174989,C.Flat.1,1,C.Flat.1:20,Wnone,SUB:SPN-S000000174989,spatial_inference_nearest_substation,2,20,1064.0,St Nicolas,1.0,3,16,1,0,0,0,0,0
C.Flat.1|Wnone|SUB:SPN-S000000175003,C.Flat.1,1,C.Flat.1:22,Wnone,SUB:SPN-S000000175003,spatial_inference_nearest_substation,4,22,1175.1,Stoke,1.0,1,17,3,1,0,0,0,0
C.Flat.1|Wnone|SUB:SPN-S000000175255,C.Flat.1,1,C.Flat.1:18,Wnone,SUB:SPN-S000000175255,spatial_inference_nearest_substation,3,18,726.2,Bellfields & Slyfield,1.0,0,0,18,0,0,0,0,0
C.Flat.1|Wnone|SUB:SPN-S000000175257,C.Flat.1,1,C.Flat.1:16,Wnone,SUB:SPN-S000000175257,spatial_inference_nearest_substation,14,16,922.0,Stoughton North,1.0,1,0,15,0,0,0,0,0
C.Flat.1|Wnone|SUB:SPN-S000000175297,C.Flat.1,1,C.Flat.1:24,Wnone,SUB:SPN-S000000175297,spatial_inference_nearest_substation,1,24,1495.0,Stoke,1.0,1,6,0,0,17,0,0,0
C.Flat.1|Wnone|SUB:SPN-S000000181145,C.Flat.1,1,C.Flat.1:26,Wnone,SUB:SPN-S000000181145,spatial_inference_nearest_substation,7,26,1877.0,St Nicolas,1.0,4,3,19,0,0,0,0,0
C.Flat.2|Wcav|SUB:SPN-S000000171675,C.Flat.2,1,C.Flat.2:10,Wcav,SUB:SPN-S000000171675,spatial_inference_nearest_substation,6,10,778.0,St Nicolas,1.0,0,0,10,0,0,0,0,0
C.Flat.2|Wcav|SUB:SPN-S000000174301,C.Flat.2,1,C.Flat.2:10,Wcav,SUB:SPN-S000000174301,spatial_inference_nearest_substation,2,10,550.0,Stoke,1.0,0,10,0,0,0,0,0,0
C.Flat.2|Wnone|LSOA:E01030422,C.Flat.2,1,C.Flat.2:46,Wnone,LSOA:E01030422,assumed_zone_lsoa,42,46,2483.2,,0.0,5,11,18,0,11,1,0,0
C.Flat.2|Wnone|LSOA:E01030423,C.Flat.2,1,C.Flat.2:14,Wnone,LSOA:E01030423,assumed_zone_lsoa,12,14,737.0,,0.0,0,0,13,1,0,0,0,0
C.Flat.2|Wnone|LSOA:E01030424,C.Flat.2,1,C.Flat.2:81,Wnone,LSOA:E01030424,assumed_zone_lsoa,35,81,4575.5,,0.0,2,4,42,33,0,0,0,0
C.Flat.2|Wnone|LSOA:E01030426,C.Flat.2,1,C.Flat.2:36,Wnone,LSOA:E01030426,assumed_zone_lsoa,19,36,1925.8,,0.0,0,10,26,0,0,0,0,0
C.Flat.2|Wnone|LSOA:E01030428,C.Flat.2,1,C.Flat.2:16,Wnone,LSOA:E01030428,assumed_zone_lsoa,10,16,1690.5,,0.0,3,3,10,0,0,0,0,0
C.Flat.2|Wnone|LSOA:E01030429,C.Flat.2,1,C.Flat.2:10,Wnone,LSOA:E01030429,assumed_zone_lsoa,10,10,436.0,,0.0,2,1,7,0,0,0,0,0
C.Flat.2|Wnone|LSOA:E01030432,C.Flat.2,1,C.Flat.2:25,Wnone,LSOA:E01030432,assumed_zone_lsoa,16,25,1244.0,,0.0,3,4,18,0,0,0,0,0
C.Flat.2|Wnone|LSOA:E01030433,C.Flat.2,1,C.Flat.2:50,Wnone,LSOA:E01030433,assumed_zone_lsoa,42,50,2390.5,,0.0,4,2,44,0,0,0,0,0
C.Flat.2|Wnone|LSOA:E01030445,C.Flat.2,1,C.Flat.2:35,Wnone,LSOA:E01030445,assumed_zone_lsoa,21,35,2249.0,,0.0,2,2,21,10,0,0,0,0
C.Flat.2|Wnone|LSOA:E01030458,C.Flat.2,1,C.Flat.2:11,Wnone,LSOA:E01030458,assumed_zone_lsoa,6,11,663.6,,0.0,2,2,4,0,0,3,0,0
C.Flat.2|Wnone|LSOA:E01030477,C.Flat.2,1,C.Flat.2:37,Wnone,LSOA:E01030477,assumed_zone_lsoa,31,37,2026.0,,0.0,1,5,26,0,5,0,0,0
C.Flat.2|Wnone|LSOA:E01030478,C.Flat.2,1,C.Flat.2:18,Wnone,LSOA:E01030478,assumed_zone_lsoa,15,18,1060.0,,0.0,1,0,12,5,0,0,0,0
C.Flat.2|Wnone|LSOA:E01030479,C.Flat.2,1,C.Flat.2:52,Wnone,LSOA:E01030479,assumed_zone_lsoa,25,52,2987.7,,0.0,3,21,12,11,5,0,0,0
C.Flat.2|Wnone|LSOA:E01030480,C.Flat.2,1,C.Flat.2:18,Wnone,LSOA:E01030480,assumed_zone_lsoa,12,18,1017.6,,0.0,0,2,9,5,2,0,0,0
C.Flat.2|Wnone|LSOA:E01030490,C.Flat.2,1,C.Flat.2:10,Wnone,LSOA:E01030490,assumed_zone_lsoa,9,10,629.6,,0.0,1,0,8,0,0,1,0,0
C.Flat.2|Wnone|LSOA:E01030491,C.Flat.2,1,C.Flat.2:19,Wnone,LSOA:E01030491,assumed_zone_lsoa,16,19,1019.0,,0.0,2,2,15,0,0,0,0,0
C.Flat.2|Wnone|LSOA:E01030500,C.Flat.2,1,C.Flat.2:15,Wnone,LSOA:E01030500,assumed_zone_lsoa,9,15,1374.1,,0.0,2,2,11,0,0,0,0,0
C.Flat.2|Wnone|LSOA:E01030503,C.Flat.2,1,C.Flat.2:59,Wnone,LSOA:E01030503,assumed_zone_lsoa,45,59,3655.5,,0.0,0,9,50,0,0,0,0,0
C.Flat.2|Wnone|SUB:SPN-S000000171619,C.Flat.2,1,C.Flat.2:44,Wnone,SUB:SPN-S000000171619,spatial_inference_nearest_substation,16,44,2193.8,Onslow,1.0,0,2,2,29,11,0,0,0
C.Flat.2|Wnone|SUB:SPN-S000000171621,C.Flat.2,1,C.Flat.2:12,Wnone,SUB:SPN-S000000171621,spatial_inference_nearest_substation,2,12,571.0,Onslow,1.0,0,1,0,11,0,0,0,0
C.Flat.2|Wnone|SUB:SPN-S000000171633,C.Flat.2,1,C.Flat.2:10,Wnone,SUB:SPN-S000000171633,spatial_inference_nearest_substation,6,10,389.7,Westborough,1.0,0,1,9,0,0,0,0,0
C.Flat.2|Wnone|SUB:SPN-S000000171637,C.Flat.2,1,C.Flat.2:13,Wnone,SUB:SPN-S000000171637,spatial_inference_nearest_substation,12,13,627.7,Westborough,1.0,0,2,11,0,0,0,0,0
C.Flat.2|Wnone|SUB:SPN-S000000171675,C.Flat.2,1,C.Flat.2:14,Wnone,SUB:SPN-S000000171675,spatial_inference_nearest_substation,8,14,1173.0,St Nicolas,1.0,0,1,13,0,0,0,0,0
C.Flat.2|Wnone|SUB:SPN-S000000171685,C.Flat.2,1,C.Flat.2:11,Wnone,SUB:SPN-S000000171685,spatial_inference_nearest_substation,4,11,599.0,Stoke,1.0,1,0,10,0,0,0,0,0
C.Flat.2|Wnone|SUB:SPN-S000000171695,C.Flat.2,1,C.Flat.2:12,Wnone,SUB:SPN-S000000171695,spatial_inference_nearest_substation,6,12,561.0,Bellfields & Slyfield,1.0,2,9,1,0,0,0,0,0
C.Flat.2|Wnone|SUB:SPN-S000000171697,C.Flat.2,1,C.Flat.2:11,Wnone,SUB:SPN-S000000171697,spatial_inference_nearest_substation,11,11,536.0,Bellfields & Slyfield,1.0,0,0,11,0,0,0,0,0
C.Flat.2|Wnone|SUB:SPN-S000000171706,C.Flat.2,1,C.Flat.2:11,Wnone,SUB:SPN-S000000171706,spatial_inference_nearest_substation,11,11,527.0,Castle,1.0,1,1,1,8,0,0,0,0
C.Flat.2|Wnone|SUB:SPN-S000000171717,C.Flat.2,1,C.Flat.2:16,Wnone,SUB:SPN-S000000171717,spatial_inference_nearest_substation,8,16,780.0,Stoke,1.0,3,7,6,0,0,0,0,0
C.Flat.2|Wnone|SUB:SPN-S000000171719,C.Flat.2,1,C.Flat.2:14,Wnone,SUB:SPN-S000000171719,spatial_inference_nearest_substation,14,14,731.0,Bellfields & Slyfield,1.0,0,0,14,0,0,0,0,0
C.Flat.2|Wnone|SUB:SPN-S000000171723,C.Flat.2,1,C.Flat.2:20,Wnone,SUB:SPN-S000000171723,spatial_inference_nearest_substation,9,20,1098.2,Bellfields & Slyfield,1.0,0,0,20,0,0,0,0,0
C.Flat.2|Wnone|SUB:SPN-S000000171730,C.Flat.2,1,C.Flat.2:16,Wnone,SUB:SPN-S000000171730,spatial_inference_nearest_substation,16,16,878.6,Westborough,1.0,0,0,16,0,0,0,0,0
C.Flat.2|Wnone|SUB:SPN-S000000171741,C.Flat.2,1,C.Flat.2:32,Wnone,SUB:SPN-S000000171741,spatial_inference_nearest_substation,30,32,1632.0,Bellfields & Slyfield,1.0,0,1,31,0,0,0,0,0
C.Flat.2|Wnone|SUB:SPN-S000000171744,C.Flat.2,1,C.Flat.2:14,Wnone,SUB:SPN-S000000171744,spatial_inference_nearest_substation,7,14,658.0,Stoughton North,1.0,2,6,6,0,0,0,0,0
C.Flat.2|Wnone|SUB:SPN-S000000171780,C.Flat.2,1,C.Flat.2:11,Wnone,SUB:SPN-S000000171780,spatial_inference_nearest_substation,11,11,536.0,Stoughton South,1.0,0,0,11,0,0,0,0,0
C.Flat.2|Wnone|SUB:SPN-S000000171797,C.Flat.2,1,C.Flat.2:20,Wnone,SUB:SPN-S000000171797,spatial_inference_nearest_substation,13,20,993.0,Stoke,1.0,1,2,17,0,0,0,0,0
C.Flat.2|Wnone|SUB:SPN-S000000171798,C.Flat.2,1,C.Flat.2:22,Wnone,SUB:SPN-S000000171798,spatial_inference_nearest_substation,19,22,1190.0,Stoke,1.0,0,8,10,0,4,0,0,0
C.Flat.2|Wnone|SUB:SPN-S000000171810,C.Flat.2,1,C.Flat.2:11,Wnone,SUB:SPN-S000000171810,spatial_inference_nearest_substation,3,11,717.0,Castle,1.0,1,3,7,0,0,0,0,0
C.Flat.2|Wnone|SUB:SPN-S000000171813,C.Flat.2,1,C.Flat.2:28,Wnone,SUB:SPN-S000000171813,spatial_inference_nearest_substation,9,28,1297.0,Castle,1.0,1,4,23,0,0,0,0,0
C.Flat.2|Wnone|SUB:SPN-S000000171830,C.Flat.2,1,C.Flat.2:11,Wnone,SUB:SPN-S000000171830,spatial_inference_nearest_substation,4,11,479.0,Stoughton South,1.0,0,2,9,0,0,0,0,0
C.Flat.2|Wnone|SUB:SPN-S000000171849,C.Flat.2,1,C.Flat.2:12,Wnone,SUB:SPN-S000000171849,spatial_inference_nearest_substation,10,12,515.0,Merrow,1.0,1,2,8,0,0,0,0,1
C.Flat.2|Wnone|SUB:SPN-S000000171859,C.Flat.2,1,C.Flat.2:11,Wnone,SUB:SPN-S000000171859,spatial_inference_nearest_substation,11,11,508.0,Merrow,1.0,1,2,8,0,0,0,0,0
C.Flat.2|Wnone|SUB:SPN-S000000171870,C.Flat.2,1,C.Flat.2:31,Wnone,SUB:SPN-S000000171870,spatial_inference_nearest_substation,7,31,1453.0,Merrow,1.0,0,0,22,9,0,0,0,0
C.Flat.2|Wnone|SUB:SPN-S000000173197,C.Flat.2,1,C.Flat.2:13,Wnone,SUB:SPN-S000000173197,spatial_inference_nearest_substation,10,13,738.0,Stoughton North,1.0,0,4,9,0,0,0,0,0
C.Flat.2|Wnone|SUB:SPN-S000000174080,C.Flat.2,1,C.Flat.2:10,Wnone,SUB:SPN-S000000174080,spatial_inference_nearest_substation,7,10,526.0,Castle,1.0,1,5,4,0,0,0,0,0
C.Flat.2|Wnone|SUB:SPN-S000000174239,C.Flat.2,1,C.Flat.2:25,Wnone,SUB:SPN-S000000174239,spatial_inference_nearest_substation,23,25,1237.0,Stoke,1.0,2,9,3,0,11,0,0,0
C.Flat.2|Wnone|SUB:SPN-S000000174301,C.Flat.2,1,C.Flat.2:20,Wnone,SUB:SPN-S000000174301,spatial_inference_nearest_substation,12,20,1089.0,Stoke,1.0,2,7,11,0,0,0,0,0
C.Flat.2|Wnone|SUB:SPN-S000000174640,C.Flat.2,1,C.Flat.2:14,Wnone,SUB:SPN-S000000174640,spatial_inference_nearest_substation,3,14,742.0,Merrow,1.0,0,0,14,0,0,0,0,0
C.Flat.2|Wnone|SUB:SPN-S000000174692,C.Flat.2,1,C.Flat.2:17,Wnone,SUB:SPN-S000000174692,spatial_inference_nearest_substation,10,17,777.0,Merrow,1.0,0,0,17,0,0,0,0,0
C.Flat.2|Wnone|SUB:SPN-S000000174751,C.Flat.2,1,C.Flat.2:18,Wnone,SUB:SPN-S000000174751,spatial_inference_nearest_substation,7,18,869.0,Stoke,1.0,5,1,5,7,0,0,0,0
C.Flat.2|Wnone|SUB:SPN-S000000174777,C.Flat.2,1,C.Flat.2:16,Wnone,SUB:SPN-S000000174777,spatial_inference_nearest_substation,8,16,645.5,Burpham,1.0,10,6,0,0,0,0,0,0
C.Flat.2|Wnone|SUB:SPN-S000000174785,C.Flat.2,1,C.Flat.2:22,Wnone,SUB:SPN-S000000174785,spatial_inference_nearest_substation,10,22,942.3,Stoughton North,1.0,2,14,6,0,0,0,0,0
C.Flat.2|Wnone|SUB:SPN-S000000174792,C.Flat.2,1,C.Flat.2:13,Wnone,SUB:SPN-S000000174792,spatial_inference_nearest_substation,10,13,730.0,Burpham,1.0,12,1,0,0,0,0,0,0
C.Flat.2|Wnone|SUB:SPN-S000000174925,C.Flat.2,1,C.Flat.2:25,Wnone,SUB:SPN-S000000174925,spatial_inference_nearest_substation,23,25,1588.0,Burpham,1.0,24,1,0,0,0,0,0,0
C.Flat.2|Wnone|SUB:SPN-S000000174930,C.Flat.2,1,C.Flat.2:21,Wnone,SUB:SPN-S000000174930,spatial_inference_nearest_substation,4,21,1032.0,Stoughton South,1.0,0,20,1,0,0,0,0,0
C.Flat.2|Wnone|SUB:SPN-S000000174940,C.Flat.2,1,C.Flat.2:11,Wnone,SUB:SPN-S000000174940,spatial_inference_nearest_substation,3,11,626.2,Burpham,1.0,2,8,1,0,0,0,0,0
C.Flat.2|Wnone|SUB:SPN-S000000174948,C.Flat.2,1,C.Flat.2:11,Wnone,SUB:SPN-S000000174948,spatial_inference_nearest_substation,4,11,676.0,Castle,1.0,1,5,5,0,0,0,0,0
C.Flat.2|Wnone|SUB:SPN-S000000174949,C.Flat.2,1,C.Flat.2:14,Wnone,SUB:SPN-S000000174949,spatial_inference_nearest_substation,9,14,645.7,Burpham,1.0,12,1,1,0,0,0,0,0
C.Flat.2|Wnone|SUB:SPN-S000000175003,C.Flat.2,1,C.Flat.2:12,Wnone,SUB:SPN-S000000175003,spatial_inference_nearest_substation,5,12,531.4,Stoke,1.0,1,8,3,0,0,0,0,0
C.Flat.2|Wnone|SUB:SPN-S000000175026,C.Flat.2,1,C.Flat.2:19,Wnone,SUB:SPN-S000000175026,spatial_inference_nearest_substation,13,19,958.0,Stoke,1.0,3,8,8,0,0,0,0,0
C.Flat.2|Wnone|SUB:SPN-S000000175257,C.Flat.2,1,C.Flat.2:20,Wnone,SUB:SPN-S000000175257,spatial_inference_nearest_substation,19,20,1153.0,Stoughton North,1.0,0,3,17,0,0,0,0,0
C.Flat.2|Wnone|SUB:SPN-S000000181145,C.Flat.2,1,C.Flat.2:11,Wnone,SUB:SPN-S000000181145,spatial_inference_nearest_substation,8,11,528.0,St Nicolas,1.0,4,1,6,0,0,0,0,0
C.Flat.2|Wnone|SUB:SPN-S000000181539,C.Flat.2,1,C.Flat.2:13,Wnone,SUB:SPN-S000000181539,spatial_inference_nearest_substation,2,13,1325.0,Onslow,1.0,0,1,12,0,0,0,0,0
C.Flat.3|Wcav|SUB:SPN-S000000171774,C.Flat.3,1,C.Flat.3:10,Wcav,SUB:SPN-S000000171774,spatial_inference_nearest_substation,1,10,685.0,Stoughton North,1.0,0,0,10,0,0,0,0,0
C.Flat.3|Wcav|SUB:SPN-S000000171802,C.Flat.3,1,C.Flat.3:12,Wcav,SUB:SPN-S000000171802,spatial_inference_nearest_substation,3,12,721.0,Stoke,1.0,0,0,12,0,0,0,0,0
C.Flat.3|Wcav|SUB:SPN-S000000173991,C.Flat.3,1,C.Flat.3:12,Wcav,SUB:SPN-S000000173991,spatial_inference_nearest_substation,1,12,641.0,Castle,1.0,12,0,0,0,0,0,0,0
C.Flat.3|Wnone|LSOA:E01030421,C.Flat.3,1,C.Flat.3:79,Wnone,LSOA:E01030421,assumed_zone_lsoa,20,79,4838.0,,0.0,0,0,79,0,0,0,0,0
C.Flat.3|Wnone|LSOA:E01030423,C.Flat.3,1,C.Flat.3:61,Wnone,LSOA:E01030423,assumed_zone_lsoa,9,61,3950.0,,0.0,0,0,61,0,0,0,0,0
C.Flat.3|Wnone|LSOA:E01030424,C.Flat.3,1,C.Flat.3:11,Wnone,LSOA:E01030424,assumed_zone_lsoa,5,11,819.6,,0.0,7,0,3,1,0,0,0,0
C.Flat.3|Wnone|LSOA:E01030425,C.Flat.3,1,C.Flat.3:73,Wnone,LSOA:E01030425,assumed_zone_lsoa,13,73,4762.0,,0.0,0,2,71,0,0,0,0,0
C.Flat.3|Wnone|LSOA:E01030426,C.Flat.3,1,C.Flat.3:16,Wnone,LSOA:E01030426,assumed_zone_lsoa,9,16,815.6,,0.0,1,0,14,1,0,0,0,0
C.Flat.3|Wnone|LSOA:E01030429,C.Flat.3,1,C.Flat.3:10,Wnone,LSOA:E01030429,assumed_zone_lsoa,2,10,580.0,,0.0,10,0,0,0,0,0,0,0
C.Flat.3|Wnone|LSOA:E01030432,C.Flat.3,1,C.Flat.3:12,Wnone,LSOA:E01030432,assumed_zone_lsoa,9,12,755.0,,0.0,0,0,12,0,0,0,0,0
C.Flat.3|Wnone|LSOA:E01030444,C.Flat.3,1,C.Flat.3:51,Wnone,LSOA:E01030444,assumed_zone_lsoa,13,51,3185.0,,0.0,0,0,51,0,0,0,0,0
C.Flat.3|Wnone|LSOA:E01030445,C.Flat.3,1,C.Flat.3:22,Wnone,LSOA:E01030445,assumed_zone_lsoa,6,22,1310.0,,0.0,2,0,20,0,0,0,0,0
C.Flat.3|Wnone|LSOA:E01030447,C.Flat.3,1,C.Flat.3:10,Wnone,LSOA:E01030447,assumed_zone_lsoa,4,10,469.0,,0.0,0,0,9,0,1,0,0,0
C.Flat.3|Wnone|LSOA:E01030459,C.Flat.3,1,C.Flat.3:43,Wnone,LSOA:E01030459,assumed_zone_lsoa,7,43,2581.0,,0.0,0,0,41,0,2,0,0,0
C.Flat.3|Wnone|LSOA:E01030465,C.Flat.3,1,C.Flat.3:11,Wnone,LSOA:E01030465,assumed_zone_lsoa,5,11,648.0,,0.0,0,0,7,0,4,0,0,0
C.Flat.3|Wnone|LSOA:E01030501,C.Flat.3,1,C.Flat.3:37,Wnone,LSOA:E01030501,assumed_zone_lsoa,7,37,2173.0,,0.0,0,0,37,0,0,0,0,0
C.Flat.3|Wnone|LSOA:E01030502,C.Flat.3,1,C.Flat.3:20,Wnone,LSOA:E01030502,assumed_zone_lsoa,6,20,1305.0,,0.0,0,0,20,0,0,0,0,0
C.Flat.3|Wnone|SUB:SPN-S000000171606,C.Flat.3,1,C.Flat.3:123,Wnone,SUB:SPN-S000000171606,spatial_inference_nearest_substation,5,123,7385.0,Stoke,1.0,0,0,123,0,0,0,0,0
C.Flat.3|Wnone|SUB:SPN-S000000171621,C.Flat.3,1,C.Flat.3:10,Wnone,SUB:SPN-S000000171621,spatial_inference_nearest_substation,2,10,885.0,Onslow,1.0,0,0,10,0,0,0,0,0
C.Flat.3|Wnone|SUB:SPN-S000000171633,C.Flat.3,1,C.Flat.3:18,Wnone,SUB:SPN-S000000171633,spatial_inference_nearest_substation,2,18,1490.0,Westborough,1.0,0,0,18,0,0,0,0,0
C.Flat.3|Wnone|SUB:SPN-S000000171733,C.Flat.3,1,C.Flat.3:17,Wnone,SUB:SPN-S000000171733,spatial_inference_nearest_substation,2,17,1162.0,,0.0,17,0,0,0,0,0,0,0
C.Flat.3|Wnone|SUB:SPN-S000000171802,C.Flat.3,1,C.Flat.3:20,Wnone,SUB:SPN-S000000171802,spatial_inference_nearest_substation,3,20,1145.0,Stoke,1.0,0,0,20,0,0,0,0,0
C.Flat.3|Wnone|SUB:SPN-S000000171804,C.Flat.3,1,C.Flat.3:17,Wnone,SUB:SPN-S000000171804,spatial_inference_nearest_substation,5,17,1735.0,Castle,1.0,0,0,10,6,1,0,0,0
C.Flat.3|Wnone|SUB:SPN-S000000171810,C.Flat.3,1,C.Flat.3:23,Wnone,SUB:SPN-S000000171810,spatial_inference_nearest_substation,4,23,1629.9,Castle,0.391304347826087,0,0,23,0,0,0,0,0
C.Flat.3|Wnone|SUB:SPN-S000000171811,C.Flat.3,1,C.Flat.3:14,Wnone,SUB:SPN-S000000171811,spatial_inference_nearest_substation,2,14,1159.0,Castle,1.0,0,0,14,0,0,0,0,0
C.Flat.3|Wnone|SUB:SPN-S000000171833,C.Flat.3,1,C.Flat.3:15,Wnone,SUB:SPN-S000000171833,spatial_inference_nearest_substation,2,15,920.0,Stoughton South,1.0,14,1,0,0,0,0,0,0
C.Flat.3|Wnone|SUB:SPN-S000000171834,C.Flat.3,1,C.Flat.3:106,Wnone,SUB:SPN-S000000171834,spatial_inference_nearest_substation,2,106,5619.0,Stoke,0.9811320754716981,94,0,12,0,0,0,0,0
C.Flat.3|Wnone|SUB:SPN-S000000171846,C.Flat.3,1,C.Flat.3:64,Wnone,SUB:SPN-S000000171846,spatial_inference_nearest_substation,3,64,4781.0,Burpham,1.0,50,0,14,0,0,0,0,0
C.Flat.3|Wnone|SUB:SPN-S000000171874,C.Flat.3,1,C.Flat.3:15,Wnone,SUB:SPN-S000000171874,spatial_inference_nearest_substation,3,15,1278.0,Castle,1.0,10,0,5,0,0,0,0,0
C.Flat.3|Wnone|SUB:SPN-S000000171969,C.Flat.3,1,C.Flat.3:10,Wnone,SUB:SPN-S000000171969,spatial_inference_nearest_substation,2,10,578.0,Castle,0.1,0,0,10,0,0,0,0,0
C.Flat.3|Wnone|SUB:SPN-S000000174043,C.Flat.3,1,C.Flat.3:16,Wnone,SUB:SPN-S000000174043,spatial_inference_nearest_substation,3,16,1265.0,Onslow,1.0,0,0,16,0,0,0,0,0
C.Flat.3|Wnone|SUB:SPN-S000000174088,C.Flat.3,1,C.Flat.3:73,Wnone,SUB:SPN-S000000174088,spatial_inference_nearest_substation,4,73,3196.0,Stoke,0.9863013698630136,55,0,18,0,0,0,0,0
C.Flat.3|Wnone|SUB:SPN-S000000174239,C.Flat.3,1,C.Flat.3:10,Wnone,SUB:SPN-S000000174239,spatial_inference_nearest_substation,2,10,558.0,Stoke,1.0,5,0,5,0,0,0,0,0
C.Flat.3|Wnone|SUB:SPN-S000000174301,C.Flat.3,1,C.Flat.3:26,Wnone,SUB:SPN-S000000174301,spatial_inference_nearest_substation,2,26,1896.0,Stoke,1.0,1,0,16,0,9,0,0,0
C.Flat.3|Wnone|SUB:SPN-S000000174793,C.Flat.3,1,C.Flat.3:58,Wnone,SUB:SPN-S000000174793,spatial_inference_nearest_substation,3,58,3133.0,Stoke,0.7931034482758621,5,8,0,45,0,0,0,0
C.Flat.3|Wnone|SUB:SPN-S000000175003,C.Flat.3,1,C.Flat.3:15,Wnone,SUB:SPN-S000000175003,spatial_inference_nearest_substation,2,15,1131.0,,0.0,1,0,14,0,0,0,0,0
C.Flat.3|Wnone|SUB:SPN-S000000175026,C.Flat.3,1,C.Flat.3:101,Wnone,SUB:SPN-S000000175026,spatial_inference_nearest_substation,4,101,6843.0,Stoke,0.9702970297029703,0,2,1,98,0,0,0,0
C.Flat.3|Wnone|SUB:SPN-S000000181539,C.Flat.3,1,C.Flat.3:177,Wnone,SUB:SPN-S000000181539,spatial_inference_nearest_substation,2,177,9366.0,Stoke,1.0,1,0,0,176,0,0,0,0
C.Flat.4|Wnone|LSOA:E01030422,C.Flat.4,1,C.Flat.4:10,Wnone,LSOA:E01030422,assumed_zone_lsoa,4,10,674.1,,0.0,0,1,8,1,0,0,0,0
C.Flat.4|Wnone|LSOA:E01030423,C.Flat.4,1,C.Flat.4:12,Wnone,LSOA:E01030423,assumed_zone_lsoa,2,12,887.0,,0.0,0,0,12,0,0,0,0,0
C.Flat.4|Wnone|LSOA:E01030426,C.Flat.4,1,C.Flat.4:26,Wnone,LSOA:E01030426,assumed_zone_lsoa,4,26,1502.8,,0.0,2,8,16,0,0,0,0,0
C.Flat.4|Wnone|LSOA:E01030427,C.Flat.4,1,C.Flat.4:10,Wnone,LSOA:E01030427,assumed_zone_lsoa,2,10,554.5,,0.0,0,0,10,0,0,0,0,0
C.Flat.4|Wnone|LSOA:E01030428,C.Flat.4,1,C.Flat.4:15,Wnone,LSOA:E01030428,assumed_zone_lsoa,4,15,752.9,,0.0,0,0,15,0,0,0,0,0
C.Flat.4|Wnone|LSOA:E01030429,C.Flat.4,1,C.Flat.4:10,Wnone,LSOA:E01030429,assumed_zone_lsoa,4,10,434.0,,0.0,0,0,10,0,0,0,0,0
C.Flat.4|Wnone|LSOA:E01030433,C.Flat.4,1,C.Flat.4:27,Wnone,LSOA:E01030433,assumed_zone_lsoa,9,27,1001.2,,0.0,3,3,21,0,0,0,0,0
C.Flat.4|Wnone|LSOA:E01030445,C.Flat.4,1,C.Flat.4:40,Wnone,LSOA:E01030445,assumed_zone_lsoa,12,40,3152.0,,0.0,4,1,26,9,0,0,0,0
C.Flat.4|Wnone|LSOA:E01030447,C.Flat.4,1,C.Flat.4:12,Wnone,LSOA:E01030447,assumed_zone_lsoa,5,12,750.0,,0.0,0,0,12,0,0,0,0,0
C.Flat.4|Wnone|LSOA:E01030458,C.Flat.4,1,C.Flat.4:12,Wnone,LSOA:E01030458,assumed_zone_lsoa,5,12,1168.2,,0.0,1,1,7,0,0,3,0,0
C.Flat.4|Wnone|LSOA:E01030477,C.Flat.4,1,C.Flat.4:29,Wnone,LSOA:E01030477,assumed_zone_lsoa,7,29,1656.0,,0.0,0,0,29,0,0,0,0,0
C.Flat.4|Wnone|LSOA:E01030479,C.Flat.4,1,C.Flat.4:16,Wnone,LSOA:E01030479,assumed_zone_lsoa,6,16,859.6,,0.0,5,0,10,0,1,0,0,0
C.Flat.4|Wnone|LSOA:E01030491,C.Flat.4,1,C.Flat.4:19,Wnone,LSOA:E01030491,assumed_zone_lsoa,15,19,1051.7,,0.0,2,0,15,0,1,0,1,0
C.Flat.4|Wnone|LSOA:E01030500,C.Flat.4,1,C.Flat.4:11,Wnone,LSOA:E01030500,assumed_zone_lsoa,6,11,630.8,,0.0,0,2,9,0,0,0,0,0
C.Flat.4|Wnone|LSOA:E01030501,C.Flat.4,1,C.Flat.4:11,Wnone,LSOA:E01030501,assumed_zone_lsoa,2,11,697.0,,0.0,0,0,10,0,1,0,0,0
C.Flat.4|Wnone|LSOA:E01030503,C.Flat.4,1,C.Flat.4:42,Wnone,LSOA:E01030503,assumed_zone_lsoa,18,42,3031.6,,0.0,3,29,9,1,0,0,0,0
C.Flat.4|Wnone|SUB:SPN-S000000171677,C.Flat.4,1,C.Flat.4:14,Wnone,SUB:SPN-S000000171677,spatial_inference_nearest_substation,5,14,1810.0,St Nicolas,1.0,0,0,14,0,0,0,0,0
C.Flat.4|Wnone|SUB:SPN-S000000171686,C.Flat.4,1,C.Flat.4:17,Wnone,SUB:SPN-S000000171686,spatial_inference_nearest_substation,3,17,959.0,Stoke,1.0,0,0,17,0,0,0,0,0
C.Flat.4|Wnone|SUB:SPN-S000000171705,C.Flat.4,1,C.Flat.4:11,Wnone,SUB:SPN-S000000171705,spatial_inference_nearest_substation,3,11,857.5,Castle,1.0,0,0,10,1,0,0,0,0
C.Flat.4|Wnone|SUB:SPN-S000000171706,C.Flat.4,1,C.Flat.4:11,Wnone,SUB:SPN-S000000171706,spatial_inference_nearest_substation,9,11,369.0,Castle,1.0,1,0,0,10,0,0,0,0
C.Flat.4|Wnone|SUB:SPN-S000000171716,C.Flat.4,1,C.Flat.4:14,Wnone,SUB:SPN-S000000171716,spatial_inference_nearest_substation,4,14,984.8,Castle,1.0,0,2,12,0,0,0,0,0
C.Flat.4|Wnone|SUB:SPN-S000000171721,C.Flat.4,1,C.Flat.4:13,Wnone,SUB:SPN-S000000171721,spatial_inference_nearest_substation,1,13,810.0,Bellfields & Slyfield,1.0,0,0,13,0,0,0,0,0
C.Flat.4|Wnone|SUB:SPN-S000000171744,C.Flat.4,1,C.Flat.4:11,Wnone,SUB:SPN-S000000171744,spatial_inference_nearest_substation,4,11,523.3,Stoughton South,1.0,2,8,1,0,0,0,0,0
C.Flat.4|Wnone|SUB:SPN-S000000171746,C.Flat.4,1,C.Flat.4:13,Wnone,SUB:SPN-S000000171746,spatial_inference_nearest_substation,3,13,704.0,Stoughton North,1.0,0,0,13,0,0,0,0,0
C.Flat.4|Wnone|SUB:SPN-S000000171792,C.Flat.4,1,C.Flat.4:12,Wnone,SUB:SPN-S000000171792,spatial_inference_nearest_substation,1,12,753.0,Stoke,1.0,0,0,12,0,0,0,0,0
C.Flat.4|Wnone|SUB:SPN-S000000171796,C.Flat.4,1,C.Flat.4:11,Wnone,SUB:SPN-S000000171796,spatial_inference_nearest_substation,5,11,628.0,Stoke,0.8181818181818182,1,0,10,0,0,0,0,0
C.Flat.4|Wnone|SUB:SPN-S000000171797,C.Flat.4,1,C.Flat.4:35,Wnone,SUB:SPN-S000000171797,spatial_inference_nearest_substation,10,35,2128.0,Stoke,1.0,0,0,35,0,0,0,0,0
C.Flat.4|Wnone|SUB:SPN-S000000171798,C.Flat.4,1,C.Flat.4:25,Wnone,SUB:SPN-S000000171798,spatial_inference_nearest_substation,6,25,1687.0,Stoke,1.0,12,1,12,0,0,0,0,0
C.Flat.4|Wnone|SUB:SPN-S000000171804,C.Flat.4,1,C.Flat.4:97,Wnone,SUB:SPN-S000000171804,spatial_inference_nearest_substation,6,97,7403.0,Castle,0.9896907216494846,61,1,11,22,2,0,0,0
C.Flat.4|Wnone|SUB:SPN-S000000171807,C.Flat.4,1,C.Flat.4:11,Wnone,SUB:SPN-S000000171807,spatial_inference_nearest_substation,1,11,643.0,Castle,1.0,0,11,0,0,0,0,0,0
C.Flat.4|Wnone|SUB:SPN-S000000171811,C.Flat.4,1,C.Flat.4:10,Wnone,SUB:SPN-S000000171811,spatial_inference_nearest_substation,2,10,787.9,Castle,1.0,0,0,10,0,0,0,0,0
C.Flat.4|Wnone|SUB:SPN-S000000171813,C.Flat.4,1,C.Flat.4:24,Wnone,SUB:SPN-S000000171813,spatial_inference_nearest_substation,7,24,1074.0,Castle,1.0,0,2,22,0,0,0,0,0
C.Flat.4|Wnone|SUB:SPN-S000000171814,C.Flat.4,1,C.Flat.4:27,Wnone,SUB:SPN-S000000171814,spatial_inference_nearest_substation,5,27,2275.0,Castle,1.0,1,0,26,0,0,0,0,0
C.Flat.4|Wnone|SUB:SPN-S000000171874,C.Flat.4,1,C.Flat.4:20,Wnone,SUB:SPN-S000000171874,spatial_inference_nearest_substation,6,20,1345.0,Merrow,1.0,0,0,20,0,0,0,0,0
C.Flat.4|Wnone|SUB:SPN-S000000171969,C.Flat.4,1,C.Flat.4:12,Wnone,SUB:SPN-S000000171969,spatial_inference_nearest_substation,4,12,651.0,Castle,1.0,0,2,10,0,0,0,0,0
C.Flat.4|Wnone|SUB:SPN-S000000174088,C.Flat.4,1,C.Flat.4:14,Wnone,SUB:SPN-S000000174088,spatial_inference_nearest_substation,4,14,780.0,Stoke,1.0,1,10,2,0,0,0,1,0
C.Flat.4|Wnone|SUB:SPN-S000000174201,C.Flat.4,1,C.Flat.4:12,Wnone,SUB:SPN-S000000174201,spatial_inference_nearest_substation,4,12,893.8,Castle,1.0,2,0,10,0,0,0,0,0
C.Flat.4|Wnone|SUB:SPN-S000000174239,C.Flat.4,1,C.Flat.4:23,Wnone,SUB:SPN-S000000174239,spatial_inference_nearest_substation,8,23,1328.0,Stoke,1.0,2,1,20,0,0,0,0,0
C.Flat.4|Wnone|SUB:SPN-S000000174301,C.Flat.4,1,C.Flat.4:46,Wnone,SUB:SPN-S000000174301,spatial_inference_nearest_substation,4,46,1241.5,Stoke,1.0,7,0,2,34,3,0,0,0
C.Flat.4|Wnone|SUB:SPN-S000000174692,C.Flat.4,1,C.Flat.4:15,Wnone,SUB:SPN-S000000174692,spatial_inference_nearest_substation,8,15,748.0,Merrow,1.0,0,0,15,0,0,0,0,0
C.Flat.4|Wnone|SUB:SPN-S000000174720,C.Flat.4,1,C.Flat.4:15,Wnone,SUB:SPN-S000000174720,spatial_inference_nearest_substation,2,15,1187.0,St Nicolas,1.0,0,0,15,0,0,0,0,0
C.Flat.4|Wnone|SUB:SPN-S000000174751,C.Flat.4,1,C.Flat.4:126,Wnone,SUB:SPN-S000000174751,spatial_inference_nearest_substation,10,126,7830.0,Stoke,1.0,21,1,18,83,1,0,2,0
C.Flat.4|Wnone|SUB:SPN-S000000174940,C.Flat.4,1,C.Flat.4:10,Wnone,SUB:SPN-S000000174940,spatial_inference_nearest_substation,2,10,639.8,Burpham,1.0,2,2,6,0,0,0,0,0
C.Flat.4|Wnone|SUB:SPN-S000000174948,C.Flat.4,1,C.Flat.4:19,Wnone,SUB:SPN-S000000174948,spatial_inference_nearest_substation,3,19,1172.0,Castle,1.0,8,8,3,0,0,0,0,0
C.Flat.4|Wnone|SUB:SPN-S000000175003,C.Flat.4,1,C.Flat.4:34,Wnone,SUB:SPN-S000000175003,spatial_inference_nearest_substation,9,34,1941.0,Stoke,1.0,1,4,29,0,0,0,0,0
C.Flat.4|Wnone|SUB:SPN-S000000175026,C.Flat.4,1,C.Flat.4:47,Wnone,SUB:SPN-S000000175026,spatial_inference_nearest_substation,9,47,3160.7,Stoke,1.0,30,2,15,0,0,0,0,0
C.Flat.4|Wnone|SUB:SPN-S000000175297,C.Flat.4,1,C.Flat.4:17,Wnone,SUB:SPN-S000000175297,spatial_inference_nearest_substation,4,17,877.7,Stoke,1.0,10,1,6,0,0,0,0,0
C.Flat.4|Wnone|SUB:SPN-S000000181145,C.Flat.4,1,C.Flat.4:10,Wnone,SUB:SPN-S000000181145,spatial_inference_nearest_substation,4,10,517.0,St Nicolas,0.6,6,0,4,0,0,0,0,0
C.Flat.4|Wnone|SUB:SPN-S000000181196,C.Flat.4,1,C.Flat.4:28,Wnone,SUB:SPN-S000000181196,spatial_inference_nearest_substation,6,28,2070.1,Stoughton North,1.0,2,1,25,0,0,0,0,0
C.Flat.4|Wnone|SUB:SPN-S000000181226,C.Flat.4,1,C.Flat.4:20,Wnone,SUB:SPN-S000000181226,spatial_inference_nearest_substation,2,20,1178.0,Stoughton North,1.0,0,2,18,0,0,0,0,0
C.Flat.4|Wnone|SUB:SPN-S000000181236,C.Flat.4,1,C.Flat.4:46,Wnone,SUB:SPN-S000000181236,spatial_inference_nearest_substation,7,46,3005.0,Stoke,1.0,7,39,0,0,0,0,0,0
C.Flat.4|Wnone|SUB:SPN-S000000181316,C.Flat.4,1,C.Flat.4:24,Wnone,SUB:SPN-S000000181316,spatial_inference_nearest_substation,9,24,1326.0,Bellfields & Slyfield,1.0,3,17,4,0,0,0,0,0
C.Flat.4|Wnone|SUB:SPN-S000000181361,C.Flat.4,1,C.Flat.4:61,Wnone,SUB:SPN-S000000181361,spatial_inference_nearest_substation,3,61,3573.4,Burpham,1.0,3,0,58,0,0,0,0,0
C.Flat.4|Wnone|SUB:SPN-S000000181539,C.Flat.4,1,C.Flat.4:60,Wnone,SUB:SPN-S000000181539,spatial_inference_nearest_substation,4,60,3790.0,Onslow,1.0,27,9,24,0,0,0,0,0
C.Flat.5|Wcav|LSOA:E01030422,C.Flat.5,1,C.Flat.5:16,Wcav,LSOA:E01030422,assumed_zone_lsoa,14,16,1047.4,,0.0,2,2,12,0,0,0,0,0
C.Flat.5|Wcav|LSOA:E01030424,C.Flat.5,1,C.Flat.5:13,Wcav,LSOA:E01030424,assumed_zone_lsoa,10,13,698.7,,0.0,0,0,12,1,0,0,0,0
C.Flat.5|Wcav|LSOA:E01030430,C.Flat.5,1,C.Flat.5:36,Wcav,LSOA:E01030430,assumed_zone_lsoa,24,36,2593.5,,0.0,1,6,29,0,0,0,0,0
C.Flat.5|Wcav|LSOA:E01030480,C.Flat.5,1,C.Flat.5:11,Wcav,LSOA:E01030480,assumed_zone_lsoa,9,11,852.4,,0.0,2,0,9,0,0,0,0,0
C.Flat.5|Wcav|SUB:SPN-S000000171626,C.Flat.5,1,C.Flat.5:13,Wcav,SUB:SPN-S000000171626,spatial_inference_nearest_substation,9,13,793.0,Onslow,1.0,0,0,13,0,0,0,0,0
C.Flat.5|Wcav|SUB:SPN-S000000171631,C.Flat.5,1,C.Flat.5:19,Wcav,SUB:SPN-S000000171631,spatial_inference_nearest_substation,18,19,993.6,Westborough,1.0,0,0,19,0,0,0,0,0
C.Flat.5|Wcav|SUB:SPN-S000000171632,C.Flat.5,1,C.Flat.5:26,Wcav,SUB:SPN-S000000171632,spatial_inference_nearest_substation,10,26,1537.3,Westborough,1.0,1,0,25,0,0,0,0,0
C.Flat.5|Wcav|SUB:SPN-S000000171705,C.Flat.5,1,C.Flat.5:13,Wcav,SUB:SPN-S000000171705,spatial_inference_nearest_substation,8,13,908.0,Castle,1.0,2,0,11,0,0,0,0,0
C.Flat.5|Wcav|SUB:SPN-S000000171706,C.Flat.5,1,C.Flat.5:10,Wcav,SUB:SPN-S000000171706,spatial_inference_nearest_substation,9,10,569.0,Castle,1.0,4,0,2,3,1,0,0,0
C.Flat.5|Wcav|SUB:SPN-S000000171710,C.Flat.5,1,C.Flat.5:41,Wcav,SUB:SPN-S000000171710,spatial_inference_nearest_substation,11,41,4206.0,Castle,1.0,28,3,10,0,0,0,0,0
C.Flat.5|Wcav|SUB:SPN-S000000171730,C.Flat.5,1,C.Flat.5:16,Wcav,SUB:SPN-S000000171730,spatial_inference_nearest_substation,15,16,765.0,Westborough,1.0,0,0,16,0,0,0,0,0
C.Flat.5|Wcav|SUB:SPN-S000000171804,C.Flat.5,1,C.Flat.5:13,Wcav,SUB:SPN-S000000171804,spatial_inference_nearest_substation,2,13,521.0,Stoke,1.0,10,1,0,2,0,0,0,0
C.Flat.5|Wcav|SUB:SPN-S000000171810,C.Flat.5,1,C.Flat.5:15,Wcav,SUB:SPN-S000000171810,spatial_inference_nearest_substation,7,15,929.2,Castle,1.0,0,6,9,0,0,0,0,0
C.Flat.5|Wcav|SUB:SPN-S000000171812,C.Flat.5,1,C.Flat.5:17,Wcav,SUB:SPN-S000000171812,spatial_inference_nearest_substation,12,17,870.0,Castle,1.0,4,1,12,0,0,0,0,0
C.Flat.5|Wcav|SUB:SPN-S000000171815,C.Flat.5,1,C.Flat.5:20,Wcav,SUB:SPN-S000000171815,spatial_inference_nearest_substation,5,20,1137.1,Castle,1.0,4,4,12,0,0,0,0,0
C.Flat.5|Wcav|SUB:SPN-S000000171828,C.Flat.5,1,C.Flat.5:33,Wcav,SUB:SPN-S000000171828,spatial_inference_nearest_substation,13,33,1385.0,Stoughton South,1.0,1,2,30,0,0,0,0,0
C.Flat.5|Wcav|SUB:SPN-S000000171833,C.Flat.5,1,C.Flat.5:10,Wcav,SUB:SPN-S000000171833,spatial_inference_nearest_substation,8,10,582.0,Stoughton South,1.0,0,0,10,0,0,0,0,0
C.Flat.5|Wcav|SUB:SPN-S000000171836,C.Flat.5,1,C.Flat.5:10,Wcav,SUB:SPN-S000000171836,spatial_inference_nearest_substation,9,10,688.8,Burpham,1.0,2,5,3,0,0,0,0,0
C.Flat.5|Wcav|SUB:SPN-S000000171873,C.Flat.5,1,C.Flat.5:27,Wcav,SUB:SPN-S000000171873,spatial_inference_nearest_substation,9,27,1917.0,Merrow,1.0,1,0,26,0,0,0,0,0
C.Flat.5|Wcav|SUB:SPN-S000000171888,C.Flat.5,1,C.Flat.5:12,Wcav,SUB:SPN-S000000171888,spatial_inference_nearest_substation,4,12,421.0,Merrow,1.0,0,1,11,0,0,0,0,0
C.Flat.5|Wcav|SUB:SPN-S000000171976,C.Flat.5,1,C.Flat.5:17,Wcav,SUB:SPN-S000000171976,spatial_inference_nearest_substation,1,17,567.0,Castle,1.0,0,0,0,17,0,0,0,0
C.Flat.5|Wcav|SUB:SPN-S000000173993,C.Flat.5,1,C.Flat.5:12,Wcav,SUB:SPN-S000000173993,spatial_inference_nearest_substation,1,12,779.0,Castle,1.0,0,0,12,0,0,0,0,0
C.Flat.5|Wcav|SUB:SPN-S000000174301,C.Flat.5,1,C.Flat.5:15,Wcav,SUB:SPN-S000000174301,spatial_inference_nearest_substation,2,15,879.0,Stoke,1.0,0,15,0,0,0,0,0,0
C.Flat.5|Wcav|SUB:SPN-S000000174543,C.Flat.5,1,C.Flat.5:14,Wcav,SUB:SPN-S000000174543,spatial_inference_nearest_substation,1,14,344.0,Stoke,1.0,0,0,0,14,0,0,0,0
C.Flat.5|Wcav|SUB:SPN-S000000175003,C.Flat.5,1,C.Flat.5:10,Wcav,SUB:SPN-S000000175003,spatial_inference_nearest_substation,9,10,559.4,Stoke,1.0,2,1,7,0,0,0,0,0
C.Flat.5|Wcav|SUB:SPN-S000000175297,C.Flat.5,1,C.Flat.5:16,Wcav,SUB:SPN-S000000175297,spatial_inference_nearest_substation,1,16,897.0,Stoke,1.0,2,7,0,0,7,0,0,0
C.Flat.5|Wcav|SUB:SPN-S000000181145,C.Flat.5,1,C.Flat.5:54,Wcav,SUB:SPN-S000000181145,spatial_inference_nearest_substation,7,54,2702.0,St Nicolas,1.0,1,0,52,0,1,0,0,0
C.Flat.5|Wsol|LSOA:E01030480,C.Flat.5,1,C.Flat.5:11,Wsol,LSOA:E01030480,assumed_zone_lsoa,6,11,685.5,,0.0,0,0,11,0,0,0,0,0
C.Flat.5|Wsol|SUB:SPN-S000000171686,C.Flat.5,1,C.Flat.5:11,Wsol,SUB:SPN-S000000171686,spatial_inference_nearest_substation,7,11,558.0,Stoke,1.0,0,3,8,0,0,0,0,0
C.Flat.5|Wsol|SUB:SPN-S000000171705,C.Flat.5,1,C.Flat.5:15,Wsol,SUB:SPN-S000000171705,spatial_inference_nearest_substation,6,15,749.0,Castle,1.0,4,0,11,0,0,0,0,0
C.Flat.5|Wsol|SUB:SPN-S000000171798,C.Flat.5,1,C.Flat.5:14,Wsol,SUB:SPN-S000000171798,spatial_inference_nearest_substation,12,14,742.4,Stoke,1.0,1,1,11,1,0,0,0,0
C.Flat.5|Wsol|SUB:SPN-S000000171804,C.Flat.5,1,C.Flat.5:22,Wsol,SUB:SPN-S000000171804,spatial_inference_nearest_substation,3,22,677.0,Stoke,1.0,0,0,2,20,0,0,0,0
C.Flat.5|Wsol|SUB:SPN-S000000171806,C.Flat.5,1,C.Flat.5:38,Wsol,SUB:SPN-S000000171806,spatial_inference_nearest_substation,19,38,1607.2,Stoke,1.0,12,7,18,1,0,0,0,0
C.Flat.5|Wsol|SUB:SPN-S000000171807,C.Flat.5,1,C.Flat.5:24,Wsol,SUB:SPN-S000000171807,spatial_inference_nearest_substation,13,24,1245.5,Castle,1.0,2,0,21,1,0,0,0,0
C.Flat.5|Wsol|SUB:SPN-S000000171808,C.Flat.5,1,C.Flat.5:14,Wsol,SUB:SPN-S000000171808,spatial_inference_nearest_substation,7,14,803.7,Castle,1.0,2,4,8,0,0,0,0,0
C.Flat.5|Wsol|SUB:SPN-S000000171812,C.Flat.5,1,C.Flat.5:27,Wsol,SUB:SPN-S000000171812,spatial_inference_nearest_substation,17,27,1490.0,Castle,1.0,3,1,22,1,0,0,0,0
C.Flat.5|Wsol|SUB:SPN-S000000171813,C.Flat.5,1,C.Flat.5:16,Wsol,SUB:SPN-S000000171813,spatial_inference_nearest_substation,8,16,804.3,Castle,1.0,0,2,12,2,0,0,0,0
C.Flat.5|Wsol|SUB:SPN-S000000171836,C.Flat.5,1,C.Flat.5:22,Wsol,SUB:SPN-S000000171836,spatial_inference_nearest_substation,16,22,1456.0,Burpham,1.0,3,15,1,3,0,0,0,0
C.Flat.5|Wsol|SUB:SPN-S000000174043,C.Flat.5,1,C.Flat.5:20,Wsol,SUB:SPN-S000000174043,spatial_inference_nearest_substation,15,20,915.0,Onslow,1.0,3,5,12,0,0,0,0,0
C.Flat.5|Wsol|SUB:SPN-S000000174088,C.Flat.5,1,C.Flat.5:12,Wsol,SUB:SPN-S000000174088,spatial_inference_nearest_substation,8,12,633.0,Stoke,1.0,0,1,11,0,0,0,0,0
C.Flat.5|Wsol|SUB:SPN-S000000174720,C.Flat.5,1,C.Flat.5:12,Wsol,SUB:SPN-S000000174720,spatial_inference_nearest_substation,2,12,858.0,St Nicolas,1.0,0,0,12,0,0,0,0,0
C.Flat.5|Wsol|SUB:SPN-S000000174751,C.Flat.5,1,C.Flat.5:12,Wsol,SUB:SPN-S000000174751,spatial_inference_nearest_substation,7,12,647.0,Stoke,1.0,0,0,12,0,0,0,0,0
C.Flat.5|Wsol|SUB:SPN-S000000175003,C.Flat.5,1,C.Flat.5:42,Wsol,SUB:SPN-S000000175003,spatial_inference_nearest_substation,23,42,1973.0,Stoke,1.0,4,2,30,6,0,0,0,0
C.Flat.5|Wsol|SUB:SPN-S000000181145,C.Flat.5,1,C.Flat.5:13,Wsol,SUB:SPN-S000000181145,spatial_inference_nearest_substation,2,13,523.0,St Nicolas,1.0,7,5,1,0,0,0,0,0
C.Flat.6|Wcav|LSOA:E01030422,C.Flat.6,1,C.Flat.6:11,Wcav,LSOA:E01030422,assumed_zone_lsoa,11,11,908.5,,0.0,1,2,8,0,0,0,0,0
C.Flat.6|Wcav|LSOA:E01030424,C.Flat.6,1,C.Flat.6:13,Wcav,LSOA:E01030424,assumed_zone_lsoa,13,13,906.4,,0.0,2,0,11,0,0,0,0,0
C.Flat.6|Wcav|LSOA:E01030430,C.Flat.6,1,C.Flat.6:17,Wcav,LSOA:E01030430,assumed_zone_lsoa,16,17,1213.3,,0.0,0,3,14,0,0,0,0,0
C.Flat.6|Wcav|LSOA:E01030445,C.Flat.6,1,C.Flat.6:14,Wcav,LSOA:E01030445,assumed_zone_lsoa,12,14,935.0,,0.0,1,1,12,0,0,0,0,0
C.Flat.6|Wcav|LSOA:E01030479,C.Flat.6,1,C.Flat.6:15,Wcav,LSOA:E01030479,assumed_zone_lsoa,14,15,770.9,,0.0,1,0,5,0,9,0,0,0
C.Flat.6|Wcav|SUB:SPN-S000000171626,C.Flat.6,1,C.Flat.6:10,Wcav,SUB:SPN-S000000171626,spatial_inference_nearest_substation,8,10,659.0,Onslow,1.0,0,0,10,0,0,0,0,0
C.Flat.6|Wcav|SUB:SPN-S000000171631,C.Flat.6,1,C.Flat.6:18,Wcav,SUB:SPN-S000000171631,spatial_inference_nearest_substation,17,18,1032.0,Westborough,1.0,0,0,18,0,0,0,0,0
C.Flat.6|Wcav|SUB:SPN-S000000171706,C.Flat.6,1,C.Flat.6:12,Wcav,SUB:SPN-S000000171706,spatial_inference_nearest_substation,11,12,644.0,Castle,1.0,3,1,2,6,0,0,0,0
C.Flat.6|Wcav|SUB:SPN-S000000171710,C.Flat.6,1,C.Flat.6:13,Wcav,SUB:SPN-S000000171710,spatial_inference_nearest_substation,9,13,1249.0,Castle,1.0,10,2,1,0,0,0,0,0
C.Flat.6|Wcav|SUB:SPN-S000000171730,C.Flat.6,1,C.Flat.6:16,Wcav,SUB:SPN-S000000171730,spatial_inference_nearest_substation,15,16,825.3,Westborough,1.0,0,0,16,0,0,0,0,0
C.Flat.6|Wcav|SUB:SPN-S000000171976,C.Flat.6,1,C.Flat.6:14,Wcav,SUB:SPN-S000000171976,spatial_inference_nearest_substation,2,14,491.0,Castle,1.0,0,0,1,13,0,0,0,0
C.Flat.6|Wcav|SUB:SPN-S000000173993,C.Flat.6,1,C.Flat.6:12,Wcav,SUB:SPN-S000000173993,spatial_inference_nearest_substation,3,12,799.0,Castle,1.0,0,1,11,0,0,0,0,0
C.Flat.6|Wcav|SUB:SPN-S000000174301,C.Flat.6,1,C.Flat.6:11,Wcav,SUB:SPN-S000000174301,spatial_inference_nearest_substation,4,11,643.0,Stoke,1.0,0,10,1,0,0,0,0,0
C.Flat.6|Wsol|SUB:SPN-S000000171806,C.Flat.6,1,C.Flat.6:11,Wsol,SUB:SPN-S000000171806,spatial_inference_nearest_substation,10,11,600.1,Stoke,1.0,2,1,7,1,0,0,0,0
C.Flat.6|Wsol|SUB:SPN-S000000174043,C.Flat.6,1,C.Flat.6:10,Wsol,SUB:SPN-S000000174043,spatial_inference_nearest_substation,9,10,508.0,Onslow,1.0,3,4,3,0,0,0,0,0
C.Flat.6|Wsol|SUB:SPN-S000000175003,C.Flat.6,1,C.Flat.6:10,Wsol,SUB:SPN-S000000175003,spatial_inference_nearest_substation,9,10,495.1,Stoke,1.0,3,2,3,2,0,0,0,0
C.Flat.7|Wcav|SUB:SPN-S000000171675,C.Flat.7,1,C.Flat.7:12,Wcav,SUB:SPN-S000000171675,spatial_inference_nearest_substation,7,12,720.0,St Nicolas,1.0,0,8,4,0,0,0,0,0
C.Flat.7|Wcav|SUB:SPN-S000000181145,C.Flat.7,1,C.Flat.7:22,Wcav,SUB:SPN-S000000181145,spatial_inference_nearest_substation,2,22,975.0,St Nicolas,1.0,0,8,14,0,0,0,0,0
C.Flat.7|Wnone|LSOA:E01030491,C.Flat.7,1,C.Flat.7:13,Wnone,LSOA:E01030491,assumed_zone_lsoa,2,13,3169.0,,0.0,0,0,1,12,0,0,0,0
C.Flat.7|Wnone|SUB:SPN-S000000174785,C.Flat.7,1,C.Flat.7:33,Wnone,SUB:SPN-S000000174785,spatial_inference_nearest_substation,4,33,1098.0,Stoughton North,1.0,0,2,1,30,0,0,0,0
C.Flat.7|Wsol|SUB:SPN-S000000171705,C.Flat.7,1,C.Flat.7:13,Wsol,SUB:SPN-S000000171705,spatial_inference_nearest_substation,4,13,564.0,Castle,1.0,3,1,9,0,0,0,0,0
C.Flat.7|Wsol|SUB:SPN-S000000171806,C.Flat.7,1,C.Flat.7:23,Wsol,SUB:SPN-S000000171806,spatial_inference_nearest_substation,11,23,783.0,Stoke,1.0,1,3,13,6,0,0,0,0
C.Flat.7|Wsol|SUB:SPN-S000000171807,C.Flat.7,1,C.Flat.7:22,Wsol,SUB:SPN-S000000171807,spatial_inference_nearest_substation,11,22,927.0,Castle,1.0,6,6,7,3,0,0,0,0
C.Flat.7|Wsol|SUB:SPN-S000000171808,C.Flat.7,1,C.Flat.7:19,Wsol,SUB:SPN-S000000171808,spatial_inference_nearest_substation,12,19,978.0,Castle,1.0,5,4,10,0,0,0,0,0
C.Flat.7|Wsol|SUB:SPN-S000000171812,C.Flat.7,1,C.Flat.7:12,Wsol,SUB:SPN-S000000171812,spatial_inference_nearest_substation,9,12,569.0,Castle,1.0,1,0,11,0,0,0,0,0
C.Flat.7|Wsol|SUB:SPN-S000000171813,C.Flat.7,1,C.Flat.7:10,Wsol,SUB:SPN-S000000171813,spatial_inference_nearest_substation,5,10,499.0,Castle,1.0,0,0,7,3,0,0,0,0
C.Flat.7|Wsol|SUB:SPN-S000000171870,C.Flat.7,1,C.Flat.7:10,Wsol,SUB:SPN-S000000171870,spatial_inference_nearest_substation,1,10,478.0,Merrow,1.0,0,0,10,0,0,0,0,0
C.Flat.7|Wsol|SUB:SPN-S000000174043,C.Flat.7,1,C.Flat.7:11,Wsol,SUB:SPN-S000000174043,spatial_inference_nearest_substation,5,11,421.0,St Nicolas,1.0,0,1,4,6,0,0,0,0
C.Flat.7|Wsol|SUB:SPN-S000000175003,C.Flat.7,1,C.Flat.7:16,Wsol,SUB:SPN-S000000175003,spatial_inference_nearest_substation,10,16,679.0,Stoke,1.0,2,4,8,2,0,0,0,0
C.Flat.8|Wcav|SUB:SPN-S000000171632,C.Flat.8,1,C.Flat.8:11,Wcav,SUB:SPN-S000000171632,spatial_inference_nearest_substation,10,11,738.0,Westborough,1.0,0,0,11,0,0,0,0,0
C.Flat.8|Wnone|SUB:SPN-S000000171674,C.Flat.8,1,C.Flat.8:10,Wnone,SUB:SPN-S000000171674,spatial_inference_nearest_substation,8,10,857.0,St Nicolas,1.0,0,0,10,0,0,0,0,0
C.Flat.8|Wsol|SUB:SPN-S000000171804,C.Flat.8,1,C.Flat.8:10,Wsol,SUB:SPN-S000000171804,spatial_inference_nearest_substation,9,10,505.0,Castle,1.0,0,0,7,3,0,0,0,0
C.Flat.8|Wsol|SUB:SPN-S000000175003,C.Flat.8,1,C.Flat.8:13,Wsol,SUB:SPN-S000000175003,spatial_inference_nearest_substation,10,13,569.6,Stoke,1.0,2,1,7,3,0,0,0,0
C.Park.1|Wnone|LSOA:E01030422,C.Park.1,1,C.Park.1:10,Wnone,LSOA:E01030422,assumed_zone_lsoa,8,10,1426.0,,0.0,0,0,7,0,1,0,1,1
C.Park.1|Wnone|LSOA:E01030446,C.Park.1,1,C.Park.1:15,Wnone,LSOA:E01030446,assumed_zone_lsoa,11,15,1658.9,,0.0,0,0,11,0,0,4,0,0
C.Park.1|Wnone|LSOA:E01030458,C.Park.1,1,C.Park.1:31,Wnone,LSOA:E01030458,assumed_zone_lsoa,25,31,5026.0,,0.0,0,0,15,0,1,13,2,0
C.Park.1|Wnone|LSOA:E01030459,C.Park.1,1,C.Park.1:15,Wnone,LSOA:E01030459,assumed_zone_lsoa,11,15,836.4,,0.0,1,1,8,0,0,3,1,1
C.Park.1|Wnone|LSOA:E01030466,C.Park.1,1,C.Park.1:200,Wnone,LSOA:E01030466,assumed_zone_lsoa,156,200,22620.5,,0.0,3,1,73,0,4,103,9,7
C.Park.1|Wnone|LSOA:E01030480,C.Park.1,1,C.Park.1:24,Wnone,LSOA:E01030480,assumed_zone_lsoa,20,24,5671.5,,0.0,0,1,16,0,0,4,2,1
C.Park.1|Wnone|LSOA:E01030490,C.Park.1,1,C.Park.1:38,Wnone,LSOA:E01030490,assumed_zone_lsoa,33,38,7128.2,,0.0,1,0,14,0,1,16,6,0
C.Park.1|Wnone|LSOA:E01030502,C.Park.1,1,C.Park.1:54,Wnone,LSOA:E01030502,assumed_zone_lsoa,38,54,7378.7,,0.0,0,2,43,0,0,4,4,1
C.Semi.10|Wsol|LSOA:E01030478,C.Semi.10,1,C.Semi.10:12,Wsol,LSOA:E01030478,assumed_zone_lsoa,12,12,2187.1,,0.0,0,1,5,0,0,1,5,0
C.Semi.10|Wsol|LSOA:E01030480,C.Semi.10,1,C.Semi.10:10,Wsol,LSOA:E01030480,assumed_zone_lsoa,10,10,1250.8,,0.0,0,0,10,0,0,0,0,0
C.Semi.10|Wsol|LSOA:E01030490,C.Semi.10,1,C.Semi.10:16,Wsol,LSOA:E01030490,assumed_zone_lsoa,16,16,2295.6,,0.0,0,0,11,0,0,1,3,1
C.Semi.10|Wsol|LSOA:E01030491,C.Semi.10,1,C.Semi.10:16,Wsol,LSOA:E01030491,assumed_zone_lsoa,16,16,1462.8,,0.0,0,2,14,0,0,0,0,0
C.Semi.10|Wsol|LSOA:E01030492,C.Semi.10,1,C.Semi.10:12,Wsol,LSOA:E01030492,assumed_zone_lsoa,12,12,1452.1,,0.0,1,0,2,0,1,1,6,1
C.Semi.10|Wsol|SUB:SPN-S000000171797,C.Semi.10,1,C.Semi.10:10,Wsol,SUB:SPN-S000000171797,spatial_inference_nearest_substation,10,10,779.0,Stoke,1.0,0,0,10,0,0,0,0,0
C.Semi.10|Wsol|SUB:SPN-S000000171975,C.Semi.10,1,C.Semi.10:10,Wsol,SUB:SPN-S000000171975,spatial_inference_nearest_substation,10,10,733.7,Castle,1.0,0,0,9,0,0,0,1,0
C.Semi.11|Wcav|LSOA:E01030425,C.Semi.11,1,C.Semi.11:10,Wcav,LSOA:E01030425,assumed_zone_lsoa,10,10,928.5,,0.0,0,0,10,0,0,0,0,0
C.Semi.11|Wcav|LSOA:E01030429,C.Semi.11,1,C.Semi.11:11,Wcav,LSOA:E01030429,assumed_zone_lsoa,11,11,968.3,,0.0,0,0,11,0,0,0,0,0
C.Semi.11|Wcav|LSOA:E01030459,C.Semi.11,1,C.Semi.11:31,Wcav,LSOA:E01030459,assumed_zone_lsoa,31,31,2388.4,,0.0,0,0,31,0,0,0,0,0
C.Semi.11|Wcav|LSOA:E01030479,C.Semi.11,1,C.Semi.11:10,Wcav,LSOA:E01030479,assumed_zone_lsoa,10,10,775.3,,0.0,0,1,9,0,0,0,0,0
C.Semi.11|Wcav|LSOA:E01030500,C.Semi.11,1,C.Semi.11:21,Wcav,LSOA:E01030500,assumed_zone_lsoa,21,21,1909.8,,0.0,0,0,21,0,0,0,0,0
C.Semi.11|Wcav|LSOA:E01030501,C.Semi.11,1,C.Semi.11:17,Wcav,LSOA:E01030501,assumed_zone_lsoa,17,17,1331.0,,0.0,0,0,17,0,0,0,0,0
C.Semi.1|Wnone|LSOA:E01030421,C.Semi.1,1,C.Semi.1:24,Wnone,LSOA:E01030421,assumed_zone_lsoa,24,24,2679.0,,0.0,0,0,24,0,0,0,0,0
C.Semi.1|Wnone|LSOA:E01030422,C.Semi.1,1,C.Semi.1:49,Wnone,LSOA:E01030422,assumed_zone_lsoa,49,49,4809.7,,0.0,2,1,45,0,1,0,0,0
C.Semi.1|Wnone|LSOA:E01030423,C.Semi.1,1,C.Semi.1:43,Wnone,LSOA:E01030423,assumed_zone_lsoa,43,43,3414.0,,0.0,1,2,40,0,0,0,0,0
C.Semi.1|Wnone|LSOA:E01030424,C.Semi.1,1,C.Semi.1:91,Wnone,LSOA:E01030424,assumed_zone_lsoa,90,91,9200.5,,0.0,0,0,91,0,0,0,0,0
C.Semi.1|Wnone|LSOA:E01030425,C.Semi.1,1,C.Semi.1:37,Wnone,LSOA:E01030425,assumed_zone_lsoa,37,37,3248.5,,0.0,0,0,37,0,0,0,0,0
C.Semi.1|Wnone|LSOA:E01030426,C.Semi.1,1,C.Semi.1:30,Wnone,LSOA:E01030426,assumed_zone_lsoa,30,30,3019.2,,0.0,0,0,30,0,0,0,0,0
C.Semi.1|Wnone|LSOA:E01030427,C.Semi.1,1,C.Semi.1:76,Wnone,LSOA:E01030427,assumed_zone_lsoa,76,76,7921.4,,0.0,0,1,75,0,0,0,0,0
C.Semi.1|Wnone|LSOA:E01030428,C.Semi.1,1,C.Semi.1:75,Wnone,LSOA:E01030428,assumed_zone_lsoa,75,75,7113.5,,0.0,2,4,69,0,0,0,0,0
C.Semi.1|Wnone|LSOA:E01030429,C.Semi.1,1,C.Semi.1:30,Wnone,LSOA:E01030429,assumed_zone_lsoa,30,30,2783.1,,0.0,0,0,30,0,0,0,0,0
C.Semi.1|Wnone|LSOA:E01030430,C.Semi.1,1,C.Semi.1:53,Wnone,LSOA:E01030430,assumed_zone_lsoa,53,53,5951.2,,0.0,0,0,53,0,0,0,0,0
C.Semi.1|Wnone|LSOA:E01030431,C.Semi.1,1,C.Semi.1:98,Wnone,LSOA:E01030431,assumed_zone_lsoa,98,98,8725.3,,0.0,1,1,96,0,0,0,0,0
C.Semi.1|Wnone|LSOA:E01030432,C.Semi.1,1,C.Semi.1:143,Wnone,LSOA:E01030432,assumed_zone_lsoa,143,143,12910.5,,0.0,1,1,141,0,0,0,0,0
C.Semi.1|Wnone|LSOA:E01030433,C.Semi.1,1,C.Semi.1:100,Wnone,LSOA:E01030433,assumed_zone_lsoa,100,100,9026.0,,0.0,0,1,99,0,0,0,0,0
C.Semi.1|Wnone|LSOA:E01030440,C.Semi.1,1,C.Semi.1:51,Wnone,LSOA:E01030440,assumed_zone_lsoa,50,51,4877.0,,0.0,0,1,45,0,1,1,3,0
C.Semi.1|Wnone|LSOA:E01030441,C.Semi.1,1,C.Semi.1:33,Wnone,LSOA:E01030441,assumed_zone_lsoa,33,33,3215.9,,0.0,0,1,31,0,0,0,1,0
C.Semi.1|Wnone|LSOA:E01030443,C.Semi.1,1,C.Semi.1:13,Wnone,LSOA:E01030443,assumed_zone_lsoa,13,13,1695.4,,0.0,0,0,13,0,0,0,0,0
C.Semi.1|Wnone|LSOA:E01030444,C.Semi.1,1,C.Semi.1:36,Wnone,LSOA:E01030444,assumed_zone_lsoa,36,36,3612.9,,0.0,0,0,36,0,0,0,0,0
C.Semi.1|Wnone|LSOA:E01030446,C.Semi.1,1,C.Semi.1:10,Wnone,LSOA:E01030446,assumed_zone_lsoa,10,10,1236.6,,0.0,0,0,9,0,1,0,0,0
C.Semi.1|Wnone|LSOA:E01030447,C.Semi.1,1,C.Semi.1:48,Wnone,LSOA:E01030447,assumed_zone_lsoa,48,48,5135.1,,0.0,0,0,47,0,1,0,0,0
C.Semi.1|Wnone|LSOA:E01030458,C.Semi.1,1,C.Semi.1:25,Wnone,LSOA:E01030458,assumed_zone_lsoa,25,25,2972.3,,0.0,0,2,15,0,0,1,7,0
C.Semi.1|Wnone|LSOA:E01030459,C.Semi.1,1,C.Semi.1:38,Wnone,LSOA:E01030459,assumed_zone_lsoa,37,38,3526.1,,0.0,0,0,36,0,1,0,1,0
C.Semi.1|Wnone|LSOA:E01030465,C.Semi.1,1,C.Semi.1:68,Wnone,LSOA:E01030465,assumed_zone_lsoa,68,68,6433.0,,0.0,0,1,66,0,1,0,0,0
C.Semi.1|Wnone|LSOA:E01030466,C.Semi.1,1,C.Semi.1:43,Wnone,LSOA:E01030466,assumed_zone_lsoa,43,43,3998.9,,0.0,1,0,41,0,1,0,0,0
C.Semi.1|Wnone|LSOA:E01030471,C.Semi.1,1,C.Semi.1:16,Wnone,LSOA:E01030471,assumed_zone_lsoa,16,16,1912.2,,0.0,0,1,14,0,0,1,0,0
C.Semi.1|Wnone|LSOA:E01030472,C.Semi.1,1,C.Semi.1:21,Wnone,LSOA:E01030472,assumed_zone_lsoa,21,21,2275.8,,0.0,0,1,15,0,1,1,3,0
C.Semi.1|Wnone|LSOA:E01030473,C.Semi.1,1,C.Semi.1:106,Wnone,LSOA:E01030473,assumed_zone_lsoa,106,106,11418.3,,0.0,1,1,100,0,1,1,2,0
C.Semi.1|Wnone|LSOA:E01030474,C.Semi.1,1,C.Semi.1:100,Wnone,LSOA:E01030474,assumed_zone_lsoa,100,100,8059.7,,0.0,0,0,100,0,0,0,0,0
C.Semi.1|Wnone|LSOA:E01030475,C.Semi.1,1,C.Semi.1:44,Wnone,LSOA:E01030475,assumed_zone_lsoa,44,44,4160.1,,0.0,0,0,41,0,0,1,2,0
C.Semi.1|Wnone|LSOA:E01030476,C.Semi.1,1,C.Semi.1:50,Wnone,LSOA:E01030476,assumed_zone_lsoa,50,50,5614.3,,0.0,0,0,49,0,1,0,0,0
C.Semi.1|Wnone|LSOA:E01030477,C.Semi.1,1,C.Semi.1:82,Wnone,LSOA:E01030477,assumed_zone_lsoa,82,82,7992.8,,0.0,0,1,80,0,1,0,0,0
C.Semi.1|Wnone|LSOA:E01030478,C.Semi.1,1,C.Semi.1:38,Wnone,LSOA:E01030478,assumed_zone_lsoa,38,38,4047.1,,0.0,0,1,33,0,3,1,0,0
C.Semi.1|Wnone|LSOA:E01030479,C.Semi.1,1,C.Semi.1:70,Wnone,LSOA:E01030479,assumed_zone_lsoa,68,70,6468.3,,0.0,0,2,68,0,0,0,0,0
C.Semi.1|Wnone|LSOA:E01030480,C.Semi.1,1,C.Semi.1:21,Wnone,LSOA:E01030480,assumed_zone_lsoa,21,21,3128.0,,0.0,0,0,21,0,0,0,0,0
C.Semi.1|Wnone|LSOA:E01030490,C.Semi.1,1,C.Semi.1:35,Wnone,LSOA:E01030490,assumed_zone_lsoa,34,35,3416.3,,0.0,0,0,24,0,4,2,5,0
C.Semi.1|Wnone|LSOA:E01030491,C.Semi.1,1,C.Semi.1:65,Wnone,LSOA:E01030491,assumed_zone_lsoa,63,65,6085.3,,0.0,0,1,60,0,3,0,1,0
C.Semi.1|Wnone|LSOA:E01030492,C.Semi.1,1,C.Semi.1:52,Wnone,LSOA:E01030492,assumed_zone_lsoa,52,52,5616.1,,0.0,1,1,23,1,12,6,7,1
C.Semi.1|Wnone|LSOA:E01030499,C.Semi.1,1,C.Semi.1:186,Wnone,LSOA:E01030499,assumed_zone_lsoa,186,186,18121.7,,0.0,3,3,179,0,0,1,0,0
C.Semi.1|Wnone|LSOA:E01030500,C.Semi.1,1,C.Semi.1:108,Wnone,LSOA:E01030500,assumed_zone_lsoa,108,108,10866.0,,0.0,0,0,107,0,0,1,0,0
C.Semi.1|Wnone|LSOA:E01030501,C.Semi.1,1,C.Semi.1:28,Wnone,LSOA:E01030501,assumed_zone_lsoa,27,28,3122.7,,0.0,1,0,24,0,0,2,1,0
C.Semi.1|Wnone|LSOA:E01030502,C.Semi.1,1,C.Semi.1:45,Wnone,LSOA:E01030502,assumed_zone_lsoa,45,45,4127.5,,0.0,1,0,44,0,0,0,0,0
C.Semi.1|Wnone|LSOA:E01030503,C.Semi.1,1,C.Semi.1:25,Wnone,LSOA:E01030503,assumed_zone_lsoa,25,25,4124.9,,0.0,0,0,25,0,0,0,0,0
C.Semi.1|Wnone|LSOA:E01030504,C.Semi.1,1,C.Semi.1:138,Wnone,LSOA:E01030504,assumed_zone_lsoa,138,138,12696.7,,0.0,0,1,135,0,1,0,1,0
C.Semi.1|Wnone|SUB:SPN-R000000852116-000-001Z,C.Semi.1,1,C.Semi.1:18,Wnone,SUB:SPN-R000000852116-000-001Z,spatial_inference_nearest_substation,18,18,2205.0,Stoughton South,1.0,0,0,18,0,0,0,0,0
C.Semi.1|Wnone|SUB:SPN-S000000171610,C.Semi.1,1,C.Semi.1:10,Wnone,SUB:SPN-S000000171610,spatial_inference_nearest_substation,10,10,1018.9,Onslow,1.0,0,0,10,0,0,0,0,0
C.Semi.1|Wnone|SUB:SPN-S000000171611,C.Semi.1,1,C.Semi.1:19,Wnone,SUB:SPN-S000000171611,spatial_inference_nearest_substation,19,19,1960.4,Onslow,1.0,0,0,19,0,0,0,0,0
C.Semi.1|Wnone|SUB:SPN-S000000171616,C.Semi.1,1,C.Semi.1:39,Wnone,SUB:SPN-S000000171616,spatial_inference_nearest_substation,38,39,3180.9,Onslow,1.0,0,2,36,0,0,1,0,0
C.Semi.1|Wnone|SUB:SPN-S000000171617,C.Semi.1,1,C.Semi.1:42,Wnone,SUB:SPN-S000000171617,spatial_inference_nearest_substation,42,42,3564.3,Onslow,1.0,1,0,41,0,0,0,0,0
C.Semi.1|Wnone|SUB:SPN-S000000171618,C.Semi.1,1,C.Semi.1:34,Wnone,SUB:SPN-S000000171618,spatial_inference_nearest_substation,34,34,3617.2,Onslow,1.0,0,2,31,0,0,0,1,0
C.Semi.1|Wnone|SUB:SPN-S000000171619,C.Semi.1,1,C.Semi.1:19,Wnone,SUB:SPN-S000000171619,spatial_inference_nearest_substation,19,19,1683.3,Onslow,1.0,0,0,19,0,0,0,0,0
C.Semi.1|Wnone|SUB:SPN-S000000171624,C.Semi.1,1,C.Semi.1:33,Wnone,SUB:SPN-S000000171624,spatial_inference_nearest_substation,33,33,4461.0,Onslow,1.0,0,1,31,0,0,0,1,0
C.Semi.1|Wnone|SUB:SPN-S000000171625,C.Semi.1,1,C.Semi.1:43,Wnone,SUB:SPN-S000000171625,spatial_inference_nearest_substation,43,43,5728.4,Onslow,1.0,0,0,42,0,0,1,0,0
C.Semi.1|Wnone|SUB:SPN-S000000171630,C.Semi.1,1,C.Semi.1:27,Wnone,SUB:SPN-S000000171630,spatial_inference_nearest_substation,27,27,2475.4,Westborough,1.0,0,0,27,0,0,0,0,0
C.Semi.1|Wnone|SUB:SPN-S000000171631,C.Semi.1,1,C.Semi.1:33,Wnone,SUB:SPN-S000000171631,spatial_inference_nearest_substation,33,33,2694.2,Westborough,1.0,0,0,33,0,0,0,0,0
C.Semi.1|Wnone|SUB:SPN-S000000171632,C.Semi.1,1,C.Semi.1:12,Wnone,SUB:SPN-S000000171632,spatial_inference_nearest_substation,12,12,1097.5,Westborough,1.0,0,1,11,0,0,0,0,0
C.Semi.1|Wnone|SUB:SPN-S000000171633,C.Semi.1,1,C.Semi.1:36,Wnone,SUB:SPN-S000000171633,spatial_inference_nearest_substation,36,36,2970.1,Westborough,1.0,0,1,34,0,1,0,0,0
C.Semi.1|Wnone|SUB:SPN-S000000171634,C.Semi.1,1,C.Semi.1:71,Wnone,SUB:SPN-S000000171634,spatial_inference_nearest_substation,71,71,6205.1,Westborough,1.0,0,2,69,0,0,0,0,0
C.Semi.1|Wnone|SUB:SPN-S000000171635,C.Semi.1,1,C.Semi.1:73,Wnone,SUB:SPN-S000000171635,spatial_inference_nearest_substation,72,73,5172.3,Westborough,1.0,0,4,69,0,0,0,0,0
C.Semi.1|Wnone|SUB:SPN-S000000171636,C.Semi.1,1,C.Semi.1:87,Wnone,SUB:SPN-S000000171636,spatial_inference_nearest_substation,87,87,6939.5,Westborough,1.0,1,4,82,0,0,0,0,0
C.Semi.1|Wnone|SUB:SPN-S000000171637,C.Semi.1,1,C.Semi.1:58,Wnone,SUB:SPN-S000000171637,spatial_inference_nearest_substation,58,58,4970.3,Westborough,1.0,0,2,56,0,0,0,0,0
C.Semi.1|Wnone|SUB:SPN-S000000171647,C.Semi.1,1,C.Semi.1:55,Wnone,SUB:SPN-S000000171647,spatial_inference_nearest_substation,55,55,5014.6,Westborough,1.0,1,0,53,0,1,0,0,0
C.Semi.1|Wnone|SUB:SPN-S000000171648,C.Semi.1,1,C.Semi.1:34,Wnone,SUB:SPN-S000000171648,spatial_inference_nearest_substation,34,34,3458.6,Westborough,1.0,1,0,33,0,0,0,0,0
C.Semi.1|Wnone|SUB:SPN-S000000171695,C.Semi.1,1,C.Semi.1:17,Wnone,SUB:SPN-S000000171695,spatial_inference_nearest_substation,17,17,1517.0,Bellfields & Slyfield,1.0,0,1,16,0,0,0,0,0
C.Semi.1|Wnone|SUB:SPN-S000000171696,C.Semi.1,1,C.Semi.1:24,Wnone,SUB:SPN-S000000171696,spatial_inference_nearest_substation,24,24,2571.0,Bellfields & Slyfield,1.0,0,1,23,0,0,0,0,0
C.Semi.1|Wnone|SUB:SPN-S000000171698,C.Semi.1,1,C.Semi.1:26,Wnone,SUB:SPN-S000000171698,spatial_inference_nearest_substation,25,26,2421.1,Bellfields & Slyfield,1.0,0,0,26,0,0,0,0,0
C.Semi.1|Wnone|SUB:SPN-S000000171700,C.Semi.1,1,C.Semi.1:36,Wnone,SUB:SPN-S000000171700,spatial_inference_nearest_substation,36,36,3347.5,Bellfields & Slyfield,1.0,0,2,32,0,0,0,1,1
C.Semi.1|Wnone|SUB:SPN-S000000171712,C.Semi.1,1,C.Semi.1:16,Wnone,SUB:SPN-S000000171712,spatial_inference_nearest_substation,16,16,1884.9,Merrow,1.0,0,0,16,0,0,0,0,0
C.Semi.1|Wnone|SUB:SPN-S000000171716,C.Semi.1,1,C.Semi.1:10,Wnone,SUB:SPN-S000000171716,spatial_inference_nearest_substation,10,10,1019.1,Castle,1.0,0,1,9,0,0,0,0,0
C.Semi.1|Wnone|SUB:SPN-S000000171719,C.Semi.1,1,C.Semi.1:88,Wnone,SUB:SPN-S000000171719,spatial_inference_nearest_substation,88,88,7667.5,Bellfields & Slyfield,1.0,1,2,85,0,0,0,0,0
C.Semi.1|Wnone|SUB:SPN-S000000171720,C.Semi.1,1,C.Semi.1:29,Wnone,SUB:SPN-S000000171720,spatial_inference_nearest_substation,28,29,2487.0,Bellfields & Slyfield,1.0,0,2,27,0,0,0,0,0
C.Semi.1|Wnone|SUB:SPN-S000000171721,C.Semi.1,1,C.Semi.1:37,Wnone,SUB:SPN-S000000171721,spatial_inference_nearest_substation,33,37,3200.2,Bellfields & Slyfield,1.0,0,0,37,0,0,0,0,0
C.Semi.1|Wnone|SUB:SPN-S000000171722,C.Semi.1,1,C.Semi.1:77,Wnone,SUB:SPN-S000000171722,spatial_inference_nearest_substation,76,77,7982.3,Bellfields & Slyfield,1.0,1,5,71,0,0,0,0,0
C.Semi.1|Wnone|SUB:SPN-S000000171723,C.Semi.1,1,C.Semi.1:35,Wnone,SUB:SPN-S000000171723,spatial_inference_nearest_substation,34,35,3738.6,Bellfields & Slyfield,1.0,0,0,34,0,1,0,0,0
C.Semi.1|Wnone|SUB:SPN-S000000171724,C.Semi.1,1,C.Semi.1:53,Wnone,SUB:SPN-S000000171724,spatial_inference_nearest_substation,53,53,5813.0,Bellfields & Slyfield,1.0,1,0,52,0,0,0,0,0
C.Semi.1|Wnone|SUB:SPN-S000000171725,C.Semi.1,1,C.Semi.1:36,Wnone,SUB:SPN-S000000171725,spatial_inference_nearest_substation,36,36,4301.3,Bellfields & Slyfield,1.0,0,2,34,0,0,0,0,0
C.Semi.1|Wnone|SUB:SPN-S000000171730,C.Semi.1,1,C.Semi.1:37,Wnone,SUB:SPN-S000000171730,spatial_inference_nearest_substation,37,37,3069.4,Westborough,1.0,0,0,37,0,0,0,0,0
C.Semi.1|Wnone|SUB:SPN-S000000171731,C.Semi.1,1,C.Semi.1:44,Wnone,SUB:SPN-S000000171731,spatial_inference_nearest_substation,44,44,3592.6,Westborough,1.0,0,0,44,0,0,0,0,0
C.Semi.1|Wnone|SUB:SPN-S000000171732,C.Semi.1,1,C.Semi.1:75,Wnone,SUB:SPN-S000000171732,spatial_inference_nearest_substation,75,75,5340.4,Westborough,1.0,1,1,72,0,0,0,0,1
C.Semi.1|Wnone|SUB:SPN-S000000171733,C.Semi.1,1,C.Semi.1:49,Wnone,SUB:SPN-S000000171733,spatial_inference_nearest_substation,49,49,3623.2,Westborough,1.0,0,0,49,0,0,0,0,0
C.Semi.1|Wnone|SUB:SPN-S000000171734,C.Semi.1,1,C.Semi.1:54,Wnone,SUB:SPN-S000000171734,spatial_inference_nearest_substation,54,54,5582.6,Stoughton South,1.0,0,0,54,0,0,0,0,0
C.Semi.1|Wnone|SUB:SPN-S000000171740,C.Semi.1,1,C.Semi.1:11,Wnone,SUB:SPN-S000000171740,spatial_inference_nearest_substation,10,11,856.8,Stoughton South,1.0,0,0,11,0,0,0,0,0
C.Semi.1|Wnone|SUB:SPN-S000000171741,C.Semi.1,1,C.Semi.1:84,Wnone,SUB:SPN-S000000171741,spatial_inference_nearest_substation,83,84,6104.6,Bellfields & Slyfield,1.0,0,0,84,0,0,0,0,0
C.Semi.1|Wnone|SUB:SPN-S000000171744,C.Semi.1,1,C.Semi.1:19,Wnone,SUB:SPN-S000000171744,spatial_inference_nearest_substation,19,19,2064.4,Stoughton South,1.0,0,1,18,0,0,0,0,0
C.Semi.1|Wnone|SUB:SPN-S000000171745,C.Semi.1,1,C.Semi.1:15,Wnone,SUB:SPN-S000000171745,spatial_inference_nearest_substation,15,15,1440.0,Stoughton North,1.0,0,0,15,0,0,0,0,0
C.Semi.1|Wnone|SUB:SPN-S000000171746,C.Semi.1,1,C.Semi.1:13,Wnone,SUB:SPN-S000000171746,spatial_inference_nearest_substation,13,13,1384.1,Stoughton North,1.0,1,0,12,0,0,0,0,0
C.Semi.1|Wnone|SUB:SPN-S000000171749,C.Semi.1,1,C.Semi.1:12,Wnone,SUB:SPN-S000000171749,spatial_inference_nearest_substation,12,12,1263.6,Stoughton North,1.0,1,0,11,0,0,0,0,0
C.Semi.1|Wnone|SUB:SPN-S000000171773,C.Semi.1,1,C.Semi.1:15,Wnone,SUB:SPN-S000000171773,spatial_inference_nearest_substation,15,15,1466.4,Stoughton South,1.0,0,1,14,0,0,0,0,0
C.Semi.1|Wnone|SUB:SPN-S000000171774,C.Semi.1,1,C.Semi.1:28,Wnone,SUB:SPN-S000000171774,spatial_inference_nearest_substation,28,28,2753.6,Stoughton South,1.0,0,0,28,0,0,0,0,0
C.Semi.1|Wnone|SUB:SPN-S000000171775,C.Semi.1,1,C.Semi.1:27,Wnone,SUB:SPN-S000000171775,spatial_inference_nearest_substation,27,27,2827.1,Stoughton South,1.0,0,0,26,0,0,1,0,0
C.Semi.1|Wnone|SUB:SPN-S000000171780,C.Semi.1,1,C.Semi.1:44,Wnone,SUB:SPN-S000000171780,spatial_inference_nearest_substation,44,44,3940.8,Stoughton South,1.0,0,1,43,0,0,0,0,0
C.Semi.1|Wnone|SUB:SPN-S000000171781,C.Semi.1,1,C.Semi.1:19,Wnone,SUB:SPN-S000000171781,spatial_inference_nearest_substation,19,19,2042.1,Stoughton South,1.0,0,0,19,0,0,0,0,0
C.Semi.1|Wnone|SUB:SPN-S000000171789,C.Semi.1,1,C.Semi.1:33,Wnone,SUB:SPN-S000000171789,spatial_inference_nearest_substation,33,33,3433.3,Westborough,1.0,0,0,31,0,2,0,0,0
C.Semi.1|Wnone|SUB:SPN-S000000171790,C.Semi.1,1,C.Semi.1:15,Wnone,SUB:SPN-S000000171790,spatial_inference_nearest_substation,15,15,1617.5,Westborough,1.0,0,1,14,0,0,0,0,0
C.Semi.1|Wnone|SUB:SPN-S000000171828,C.Semi.1,1,C.Semi.1:23,Wnone,SUB:SPN-S000000171828,spatial_inference_nearest_substation,23,23,2369.1,Stoughton South,1.0,0,0,22,0,0,1,0,0
C.Semi.1|Wnone|SUB:SPN-S000000171830,C.Semi.1,1,C.Semi.1:10,Wnone,SUB:SPN-S000000171830,spatial_inference_nearest_substation,10,10,980.7,Stoughton South,1.0,0,0,10,0,0,0,0,0
C.Semi.1|Wnone|SUB:SPN-S000000171832,C.Semi.1,1,C.Semi.1:47,Wnone,SUB:SPN-S000000171832,spatial_inference_nearest_substation,47,47,3564.4,Westborough,1.0,0,0,47,0,0,0,0,0
C.Semi.1|Wnone|SUB:SPN-S000000171833,C.Semi.1,1,C.Semi.1:34,Wnone,SUB:SPN-S000000171833,spatial_inference_nearest_substation,34,34,2818.7,Stoughton South,1.0,0,0,34,0,0,0,0,0
C.Semi.1|Wnone|SUB:SPN-S000000171834,C.Semi.1,1,C.Semi.1:12,Wnone,SUB:SPN-S000000171834,spatial_inference_nearest_substation,12,12,1341.9,Stoke,1.0,0,3,9,0,0,0,0,0
C.Semi.1|Wnone|SUB:SPN-S000000171840,C.Semi.1,1,C.Semi.1:15,Wnone,SUB:SPN-S000000171840,spatial_inference_nearest_substation,15,15,1929.9,Burpham,1.0,0,0,15,0,0,0,0,0
C.Semi.1|Wnone|SUB:SPN-S000000171849,C.Semi.1,1,C.Semi.1:17,Wnone,SUB:SPN-S000000171849,spatial_inference_nearest_substation,17,17,1754.4,Merrow,1.0,0,0,17,0,0,0,0,0
C.Semi.1|Wnone|SUB:SPN-S000000171850,C.Semi.1,1,C.Semi.1:13,Wnone,SUB:SPN-S000000171850,spatial_inference_nearest_substation,13,13,1856.8,Burpham,1.0,0,1,12,0,0,0,0,0
C.Semi.1|Wnone|SUB:SPN-S000000171851,C.Semi.1,1,C.Semi.1:50,Wnone,SUB:SPN-S000000171851,spatial_inference_nearest_substation,34,50,4879.9,Burpham,1.0,0,0,50,0,0,0,0,0
C.Semi.1|Wnone|SUB:SPN-S000000171853,C.Semi.1,1,C.Semi.1:16,Wnone,SUB:SPN-S000000171853,spatial_inference_nearest_substation,15,16,1568.3,Burpham,1.0,0,0,16,0,0,0,0,0
C.Semi.1|Wnone|SUB:SPN-S000000171857,C.Semi.1,1,C.Semi.1:63,Wnone,SUB:SPN-S000000171857,spatial_inference_nearest_substation,62,63,5237.1,Merrow,1.0,0,3,60,0,0,0,0,0
C.Semi.1|Wnone|SUB:SPN-S000000171858,C.Semi.1,1,C.Semi.1:14,Wnone,SUB:SPN-S000000171858,spatial_inference_nearest_substation,14,14,1291.1,Merrow,1.0,0,0,14,0,0,0,0,0
C.Semi.1|Wnone|SUB:SPN-S000000171859,C.Semi.1,1,C.Semi.1:93,Wnone,SUB:SPN-S000000171859,spatial_inference_nearest_substation,93,93,8561.5,Merrow,1.0,2,3,87,0,1,0,0,0
C.Semi.1|Wnone|SUB:SPN-S000000171860,C.Semi.1,1,C.Semi.1:63,Wnone,SUB:SPN-S000000171860,spatial_inference_nearest_substation,61,63,6000.8,Merrow,1.0,0,2,58,0,1,0,2,0
C.Semi.1|Wnone|SUB:SPN-S000000171861,C.Semi.1,1,C.Semi.1:12,Wnone,SUB:SPN-S000000171861,spatial_inference_nearest_substation,11,12,1294.7,Merrow,1.0,2,0,9,0,1,0,0,0
C.Semi.1|Wnone|SUB:SPN-S000000171864,C.Semi.1,1,C.Semi.1:12,Wnone,SUB:SPN-S000000171864,spatial_inference_nearest_substation,12,12,1097.8,Merrow,1.0,0,0,12,0,0,0,0,0
C.Semi.1|Wnone|SUB:SPN-S000000171887,C.Semi.1,1,C.Semi.1:12,Wnone,SUB:SPN-S000000171887,spatial_inference_nearest_substation,9,12,944.7,Merrow,1.0,0,1,11,0,0,0,0,0
C.Semi.1|Wnone|SUB:SPN-S000000171888,C.Semi.1,1,C.Semi.1:56,Wnone,SUB:SPN-S000000171888,spatial_inference_nearest_substation,55,56,4485.5,Merrow,1.0,0,2,54,0,0,0,0,0
C.Semi.1|Wnone|SUB:SPN-S000000173197,C.Semi.1,1,C.Semi.1:14,Wnone,SUB:SPN-S000000173197,spatial_inference_nearest_substation,14,14,1097.5,Stoughton North,1.0,0,0,14,0,0,0,0,0
C.Semi.1|Wnone|SUB:SPN-S000000173929,C.Semi.1,1,C.Semi.1:16,Wnone,SUB:SPN-S000000173929,spatial_inference_nearest_substation,16,16,1807.9,Burpham,1.0,0,0,15,0,1,0,0,0
C.Semi.1|Wnone|SUB:SPN-S000000173931,C.Semi.1,1,C.Semi.1:39,Wnone,SUB:SPN-S000000173931,spatial_inference_nearest_substation,36,39,3510.2,Stoughton North,1.0,1,0,37,1,0,0,0,0
C.Semi.1|Wnone|SUB:SPN-S000000174077,C.Semi.1,1,C.Semi.1:29,Wnone,SUB:SPN-S000000174077,spatial_inference_nearest_substation,29,29,2589.3,Onslow,1.0,0,0,28,0,0,1,0,0
C.Semi.1|Wnone|SUB:SPN-S000000174155,C.Semi.1,1,C.Semi.1:19,Wnone,SUB:SPN-S000000174155,spatial_inference_nearest_substation,19,19,2260.5,Merrow,1.0,0,1,18,0,0,0,0,0
C.Semi.1|Wnone|SUB:SPN-S000000174160,C.Semi.1,1,C.Semi.1:48,Wnone,SUB:SPN-S000000174160,spatial_inference_nearest_substation,48,48,4525.2,Westborough,1.0,0,0,46,0,1,0,0,1
C.Semi.1|Wnone|SUB:SPN-S000000174232,C.Semi.1,1,C.Semi.1:30,Wnone,SUB:SPN-S000000174232,spatial_inference_nearest_substation,30,30,2516.5,Westborough,1.0,0,1,29,0,0,0,0,0
C.Semi.1|Wnone|SUB:SPN-S000000174722,C.Semi.1,1,C.Semi.1:11,Wnone,SUB:SPN-S000000174722,spatial_inference_nearest_substation,11,11,995.2,Merrow,1.0,0,0,11,0,0,0,0,0
C.Semi.1|Wnone|SUB:SPN-S000000175224,C.Semi.1,1,C.Semi.1:43,Wnone,SUB:SPN-S000000175224,spatial_inference_nearest_substation,43,43,4731.7,Stoughton South,1.0,0,1,42,0,0,0,0,0
C.Semi.1|Wnone|SUB:SPN-S000000175228,C.Semi.1,1,C.Semi.1:27,Wnone,SUB:SPN-S000000175228,spatial_inference_nearest_substation,27,27,2798.6,Bellfields & Slyfield,1.0,0,0,27,0,0,0,0,0
C.Semi.1|Wnone|SUB:SPN-S000000181225,C.Semi.1,1,C.Semi.1:17,Wnone,SUB:SPN-S000000181225,spatial_inference_nearest_substation,17,17,1726.8,Stoughton North,1.0,0,0,16,0,0,0,1,0
C.Semi.1|Wnone|SUB:SPN-S000000181252,C.Semi.1,1,C.Semi.1:47,Wnone,SUB:SPN-S000000181252,spatial_inference_nearest_substation,47,47,3969.8,Westborough,1.0,0,0,47,0,0,0,0,0
C.Semi.1|Wnone|SUB:SPN-S000000181316,C.Semi.1,1,C.Semi.1:15,Wnone,SUB:SPN-S000000181316,spatial_inference_nearest_substation,15,15,1446.3,Bellfields & Slyfield,1.0,0,0,15,0,0,0,0,0
C.Semi.2|Wcav|LSOA:E01030421,C.Semi.2,1,C.Semi.2:20,Wcav,LSOA:E01030421,assumed_zone_lsoa,20,20,1699.0,,0.0,0,1,19,0,0,0,0,0
C.Semi.2|Wcav|LSOA:E01030422,C.Semi.2,1,C.Semi.2:42,Wcav,LSOA:E01030422,assumed_zone_lsoa,42,42,4026.8,,0.0,0,0,42,0,0,0,0,0
C.Semi.2|Wcav|LSOA:E01030423,C.Semi.2,1,C.Semi.2:20,Wcav,LSOA:E01030423,assumed_zone_lsoa,20,20,1713.1,,0.0,1,2,17,0,0,0,0,0
C.Semi.2|Wcav|LSOA:E01030424,C.Semi.2,1,C.Semi.2:45,Wcav,LSOA:E01030424,assumed_zone_lsoa,45,45,4771.9,,0.0,0,1,44,0,0,0,0,0
C.Semi.2|Wcav|LSOA:E01030425,C.Semi.2,1,C.Semi.2:24,Wcav,LSOA:E01030425,assumed_zone_lsoa,24,24,2138.9,,0.0,0,0,24,0,0,0,0,0
C.Semi.2|Wcav|LSOA:E01030426,C.Semi.2,1,C.Semi.2:23,Wcav,LSOA:E01030426,assumed_zone_lsoa,23,23,2471.3,,0.0,0,0,23,0,0,0,0,0
C.Semi.2|Wcav|LSOA:E01030427,C.Semi.2,1,C.Semi.2:42,Wcav,LSOA:E01030427,assumed_zone_lsoa,41,42,4075.2,,0.0,0,0,42,0,0,0,0,0
C.Semi.2|Wcav|LSOA:E01030428,C.Semi.2,1,C.Semi.2:32,Wcav,LSOA:E01030428,assumed_zone_lsoa,32,32,3238.3,,0.0,1,0,31,0,0,0,0,0
C.Semi.2|Wcav|LSOA:E01030429,C.Semi.2,1,C.Semi.2:18,Wcav,LSOA:E01030429,assumed_zone_lsoa,18,18,2046.8,,0.0,1,0,17,0,0,0,0,0
C.Semi.2|Wcav|LSOA:E01030430,C.Semi.2,1,C.Semi.2:33,Wcav,LSOA:E01030430,assumed_zone_lsoa,33,33,3290.4,,0.0,0,1,32,0,0,0,0,0
C.Semi.2|Wcav|LSOA:E01030431,C.Semi.2,1,C.Semi.2:62,Wcav,LSOA:E01030431,assumed_zone_lsoa,62,62,6125.4,,0.0,0,1,60,0,0,0,1,0
C.Semi.2|Wcav|LSOA:E01030432,C.Semi.2,1,C.Semi.2:51,Wcav,LSOA:E01030432,assumed_zone_lsoa,51,51,4881.5,,0.0,0,0,51,0,0,0,0,0
C.Semi.2|Wcav|LSOA:E01030433,C.Semi.2,1,C.Semi.2:32,Wcav,LSOA:E01030433,assumed_zone_lsoa,32,32,2993.4,,0.0,0,0,31,0,0,0,1,0
C.Semi.2|Wcav|LSOA:E01030440,C.Semi.2,1,C.Semi.2:19,Wcav,LSOA:E01030440,assumed_zone_lsoa,19,19,1967.0,,0.0,0,2,15,0,0,1,1,0
C.Semi.2|Wcav|LSOA:E01030441,C.Semi.2,1,C.Semi.2:27,Wcav,LSOA:E01030441,assumed_zone_lsoa,25,27,2962.5,,0.0,0,1,22,0,0,0,4,0
C.Semi.2|Wcav|LSOA:E01030443,C.Semi.2,1,C.Semi.2:17,Wcav,LSOA:E01030443,assumed_zone_lsoa,17,17,2570.7,,0.0,0,0,17,0,0,0,0,0
C.Semi.2|Wcav|LSOA:E01030444,C.Semi.2,1,C.Semi.2:25,Wcav,LSOA:E01030444,assumed_zone_lsoa,25,25,2954.5,,0.0,0,0,25,0,0,0,0,0
C.Semi.2|Wcav|LSOA:E01030447,C.Semi.2,1,C.Semi.2:47,Wcav,LSOA:E01030447,assumed_zone_lsoa,47,47,5078.1,,0.0,0,0,47,0,0,0,0,0
C.Semi.2|Wcav|LSOA:E01030458,C.Semi.2,1,C.Semi.2:37,Wcav,LSOA:E01030458,assumed_zone_lsoa,37,37,4355.7,,0.0,3,1,19,1,1,0,12,0
C.Semi.2|Wcav|LSOA:E01030459,C.Semi.2,1,C.Semi.2:24,Wcav,LSOA:E01030459,assumed_zone_lsoa,24,24,2417.1,,0.0,0,0,23,0,0,0,1,0
C.Semi.2|Wcav|LSOA:E01030465,C.Semi.2,1,C.Semi.2:40,Wcav,LSOA:E01030465,assumed_zone_lsoa,40,40,3191.9,,0.0,0,1,35,0,0,1,2,1
C.Semi.2|Wcav|LSOA:E01030466,C.Semi.2,1,C.Semi.2:26,Wcav,LSOA:E01030466,assumed_zone_lsoa,26,26,3299.9,,0.0,1,1,21,0,0,2,1,0
C.Semi.2|Wcav|LSOA:E01030471,C.Semi.2,1,C.Semi.2:19,Wcav,LSOA:E01030471,assumed_zone_lsoa,19,19,2351.2,,0.0,1,0,14,0,0,2,2,0
C.Semi.2|Wcav|LSOA:E01030472,C.Semi.2,1,C.Semi.2:27,Wcav,LSOA:E01030472,assumed_zone_lsoa,27,27,2865.2,,0.0,1,1,22,0,0,0,3,0
C.Semi.2|Wcav|LSOA:E01030473,C.Semi.2,1,C.Semi.2:56,Wcav,LSOA:E01030473,assumed_zone_lsoa,56,56,6766.1,,0.0,0,0,53,0,2,0,1,0
C.Semi.2|Wcav|LSOA:E01030475,C.Semi.2,1,C.Semi.2:24,Wcav,LSOA:E01030475,assumed_zone_lsoa,24,24,2545.3,,0.0,0,0,23,0,0,0,1,0
C.Semi.2|Wcav|LSOA:E01030476,C.Semi.2,1,C.Semi.2:26,Wcav,LSOA:E01030476,assumed_zone_lsoa,26,26,2502.2,,0.0,0,0,26,0,0,0,0,0
C.Semi.2|Wcav|LSOA:E01030477,C.Semi.2,1,C.Semi.2:40,Wcav,LSOA:E01030477,assumed_zone_lsoa,40,40,3853.1,,0.0,0,0,39,0,0,1,0,0
C.Semi.2|Wcav|LSOA:E01030478,C.Semi.2,1,C.Semi.2:45,Wcav,LSOA:E01030478,assumed_zone_lsoa,45,45,4704.7,,0.0,2,2,39,0,0,2,0,0
C.Semi.2|Wcav|LSOA:E01030479,C.Semi.2,1,C.Semi.2:50,Wcav,LSOA:E01030479,assumed_zone_lsoa,50,50,5573.3,,0.0,0,0,50,0,0,0,0,0
C.Semi.2|Wcav|LSOA:E01030480,C.Semi.2,1,C.Semi.2:25,Wcav,LSOA:E01030480,assumed_zone_lsoa,25,25,3447.3,,0.0,1,0,24,0,0,0,0,0
C.Semi.2|Wcav|LSOA:E01030490,C.Semi.2,1,C.Semi.2:23,Wcav,LSOA:E01030490,assumed_zone_lsoa,22,23,2810.7,,0.0,0,1,12,1,0,1,8,0
C.Semi.2|Wcav|LSOA:E01030491,C.Semi.2,1,C.Semi.2:27,Wcav,LSOA:E01030491,assumed_zone_lsoa,27,27,2978.8,,0.0,2,1,23,0,0,0,1,0
C.Semi.2|Wcav|LSOA:E01030492,C.Semi.2,1,C.Semi.2:38,Wcav,LSOA:E01030492,assumed_zone_lsoa,38,38,3857.1,,0.0,0,1,27,0,0,3,7,0
C.Semi.2|Wcav|LSOA:E01030499,C.Semi.2,1,C.Semi.2:86,Wcav,LSOA:E01030499,assumed_zone_lsoa,86,86,8594.1,,0.0,0,2,84,0,0,0,0,0
C.Semi.2|Wcav|LSOA:E01030500,C.Semi.2,1,C.Semi.2:61,Wcav,LSOA:E01030500,assumed_zone_lsoa,61,61,6518.9,,0.0,0,1,60,0,0,0,0,0
C.Semi.2|Wcav|LSOA:E01030501,C.Semi.2,1,C.Semi.2:28,Wcav,LSOA:E01030501,assumed_zone_lsoa,28,28,3129.4,,0.0,0,0,24,0,0,1,3,0
C.Semi.2|Wcav|LSOA:E01030502,C.Semi.2,1,C.Semi.2:28,Wcav,LSOA:E01030502,assumed_zone_lsoa,28,28,2811.4,,0.0,0,0,28,0,0,0,0,0
C.Semi.2|Wcav|LSOA:E01030503,C.Semi.2,1,C.Semi.2:14,Wcav,LSOA:E01030503,assumed_zone_lsoa,14,14,2235.9,,0.0,0,0,14,0,0,0,0,0
C.Semi.2|Wcav|LSOA:E01030504,C.Semi.2,1,C.Semi.2:63,Wcav,LSOA:E01030504,assumed_zone_lsoa,63,63,5991.6,,0.0,1,0,61,0,0,0,1,0
C.Semi.2|Wcav|SUB:SPN-R000000852116-000-001Z,C.Semi.2,1,C.Semi.2:14,Wcav,SUB:SPN-R000000852116-000-001Z,spatial_inference_nearest_substation,14,14,1538.9,Stoughton South,1.0,0,2,12,0,0,0,0,0
C.Semi.2|Wcav|SUB:SPN-S000000171610,C.Semi.2,1,C.Semi.2:19,Wcav,SUB:SPN-S000000171610,spatial_inference_nearest_substation,19,19,1966.2,Onslow,1.0,0,0,18,0,1,0,0,0
C.Semi.2|Wcav|SUB:SPN-S000000171611,C.Semi.2,1,C.Semi.2:25,Wcav,SUB:SPN-S000000171611,spatial_inference_nearest_substation,25,25,2404.6,Westborough,1.0,0,0,25,0,0,0,0,0
C.Semi.2|Wcav|SUB:SPN-S000000171616,C.Semi.2,1,C.Semi.2:30,Wcav,SUB:SPN-S000000171616,spatial_inference_nearest_substation,30,30,2646.3,Onslow,1.0,1,0,29,0,0,0,0,0
C.Semi.2|Wcav|SUB:SPN-S000000171617,C.Semi.2,1,C.Semi.2:29,Wcav,SUB:SPN-S000000171617,spatial_inference_nearest_substation,28,29,2642.9,Onslow,1.0,0,0,29,0,0,0,0,0
C.Semi.2|Wcav|SUB:SPN-S000000171618,C.Semi.2,1,C.Semi.2:29,Wcav,SUB:SPN-S000000171618,spatial_inference_nearest_substation,29,29,3295.0,Onslow,1.0,1,0,28,0,0,0,0,0
C.Semi.2|Wcav|SUB:SPN-S000000171619,C.Semi.2,1,C.Semi.2:19,Wcav,SUB:SPN-S000000171619,spatial_inference_nearest_substation,19,19,2001.5,Onslow,1.0,0,1,18,0,0,0,0,0
C.Semi.2|Wcav|SUB:SPN-S000000171621,C.Semi.2,1,C.Semi.2:13,Wcav,SUB:SPN-S000000171621,spatial_inference_nearest_substation,13,13,1299.1,Onslow,1.0,0,0,12,0,0,0,0,1
C.Semi.2|Wcav|SUB:SPN-S000000171624,C.Semi.2,1,C.Semi.2:13,Wcav,SUB:SPN-S000000171624,spatial_inference_nearest_substation,13,13,1442.2,Onslow,1.0,0,0,13,0,0,0,0,0
C.Semi.2|Wcav|SUB:SPN-S000000171625,C.Semi.2,1,C.Semi.2:29,Wcav,SUB:SPN-S000000171625,spatial_inference_nearest_substation,29,29,3530.3,Onslow,1.0,0,0,29,0,0,0,0,0
C.Semi.2|Wcav|SUB:SPN-S000000171630,C.Semi.2,1,C.Semi.2:27,Wcav,SUB:SPN-S000000171630,spatial_inference_nearest_substation,27,27,2484.0,Westborough,1.0,0,0,27,0,0,0,0,0
C.Semi.2|Wcav|SUB:SPN-S000000171631,C.Semi.2,1,C.Semi.2:23,Wcav,SUB:SPN-S000000171631,spatial_inference_nearest_substation,22,23,1712.0,Westborough,1.0,0,0,23,0,0,0,0,0
C.Semi.2|Wcav|SUB:SPN-S000000171633,C.Semi.2,1,C.Semi.2:17,Wcav,SUB:SPN-S000000171633,spatial_inference_nearest_substation,17,17,1595.2,Westborough,1.0,0,1,15,0,0,1,0,0
C.Semi.2|Wcav|SUB:SPN-S000000171634,C.Semi.2,1,C.Semi.2:15,Wcav,SUB:SPN-S000000171634,spatial_inference_nearest_substation,15,15,1353.9,Westborough,1.0,0,0,15,0,0,0,0,0
C.Semi.2|Wcav|SUB:SPN-S000000171635,C.Semi.2,1,C.Semi.2:17,Wcav,SUB:SPN-S000000171635,spatial_inference_nearest_substation,17,17,1370.3,Westborough,1.0,0,1,15,0,1,0,0,0
C.Semi.2|Wcav|SUB:SPN-S000000171636,C.Semi.2,1,C.Semi.2:16,Wcav,SUB:SPN-S000000171636,spatial_inference_nearest_substation,16,16,1434.9,Westborough,1.0,0,0,16,0,0,0,0,0
C.Semi.2|Wcav|SUB:SPN-S000000171637,C.Semi.2,1,C.Semi.2:14,Wcav,SUB:SPN-S000000171637,spatial_inference_nearest_substation,14,14,1305.8,Westborough,1.0,1,0,13,0,0,0,0,0
C.Semi.2|Wcav|SUB:SPN-S000000171647,C.Semi.2,1,C.Semi.2:12,Wcav,SUB:SPN-S000000171647,spatial_inference_nearest_substation,12,12,1168.7,Westborough,1.0,0,0,12,0,0,0,0,0
C.Semi.2|Wcav|SUB:SPN-S000000171695,C.Semi.2,1,C.Semi.2:15,Wcav,SUB:SPN-S000000171695,spatial_inference_nearest_substation,15,15,1490.9,Bellfields & Slyfield,1.0,0,1,14,0,0,0,0,0
C.Semi.2|Wcav|SUB:SPN-S000000171696,C.Semi.2,1,C.Semi.2:13,Wcav,SUB:SPN-S000000171696,spatial_inference_nearest_substation,13,13,1288.2,Bellfields & Slyfield,1.0,0,0,13,0,0,0,0,0
C.Semi.2|Wcav|SUB:SPN-S000000171698,C.Semi.2,1,C.Semi.2:17,Wcav,SUB:SPN-S000000171698,spatial_inference_nearest_substation,17,17,1601.6,Bellfields & Slyfield,1.0,0,0,17,0,0,0,0,0
C.Semi.2|Wcav|SUB:SPN-S000000171700,C.Semi.2,1,C.Semi.2:30,Wcav,SUB:SPN-S000000171700,spatial_inference_nearest_substation,30,30,3008.9,Bellfields & Slyfield,1.0,0,0,30,0,0,0,0,0
C.Semi.2|Wcav|SUB:SPN-S000000171712,C.Semi.2,1,C.Semi.2:11,Wcav,SUB:SPN-S000000171712,spatial_inference_nearest_substation,11,11,1160.3,Merrow,1.0,0,0,11,0,0,0,0,0
C.Semi.2|Wcav|SUB:SPN-S000000171713,C.Semi.2,1,C.Semi.2:15,Wcav,SUB:SPN-S000000171713,spatial_inference_nearest_substation,15,15,1370.1,Merrow,1.0,1,0,14,0,0,0,0,0
C.Semi.2|Wcav|SUB:SPN-S000000171719,C.Semi.2,1,C.Semi.2:24,Wcav,SUB:SPN-S000000171719,spatial_inference_nearest_substation,24,24,2177.4,Bellfields & Slyfield,1.0,0,0,21,0,0,0,0,3
C.Semi.2|Wcav|SUB:SPN-S000000171720,C.Semi.2,1,C.Semi.2:12,Wcav,SUB:SPN-S000000171720,spatial_inference_nearest_substation,12,12,1135.0,Bellfields & Slyfield,1.0,0,0,12,0,0,0,0,0
C.Semi.2|Wcav|SUB:SPN-S000000171721,C.Semi.2,1,C.Semi.2:13,Wcav,SUB:SPN-S000000171721,spatial_inference_nearest_substation,13,13,1368.1,Bellfields & Slyfield,1.0,0,0,12,0,0,0,1,0
C.Semi.2|Wcav|SUB:SPN-S000000171722,C.Semi.2,1,C.Semi.2:21,Wcav,SUB:SPN-S000000171722,spatial_inference_nearest_substation,21,21,2458.5,Bellfields & Slyfield,1.0,0,0,21,0,0,0,0,0
C.Semi.2|Wcav|SUB:SPN-S000000171723,C.Semi.2,1,C.Semi.2:15,Wcav,SUB:SPN-S000000171723,spatial_inference_nearest_substation,15,15,1608.9,Bellfields & Slyfield,1.0,0,0,14,0,0,0,1,0
C.Semi.2|Wcav|SUB:SPN-S000000171724,C.Semi.2,1,C.Semi.2:14,Wcav,SUB:SPN-S000000171724,spatial_inference_nearest_substation,14,14,1536.3,Bellfields & Slyfield,1.0,0,0,14,0,0,0,0,0
C.Semi.2|Wcav|SUB:SPN-S000000171725,C.Semi.2,1,C.Semi.2:23,Wcav,SUB:SPN-S000000171725,spatial_inference_nearest_substation,23,23,2519.7,Bellfields & Slyfield,1.0,1,0,22,0,0,0,0,0
C.Semi.2|Wcav|SUB:SPN-S000000171730,C.Semi.2,1,C.Semi.2:15,Wcav,SUB:SPN-S000000171730,spatial_inference_nearest_substation,15,15,1203.3,Westborough,1.0,0,0,15,0,0,0,0,0
C.Semi.2|Wcav|SUB:SPN-S000000171731,C.Semi.2,1,C.Semi.2:15,Wcav,SUB:SPN-S000000171731,spatial_inference_nearest_substation,15,15,1199.4,Westborough,1.0,0,0,15,0,0,0,0,0
C.Semi.2|Wcav|SUB:SPN-S000000171732,C.Semi.2,1,C.Semi.2:32,Wcav,SUB:SPN-S000000171732,spatial_inference_nearest_substation,32,32,2136.1,Westborough,1.0,0,0,31,0,1,0,0,0
C.Semi.2|Wcav|SUB:SPN-S000000171733,C.Semi.2,1,C.Semi.2:20,Wcav,SUB:SPN-S000000171733,spatial_inference_nearest_substation,20,20,1755.6,Stoughton South,1.0,0,0,19,0,0,1,0,0
C.Semi.2|Wcav|SUB:SPN-S000000171734,C.Semi.2,1,C.Semi.2:33,Wcav,SUB:SPN-S000000171734,spatial_inference_nearest_substation,33,33,3102.4,Stoughton South,1.0,0,1,32,0,0,0,0,0
C.Semi.2|Wcav|SUB:SPN-S000000171741,C.Semi.2,1,C.Semi.2:14,Wcav,SUB:SPN-S000000171741,spatial_inference_nearest_substation,14,14,1255.2,Bellfields & Slyfield,1.0,0,1,13,0,0,0,0,0
C.Semi.2|Wcav|SUB:SPN-S000000171744,C.Semi.2,1,C.Semi.2:29,Wcav,SUB:SPN-S000000171744,spatial_inference_nearest_substation,29,29,2659.5,Stoughton South,1.0,0,0,29,0,0,0,0,0
C.Semi.2|Wcav|SUB:SPN-S000000171745,C.Semi.2,1,C.Semi.2:15,Wcav,SUB:SPN-S000000171745,spatial_inference_nearest_substation,15,15,1359.4,Stoughton North,1.0,0,0,15,0,0,0,0,0
C.Semi.2|Wcav|SUB:SPN-S000000171746,C.Semi.2,1,C.Semi.2:14,Wcav,SUB:SPN-S000000171746,spatial_inference_nearest_substation,14,14,1657.8,Stoughton North,1.0,0,0,14,0,0,0,0,0
C.Semi.2|Wcav|SUB:SPN-S000000171749,C.Semi.2,1,C.Semi.2:10,Wcav,SUB:SPN-S000000171749,spatial_inference_nearest_substation,10,10,938.5,Stoughton North,1.0,0,0,10,0,0,0,0,0
C.Semi.2|Wcav|SUB:SPN-S000000171773,C.Semi.2,1,C.Semi.2:12,Wcav,SUB:SPN-S000000171773,spatial_inference_nearest_substation,12,12,1048.0,Stoughton South,1.0,0,0,12,0,0,0,0,0
C.Semi.2|Wcav|SUB:SPN-S000000171774,C.Semi.2,1,C.Semi.2:11,Wcav,SUB:SPN-S000000171774,spatial_inference_nearest_substation,11,11,1321.4,Stoughton South,1.0,0,0,11,0,0,0,0,0
C.Semi.2|Wcav|SUB:SPN-S000000171775,C.Semi.2,1,C.Semi.2:22,Wcav,SUB:SPN-S000000171775,spatial_inference_nearest_substation,22,22,2339.5,Stoughton South,1.0,0,0,22,0,0,0,0,0
C.Semi.2|Wcav|SUB:SPN-S000000171780,C.Semi.2,1,C.Semi.2:64,Wcav,SUB:SPN-S000000171780,spatial_inference_nearest_substation,64,64,5764.5,Stoughton South,1.0,0,0,64,0,0,0,0,0
C.Semi.2|Wcav|SUB:SPN-S000000171781,C.Semi.2,1,C.Semi.2:11,Wcav,SUB:SPN-S000000171781,spatial_inference_nearest_substation,11,11,1205.2,Stoughton South,1.0,0,0,11,0,0,0,0,0
C.Semi.2|Wcav|SUB:SPN-S000000171789,C.Semi.2,1,C.Semi.2:36,Wcav,SUB:SPN-S000000171789,spatial_inference_nearest_substation,36,36,3394.0,Westborough,1.0,0,1,35,0,0,0,0,0
C.Semi.2|Wcav|SUB:SPN-S000000171790,C.Semi.2,1,C.Semi.2:23,Wcav,SUB:SPN-S000000171790,spatial_inference_nearest_substation,23,23,2526.7,Westborough,1.0,1,1,21,0,0,0,0,0
C.Semi.2|Wcav|SUB:SPN-S000000171828,C.Semi.2,1,C.Semi.2:22,Wcav,SUB:SPN-S000000171828,spatial_inference_nearest_substation,22,22,2512.3,Stoughton South,1.0,0,0,22,0,0,0,0,0
C.Semi.2|Wcav|SUB:SPN-S000000171830,C.Semi.2,1,C.Semi.2:15,Wcav,SUB:SPN-S000000171830,spatial_inference_nearest_substation,15,15,1404.5,Stoughton South,1.0,2,0,13,0,0,0,0,0
C.Semi.2|Wcav|SUB:SPN-S000000171832,C.Semi.2,1,C.Semi.2:37,Wcav,SUB:SPN-S000000171832,spatial_inference_nearest_substation,37,37,2901.8,Westborough,1.0,0,0,37,0,0,0,0,0
C.Semi.2|Wcav|SUB:SPN-S000000171833,C.Semi.2,1,C.Semi.2:29,Wcav,SUB:SPN-S000000171833,spatial_inference_nearest_substation,29,29,2333.3,Stoughton South,1.0,0,0,29,0,0,0,0,0
C.Semi.2|Wcav|SUB:SPN-S000000171834,C.Semi.2,1,C.Semi.2:13,Wcav,SUB:SPN-S000000171834,spatial_inference_nearest_substation,13,13,1369.6,Stoke,1.0,0,0,13,0,0,0,0,0
C.Semi.2|Wcav|SUB:SPN-S000000171840,C.Semi.2,1,C.Semi.2:14,Wcav,SUB:SPN-S000000171840,spatial_inference_nearest_substation,14,14,1403.7,Burpham,1.0,0,0,14,0,0,0,0,0
C.Semi.2|Wcav|SUB:SPN-S000000171851,C.Semi.2,1,C.Semi.2:23,Wcav,SUB:SPN-S000000171851,spatial_inference_nearest_substation,20,23,2521.1,Burpham,1.0,0,0,23,0,0,0,0,0
C.Semi.2|Wcav|SUB:SPN-S000000171857,C.Semi.2,1,C.Semi.2:25,Wcav,SUB:SPN-S000000171857,spatial_inference_nearest_substation,25,25,2263.7,Merrow,1.0,0,0,24,0,0,1,0,0
C.Semi.2|Wcav|SUB:SPN-S000000171864,C.Semi.2,1,C.Semi.2:11,Wcav,SUB:SPN-S000000171864,spatial_inference_nearest_substation,11,11,1374.2,Merrow,1.0,0,0,11,0,0,0,0,0
C.Semi.2|Wcav|SUB:SPN-S000000173197,C.Semi.2,1,C.Semi.2:14,Wcav,SUB:SPN-S000000173197,spatial_inference_nearest_substation,14,14,1319.4,Stoughton North,1.0,0,1,13,0,0,0,0,0
C.Semi.2|Wcav|SUB:SPN-S000000173929,C.Semi.2,1,C.Semi.2:11,Wcav,SUB:SPN-S000000173929,spatial_inference_nearest_substation,11,11,1132.5,Burpham,1.0,0,0,11,0,0,0,0,0
C.Semi.2|Wcav|SUB:SPN-S000000173931,C.Semi.2,1,C.Semi.2:29,Wcav,SUB:SPN-S000000173931,spatial_inference_nearest_substation,29,29,2339.7,Stoughton North,1.0,0,0,29,0,0,0,0,0
C.Semi.2|Wcav|SUB:SPN-S000000174077,C.Semi.2,1,C.Semi.2:18,Wcav,SUB:SPN-S000000174077,spatial_inference_nearest_substation,18,18,1831.4,Onslow,1.0,0,0,18,0,0,0,0,0
C.Semi.2|Wcav|SUB:SPN-S000000174160,C.Semi.2,1,C.Semi.2:19,Wcav,SUB:SPN-S000000174160,spatial_inference_nearest_substation,19,19,2102.1,Westborough,1.0,1,0,18,0,0,0,0,0
C.Semi.2|Wcav|SUB:SPN-S000000175224,C.Semi.2,1,C.Semi.2:26,Wcav,SUB:SPN-S000000175224,spatial_inference_nearest_substation,26,26,2611.9,Stoughton South,1.0,0,0,26,0,0,0,0,0
C.Semi.2|Wcav|SUB:SPN-S000000175228,C.Semi.2,1,C.Semi.2:12,Wcav,SUB:SPN-S000000175228,spatial_inference_nearest_substation,12,12,1551.6,Bellfields & Slyfield,1.0,0,0,12,0,0,0,0,0
C.Semi.2|Wcav|SUB:SPN-S000000181225,C.Semi.2,1,C.Semi.2:11,Wcav,SUB:SPN-S000000181225,spatial_inference_nearest_substation,11,11,1140.9,Stoughton North,1.0,0,1,9,0,0,0,0,1
C.Semi.2|Wcav|SUB:SPN-S000000181252,C.Semi.2,1,C.Semi.2:51,Wcav,SUB:SPN-S000000181252,spatial_inference_nearest_substation,51,51,4090.1,Westborough,1.0,0,0,51,0,0,0,0,0
C.Semi.3|Wsol|LSOA:E01030422,C.Semi.3,1,C.Semi.3:13,Wsol,LSOA:E01030422,assumed_zone_lsoa,13,13,1131.3,,0.0,0,2,11,0,0,0,0,0
C.Semi.3|Wsol|LSOA:E01030423,C.Semi.3,1,C.Semi.3:19,Wsol,LSOA:E01030423,assumed_zone_lsoa,19,19,1725.9,,0.0,0,0,16,0,0,0,3,0
C.Semi.3|Wsol|LSOA:E01030424,C.Semi.3,1,C.Semi.3:10,Wsol,LSOA:E01030424,assumed_zone_lsoa,9,10,1046.7,,0.0,1,0,9,0,0,0,0,0
C.Semi.3|Wsol|LSOA:E01030427,C.Semi.3,1,C.Semi.3:14,Wsol,LSOA:E01030427,assumed_zone_lsoa,14,14,1280.0,,0.0,0,0,14,0,0,0,0,0
C.Semi.3|Wsol|LSOA:E01030428,C.Semi.3,1,C.Semi.3:17,Wsol,LSOA:E01030428,assumed_zone_lsoa,16,17,1835.9,,0.0,0,0,17,0,0,0,0,0
C.Semi.3|Wsol|LSOA:E01030429,C.Semi.3,1,C.Semi.3:13,Wsol,LSOA:E01030429,assumed_zone_lsoa,13,13,1228.5,,0.0,0,0,13,0,0,0,0,0
C.Semi.3|Wsol|LSOA:E01030430,C.Semi.3,1,C.Semi.3:23,Wsol,LSOA:E01030430,assumed_zone_lsoa,23,23,2121.7,,0.0,0,0,22,0,0,0,0,1
C.Semi.3|Wsol|LSOA:E01030431,C.Semi.3,1,C.Semi.3:23,Wsol,LSOA:E01030431,assumed_zone_lsoa,23,23,2302.4,,0.0,1,1,21,0,0,0,0,0
C.Semi.3|Wsol|LSOA:E01030440,C.Semi.3,1,C.Semi.3:26,Wsol,LSOA:E01030440,assumed_zone_lsoa,25,26,2732.0,,0.0,0,0,17,0,1,3,5,0
C.Semi.3|Wsol|LSOA:E01030441,C.Semi.3,1,C.Semi.3:20,Wsol,LSOA:E01030441,assumed_zone_lsoa,20,20,2196.9,,0.0,0,0,19,0,0,0,1,0
C.Semi.3|Wsol|LSOA:E01030443,C.Semi.3,1,C.Semi.3:15,Wsol,LSOA:E01030443,assumed_zone_lsoa,15,15,1608.9,,0.0,0,0,14,0,0,0,1,0
C.Semi.3|Wsol|LSOA:E01030444,C.Semi.3,1,C.Semi.3:19,Wsol,LSOA:E01030444,assumed_zone_lsoa,19,19,2193.0,,0.0,0,0,18,0,0,0,0,1
C.Semi.3|Wsol|LSOA:E01030458,C.Semi.3,1,C.Semi.3:35,Wsol,LSOA:E01030458,assumed_zone_lsoa,34,35,4029.1,,0.0,0,0,12,0,1,4,18,0
C.Semi.3|Wsol|LSOA:E01030459,C.Semi.3,1,C.Semi.3:28,Wsol,LSOA:E01030459,assumed_zone_lsoa,26,28,2533.7,,0.0,0,0,26,0,0,0,2,0
C.Semi.3|Wsol|LSOA:E01030465,C.Semi.3,1,C.Semi.3:24,Wsol,LSOA:E01030465,assumed_zone_lsoa,24,24,2156.9,,0.0,0,2,20,0,0,0,2,0
C.Semi.3|Wsol|LSOA:E01030466,C.Semi.3,1,C.Semi.3:15,Wsol,LSOA:E01030466,assumed_zone_lsoa,15,15,1429.8,,0.0,0,0,15,0,0,0,0,0
C.Semi.3|Wsol|LSOA:E01030471,C.Semi.3,1,C.Semi.3:35,Wsol,LSOA:E01030471,assumed_zone_lsoa,32,35,4710.5,,0.0,0,1,30,1,0,0,2,1
C.Semi.3|Wsol|LSOA:E01030472,C.Semi.3,1,C.Semi.3:23,Wsol,LSOA:E01030472,assumed_zone_lsoa,23,23,2271.2,,0.0,0,2,13,0,1,1,6,0
C.Semi.3|Wsol|LSOA:E01030473,C.Semi.3,1,C.Semi.3:33,Wsol,LSOA:E01030473,assumed_zone_lsoa,32,33,3971.1,,0.0,1,0,28,0,0,0,4,0
C.Semi.3|Wsol|LSOA:E01030475,C.Semi.3,1,C.Semi.3:10,Wsol,LSOA:E01030475,assumed_zone_lsoa,10,10,1423.9,,0.0,0,0,10,0,0,0,0,0
C.Semi.3|Wsol|LSOA:E01030477,C.Semi.3,1,C.Semi.3:37,Wsol,LSOA:E01030477,assumed_zone_lsoa,37,37,3742.7,,0.0,0,1,35,0,0,1,0,0
C.Semi.3|Wsol|LSOA:E01030478,C.Semi.3,1,C.Semi.3:30,Wsol,LSOA:E01030478,assumed_zone_lsoa,30,30,3516.9,,0.0,1,1,19,0,1,4,4,0
C.Semi.3|Wsol|LSOA:E01030479,C.Semi.3,1,C.Semi.3:46,Wsol,LSOA:E01030479,assumed_zone_lsoa,46,46,5202.5,,0.0,0,0,42,0,1,0,2,1
C.Semi.3|Wsol|LSOA:E01030480,C.Semi.3,1,C.Semi.3:31,Wsol,LSOA:E01030480,assumed_zone_lsoa,30,31,3267.7,,0.0,2,0,29,0,0,0,0,0
C.Semi.3|Wsol|LSOA:E01030490,C.Semi.3,1,C.Semi.3:32,Wsol,LSOA:E01030490,assumed_zone_lsoa,31,32,3565.8,,0.0,1,1,16,0,0,4,10,0
C.Semi.3|Wsol|LSOA:E01030491,C.Semi.3,1,C.Semi.3:48,Wsol,LSOA:E01030491,assumed_zone_lsoa,48,48,5751.9,,0.0,2,0,39,0,0,3,3,1
C.Semi.3|Wsol|LSOA:E01030492,C.Semi.3,1,C.Semi.3:49,Wsol,LSOA:E01030492,assumed_zone_lsoa,49,49,5282.2,,0.0,3,1,25,0,2,1,16,1
C.Semi.3|Wsol|LSOA:E01030499,C.Semi.3,1,C.Semi.3:12,Wsol,LSOA:E01030499,assumed_zone_lsoa,12,12,1163.2,,0.0,0,0,11,0,0,1,0,0
C.Semi.3|Wsol|LSOA:E01030500,C.Semi.3,1,C.Semi.3:21,Wsol,LSOA:E01030500,assumed_zone_lsoa,21,21,2484.4,,0.0,0,0,19,0,1,0,1,0
C.Semi.3|Wsol|LSOA:E01030501,C.Semi.3,1,C.Semi.3:21,Wsol,LSOA:E01030501,assumed_zone_lsoa,21,21,2244.7,,0.0,0,0,17,0,0,0,4,0
C.Semi.3|Wsol|LSOA:E01030502,C.Semi.3,1,C.Semi.3:17,Wsol,LSOA:E01030502,assumed_zone_lsoa,17,17,2153.9,,0.0,0,0,17,0,0,0,0,0
C.Semi.3|Wsol|SUB:SPN-S000000171610,C.Semi.3,1,C.Semi.3:53,Wsol,SUB:SPN-S000000171610,spatial_inference_nearest_substation,53,53,4595.1,Onslow,1.0,0,0,52,0,0,1,0,0
C.Semi.3|Wsol|SUB:SPN-S000000171617,C.Semi.3,1,C.Semi.3:14,Wsol,SUB:SPN-S000000171617,spatial_inference_nearest_substation,14,14,1272.0,Onslow,1.0,0,0,14,0,0,0,0,0
C.Semi.3|Wsol|SUB:SPN-S000000171618,C.Semi.3,1,C.Semi.3:35,Wsol,SUB:SPN-S000000171618,spatial_inference_nearest_substation,35,35,3482.0,Onslow,1.0,0,0,35,0,0,0,0,0
C.Semi.3|Wsol|SUB:SPN-S000000171619,C.Semi.3,1,C.Semi.3:13,Wsol,SUB:SPN-S000000171619,spatial_inference_nearest_substation,13,13,1325.1,Onslow,1.0,0,0,13,0,0,0,0,0
C.Semi.3|Wsol|SUB:SPN-S000000171621,C.Semi.3,1,C.Semi.3:21,Wsol,SUB:SPN-S000000171621,spatial_inference_nearest_substation,21,21,2188.7,Onslow,1.0,0,0,21,0,0,0,0,0
C.Semi.3|Wsol|SUB:SPN-S000000171625,C.Semi.3,1,C.Semi.3:17,Wsol,SUB:SPN-S000000171625,spatial_inference_nearest_substation,17,17,1940.2,Onslow,1.0,0,0,17,0,0,0,0,0
C.Semi.3|Wsol|SUB:SPN-S000000171674,C.Semi.3,1,C.Semi.3:11,Wsol,SUB:SPN-S000000171674,spatial_inference_nearest_substation,11,11,1317.3,St Nicolas,1.0,0,0,10,0,0,0,1,0
C.Semi.3|Wsol|SUB:SPN-S000000171686,C.Semi.3,1,C.Semi.3:36,Wsol,SUB:SPN-S000000171686,spatial_inference_nearest_substation,36,36,3589.1,Stoke,1.0,0,0,36,0,0,0,0,0
C.Semi.3|Wsol|SUB:SPN-S000000171695,C.Semi.3,1,C.Semi.3:14,Wsol,SUB:SPN-S000000171695,spatial_inference_nearest_substation,14,14,1309.0,Bellfields & Slyfield,1.0,0,0,14,0,0,0,0,0
C.Semi.3|Wsol|SUB:SPN-S000000171712,C.Semi.3,1,C.Semi.3:19,Wsol,SUB:SPN-S000000171712,spatial_inference_nearest_substation,19,19,1682.1,Merrow,1.0,0,0,19,0,0,0,0,0
C.Semi.3|Wsol|SUB:SPN-S000000171713,C.Semi.3,1,C.Semi.3:13,Wsol,SUB:SPN-S000000171713,spatial_inference_nearest_substation,13,13,1069.4,Merrow,1.0,0,0,13,0,0,0,0,0
C.Semi.3|Wsol|SUB:SPN-S000000171720,C.Semi.3,1,C.Semi.3:10,Wsol,SUB:SPN-S000000171720,spatial_inference_nearest_substation,10,10,1007.0,Bellfields & Slyfield,1.0,0,0,10,0,0,0,0,0
C.Semi.3|Wsol|SUB:SPN-S000000171741,C.Semi.3,1,C.Semi.3:14,Wsol,SUB:SPN-S000000171741,spatial_inference_nearest_substation,14,14,1041.0,Bellfields & Slyfield,1.0,0,0,14,0,0,0,0,0
C.Semi.3|Wsol|SUB:SPN-S000000171744,C.Semi.3,1,C.Semi.3:51,Wsol,SUB:SPN-S000000171744,spatial_inference_nearest_substation,51,51,4424.3,Stoughton South,1.0,0,0,51,0,0,0,0,0
C.Semi.3|Wsol|SUB:SPN-S000000171773,C.Semi.3,1,C.Semi.3:15,Wsol,SUB:SPN-S000000171773,spatial_inference_nearest_substation,15,15,1363.2,Stoughton South,1.0,0,0,15,0,0,0,0,0
C.Semi.3|Wsol|SUB:SPN-S000000171775,C.Semi.3,1,C.Semi.3:10,Wsol,SUB:SPN-S000000171775,spatial_inference_nearest_substation,10,10,1028.1,Stoughton South,1.0,0,0,10,0,0,0,0,0
C.Semi.3|Wsol|SUB:SPN-S000000171780,C.Semi.3,1,C.Semi.3:31,Wsol,SUB:SPN-S000000171780,spatial_inference_nearest_substation,31,31,2780.8,Stoughton South,1.0,1,1,29,0,0,0,0,0
C.Semi.3|Wsol|SUB:SPN-S000000171790,C.Semi.3,1,C.Semi.3:23,Wsol,SUB:SPN-S000000171790,spatial_inference_nearest_substation,23,23,2403.3,Westborough,1.0,0,0,23,0,0,0,0,0
C.Semi.3|Wsol|SUB:SPN-S000000171795,C.Semi.3,1,C.Semi.3:69,Wsol,SUB:SPN-S000000171795,spatial_inference_nearest_substation,68,69,6415.7,Stoke,1.0,1,0,68,0,0,0,0,0
C.Semi.3|Wsol|SUB:SPN-S000000171796,C.Semi.3,1,C.Semi.3:23,Wsol,SUB:SPN-S000000171796,spatial_inference_nearest_substation,23,23,3033.1,Stoke,1.0,0,0,22,0,0,0,0,1
C.Semi.3|Wsol|SUB:SPN-S000000171797,C.Semi.3,1,C.Semi.3:70,Wsol,SUB:SPN-S000000171797,spatial_inference_nearest_substation,70,70,6171.7,Stoke,1.0,1,1,68,0,0,0,0,0
C.Semi.3|Wsol|SUB:SPN-S000000171798,C.Semi.3,1,C.Semi.3:23,Wsol,SUB:SPN-S000000171798,spatial_inference_nearest_substation,23,23,2270.9,Stoke,1.0,0,1,22,0,0,0,0,0
C.Semi.3|Wsol|SUB:SPN-S000000171806,C.Semi.3,1,C.Semi.3:10,Wsol,SUB:SPN-S000000171806,spatial_inference_nearest_substation,10,10,1318.5,Stoke,1.0,1,0,9,0,0,0,0,0
C.Semi.3|Wsol|SUB:SPN-S000000171828,C.Semi.3,1,C.Semi.3:16,Wsol,SUB:SPN-S000000171828,spatial_inference_nearest_substation,16,16,1557.0,Stoughton South,1.0,0,0,16,0,0,0,0,0
C.Semi.3|Wsol|SUB:SPN-S000000171830,C.Semi.3,1,C.Semi.3:10,Wsol,SUB:SPN-S000000171830,spatial_inference_nearest_substation,10,10,1001.4,Stoughton South,1.0,0,1,9,0,0,0,0,0
C.Semi.3|Wsol|SUB:SPN-S000000171831,C.Semi.3,1,C.Semi.3:14,Wsol,SUB:SPN-S000000171831,spatial_inference_nearest_substation,14,14,1415.6,Westborough,1.0,0,0,14,0,0,0,0,0
C.Semi.3|Wsol|SUB:SPN-S000000171832,C.Semi.3,1,C.Semi.3:18,Wsol,SUB:SPN-S000000171832,spatial_inference_nearest_substation,18,18,1568.4,Westborough,1.0,0,0,18,0,0,0,0,0
C.Semi.3|Wsol|SUB:SPN-S000000171833,C.Semi.3,1,C.Semi.3:10,Wsol,SUB:SPN-S000000171833,spatial_inference_nearest_substation,10,10,934.4,Stoughton South,1.0,0,0,10,0,0,0,0,0
C.Semi.3|Wsol|SUB:SPN-S000000171834,C.Semi.3,1,C.Semi.3:19,Wsol,SUB:SPN-S000000171834,spatial_inference_nearest_substation,19,19,1992.3,Stoke,1.0,1,0,18,0,0,0,0,0
C.Semi.3|Wsol|SUB:SPN-S000000171864,C.Semi.3,1,C.Semi.3:25,Wsol,SUB:SPN-S000000171864,spatial_inference_nearest_substation,25,25,2019.8,Merrow,1.0,0,0,25,0,0,0,0,0
C.Semi.3|Wsol|SUB:SPN-S000000171865,C.Semi.3,1,C.Semi.3:13,Wsol,SUB:SPN-S000000171865,spatial_inference_nearest_substation,13,13,1638.2,Merrow,1.0,0,0,13,0,0,0,0,0
C.Semi.3|Wsol|SUB:SPN-S000000171971,C.Semi.3,1,C.Semi.3:16,Wsol,SUB:SPN-S000000171971,spatial_inference_nearest_substation,16,16,1537.4,Castle,1.0,0,0,16,0,0,0,0,0
C.Semi.3|Wsol|SUB:SPN-S000000171972,C.Semi.3,1,C.Semi.3:24,Wsol,SUB:SPN-S000000171972,spatial_inference_nearest_substation,24,24,2438.0,Castle,1.0,1,0,23,0,0,0,0,0
C.Semi.3|Wsol|SUB:SPN-S000000171975,C.Semi.3,1,C.Semi.3:21,Wsol,SUB:SPN-S000000171975,spatial_inference_nearest_substation,21,21,1877.1,Castle,1.0,0,0,21,0,0,0,0,0
C.Semi.3|Wsol|SUB:SPN-S000000174043,C.Semi.3,1,C.Semi.3:25,Wsol,SUB:SPN-S000000174043,spatial_inference_nearest_substation,25,25,2369.4,Onslow,1.0,0,1,23,0,0,0,1,0
C.Semi.3|Wsol|SUB:SPN-S000000174077,C.Semi.3,1,C.Semi.3:28,Wsol,SUB:SPN-S000000174077,spatial_inference_nearest_substation,28,28,2526.9,Onslow,1.0,0,0,28,0,0,0,0,0
C.Semi.3|Wsol|SUB:SPN-S000000174080,C.Semi.3,1,C.Semi.3:24,Wsol,SUB:SPN-S000000174080,spatial_inference_nearest_substation,24,24,1880.8,Castle,1.0,0,0,24,0,0,0,0,0
C.Semi.3|Wsol|SUB:SPN-S000000174239,C.Semi.3,1,C.Semi.3:39,Wsol,SUB:SPN-S000000174239,spatial_inference_nearest_substation,39,39,3848.1,Stoke,1.0,0,1,38,0,0,0,0,0
C.Semi.3|Wsol|SUB:SPN-S000000174301,C.Semi.3,1,C.Semi.3:22,Wsol,SUB:SPN-S000000174301,spatial_inference_nearest_substation,22,22,2098.1,Stoke,1.0,1,2,19,0,0,0,0,0
C.Semi.3|Wsol|SUB:SPN-S000000174720,C.Semi.3,1,C.Semi.3:10,Wsol,SUB:SPN-S000000174720,spatial_inference_nearest_substation,10,10,1134.8,St Nicolas,1.0,0,0,10,0,0,0,0,0
C.Semi.3|Wsol|SUB:SPN-S000000174793,C.Semi.3,1,C.Semi.3:10,Wsol,SUB:SPN-S000000174793,spatial_inference_nearest_substation,10,10,999.1,Stoke,1.0,0,0,10,0,0,0,0,0
C.Semi.3|Wsol|SUB:SPN-S000000181225,C.Semi.3,1,C.Semi.3:10,Wsol,SUB:SPN-S000000181225,spatial_inference_nearest_substation,10,10,910.2,Stoughton North,1.0,0,0,10,0,0,0,0,0
C.Semi.4|Wnone|LSOA:E01030421,C.Semi.4,1,C.Semi.4:28,Wnone,LSOA:E01030421,assumed_zone_lsoa,28,28,2046.0,,0.0,0,0,28,0,0,0,0,0
C.Semi.4|Wnone|LSOA:E01030422,C.Semi.4,1,C.Semi.4:22,Wnone,LSOA:E01030422,assumed_zone_lsoa,21,22,2338.5,,0.0,0,1,21,0,0,0,0,0
C.Semi.4|Wnone|LSOA:E01030423,C.Semi.4,1,C.Semi.4:21,Wnone,LSOA:E01030423,assumed_zone_lsoa,21,21,1889.3,,0.0,0,1,20,0,0,0,0,0
C.Semi.4|Wnone|LSOA:E01030424,C.Semi.4,1,C.Semi.4:17,Wnone,LSOA:E01030424,assumed_zone_lsoa,17,17,1762.7,,0.0,0,0,16,0,0,1,0,0
C.Semi.4|Wnone|LSOA:E01030425,C.Semi.4,1,C.Semi.4:28,Wnone,LSOA:E01030425,assumed_zone_lsoa,28,28,2322.7,,0.0,0,0,28,0,0,0,0,0
C.Semi.4|Wnone|LSOA:E01030426,C.Semi.4,1,C.Semi.4:84,Wnone,LSOA:E01030426,assumed_zone_lsoa,83,84,7406.2,,0.0,0,0,83,0,1,0,0,0
C.Semi.4|Wnone|LSOA:E01030427,C.Semi.4,1,C.Semi.4:47,Wnone,LSOA:E01030427,assumed_zone_lsoa,47,47,4467.4,,0.0,0,0,46,0,1,0,0,0
C.Semi.4|Wnone|LSOA:E01030428,C.Semi.4,1,C.Semi.4:15,Wnone,LSOA:E01030428,assumed_zone_lsoa,15,15,1454.6,,0.0,1,0,14,0,0,0,0,0
C.Semi.4|Wnone|LSOA:E01030429,C.Semi.4,1,C.Semi.4:57,Wnone,LSOA:E01030429,assumed_zone_lsoa,49,57,6473.8,,0.0,1,2,54,0,0,0,0,0
C.Semi.4|Wnone|LSOA:E01030430,C.Semi.4,1,C.Semi.4:13,Wnone,LSOA:E01030430,assumed_zone_lsoa,13,13,1449.7,,0.0,0,0,13,0,0,0,0,0
C.Semi.4|Wnone|LSOA:E01030431,C.Semi.4,1,C.Semi.4:27,Wnone,LSOA:E01030431,assumed_zone_lsoa,27,27,2490.5,,0.0,0,0,27,0,0,0,0,0
C.Semi.4|Wnone|LSOA:E01030432,C.Semi.4,1,C.Semi.4:16,Wnone,LSOA:E01030432,assumed_zone_lsoa,16,16,1635.2,,0.0,0,0,16,0,0,0,0,0
C.Semi.4|Wnone|LSOA:E01030433,C.Semi.4,1,C.Semi.4:52,Wnone,LSOA:E01030433,assumed_zone_lsoa,52,52,4630.5,,0.0,1,2,48,1,0,0,0,0
C.Semi.4|Wnone|LSOA:E01030440,C.Semi.4,1,C.Semi.4:11,Wnone,LSOA:E01030440,assumed_zone_lsoa,11,11,776.7,,0.0,0,0,10,0,0,0,1,0
C.Semi.4|Wnone|LSOA:E01030445,C.Semi.4,1,C.Semi.4:12,Wnone,LSOA:E01030445,assumed_zone_lsoa,12,12,904.0,,0.0,0,1,11,0,0,0,0,0
C.Semi.4|Wnone|LSOA:E01030447,C.Semi.4,1,C.Semi.4:18,Wnone,LSOA:E01030447,assumed_zone_lsoa,18,18,1408.8,,0.0,0,0,18,0,0,0,0,0
C.Semi.4|Wnone|LSOA:E01030459,C.Semi.4,1,C.Semi.4:16,Wnone,LSOA:E01030459,assumed_zone_lsoa,16,16,1426.3,,0.0,0,0,15,0,0,0,1,0
C.Semi.4|Wnone|LSOA:E01030472,C.Semi.4,1,C.Semi.4:12,Wnone,LSOA:E01030472,assumed_zone_lsoa,12,12,1231.8,,0.0,0,1,4,0,2,2,3,0
C.Semi.4|Wnone|LSOA:E01030473,C.Semi.4,1,C.Semi.4:19,Wnone,LSOA:E01030473,assumed_zone_lsoa,19,19,1846.7,,0.0,1,2,11,0,4,0,1,0
C.Semi.4|Wnone|LSOA:E01030474,C.Semi.4,1,C.Semi.4:40,Wnone,LSOA:E01030474,assumed_zone_lsoa,40,40,3465.8,,0.0,0,0,40,0,0,0,0,0
C.Semi.4|Wnone|LSOA:E01030475,C.Semi.4,1,C.Semi.4:14,Wnone,LSOA:E01030475,assumed_zone_lsoa,14,14,1448.5,,0.0,0,0,14,0,0,0,0,0
C.Semi.4|Wnone|LSOA:E01030476,C.Semi.4,1,C.Semi.4:15,Wnone,LSOA:E01030476,assumed_zone_lsoa,15,15,1858.3,,0.0,0,0,14,0,0,0,0,1
C.Semi.4|Wnone|LSOA:E01030477,C.Semi.4,1,C.Semi.4:15,Wnone,LSOA:E01030477,assumed_zone_lsoa,15,15,1493.8,,0.0,0,0,15,0,0,0,0,0
C.Semi.4|Wnone|LSOA:E01030478,C.Semi.4,1,C.Semi.4:10,Wnone,LSOA:E01030478,assumed_zone_lsoa,10,10,966.3,,0.0,0,0,9,0,0,0,1,0
C.Semi.4|Wnone|LSOA:E01030479,C.Semi.4,1,C.Semi.4:29,Wnone,LSOA:E01030479,assumed_zone_lsoa,29,29,2663.5,,0.0,1,3,24,0,1,0,0,0
C.Semi.4|Wnone|LSOA:E01030490,C.Semi.4,1,C.Semi.4:10,Wnone,LSOA:E01030490,assumed_zone_lsoa,10,10,1281.4,,0.0,0,0,7,0,1,0,2,0
C.Semi.4|Wnone|LSOA:E01030491,C.Semi.4,1,C.Semi.4:31,Wnone,LSOA:E01030491,assumed_zone_lsoa,30,31,2989.6,,0.0,1,4,26,0,0,0,0,0
C.Semi.4|Wnone|LSOA:E01030499,C.Semi.4,1,C.Semi.4:11,Wnone,LSOA:E01030499,assumed_zone_lsoa,11,11,1175.8,,0.0,0,0,11,0,0,0,0,0
C.Semi.4|Wnone|LSOA:E01030500,C.Semi.4,1,C.Semi.4:44,Wnone,LSOA:E01030500,assumed_zone_lsoa,44,44,5488.4,,0.0,0,0,44,0,0,0,0,0
C.Semi.4|Wnone|LSOA:E01030501,C.Semi.4,1,C.Semi.4:19,Wnone,LSOA:E01030501,assumed_zone_lsoa,19,19,1725.0,,0.0,0,0,18,0,1,0,0,0
C.Semi.4|Wnone|LSOA:E01030503,C.Semi.4,1,C.Semi.4:47,Wnone,LSOA:E01030503,assumed_zone_lsoa,45,47,6183.1,,0.0,2,2,43,0,0,0,0,0
C.Semi.4|Wnone|LSOA:E01030504,C.Semi.4,1,C.Semi.4:12,Wnone,LSOA:E01030504,assumed_zone_lsoa,12,12,1115.7,,0.0,0,1,11,0,0,0,0,0
C.Semi.4|Wnone|SUB:SPN-S000000171619,C.Semi.4,1,C.Semi.4:12,Wnone,SUB:SPN-S000000171619,spatial_inference_nearest_substation,12,12,1047.8,Onslow,1.0,2,1,8,0,1,0,0,0
C.Semi.4|Wnone|SUB:SPN-S000000171725,C.Semi.4,1,C.Semi.4:10,Wnone,SUB:SPN-S000000171725,spatial_inference_nearest_substation,10,10,1091.4,Stoughton North,1.0,1,0,9,0,0,0,0,0
C.Semi.4|Wnone|SUB:SPN-S000000171745,C.Semi.4,1,C.Semi.4:10,Wnone,SUB:SPN-S000000171745,spatial_inference_nearest_substation,10,10,954.4,Stoughton North,1.0,0,0,10,0,0,0,0,0
C.Semi.4|Wnone|SUB:SPN-S000000171851,C.Semi.4,1,C.Semi.4:12,Wnone,SUB:SPN-S000000171851,spatial_inference_nearest_substation,10,12,783.7,Burpham,1.0,0,0,12,0,0,0,0,0
C.Semi.4|Wnone|SUB:SPN-S000000171852,C.Semi.4,1,C.Semi.4:18,Wnone,SUB:SPN-S000000171852,spatial_inference_nearest_substation,17,18,3005.4,Merrow,1.0,0,0,18,0,0,0,0,0
C.Semi.4|Wnone|SUB:SPN-S000000173931,C.Semi.4,1,C.Semi.4:27,Wnone,SUB:SPN-S000000173931,spatial_inference_nearest_substation,27,27,2652.9,Stoughton North,1.0,0,1,26,0,0,0,0,0
C.Semi.4|Wnone|SUB:SPN-S000000174673,C.Semi.4,1,C.Semi.4:24,Wnone,SUB:SPN-S000000174673,spatial_inference_nearest_substation,24,24,1859.1,Merrow,1.0,1,0,23,0,0,0,0,0
C.Semi.4|Wnone|SUB:SPN-S000000174777,C.Semi.4,1,C.Semi.4:14,Wnone,SUB:SPN-S000000174777,spatial_inference_nearest_substation,14,14,719.2,Burpham,1.0,1,1,12,0,0,0,0,0
C.Semi.4|Wnone|SUB:SPN-S000000174785,C.Semi.4,1,C.Semi.4:30,Wnone,SUB:SPN-S000000174785,spatial_inference_nearest_substation,30,30,2627.4,Stoughton North,1.0,1,2,27,0,0,0,0,0
C.Semi.4|Wnone|SUB:SPN-S000000174792,C.Semi.4,1,C.Semi.4:13,Wnone,SUB:SPN-S000000174792,spatial_inference_nearest_substation,13,13,1208.5,Burpham,1.0,0,0,13,0,0,0,0,0
C.Semi.4|Wnone|SUB:SPN-S000000174842,C.Semi.4,1,C.Semi.4:29,Wnone,SUB:SPN-S000000174842,spatial_inference_nearest_substation,29,29,3006.6,Stoughton North,1.0,0,0,29,0,0,0,0,0
C.Semi.4|Wnone|SUB:SPN-S000000174852,C.Semi.4,1,C.Semi.4:23,Wnone,SUB:SPN-S000000174852,spatial_inference_nearest_substation,23,23,1496.9,Burpham,1.0,0,1,22,0,0,0,0,0
C.Semi.4|Wnone|SUB:SPN-S000000174899,C.Semi.4,1,C.Semi.4:18,Wnone,SUB:SPN-S000000174899,spatial_inference_nearest_substation,18,18,1262.1,Burpham,1.0,5,0,13,0,0,0,0,0
C.Semi.4|Wnone|SUB:SPN-S000000174925,C.Semi.4,1,C.Semi.4:11,Wnone,SUB:SPN-S000000174925,spatial_inference_nearest_substation,11,11,807.0,Burpham,1.0,2,1,8,0,0,0,0,0
C.Semi.4|Wnone|SUB:SPN-S000000174949,C.Semi.4,1,C.Semi.4:24,Wnone,SUB:SPN-S000000174949,spatial_inference_nearest_substation,24,24,1892.0,Burpham,1.0,1,5,18,0,0,0,0,0
C.Semi.4|Wnone|SUB:SPN-S000000181196,C.Semi.4,1,C.Semi.4:10,Wnone,SUB:SPN-S000000181196,spatial_inference_nearest_substation,8,10,1093.3,Stoughton North,1.0,0,0,10,0,0,0,0,0
C.Semi.4|Wnone|SUB:SPN-S000000181252,C.Semi.4,1,C.Semi.4:14,Wnone,SUB:SPN-S000000181252,spatial_inference_nearest_substation,14,14,1082.0,Westborough,1.0,0,0,14,0,0,0,0,0
C.Semi.5|Wnone|LSOA:E01030421,C.Semi.5,1,C.Semi.5:163,Wnone,LSOA:E01030421,assumed_zone_lsoa,162,163,14413.0,,0.0,0,0,163,0,0,0,0,0
C.Semi.5|Wnone|LSOA:E01030422,C.Semi.5,1,C.Semi.5:66,Wnone,LSOA:E01030422,assumed_zone_lsoa,66,66,6591.4,,0.0,0,0,66,0,0,0,0,0
C.Semi.5|Wnone|LSOA:E01030423,C.Semi.5,1,C.Semi.5:142,Wnone,LSOA:E01030423,assumed_zone_lsoa,142,142,13113.5,,0.0,1,0,135,0,6,0,0,0
C.Semi.5|Wnone|LSOA:E01030424,C.Semi.5,1,C.Semi.5:20,Wnone,LSOA:E01030424,assumed_zone_lsoa,20,20,2707.7,,0.0,4,1,15,0,0,0,0,0
C.Semi.5|Wnone|LSOA:E01030425,C.Semi.5,1,C.Semi.5:105,Wnone,LSOA:E01030425,assumed_zone_lsoa,105,105,9889.3,,0.0,0,0,104,0,1,0,0,0
C.Semi.5|Wnone|LSOA:E01030426,C.Semi.5,1,C.Semi.5:13,Wnone,LSOA:E01030426,assumed_zone_lsoa,13,13,1540.5,,0.0,0,0,12,0,1,0,0,0
C.Semi.5|Wnone|LSOA:E01030427,C.Semi.5,1,C.Semi.5:21,Wnone,LSOA:E01030427,assumed_zone_lsoa,20,21,1997.6,,0.0,0,0,21,0,0,0,0,0
C.Semi.5|Wnone|LSOA:E01030428,C.Semi.5,1,C.Semi.5:20,Wnone,LSOA:E01030428,assumed_zone_lsoa,20,20,1910.4,,0.0,0,0,19,0,1,0,0,0
C.Semi.5|Wnone|LSOA:E01030429,C.Semi.5,1,C.Semi.5:10,Wnone,LSOA:E01030429,assumed_zone_lsoa,10,10,861.4,,0.0,0,0,10,0,0,0,0,0
C.Semi.5|Wnone|LSOA:E01030432,C.Semi.5,1,C.Semi.5:40,Wnone,LSOA:E01030432,assumed_zone_lsoa,40,40,3496.9,,0.0,0,0,40,0,0,0,0,0
C.Semi.5|Wnone|LSOA:E01030440,C.Semi.5,1,C.Semi.5:22,Wnone,LSOA:E01030440,assumed_zone_lsoa,20,22,2518.2,,0.0,0,0,10,0,12,0,0,0
C.Semi.5|Wnone|LSOA:E01030441,C.Semi.5,1,C.Semi.5:36,Wnone,LSOA:E01030441,assumed_zone_lsoa,36,36,4558.7,,0.0,0,0,33,0,2,0,1,0
C.Semi.5|Wnone|LSOA:E01030444,C.Semi.5,1,C.Semi.5:58,Wnone,LSOA:E01030444,assumed_zone_lsoa,58,58,5792.5,,0.0,0,0,54,0,4,0,0,0
C.Semi.5|Wnone|LSOA:E01030445,C.Semi.5,1,C.Semi.5:46,Wnone,LSOA:E01030445,assumed_zone_lsoa,46,46,4466.0,,0.0,0,0,46,0,0,0,0,0
C.Semi.5|Wnone|LSOA:E01030446,C.Semi.5,1,C.Semi.5:10,Wnone,LSOA:E01030446,assumed_zone_lsoa,9,10,1210.6,,0.0,0,0,2,0,8,0,0,0
C.Semi.5|Wnone|LSOA:E01030447,C.Semi.5,1,C.Semi.5:22,Wnone,LSOA:E01030447,assumed_zone_lsoa,19,22,2336.5,,0.0,0,0,8,0,14,0,0,0
C.Semi.5|Wnone|LSOA:E01030459,C.Semi.5,1,C.Semi.5:24,Wnone,LSOA:E01030459,assumed_zone_lsoa,23,24,2114.4,,0.0,0,0,24,0,0,0,0,0
C.Semi.5|Wnone|LSOA:E01030465,C.Semi.5,1,C.Semi.5:21,Wnone,LSOA:E01030465,assumed_zone_lsoa,21,21,1948.5,,0.0,0,0,7,0,12,1,1,0
C.Semi.5|Wnone|LSOA:E01030475,C.Semi.5,1,C.Semi.5:32,Wnone,LSOA:E01030475,assumed_zone_lsoa,32,32,3574.8,,0.0,0,0,27,0,5,0,0,0
C.Semi.5|Wnone|LSOA:E01030477,C.Semi.5,1,C.Semi.5:50,Wnone,LSOA:E01030477,assumed_zone_lsoa,49,50,4196.8,,0.0,0,0,40,1,9,0,0,0
C.Semi.5|Wnone|LSOA:E01030478,C.Semi.5,1,C.Semi.5:24,Wnone,LSOA:E01030478,assumed_zone_lsoa,24,24,2320.8,,0.0,0,0,21,0,3,0,0,0
C.Semi.5|Wnone|LSOA:E01030479,C.Semi.5,1,C.Semi.5:24,Wnone,LSOA:E01030479,assumed_zone_lsoa,23,24,2443.6,,0.0,0,0,23,0,1,0,0,0
C.Semi.5|Wnone|LSOA:E01030480,C.Semi.5,1,C.Semi.5:17,Wnone,LSOA:E01030480,assumed_zone_lsoa,17,17,1648.5,,0.0,0,0,17,0,0,0,0,0
C.Semi.5|Wnone|LSOA:E01030490,C.Semi.5,1,C.Semi.5:12,Wnone,LSOA:E01030490,assumed_zone_lsoa,11,12,1481.8,,0.0,0,0,4,0,8,0,0,0
C.Semi.5|Wnone|LSOA:E01030491,C.Semi.5,1,C.Semi.5:13,Wnone,LSOA:E01030491,assumed_zone_lsoa,13,13,1110.3,,0.0,1,0,12,0,0,0,0,0
C.Semi.5|Wnone|LSOA:E01030499,C.Semi.5,1,C.Semi.5:16,Wnone,LSOA:E01030499,assumed_zone_lsoa,16,16,1708.5,,0.0,0,0,16,0,0,0,0,0
C.Semi.5|Wnone|LSOA:E01030501,C.Semi.5,1,C.Semi.5:60,Wnone,LSOA:E01030501,assumed_zone_lsoa,59,60,6974.7,,0.0,0,0,59,0,1,0,0,0
C.Semi.5|Wnone|LSOA:E01030502,C.Semi.5,1,C.Semi.5:10,Wnone,LSOA:E01030502,assumed_zone_lsoa,10,10,1231.0,,0.0,0,0,8,0,2,0,0,0
C.Semi.5|Wnone|LSOA:E01030504,C.Semi.5,1,C.Semi.5:10,Wnone,LSOA:E01030504,assumed_zone_lsoa,8,10,1382.2,,0.0,0,0,8,0,0,2,0,0
C.Semi.5|Wnone|SUB:SPN-S000000171621,C.Semi.5,1,C.Semi.5:10,Wnone,SUB:SPN-S000000171621,spatial_inference_nearest_substation,10,10,1270.6,Onslow,1.0,1,0,8,0,1,0,0,0
C.Semi.5|Wnone|SUB:SPN-S000000171733,C.Semi.5,1,C.Semi.5:15,Wnone,SUB:SPN-S000000171733,spatial_inference_nearest_substation,15,15,1539.0,,0.0,15,0,0,0,0,0,0,0
C.Semi.5|Wnone|SUB:SPN-S000000171851,C.Semi.5,1,C.Semi.5:12,Wnone,SUB:SPN-S000000171851,spatial_inference_nearest_substation,11,12,1255.1,Burpham,1.0,0,0,12,0,0,0,0,0
C.Semi.5|Wnone|SUB:SPN-S000000181316,C.Semi.5,1,C.Semi.5:12,Wnone,SUB:SPN-S000000181316,spatial_inference_nearest_substation,12,12,1044.0,Bellfields & Slyfield,1.0,0,0,12,0,0,0,0,0
C.Semi.6|Wnone|LSOA:E01030421,C.Semi.6,1,C.Semi.6:45,Wnone,LSOA:E01030421,assumed_zone_lsoa,45,45,3972.0,,0.0,2,0,43,0,0,0,0,0
C.Semi.6|Wnone|LSOA:E01030424,C.Semi.6,1,C.Semi.6:10,Wnone,LSOA:E01030424,assumed_zone_lsoa,10,10,938.3,,0.0,0,0,10,0,0,0,0,0
C.Semi.6|Wnone|LSOA:E01030426,C.Semi.6,1,C.Semi.6:18,Wnone,LSOA:E01030426,assumed_zone_lsoa,18,18,2862.9,,0.0,0,0,18,0,0,0,0,0
C.Semi.6|Wnone|LSOA:E01030427,C.Semi.6,1,C.Semi.6:26,Wnone,LSOA:E01030427,assumed_zone_lsoa,26,26,2679.0,,0.0,0,0,26,0,0,0,0,0
C.Semi.6|Wnone|LSOA:E01030433,C.Semi.6,1,C.Semi.6:12,Wnone,LSOA:E01030433,assumed_zone_lsoa,12,12,1347.9,,0.0,1,0,11,0,0,0,0,0
C.Semi.6|Wnone|LSOA:E01030447,C.Semi.6,1,C.Semi.6:11,Wnone,LSOA:E01030447,assumed_zone_lsoa,11,11,1051.6,,0.0,0,0,10,0,0,0,1,0
C.Semi.6|Wnone|LSOA:E01030459,C.Semi.6,1,C.Semi.6:14,Wnone,LSOA:E01030459,assumed_zone_lsoa,14,14,1201.2,,0.0,0,1,10,0,1,1,1,0
C.Semi.6|Wnone|LSOA:E01030465,C.Semi.6,1,C.Semi.6:21,Wnone,LSOA:E01030465,assumed_zone_lsoa,21,21,1906.0,,0.0,0,1,18,0,1,0,1,0
C.Semi.6|Wnone|LSOA:E01030466,C.Semi.6,1,C.Semi.6:15,Wnone,LSOA:E01030466,assumed_zone_lsoa,15,15,1882.9,,0.0,0,0,11,0,3,0,1,0
C.Semi.6|Wnone|LSOA:E01030472,C.Semi.6,1,C.Semi.6:11,Wnone,LSOA:E01030472,assumed_zone_lsoa,11,11,1127.9,,0.0,1,1,4,0,5,0,0,0
C.Semi.6|Wnone|LSOA:E01030473,C.Semi.6,1,C.Semi.6:13,Wnone,LSOA:E01030473,assumed_zone_lsoa,13,13,1448.1,,0.0,0,0,9,0,2,2,0,0
C.Semi.6|Wnone|LSOA:E01030475,C.Semi.6,1,C.Semi.6:13,Wnone,LSOA:E01030475,assumed_zone_lsoa,13,13,1183.1,,0.0,0,0,8,0,5,0,0,0
C.Semi.6|Wnone|LSOA:E01030477,C.Semi.6,1,C.Semi.6:23,Wnone,LSOA:E01030477,assumed_zone_lsoa,23,23,2040.5,,0.0,0,0,22,1,0,0,0,0
C.Semi.6|Wnone|LSOA:E01030478,C.Semi.6,1,C.Semi.6:11,Wnone,LSOA:E01030478,assumed_zone_lsoa,11,11,947.7,,0.0,0,0,8,0,3,0,0,0
C.Semi.6|Wnone|LSOA:E01030479,C.Semi.6,1,C.Semi.6:38,Wnone,LSOA:E01030479,assumed_zone_lsoa,38,38,3697.4,,0.0,1,0,37,0,0,0,0,0
C.Semi.6|Wnone|LSOA:E01030491,C.Semi.6,1,C.Semi.6:24,Wnone,LSOA:E01030491,assumed_zone_lsoa,24,24,2172.7,,0.0,1,0,22,0,0,1,0,0
C.Semi.6|Wnone|LSOA:E01030503,C.Semi.6,1,C.Semi.6:10,Wnone,LSOA:E01030503,assumed_zone_lsoa,10,10,866.4,,0.0,0,0,10,0,0,0,0,0
C.Semi.6|Wnone|LSOA:E01030504,C.Semi.6,1,C.Semi.6:15,Wnone,LSOA:E01030504,assumed_zone_lsoa,15,15,1606.4,,0.0,0,1,14,0,0,0,0,0
C.Semi.6|Wnone|SUB:SPN-S000000171719,C.Semi.6,1,C.Semi.6:11,Wnone,SUB:SPN-S000000171719,spatial_inference_nearest_substation,11,11,952.4,Bellfields & Slyfield,1.0,0,0,11,0,0,0,0,0
C.Semi.6|Wnone|SUB:SPN-S000000171874,C.Semi.6,1,C.Semi.6:10,Wnone,SUB:SPN-S000000171874,spatial_inference_nearest_substation,10,10,1142.0,Merrow,1.0,0,0,10,0,0,0,0,0
C.Semi.6|Wnone|SUB:SPN-S000000181195,C.Semi.6,1,C.Semi.6:17,Wnone,SUB:SPN-S000000181195,spatial_inference_nearest_substation,17,17,1978.0,Stoughton North,1.0,0,0,17,0,0,0,0,0
C.Semi.6|Wnone|SUB:SPN-S000000181196,C.Semi.6,1,C.Semi.6:26,Wnone,SUB:SPN-S000000181196,spatial_inference_nearest_substation,25,26,3276.2,Stoughton North,1.0,1,0,25,0,0,0,0,0
C.Semi.6|Wnone|SUB:SPN-S000000181225,C.Semi.6,1,C.Semi.6:12,Wnone,SUB:SPN-S000000181225,spatial_inference_nearest_substation,12,12,1472.6,Stoughton North,1.0,1,0,11,0,0,0,0,0
C.Semi.6|Wnone|SUB:SPN-S000000181226,C.Semi.6,1,C.Semi.6:10,Wnone,SUB:SPN-S000000181226,spatial_inference_nearest_substation,9,10,1016.0,Stoughton North,1.0,0,0,10,0,0,0,0,0
C.Semi.7|Wnone|LSOA:E01030422,C.Semi.7,1,C.Semi.7:13,Wnone,LSOA:E01030422,assumed_zone_lsoa,13,13,1186.3,,0.0,0,0,13,0,0,0,0,0
C.Semi.7|Wnone|LSOA:E01030424,C.Semi.7,1,C.Semi.7:18,Wnone,LSOA:E01030424,assumed_zone_lsoa,18,18,1888.0,,0.0,0,1,16,0,1,0,0,0
C.Semi.7|Wnone|LSOA:E01030427,C.Semi.7,1,C.Semi.7:11,Wnone,LSOA:E01030427,assumed_zone_lsoa,11,11,1036.8,,0.0,0,0,11,0,0,0,0,0
C.Semi.7|Wnone|LSOA:E01030428,C.Semi.7,1,C.Semi.7:15,Wnone,LSOA:E01030428,assumed_zone_lsoa,15,15,1238.1,,0.0,0,0,14,0,0,0,1,0
C.Semi.7|Wnone|LSOA:E01030430,C.Semi.7,1,C.Semi.7:12,Wnone,LSOA:E01030430,assumed_zone_lsoa,12,12,1186.7,,0.0,0,0,12,0,0,0,0,0
C.Semi.7|Wnone|LSOA:E01030431,C.Semi.7,1,C.Semi.7:17,Wnone,LSOA:E01030431,assumed_zone_lsoa,17,17,1637.3,,0.0,0,0,16,0,0,0,0,1
C.Semi.7|Wnone|LSOA:E01030432,C.Semi.7,1,C.Semi.7:13,Wnone,LSOA:E01030432,assumed_zone_lsoa,13,13,1322.6,,0.0,0,0,13,0,0,0,0,0
C.Semi.7|Wnone|LSOA:E01030433,C.Semi.7,1,C.Semi.7:14,Wnone,LSOA:E01030433,assumed_zone_lsoa,14,14,1254.9,,0.0,0,0,14,0,0,0,0,0
C.Semi.7|Wnone|LSOA:E01030465,C.Semi.7,1,C.Semi.7:13,Wnone,LSOA:E01030465,assumed_zone_lsoa,13,13,1005.8,,0.0,0,0,13,0,0,0,0,0
C.Semi.7|Wnone|LSOA:E01030477,C.Semi.7,1,C.Semi.7:16,Wnone,LSOA:E01030477,assumed_zone_lsoa,16,16,1559.4,,0.0,1,0,15,0,0,0,0,0
C.Semi.7|Wnone|LSOA:E01030491,C.Semi.7,1,C.Semi.7:10,Wnone,LSOA:E01030491,assumed_zone_lsoa,10,10,1476.0,,0.0,0,0,8,1,0,0,1,0
C.Semi.7|Wnone|LSOA:E01030499,C.Semi.7,1,C.Semi.7:19,Wnone,LSOA:E01030499,assumed_zone_lsoa,19,19,2175.4,,0.0,0,1,18,0,0,0,0,0
C.Semi.7|Wnone|LSOA:E01030500,C.Semi.7,1,C.Semi.7:12,Wnone,LSOA:E01030500,assumed_zone_lsoa,12,12,1021.2,,0.0,1,0,11,0,0,0,0,0
C.Semi.7|Wnone|LSOA:E01030504,C.Semi.7,1,C.Semi.7:11,Wnone,LSOA:E01030504,assumed_zone_lsoa,11,11,1034.7,,0.0,0,0,11,0,0,0,0,0
C.Semi.7|Wnone|SUB:SPN-S000000171618,C.Semi.7,1,C.Semi.7:13,Wnone,SUB:SPN-S000000171618,spatial_inference_nearest_substation,13,13,1422.0,Onslow,1.0,0,0,13,0,0,0,0,0
C.Semi.7|Wnone|SUB:SPN-S000000171634,C.Semi.7,1,C.Semi.7:11,Wnone,SUB:SPN-S000000171634,spatial_inference_nearest_substation,11,11,940.5,Westborough,1.0,0,0,11,0,0,0,0,0
C.Semi.7|Wnone|SUB:SPN-S000000171722,C.Semi.7,1,C.Semi.7:11,Wnone,SUB:SPN-S000000171722,spatial_inference_nearest_substation,11,11,1179.4,Bellfields & Slyfield,1.0,0,0,11,0,0,0,0,0
C.Semi.7|Wnone|SUB:SPN-S000000171741,C.Semi.7,1,C.Semi.7:14,Wnone,SUB:SPN-S000000171741,spatial_inference_nearest_substation,14,14,1021.2,Bellfields & Slyfield,1.0,0,0,14,0,0,0,0,0
C.Semi.7|Wnone|SUB:SPN-S000000171888,C.Semi.7,1,C.Semi.7:12,Wnone,SUB:SPN-S000000171888,spatial_inference_nearest_substation,12,12,925.3,Merrow,1.0,0,0,12,0,0,0,0,0
C.Semi.8|Wcav|LSOA:E01030422,C.Semi.8,1,C.Semi.8:20,Wcav,LSOA:E01030422,assumed_zone_lsoa,20,20,2110.6,,0.0,0,0,20,0,0,0,0,0
C.Semi.8|Wcav|LSOA:E01030425,C.Semi.8,1,C.Semi.8:10,Wcav,LSOA:E01030425,assumed_zone_lsoa,10,10,1007.4,,0.0,0,0,10,0,0,0,0,0
C.Semi.8|Wcav|LSOA:E01030427,C.Semi.8,1,C.Semi.8:12,Wcav,LSOA:E01030427,assumed_zone_lsoa,12,12,1219.2,,0.0,0,0,12,0,0,0,0,0
C.Semi.8|Wcav|LSOA:E01030428,C.Semi.8,1,C.Semi.8:12,Wcav,LSOA:E01030428,assumed_zone_lsoa,12,12,1133.0,,0.0,0,0,12,0,0,0,0,0
C.Semi.8|Wcav|LSOA:E01030429,C.Semi.8,1,C.Semi.8:12,Wcav,LSOA:E01030429,assumed_zone_lsoa,12,12,1194.7,,0.0,0,0,12,0,0,0,0,0
C.Semi.8|Wcav|LSOA:E01030430,C.Semi.8,1,C.Semi.8:12,Wcav,LSOA:E01030430,assumed_zone_lsoa,12,12,1391.0,,0.0,0,0,12,0,0,0,0,0
C.Semi.8|Wcav|LSOA:E01030431,C.Semi.8,1,C.Semi.8:18,Wcav,LSOA:E01030431,assumed_zone_lsoa,18,18,1702.4,,0.0,0,2,16,0,0,0,0,0
C.Semi.8|Wcav|LSOA:E01030432,C.Semi.8,1,C.Semi.8:14,Wcav,LSOA:E01030432,assumed_zone_lsoa,14,14,1396.4,,0.0,0,0,14,0,0,0,0,0
C.Semi.8|Wcav|LSOA:E01030441,C.Semi.8,1,C.Semi.8:13,Wcav,LSOA:E01030441,assumed_zone_lsoa,13,13,1876.0,,0.0,0,0,13,0,0,0,0,0
C.Semi.8|Wcav|LSOA:E01030465,C.Semi.8,1,C.Semi.8:16,Wcav,LSOA:E01030465,assumed_zone_lsoa,16,16,1349.9,,0.0,1,0,15,0,0,0,0,0
C.Semi.8|Wcav|LSOA:E01030471,C.Semi.8,1,C.Semi.8:11,Wcav,LSOA:E01030471,assumed_zone_lsoa,11,11,1064.7,,0.0,0,0,10,0,0,0,1,0
C.Semi.8|Wcav|LSOA:E01030479,C.Semi.8,1,C.Semi.8:11,Wcav,LSOA:E01030479,assumed_zone_lsoa,11,11,1031.8,,0.0,0,0,11,0,0,0,0,0
C.Semi.8|Wcav|LSOA:E01030480,C.Semi.8,1,C.Semi.8:12,Wcav,LSOA:E01030480,assumed_zone_lsoa,12,12,1710.0,,0.0,0,0,12,0,0,0,0,0
C.Semi.8|Wcav|LSOA:E01030492,C.Semi.8,1,C.Semi.8:13,Wcav,LSOA:E01030492,assumed_zone_lsoa,13,13,1356.8,,0.0,1,1,8,0,1,1,1,0
C.Semi.8|Wcav|LSOA:E01030499,C.Semi.8,1,C.Semi.8:20,Wcav,LSOA:E01030499,assumed_zone_lsoa,20,20,1732.0,,0.0,1,0,19,0,0,0,0,0
C.Semi.8|Wcav|LSOA:E01030502,C.Semi.8,1,C.Semi.8:10,Wcav,LSOA:E01030502,assumed_zone_lsoa,10,10,964.2,,0.0,0,0,10,0,0,0,0,0
C.Semi.8|Wcav|LSOA:E01030504,C.Semi.8,1,C.Semi.8:11,Wcav,LSOA:E01030504,assumed_zone_lsoa,11,11,1048.8,,0.0,0,0,11,0,0,0,0,0
C.Semi.8|Wcav|SUB:SPN-S000000171616,C.Semi.8,1,C.Semi.8:15,Wcav,SUB:SPN-S000000171616,spatial_inference_nearest_substation,15,15,1505.7,Onslow,1.0,0,1,14,0,0,0,0,0
C.Semi.8|Wcav|SUB:SPN-S000000171618,C.Semi.8,1,C.Semi.8:12,Wcav,SUB:SPN-S000000171618,spatial_inference_nearest_substation,12,12,1441.7,Onslow,1.0,0,0,12,0,0,0,0,0
C.Semi.8|Wcav|SUB:SPN-S000000171621,C.Semi.8,1,C.Semi.8:11,Wcav,SUB:SPN-S000000171621,spatial_inference_nearest_substation,11,11,1203.6,Onslow,1.0,0,0,11,0,0,0,0,0
C.Semi.8|Wcav|SUB:SPN-S000000171780,C.Semi.8,1,C.Semi.8:12,Wcav,SUB:SPN-S000000171780,spatial_inference_nearest_substation,12,12,935.6,Stoughton South,1.0,0,0,11,0,0,0,0,1
C.Semi.8|Wcav|SUB:SPN-S000000171832,C.Semi.8,1,C.Semi.8:10,Wcav,SUB:SPN-S000000171832,spatial_inference_nearest_substation,10,10,821.6,Westborough,1.0,0,0,10,0,0,0,0,0
C.Semi.8|Wcav|SUB:SPN-S000000175224,C.Semi.8,1,C.Semi.8:10,Wcav,SUB:SPN-S000000175224,spatial_inference_nearest_substation,10,10,916.0,Stoughton South,1.0,0,0,10,0,0,0,0,0
C.Semi.9|Wsol|LSOA:E01030431,C.Semi.9,1,C.Semi.9:15,Wsol,LSOA:E01030431,assumed_zone_lsoa,15,15,1614.9,,0.0,0,0,15,0,0,0,0,0
C.Semi.9|Wsol|LSOA:E01030458,C.Semi.9,1,C.Semi.9:10,Wsol,LSOA:E01030458,assumed_zone_lsoa,10,10,1288.7,,0.0,2,1,6,0,0,0,1,0
C.Semi.9|Wsol|LSOA:E01030465,C.Semi.9,1,C.Semi.9:14,Wsol,LSOA:E01030465,assumed_zone_lsoa,14,14,1452.3,,0.0,1,0,13,0,0,0,0,0
C.Semi.9|Wsol|LSOA:E01030477,C.Semi.9,1,C.Semi.9:16,Wsol,LSOA:E01030477,assumed_zone_lsoa,16,16,1486.8,,0.0,0,0,16,0,0,0,0,0
C.Semi.9|Wsol|LSOA:E01030478,C.Semi.9,1,C.Semi.9:19,Wsol,LSOA:E01030478,assumed_zone_lsoa,19,19,2899.0,,0.0,1,0,14,0,0,1,3,0
C.Semi.9|Wsol|LSOA:E01030479,C.Semi.9,1,C.Semi.9:20,Wsol,LSOA:E01030479,assumed_zone_lsoa,20,20,1976.5,,0.0,1,1,17,0,1,0,0,0
C.Semi.9|Wsol|LSOA:E01030480,C.Semi.9,1,C.Semi.9:13,Wsol,LSOA:E01030480,assumed_zone_lsoa,13,13,1421.9,,0.0,0,1,12,0,0,0,0,0
C.Semi.9|Wsol|LSOA:E01030491,C.Semi.9,1,C.Semi.9:21,Wsol,LSOA:E01030491,assumed_zone_lsoa,21,21,2228.6,,0.0,0,0,16,0,1,1,3,0
C.Semi.9|Wsol|LSOA:E01030492,C.Semi.9,1,C.Semi.9:14,Wsol,LSOA:E01030492,assumed_zone_lsoa,14,14,1333.9,,0.0,1,1,6,0,0,1,5,0
C.Semi.9|Wsol|SUB:SPN-S000000171610,C.Semi.9,1,C.Semi.9:17,Wsol,SUB:SPN-S000000171610,spatial_inference_nearest_substation,17,17,1658.3,Onslow,1.0,0,0,17,0,0,0,0,0
C.Semi.9|Wsol|SUB:SPN-S000000171621,C.Semi.9,1,C.Semi.9:14,Wsol,SUB:SPN-S000000171621,spatial_inference_nearest_substation,14,14,1502.8,Onslow,1.0,0,0,14,0,0,0,0,0
C.Semi.9|Wsol|SUB:SPN-S000000171686,C.Semi.9,1,C.Semi.9:14,Wsol,SUB:SPN-S000000171686,spatial_inference_nearest_substation,14,14,1444.2,Stoke,1.0,0,0,14,0,0,0,0,0
C.Semi.9|Wsol|SUB:SPN-S000000171744,C.Semi.9,1,C.Semi.9:11,Wsol,SUB:SPN-S000000171744,spatial_inference_nearest_substation,11,11,991.2,Stoughton South,1.0,0,0,11,0,0,0,0,0
C.Semi.9|Wsol|SUB:SPN-S000000171795,C.Semi.9,1,C.Semi.9:24,Wsol,SUB:SPN-S000000171795,spatial_inference_nearest_substation,24,24,2470.9,Stoke,1.0,0,1,23,0,0,0,0,0
C.Semi.9|Wsol|SUB:SPN-S000000171797,C.Semi.9,1,C.Semi.9:39,Wsol,SUB:SPN-S000000171797,spatial_inference_nearest_substation,39,39,3994.5,Stoke,1.0,1,0,38,0,0,0,0,0
C.Semi.9|Wsol|SUB:SPN-S000000171798,C.Semi.9,1,C.Semi.9:13,Wsol,SUB:SPN-S000000171798,spatial_inference_nearest_substation,13,13,1476.0,Stoke,1.0,0,0,13,0,0,0,0,0
C.Semi.9|Wsol|SUB:SPN-S000000171806,C.Semi.9,1,C.Semi.9:11,Wsol,SUB:SPN-S000000171806,spatial_inference_nearest_substation,11,11,1612.1,Stoke,1.0,0,0,11,0,0,0,0,0
C.Semi.9|Wsol|SUB:SPN-S000000171972,C.Semi.9,1,C.Semi.9:11,Wsol,SUB:SPN-S000000171972,spatial_inference_nearest_substation,11,11,972.3,Castle,1.0,0,0,11,0,0,0,0,0
C.Semi.9|Wsol|SUB:SPN-S000000174043,C.Semi.9,1,C.Semi.9:13,Wsol,SUB:SPN-S000000174043,spatial_inference_nearest_substation,13,13,1612.0,St Nicolas,1.0,0,0,13,0,0,0,0,0
C.Semi.9|Wsol|SUB:SPN-S000000174239,C.Semi.9,1,C.Semi.9:12,Wsol,SUB:SPN-S000000174239,spatial_inference_nearest_substation,12,12,1032.9,Stoke,1.0,0,0,12,0,0,0,0,0
C.Ter.1|Wcav|LSOA:E01030422,C.Ter.1,1,C.Ter.1:29,Wcav,LSOA:E01030422,assumed_zone_lsoa,29,29,2212.3,,0.0,1,0,28,0,0,0,0,0
C.Ter.1|Wcav|LSOA:E01030423,C.Ter.1,1,C.Ter.1:19,Wcav,LSOA:E01030423,assumed_zone_lsoa,19,19,1467.0,,0.0,0,0,19,0,0,0,0,0
C.Ter.1|Wcav|LSOA:E01030425,C.Ter.1,1,C.Ter.1:10,Wcav,LSOA:E01030425,assumed_zone_lsoa,10,10,759.0,,0.0,0,0,9,0,0,1,0,0
C.Ter.1|Wcav|LSOA:E01030429,C.Ter.1,1,C.Ter.1:112,Wcav,LSOA:E01030429,assumed_zone_lsoa,112,112,6953.8,,0.0,8,0,104,0,0,0,0,0
C.Ter.1|Wcav|LSOA:E01030479,C.Ter.1,1,C.Ter.1:10,Wcav,LSOA:E01030479,assumed_zone_lsoa,10,10,740.7,,0.0,0,0,10,0,0,0,0,0
C.Ter.1|Wcav|LSOA:E01030500,C.Ter.1,1,C.Ter.1:22,Wcav,LSOA:E01030500,assumed_zone_lsoa,22,22,1728.0,,0.0,0,0,22,0,0,0,0,0
C.Ter.1|Wcav|LSOA:E01030501,C.Ter.1,1,C.Ter.1:26,Wcav,LSOA:E01030501,assumed_zone_lsoa,26,26,2014.1,,0.0,0,0,26,0,0,0,0,0
C.Ter.1|Wcav|SUB:SPN-S000000171717,C.Ter.1,1,C.Ter.1:17,Wcav,SUB:SPN-S000000171717,spatial_inference_nearest_substation,17,17,1466.0,Stoke,1.0,0,0,17,0,0,0,0,0
C.Ter.1|Wcav|SUB:SPN-S000000173931,C.Ter.1,1,C.Ter.1:11,Wcav,SUB:SPN-S000000173931,spatial_inference_nearest_substation,11,11,920.4,Stoughton North,1.0,0,0,11,0,0,0,0,0
C.Ter.1|Wnone|LSOA:E01030421,C.Ter.1,1,C.Ter.1:53,Wnone,LSOA:E01030421,assumed_zone_lsoa,53,53,3744.0,,0.0,0,0,53,0,0,0,0,0
C.Ter.1|Wnone|LSOA:E01030422,C.Ter.1,1,C.Ter.1:89,Wnone,LSOA:E01030422,assumed_zone_lsoa,89,89,6903.3,,0.0,1,3,83,0,2,0,0,0
C.Ter.1|Wnone|LSOA:E01030423,C.Ter.1,1,C.Ter.1:95,Wnone,LSOA:E01030423,assumed_zone_lsoa,95,95,6861.0,,0.0,0,0,95,0,0,0,0,0
C.Ter.1|Wnone|LSOA:E01030424,C.Ter.1,1,C.Ter.1:16,Wnone,LSOA:E01030424,assumed_zone_lsoa,16,16,1309.2,,0.0,0,0,16,0,0,0,0,0
C.Ter.1|Wnone|LSOA:E01030425,C.Ter.1,1,C.Ter.1:60,Wnone,LSOA:E01030425,assumed_zone_lsoa,60,60,4599.1,,0.0,0,0,60,0,0,0,0,0
C.Ter.1|Wnone|LSOA:E01030426,C.Ter.1,1,C.Ter.1:116,Wnone,LSOA:E01030426,assumed_zone_lsoa,116,116,9535.2,,0.0,1,0,115,0,0,0,0,0
C.Ter.1|Wnone|LSOA:E01030427,C.Ter.1,1,C.Ter.1:41,Wnone,LSOA:E01030427,assumed_zone_lsoa,41,41,3285.6,,0.0,1,0,40,0,0,0,0,0
C.Ter.1|Wnone|LSOA:E01030428,C.Ter.1,1,C.Ter.1:44,Wnone,LSOA:E01030428,assumed_zone_lsoa,44,44,3322.6,,0.0,0,2,42,0,0,0,0,0
C.Ter.1|Wnone|LSOA:E01030429,C.Ter.1,1,C.Ter.1:285,Wnone,LSOA:E01030429,assumed_zone_lsoa,284,285,17365.1,,0.0,18,6,261,0,0,0,0,0
C.Ter.1|Wnone|LSOA:E01030430,C.Ter.1,1,C.Ter.1:19,Wnone,LSOA:E01030430,assumed_zone_lsoa,19,19,1877.0,,0.0,0,0,19,0,0,0,0,0
C.Ter.1|Wnone|LSOA:E01030431,C.Ter.1,1,C.Ter.1:20,Wnone,LSOA:E01030431,assumed_zone_lsoa,20,20,1583.5,,0.0,0,0,19,0,0,0,0,1
C.Ter.1|Wnone|LSOA:E01030432,C.Ter.1,1,C.Ter.1:97,Wnone,LSOA:E01030432,assumed_zone_lsoa,97,97,7602.0,,0.0,7,12,78,0,0,0,0,0
C.Ter.1|Wnone|LSOA:E01030433,C.Ter.1,1,C.Ter.1:155,Wnone,LSOA:E01030433,assumed_zone_lsoa,154,155,11727.2,,0.0,0,5,150,0,0,0,0,0
C.Ter.1|Wnone|LSOA:E01030440,C.Ter.1,1,C.Ter.1:31,Wnone,LSOA:E01030440,assumed_zone_lsoa,31,31,2274.0,,0.0,1,0,27,0,0,1,2,0
C.Ter.1|Wnone|LSOA:E01030445,C.Ter.1,1,C.Ter.1:13,Wnone,LSOA:E01030445,assumed_zone_lsoa,13,13,1031.0,,0.0,0,1,12,0,0,0,0,0
C.Ter.1|Wnone|LSOA:E01030446,C.Ter.1,1,C.Ter.1:11,Wnone,LSOA:E01030446,assumed_zone_lsoa,10,11,1051.1,,0.0,2,0,9,0,0,0,0,0
C.Ter.1|Wnone|LSOA:E01030447,C.Ter.1,1,C.Ter.1:21,Wnone,LSOA:E01030447,assumed_zone_lsoa,21,21,2134.9,,0.0,1,0,20,0,0,0,0,0
C.Ter.1|Wnone|LSOA:E01030458,C.Ter.1,1,C.Ter.1:15,Wnone,LSOA:E01030458,assumed_zone_lsoa,15,15,768.0,,0.0,1,14,0,0,0,0,0,0
C.Ter.1|Wnone|LSOA:E01030459,C.Ter.1,1,C.Ter.1:34,Wnone,LSOA:E01030459,assumed_zone_lsoa,34,34,2379.8,,0.0,2,2,30,0,0,0,0,0
C.Ter.1|Wnone|LSOA:E01030465,C.Ter.1,1,C.Ter.1:13,Wnone,LSOA:E01030465,assumed_zone_lsoa,13,13,1010.0,,0.0,0,0,13,0,0,0,0,0
C.Ter.1|Wnone|LSOA:E01030466,C.Ter.1,1,C.Ter.1:12,Wnone,LSOA:E01030466,assumed_zone_lsoa,12,12,943.0,,0.0,0,1,10,0,1,0,0,0
C.Ter.1|Wnone|LSOA:E01030472,C.Ter.1,1,C.Ter.1:22,Wnone,LSOA:E01030472,assumed_zone_lsoa,22,22,1766.0,,0.0,2,3,13,0,0,4,0,0
C.Ter.1|Wnone|LSOA:E01030473,C.Ter.1,1,C.Ter.1:18,Wnone,LSOA:E01030473,assumed_zone_lsoa,18,18,1592.1,,0.0,0,0,17,0,0,0,1,0
C.Ter.1|Wnone|LSOA:E01030474,C.Ter.1,1,C.Ter.1:274,Wnone,LSOA:E01030474,assumed_zone_lsoa,274,274,22669.0,,0.0,1,0,273,0,0,0,0,0
C.Ter.1|Wnone|LSOA:E01030477,C.Ter.1,1,C.Ter.1:27,Wnone,LSOA:E01030477,assumed_zone_lsoa,27,27,2149.0,,0.0,0,0,27,0,0,0,0,0
C.Ter.1|Wnone|LSOA:E01030478,C.Ter.1,1,C.Ter.1:29,Wnone,LSOA:E01030478,assumed_zone_lsoa,29,29,2318.0,,0.0,1,0,25,0,0,2,1,0
C.Ter.1|Wnone|LSOA:E01030479,C.Ter.1,1,C.Ter.1:77,Wnone,LSOA:E01030479,assumed_zone_lsoa,77,77,5681.1,,0.0,0,0,74,0,3,0,0,0
C.Ter.1|Wnone|LSOA:E01030480,C.Ter.1,1,C.Ter.1:34,Wnone,LSOA:E01030480,assumed_zone_lsoa,34,34,2507.9,,0.0,0,1,32,1,0,0,0,0
C.Ter.1|Wnone|LSOA:E01030490,C.Ter.1,1,C.Ter.1:22,Wnone,LSOA:E01030490,assumed_zone_lsoa,21,22,2417.6,,0.0,1,0,20,0,0,0,1,0
C.Ter.1|Wnone|LSOA:E01030491,C.Ter.1,1,C.Ter.1:49,Wnone,LSOA:E01030491,assumed_zone_lsoa,49,49,4080.4,,0.0,0,2,46,0,0,0,1,0
C.Ter.1|Wnone|LSOA:E01030500,C.Ter.1,1,C.Ter.1:61,Wnone,LSOA:E01030500,assumed_zone_lsoa,61,61,5101.2,,0.0,0,0,60,0,0,1,0,0
C.Ter.1|Wnone|LSOA:E01030501,C.Ter.1,1,C.Ter.1:66,Wnone,LSOA:E01030501,assumed_zone_lsoa,66,66,4657.8,,0.0,1,0,65,0,0,0,0,0
C.Ter.1|Wnone|LSOA:E01030502,C.Ter.1,1,C.Ter.1:28,Wnone,LSOA:E01030502,assumed_zone_lsoa,28,28,2335.0,,0.0,1,0,27,0,0,0,0,0
C.Ter.1|Wnone|LSOA:E01030503,C.Ter.1,1,C.Ter.1:114,Wnone,LSOA:E01030503,assumed_zone_lsoa,114,114,9513.2,,0.0,1,2,111,0,0,0,0,0
C.Ter.1|Wnone|SUB:SPN-S000000171608,C.Ter.1,1,C.Ter.1:16,Wnone,SUB:SPN-S000000171608,spatial_inference_nearest_substation,16,16,1327.0,Onslow,1.0,1,0,15,0,0,0,0,0
C.Ter.1|Wnone|SUB:SPN-S000000171609,C.Ter.1,1,C.Ter.1:13,Wnone,SUB:SPN-S000000171609,spatial_inference_nearest_substation,13,13,996.0,Onslow,1.0,0,0,13,0,0,0,0,0
C.Ter.1|Wnone|SUB:SPN-S000000171619,C.Ter.1,1,C.Ter.1:19,Wnone,SUB:SPN-S000000171619,spatial_inference_nearest_substation,19,19,1494.0,Onslow,1.0,0,7,12,0,0,0,0,0
C.Ter.1|Wnone|SUB:SPN-S000000171626,C.Ter.1,1,C.Ter.1:19,Wnone,SUB:SPN-S000000171626,spatial_inference_nearest_substation,19,19,1168.6,Onslow,1.0,0,0,19,0,0,0,0,0
C.Ter.1|Wnone|SUB:SPN-S000000171631,C.Ter.1,1,C.Ter.1:13,Wnone,SUB:SPN-S000000171631,spatial_inference_nearest_substation,13,13,842.6,Westborough,1.0,1,4,8,0,0,0,0,0
C.Ter.1|Wnone|SUB:SPN-S000000171634,C.Ter.1,1,C.Ter.1:14,Wnone,SUB:SPN-S000000171634,spatial_inference_nearest_substation,14,14,1252.0,Westborough,1.0,0,1,13,0,0,0,0,0
C.Ter.1|Wnone|SUB:SPN-S000000171677,C.Ter.1,1,C.Ter.1:13,Wnone,SUB:SPN-S000000171677,spatial_inference_nearest_substation,13,13,1363.8,St Nicolas,1.0,0,0,13,0,0,0,0,0
C.Ter.1|Wnone|SUB:SPN-S000000171695,C.Ter.1,1,C.Ter.1:17,Wnone,SUB:SPN-S000000171695,spatial_inference_nearest_substation,17,17,1470.8,Bellfields & Slyfield,1.0,0,0,17,0,0,0,0,0
C.Ter.1|Wnone|SUB:SPN-S000000171696,C.Ter.1,1,C.Ter.1:21,Wnone,SUB:SPN-S000000171696,spatial_inference_nearest_substation,21,21,1651.8,Bellfields & Slyfield,1.0,0,0,20,0,0,0,0,1
C.Ter.1|Wnone|SUB:SPN-S000000171697,C.Ter.1,1,C.Ter.1:55,Wnone,SUB:SPN-S000000171697,spatial_inference_nearest_substation,55,55,4471.1,Bellfields & Slyfield,1.0,0,0,55,0,0,0,0,0
C.Ter.1|Wnone|SUB:SPN-S000000171698,C.Ter.1,1,C.Ter.1:37,Wnone,SUB:SPN-S000000171698,spatial_inference_nearest_substation,37,37,2916.7,Bellfields & Slyfield,1.0,0,0,37,0,0,0,0,0
C.Ter.1|Wnone|SUB:SPN-S000000171717,C.Ter.1,1,C.Ter.1:16,Wnone,SUB:SPN-S000000171717,spatial_inference_nearest_substation,16,16,1389.4,Stoke,1.0,0,0,16,0,0,0,0,0
C.Ter.1|Wnone|SUB:SPN-S000000171719,C.Ter.1,1,C.Ter.1:59,Wnone,SUB:SPN-S000000171719,spatial_inference_nearest_substation,59,59,3741.1,Bellfields & Slyfield,1.0,0,1,58,0,0,0,0,0
C.Ter.1|Wnone|SUB:SPN-S000000171720,C.Ter.1,1,C.Ter.1:33,Wnone,SUB:SPN-S000000171720,spatial_inference_nearest_substation,33,33,3469.4,Bellfields & Slyfield,1.0,1,1,31,0,0,0,0,0
C.Ter.1|Wnone|SUB:SPN-S000000171721,C.Ter.1,1,C.Ter.1:16,Wnone,SUB:SPN-S000000171721,spatial_inference_nearest_substation,16,16,1439.4,Bellfields & Slyfield,1.0,0,0,16,0,0,0,0,0
C.Ter.1|Wnone|SUB:SPN-S000000171722,C.Ter.1,1,C.Ter.1:26,Wnone,SUB:SPN-S000000171722,spatial_inference_nearest_substation,26,26,2216.0,Bellfields & Slyfield,1.0,0,0,26,0,0,0,0,0
C.Ter.1|Wnone|SUB:SPN-S000000171724,C.Ter.1,1,C.Ter.1:28,Wnone,SUB:SPN-S000000171724,spatial_inference_nearest_substation,28,28,2499.0,Bellfields & Slyfield,1.0,0,0,28,0,0,0,0,0
C.Ter.1|Wnone|SUB:SPN-S000000171725,C.Ter.1,1,C.Ter.1:16,Wnone,SUB:SPN-S000000171725,spatial_inference_nearest_substation,16,16,1493.5,Bellfields & Slyfield,1.0,0,1,15,0,0,0,0,0
C.Ter.1|Wnone|SUB:SPN-S000000171733,C.Ter.1,1,C.Ter.1:25,Wnone,SUB:SPN-S000000171733,spatial_inference_nearest_substation,25,25,1009.5,Westborough,1.0,0,1,24,0,0,0,0,0
C.Ter.1|Wnone|SUB:SPN-S000000171742,C.Ter.1,1,C.Ter.1:28,Wnone,SUB:SPN-S000000171742,spatial_inference_nearest_substation,28,28,1758.7,Stoughton North,1.0,1,3,24,0,0,0,0,0
C.Ter.1|Wnone|SUB:SPN-S000000171743,C.Ter.1,1,C.Ter.1:52,Wnone,SUB:SPN-S000000171743,spatial_inference_nearest_substation,52,52,4291.0,Bellfields & Slyfield,1.0,1,0,51,0,0,0,0,0
C.Ter.1|Wnone|SUB:SPN-S000000171749,C.Ter.1,1,C.Ter.1:11,Wnone,SUB:SPN-S000000171749,spatial_inference_nearest_substation,11,11,1179.6,Stoughton North,1.0,0,0,11,0,0,0,0,0
C.Ter.1|Wnone|SUB:SPN-S000000171774,C.Ter.1,1,C.Ter.1:12,Wnone,SUB:SPN-S000000171774,spatial_inference_nearest_substation,12,12,1094.0,Stoughton South,1.0,0,0,12,0,0,0,0,0
C.Ter.1|Wnone|SUB:SPN-S000000171780,C.Ter.1,1,C.Ter.1:14,Wnone,SUB:SPN-S000000171780,spatial_inference_nearest_substation,14,14,1287.1,Stoughton South,1.0,0,0,14,0,0,0,0,0
C.Ter.1|Wnone|SUB:SPN-S000000171813,C.Ter.1,1,C.Ter.1:13,Wnone,SUB:SPN-S000000171813,spatial_inference_nearest_substation,13,13,1012.0,Castle,1.0,0,0,13,0,0,0,0,0
C.Ter.1|Wnone|SUB:SPN-S000000171814,C.Ter.1,1,C.Ter.1:24,Wnone,SUB:SPN-S000000171814,spatial_inference_nearest_substation,24,24,4411.0,Castle,1.0,0,0,24,0,0,0,0,0
C.Ter.1|Wnone|SUB:SPN-S000000171853,C.Ter.1,1,C.Ter.1:12,Wnone,SUB:SPN-S000000171853,spatial_inference_nearest_substation,12,12,1129.0,Burpham,1.0,0,0,12,0,0,0,0,0
C.Ter.1|Wnone|SUB:SPN-S000000171855,C.Ter.1,1,C.Ter.1:13,Wnone,SUB:SPN-S000000171855,spatial_inference_nearest_substation,12,13,600.0,Burpham,1.0,12,1,0,0,0,0,0,0
C.Ter.1|Wnone|SUB:SPN-S000000171856,C.Ter.1,1,C.Ter.1:27,Wnone,SUB:SPN-S000000171856,spatial_inference_nearest_substation,27,27,1342.0,Burpham,1.0,1,5,21,0,0,0,0,0
C.Ter.1|Wnone|SUB:SPN-S000000171859,C.Ter.1,1,C.Ter.1:10,Wnone,SUB:SPN-S000000171859,spatial_inference_nearest_substation,10,10,951.0,Merrow,1.0,0,1,9,0,0,0,0,0
C.Ter.1|Wnone|SUB:SPN-S000000171860,C.Ter.1,1,C.Ter.1:15,Wnone,SUB:SPN-S000000171860,spatial_inference_nearest_substation,15,15,1267.1,Merrow,1.0,0,0,15,0,0,0,0,0
C.Ter.1|Wnone|SUB:SPN-S000000171887,C.Ter.1,1,C.Ter.1:10,Wnone,SUB:SPN-S000000171887,spatial_inference_nearest_substation,10,10,624.9,Merrow,1.0,1,1,8,0,0,0,0,0
C.Ter.1|Wnone|SUB:SPN-S000000171888,C.Ter.1,1,C.Ter.1:39,Wnone,SUB:SPN-S000000171888,spatial_inference_nearest_substation,39,39,2221.4,Merrow,1.0,1,5,33,0,0,0,0,0
C.Ter.1|Wnone|SUB:SPN-S000000173197,C.Ter.1,1,C.Ter.1:19,Wnone,SUB:SPN-S000000173197,spatial_inference_nearest_substation,19,19,1452.2,Stoughton North,1.0,0,1,18,0,0,0,0,0
C.Ter.1|Wnone|SUB:SPN-S000000173929,C.Ter.1,1,C.Ter.1:18,Wnone,SUB:SPN-S000000173929,spatial_inference_nearest_substation,18,18,1612.7,Burpham,1.0,0,0,18,0,0,0,0,0
C.Ter.1|Wnone|SUB:SPN-S000000173931,C.Ter.1,1,C.Ter.1:12,Wnone,SUB:SPN-S000000173931,spatial_inference_nearest_substation,12,12,771.2,Stoughton North,1.0,0,1,11,0,0,0,0,0
C.Ter.1|Wnone|SUB:SPN-S000000174155,C.Ter.1,1,C.Ter.1:17,Wnone,SUB:SPN-S000000174155,spatial_inference_nearest_substation,17,17,1065.3,Merrow,1.0,0,0,17,0,0,0,0,0
C.Ter.1|Wnone|SUB:SPN-S000000174198,C.Ter.1,1,C.Ter.1:11,Wnone,SUB:SPN-S000000174198,spatial_inference_nearest_substation,11,11,903.2,Bellfields & Slyfield,1.0,0,2,7,0,2,0,0,0
C.Ter.1|Wnone|SUB:SPN-S000000174232,C.Ter.1,1,C.Ter.1:25,Wnone,SUB:SPN-S000000174232,spatial_inference_nearest_substation,25,25,2048.0,Westborough,1.0,0,0,25,0,0,0,0,0
C.Ter.1|Wnone|SUB:SPN-S000000174234,C.Ter.1,1,C.Ter.1:39,Wnone,SUB:SPN-S000000174234,spatial_inference_nearest_substation,39,39,3578.5,Stoughton North,1.0,1,1,37,0,0,0,0,0
C.Ter.1|Wnone|SUB:SPN-S000000174239,C.Ter.1,1,C.Ter.1:27,Wnone,SUB:SPN-S000000174239,spatial_inference_nearest_substation,27,27,2014.3,Stoke,1.0,1,2,22,0,2,0,0,0
C.Ter.1|Wnone|SUB:SPN-S000000174640,C.Ter.1,1,C.Ter.1:14,Wnone,SUB:SPN-S000000174640,spatial_inference_nearest_substation,14,14,1000.0,Merrow,1.0,0,0,14,0,0,0,0,0
C.Ter.1|Wnone|SUB:SPN-S000000174673,C.Ter.1,1,C.Ter.1:79,Wnone,SUB:SPN-S000000174673,spatial_inference_nearest_substation,79,79,5694.3,Merrow,1.0,2,2,75,0,0,0,0,0
C.Ter.1|Wnone|SUB:SPN-S000000174692,C.Ter.1,1,C.Ter.1:22,Wnone,SUB:SPN-S000000174692,spatial_inference_nearest_substation,22,22,1548.6,Merrow,1.0,0,0,22,0,0,0,0,0
C.Ter.1|Wnone|SUB:SPN-S000000174722,C.Ter.1,1,C.Ter.1:65,Wnone,SUB:SPN-S000000174722,spatial_inference_nearest_substation,63,65,3904.3,Merrow,1.0,0,0,64,0,1,0,0,0
C.Ter.1|Wnone|SUB:SPN-S000000174777,C.Ter.1,1,C.Ter.1:24,Wnone,SUB:SPN-S000000174777,spatial_inference_nearest_substation,24,24,1192.0,Burpham,1.0,10,2,12,0,0,0,0,0
C.Ter.1|Wnone|SUB:SPN-S000000174792,C.Ter.1,1,C.Ter.1:85,Wnone,SUB:SPN-S000000174792,spatial_inference_nearest_substation,84,85,4478.0,Burpham,1.0,25,9,51,0,0,0,0,0
C.Ter.1|Wnone|SUB:SPN-S000000174842,C.Ter.1,1,C.Ter.1:23,Wnone,SUB:SPN-S000000174842,spatial_inference_nearest_substation,23,23,1919.8,Stoughton North,1.0,1,0,22,0,0,0,0,0
C.Ter.1|Wnone|SUB:SPN-S000000174852,C.Ter.1,1,C.Ter.1:16,Wnone,SUB:SPN-S000000174852,spatial_inference_nearest_substation,16,16,913.0,Burpham,1.0,0,0,16,0,0,0,0,0
C.Ter.1|Wnone|SUB:SPN-S000000174899,C.Ter.1,1,C.Ter.1:75,Wnone,SUB:SPN-S000000174899,spatial_inference_nearest_substation,75,75,4083.0,Burpham,1.0,8,18,49,0,0,0,0,0
C.Ter.1|Wnone|SUB:SPN-S000000174925,C.Ter.1,1,C.Ter.1:35,Wnone,SUB:SPN-S000000174925,spatial_inference_nearest_substation,35,35,1684.0,Burpham,1.0,7,16,12,0,0,0,0,0
C.Ter.1|Wnone|SUB:SPN-S000000174949,C.Ter.1,1,C.Ter.1:36,Wnone,SUB:SPN-S000000174949,spatial_inference_nearest_substation,36,36,2030.0,Burpham,1.0,12,5,19,0,0,0,0,0
C.Ter.1|Wnone|SUB:SPN-S000000175228,C.Ter.1,1,C.Ter.1:43,Wnone,SUB:SPN-S000000175228,spatial_inference_nearest_substation,43,43,4013.6,Stoughton North,1.0,2,0,40,0,0,0,1,0
C.Ter.1|Wnone|SUB:SPN-S000000175257,C.Ter.1,1,C.Ter.1:34,Wnone,SUB:SPN-S000000175257,spatial_inference_nearest_substation,33,34,2553.7,Stoughton North,1.0,0,0,34,0,0,0,0,0
C.Ter.1|Wnone|SUB:SPN-S000000181196,C.Ter.1,1,C.Ter.1:24,Wnone,SUB:SPN-S000000181196,spatial_inference_nearest_substation,24,24,2425.9,Stoughton North,1.0,0,2,22,0,0,0,0,0
C.Ter.1|Wnone|SUB:SPN-S000000181252,C.Ter.1,1,C.Ter.1:10,Wnone,SUB:SPN-S000000181252,spatial_inference_nearest_substation,10,10,809.0,Westborough,1.0,0,0,10,0,0,0,0,0
C.Ter.1|Wnone|SUB:SPN-S000000181316,C.Ter.1,1,C.Ter.1:11,Wnone,SUB:SPN-S000000181316,spatial_inference_nearest_substation,11,11,912.0,Bellfields & Slyfield,1.0,0,1,10,0,0,0,0,0
C.Ter.2|Wcav|LSOA:E01030421,C.Ter.2,1,C.Ter.2:10,Wcav,LSOA:E01030421,assumed_zone_lsoa,10,10,939.0,,0.0,0,0,10,0,0,0,0,0
C.Ter.2|Wcav|LSOA:E01030422,C.Ter.2,1,C.Ter.2:46,Wcav,LSOA:E01030422,assumed_zone_lsoa,46,46,3786.5,,0.0,0,0,46,0,0,0,0,0
C.Ter.2|Wcav|LSOA:E01030423,C.Ter.2,1,C.Ter.2:21,Wcav,LSOA:E01030423,assumed_zone_lsoa,21,21,1733.0,,0.0,0,0,20,0,1,0,0,0
C.Ter.2|Wcav|LSOA:E01030425,C.Ter.2,1,C.Ter.2:25,Wcav,LSOA:E01030425,assumed_zone_lsoa,25,25,2064.9,,0.0,0,0,25,0,0,0,0,0
C.Ter.2|Wcav|LSOA:E01030429,C.Ter.2,1,C.Ter.2:38,Wcav,LSOA:E01030429,assumed_zone_lsoa,38,38,2380.4,,0.0,1,1,36,0,0,0,0,0
C.Ter.2|Wcav|LSOA:E01030430,C.Ter.2,1,C.Ter.2:10,Wcav,LSOA:E01030430,assumed_zone_lsoa,10,10,886.1,,0.0,0,0,10,0,0,0,0,0
C.Ter.2|Wcav|LSOA:E01030432,C.Ter.2,1,C.Ter.2:33,Wcav,LSOA:E01030432,assumed_zone_lsoa,33,33,2895.0,,0.0,0,0,33,0,0,0,0,0
C.Ter.2|Wcav|LSOA:E01030433,C.Ter.2,1,C.Ter.2:25,Wcav,LSOA:E01030433,assumed_zone_lsoa,25,25,2152.9,,0.0,0,0,25,0,0,0,0,0
C.Ter.2|Wcav|LSOA:E01030447,C.Ter.2,1,C.Ter.2:13,Wcav,LSOA:E01030447,assumed_zone_lsoa,13,13,1011.1,,0.0,0,0,13,0,0,0,0,0
C.Ter.2|Wcav|LSOA:E01030459,C.Ter.2,1,C.Ter.2:13,Wcav,LSOA:E01030459,assumed_zone_lsoa,13,13,1041.9,,0.0,0,0,13,0,0,0,0,0
C.Ter.2|Wcav|LSOA:E01030474,C.Ter.2,1,C.Ter.2:10,Wcav,LSOA:E01030474,assumed_zone_lsoa,10,10,836.0,,0.0,0,0,10,0,0,0,0,0
C.Ter.2|Wcav|LSOA:E01030479,C.Ter.2,1,C.Ter.2:15,Wcav,LSOA:E01030479,assumed_zone_lsoa,15,15,1110.7,,0.0,0,0,15,0,0,0,0,0
C.Ter.2|Wcav|LSOA:E01030500,C.Ter.2,1,C.Ter.2:25,Wcav,LSOA:E01030500,assumed_zone_lsoa,25,25,1898.2,,0.0,0,0,25,0,0,0,0,0
C.Ter.2|Wcav|LSOA:E01030501,C.Ter.2,1,C.Ter.2:14,Wcav,LSOA:E01030501,assumed_zone_lsoa,14,14,1114.0,,0.0,0,0,14,0,0,0,0,0
C.Ter.2|Wcav|LSOA:E01030502,C.Ter.2,1,C.Ter.2:16,Wcav,LSOA:E01030502,assumed_zone_lsoa,16,16,1332.0,,0.0,0,0,16,0,0,0,0,0
C.Ter.2|Wcav|LSOA:E01030503,C.Ter.2,1,C.Ter.2:20,Wcav,LSOA:E01030503,assumed_zone_lsoa,20,20,1628.2,,0.0,2,0,18,0,0,0,0,0
C.Ter.2|Wcav|SUB:SPN-S000000171608,C.Ter.2,1,C.Ter.2:36,Wcav,SUB:SPN-S000000171608,spatial_inference_nearest_substation,36,36,3060.0,Onslow,1.0,0,4,32,0,0,0,0,0
C.Ter.2|Wcav|SUB:SPN-S000000171609,C.Ter.2,1,C.Ter.2:31,Wcav,SUB:SPN-S000000171609,spatial_inference_nearest_substation,31,31,2970.0,Onslow,1.0,0,2,29,0,0,0,0,0
C.Ter.2|Wcav|SUB:SPN-S000000171610,C.Ter.2,1,C.Ter.2:11,Wcav,SUB:SPN-S000000171610,spatial_inference_nearest_substation,11,11,831.0,Onslow,1.0,2,1,8,0,0,0,0,0
C.Ter.2|Wcav|SUB:SPN-S000000171631,C.Ter.2,1,C.Ter.2:32,Wcav,SUB:SPN-S000000171631,spatial_inference_nearest_substation,32,32,2647.0,Westborough,1.0,0,0,32,0,0,0,0,0
C.Ter.2|Wcav|SUB:SPN-S000000171698,C.Ter.2,1,C.Ter.2:10,Wcav,SUB:SPN-S000000171698,spatial_inference_nearest_substation,10,10,810.0,Bellfields & Slyfield,1.0,0,0,10,0,0,0,0,0
C.Ter.2|Wcav|SUB:SPN-S000000171705,C.Ter.2,1,C.Ter.2:22,Wcav,SUB:SPN-S000000171705,spatial_inference_nearest_substation,22,22,2049.0,Castle,1.0,0,1,21,0,0,0,0,0
C.Ter.2|Wcav|SUB:SPN-S000000171719,C.Ter.2,1,C.Ter.2:11,Wcav,SUB:SPN-S000000171719,spatial_inference_nearest_substation,11,11,990.0,Bellfields & Slyfield,1.0,1,0,10,0,0,0,0,0
C.Ter.2|Wcav|SUB:SPN-S000000171743,C.Ter.2,1,C.Ter.2:17,Wcav,SUB:SPN-S000000171743,spatial_inference_nearest_substation,17,17,1469.0,Bellfields & Slyfield,1.0,0,0,17,0,0,0,0,0
C.Ter.2|Wcav|SUB:SPN-S000000171749,C.Ter.2,1,C.Ter.2:11,Wcav,SUB:SPN-S000000171749,spatial_inference_nearest_substation,11,11,977.0,Stoughton North,1.0,0,0,11,0,0,0,0,0
C.Ter.2|Wcav|SUB:SPN-S000000171774,C.Ter.2,1,C.Ter.2:18,Wcav,SUB:SPN-S000000171774,spatial_inference_nearest_substation,18,18,1929.8,Stoughton South,1.0,0,0,18,0,0,0,0,0
C.Ter.2|Wcav|SUB:SPN-S000000171780,C.Ter.2,1,C.Ter.2:15,Wcav,SUB:SPN-S000000171780,spatial_inference_nearest_substation,15,15,1425.4,Stoughton South,1.0,0,0,15,0,0,0,0,0
C.Ter.2|Wcav|SUB:SPN-S000000171863,C.Ter.2,1,C.Ter.2:11,Wcav,SUB:SPN-S000000171863,spatial_inference_nearest_substation,6,11,858.0,Merrow,1.0,0,0,11,0,0,0,0,0
C.Ter.2|Wcav|SUB:SPN-S000000173931,C.Ter.2,1,C.Ter.2:24,Wcav,SUB:SPN-S000000173931,spatial_inference_nearest_substation,24,24,1744.6,Stoughton North,1.0,0,0,24,0,0,0,0,0
C.Ter.2|Wcav|SUB:SPN-S000000175228,C.Ter.2,1,C.Ter.2:13,Wcav,SUB:SPN-S000000175228,spatial_inference_nearest_substation,13,13,1218.7,Stoughton North,1.0,0,0,13,0,0,0,0,0
C.Ter.2|Wsol|LSOA:E01030422,C.Ter.2,1,C.Ter.2:10,Wsol,LSOA:E01030422,assumed_zone_lsoa,10,10,800.0,,0.0,0,0,10,0,0,0,0,0
C.Ter.2|Wsol|LSOA:E01030423,C.Ter.2,1,C.Ter.2:10,Wsol,LSOA:E01030423,assumed_zone_lsoa,10,10,890.0,,0.0,0,0,10,0,0,0,0,0
C.Ter.2|Wsol|LSOA:E01030459,C.Ter.2,1,C.Ter.2:43,Wsol,LSOA:E01030459,assumed_zone_lsoa,42,43,4038.8,,0.0,3,4,34,0,0,0,2,0
C.Ter.2|Wsol|LSOA:E01030472,C.Ter.2,1,C.Ter.2:19,Wsol,LSOA:E01030472,assumed_zone_lsoa,19,19,1836.0,,0.0,1,0,11,0,0,1,5,1
C.Ter.2|Wsol|LSOA:E01030477,C.Ter.2,1,C.Ter.2:13,Wsol,LSOA:E01030477,assumed_zone_lsoa,13,13,885.0,,0.0,0,0,12,0,1,0,0,0
C.Ter.2|Wsol|LSOA:E01030478,C.Ter.2,1,C.Ter.2:13,Wsol,LSOA:E01030478,assumed_zone_lsoa,13,13,1105.3,,0.0,0,0,11,0,0,2,0,0
C.Ter.2|Wsol|LSOA:E01030479,C.Ter.2,1,C.Ter.2:28,Wsol,LSOA:E01030479,assumed_zone_lsoa,28,28,2453.1,,0.0,1,0,27,0,0,0,0,0
C.Ter.2|Wsol|LSOA:E01030480,C.Ter.2,1,C.Ter.2:20,Wsol,LSOA:E01030480,assumed_zone_lsoa,20,20,1727.0,,0.0,0,1,19,0,0,0,0,0
C.Ter.2|Wsol|LSOA:E01030490,C.Ter.2,1,C.Ter.2:20,Wsol,LSOA:E01030490,assumed_zone_lsoa,20,20,2133.4,,0.0,1,1,12,0,0,2,4,0
C.Ter.2|Wsol|LSOA:E01030491,C.Ter.2,1,C.Ter.2:22,Wsol,LSOA:E01030491,assumed_zone_lsoa,22,22,2791.2,,0.0,0,0,20,0,0,0,2,0
C.Ter.2|Wsol|SUB:SPN-S000000171610,C.Ter.2,1,C.Ter.2:26,Wsol,SUB:SPN-S000000171610,spatial_inference_nearest_substation,26,26,2048.0,Onslow,1.0,0,1,24,0,1,0,0,0
C.Ter.2|Wsol|SUB:SPN-S000000171674,C.Ter.2,1,C.Ter.2:10,Wsol,SUB:SPN-S000000171674,spatial_inference_nearest_substation,10,10,1122.0,St Nicolas,1.0,0,0,10,0,0,0,0,0
C.Ter.2|Wsol|SUB:SPN-S000000171741,C.Ter.2,1,C.Ter.2:11,Wsol,SUB:SPN-S000000171741,spatial_inference_nearest_substation,11,11,865.0,Bellfields & Slyfield,1.0,0,0,11,0,0,0,0,0
C.Ter.2|Wsol|SUB:SPN-S000000171744,C.Ter.2,1,C.Ter.2:13,Wsol,SUB:SPN-S000000171744,spatial_inference_nearest_substation,13,13,902.0,Stoughton South,1.0,0,0,13,0,0,0,0,0
C.Ter.2|Wsol|SUB:SPN-S000000171773,C.Ter.2,1,C.Ter.2:15,Wsol,SUB:SPN-S000000171773,spatial_inference_nearest_substation,15,15,1136.4,Stoughton South,1.0,0,0,15,0,0,0,0,0
C.Ter.2|Wsol|SUB:SPN-S000000171780,C.Ter.2,1,C.Ter.2:18,Wsol,SUB:SPN-S000000171780,spatial_inference_nearest_substation,18,18,1382.3,Stoughton South,1.0,1,0,17,0,0,0,0,0
C.Ter.2|Wsol|SUB:SPN-S000000171795,C.Ter.2,1,C.Ter.2:16,Wsol,SUB:SPN-S000000171795,spatial_inference_nearest_substation,16,16,1388.7,Stoke,1.0,0,0,16,0,0,0,0,0
C.Ter.2|Wsol|SUB:SPN-S000000171797,C.Ter.2,1,C.Ter.2:57,Wsol,SUB:SPN-S000000171797,spatial_inference_nearest_substation,57,57,4986.1,Stoke,1.0,1,2,54,0,0,0,0,0
C.Ter.2|Wsol|SUB:SPN-S000000171798,C.Ter.2,1,C.Ter.2:17,Wsol,SUB:SPN-S000000171798,spatial_inference_nearest_substation,17,17,1822.0,Stoke,1.0,0,0,17,0,0,0,0,0
C.Ter.2|Wsol|SUB:SPN-S000000171975,C.Ter.2,1,C.Ter.2:29,Wsol,SUB:SPN-S000000171975,spatial_inference_nearest_substation,29,29,2348.3,Castle,1.0,0,0,27,0,0,1,1,0
C.Ter.2|Wsol|SUB:SPN-S000000174043,C.Ter.2,1,C.Ter.2:17,Wsol,SUB:SPN-S000000174043,spatial_inference_nearest_substation,17,17,2028.4,Onslow,1.0,0,0,17,0,0,0,0,0
C.Ter.2|Wsol|SUB:SPN-S000000174080,C.Ter.2,1,C.Ter.2:16,Wsol,SUB:SPN-S000000174080,spatial_inference_nearest_substation,16,16,1390.3,Castle,1.0,0,0,16,0,0,0,0,0
C.Ter.2|Wsol|SUB:SPN-S000000174239,C.Ter.2,1,C.Ter.2:32,Wsol,SUB:SPN-S000000174239,spatial_inference_nearest_substation,32,32,2817.6,Stoke,1.0,0,1,31,0,0,0,0,0
C.Ter.3|Wnone|LSOA:E01030421,C.Ter.3,1,C.Ter.3:65,Wnone,LSOA:E01030421,assumed_zone_lsoa,65,65,5304.0,,0.0,0,0,65,0,0,0,0,0
C.Ter.3|Wnone|LSOA:E01030422,C.Ter.3,1,C.Ter.3:50,Wnone,LSOA:E01030422,assumed_zone_lsoa,50,50,4537.8,,0.0,0,0,49,0,0,1,0,0
C.Ter.3|Wnone|LSOA:E01030423,C.Ter.3,1,C.Ter.3:94,Wnone,LSOA:E01030423,assumed_zone_lsoa,93,94,7657.0,,0.0,0,0,94,0,0,0,0,0
C.Ter.3|Wnone|LSOA:E01030424,C.Ter.3,1,C.Ter.3:10,Wnone,LSOA:E01030424,assumed_zone_lsoa,10,10,876.1,,0.0,3,0,7,0,0,0,0,0
C.Ter.3|Wnone|LSOA:E01030425,C.Ter.3,1,C.Ter.3:59,Wnone,LSOA:E01030425,assumed_zone_lsoa,59,59,5692.7,,0.0,0,0,59,0,0,0,0,0
C.Ter.3|Wnone|LSOA:E01030426,C.Ter.3,1,C.Ter.3:29,Wnone,LSOA:E01030426,assumed_zone_lsoa,29,29,2722.7,,0.0,0,0,28,0,0,1,0,0
C.Ter.3|Wnone|LSOA:E01030432,C.Ter.3,1,C.Ter.3:49,Wnone,LSOA:E01030432,assumed_zone_lsoa,46,49,4142.0,,0.0,0,0,49,0,0,0,0,0
C.Ter.3|Wnone|LSOA:E01030433,C.Ter.3,1,C.Ter.3:12,Wnone,LSOA:E01030433,assumed_zone_lsoa,12,12,1148.7,,0.0,0,0,12,0,0,0,0,0
C.Ter.3|Wnone|LSOA:E01030444,C.Ter.3,1,C.Ter.3:16,Wnone,LSOA:E01030444,assumed_zone_lsoa,16,16,1361.0,,0.0,0,0,16,0,0,0,0,0
C.Ter.3|Wnone|LSOA:E01030445,C.Ter.3,1,C.Ter.3:17,Wnone,LSOA:E01030445,assumed_zone_lsoa,17,17,1676.0,,0.0,0,0,17,0,0,0,0,0
C.Ter.3|Wnone|LSOA:E01030447,C.Ter.3,1,C.Ter.3:13,Wnone,LSOA:E01030447,assumed_zone_lsoa,12,13,1468.5,,0.0,1,0,12,0,0,0,0,0
C.Ter.3|Wnone|LSOA:E01030459,C.Ter.3,1,C.Ter.3:45,Wnone,LSOA:E01030459,assumed_zone_lsoa,45,45,4498.8,,0.0,0,0,34,0,11,0,0,0
C.Ter.3|Wnone|LSOA:E01030465,C.Ter.3,1,C.Ter.3:11,Wnone,LSOA:E01030465,assumed_zone_lsoa,11,11,1000.0,,0.0,0,0,11,0,0,0,0,0
C.Ter.3|Wnone|LSOA:E01030475,C.Ter.3,1,C.Ter.3:12,Wnone,LSOA:E01030475,assumed_zone_lsoa,12,12,1132.0,,0.0,0,0,12,0,0,0,0,0
C.Ter.3|Wnone|LSOA:E01030477,C.Ter.3,1,C.Ter.3:32,Wnone,LSOA:E01030477,assumed_zone_lsoa,32,32,2670.0,,0.0,0,0,31,0,1,0,0,0
C.Ter.3|Wnone|LSOA:E01030478,C.Ter.3,1,C.Ter.3:12,Wnone,LSOA:E01030478,assumed_zone_lsoa,12,12,985.8,,0.0,1,0,8,0,3,0,0,0
C.Ter.3|Wnone|LSOA:E01030479,C.Ter.3,1,C.Ter.3:39,Wnone,LSOA:E01030479,assumed_zone_lsoa,36,39,4017.1,,0.0,0,0,34,0,4,0,1,0
C.Ter.3|Wnone|LSOA:E01030480,C.Ter.3,1,C.Ter.3:15,Wnone,LSOA:E01030480,assumed_zone_lsoa,15,15,1587.3,,0.0,0,0,14,0,1,0,0,0
C.Ter.3|Wnone|LSOA:E01030490,C.Ter.3,1,C.Ter.3:21,Wnone,LSOA:E01030490,assumed_zone_lsoa,21,21,2016.8,,0.0,0,0,16,0,4,0,1,0
C.Ter.3|Wnone|LSOA:E01030491,C.Ter.3,1,C.Ter.3:35,Wnone,LSOA:E01030491,assumed_zone_lsoa,35,35,3713.5,,0.0,0,0,35,0,0,0,0,0
C.Ter.3|Wnone|LSOA:E01030501,C.Ter.3,1,C.Ter.3:61,Wnone,LSOA:E01030501,assumed_zone_lsoa,61,61,5530.9,,0.0,0,0,54,0,7,0,0,0
C.Ter.3|Wnone|LSOA:E01030502,C.Ter.3,1,C.Ter.3:23,Wnone,LSOA:E01030502,assumed_zone_lsoa,23,23,2773.0,,0.0,0,0,22,0,1,0,0,0
C.Ter.3|Wnone|LSOA:E01030503,C.Ter.3,1,C.Ter.3:15,Wnone,LSOA:E01030503,assumed_zone_lsoa,15,15,1170.8,,0.0,1,0,14,0,0,0,0,0
C.Ter.3|Wnone|SUB:SPN-S000000171814,C.Ter.3,1,C.Ter.3:11,Wnone,SUB:SPN-S000000171814,spatial_inference_nearest_substation,11,11,1762.5,Castle,1.0,0,0,11,0,0,0,0,0
C.Ter.3|Wnone|SUB:SPN-S000000171874,C.Ter.3,1,C.Ter.3:30,Wnone,SUB:SPN-S000000171874,spatial_inference_nearest_substation,30,30,3607.7,Merrow,1.0,1,0,29,0,0,0,0,0
C.Ter.3|Wnone|SUB:SPN-S000000171928,C.Ter.3,1,C.Ter.3:14,Wnone,SUB:SPN-S000000171928,spatial_inference_nearest_substation,14,14,4455.0,Castle,1.0,0,0,14,0,0,0,0,0
C.Ter.3|Wnone|SUB:SPN-S000000173931,C.Ter.3,1,C.Ter.3:16,Wnone,SUB:SPN-S000000173931,spatial_inference_nearest_substation,16,16,1394.9,Stoughton North,1.0,1,0,15,0,0,0,0,0
C.Ter.3|Wnone|SUB:SPN-S000000181195,C.Ter.3,1,C.Ter.3:14,Wnone,SUB:SPN-S000000181195,spatial_inference_nearest_substation,14,14,1389.0,Stoughton North,1.0,0,0,14,0,0,0,0,0
C.Ter.3|Wnone|SUB:SPN-S000000181196,C.Ter.3,1,C.Ter.3:60,Wnone,SUB:SPN-S000000181196,spatial_inference_nearest_substation,60,60,6803.6,Stoughton North,1.0,0,0,60,0,0,0,0,0
C.Ter.4|Wcav|LSOA:E01030433,C.Ter.4,1,C.Ter.4:13,Wcav,LSOA:E01030433,assumed_zone_lsoa,13,13,1183.9,,0.0,0,0,13,0,0,0,0,0
C.Ter.4|Wnone|LSOA:E01030474,C.Ter.4,1,C.Ter.4:27,Wnone,LSOA:E01030474,assumed_zone_lsoa,27,27,2140.0,,0.0,0,0,27,0,0,0,0,0
C.Ter.4|Wnone|LSOA:E01030479,C.Ter.4,1,C.Ter.4:12,Wnone,LSOA:E01030479,assumed_zone_lsoa,12,12,1160.2,,0.0,0,0,12,0,0,0,0,0
C.Ter.4|Wsol|LSOA:E01030459,C.Ter.4,1,C.Ter.4:13,Wsol,LSOA:E01030459,assumed_zone_lsoa,13,13,1050.6,,0.0,0,1,12,0,0,0,0,0
C.Ter.4|Wsol|LSOA:E01030472,C.Ter.4,1,C.Ter.4:10,Wsol,LSOA:E01030472,assumed_zone_lsoa,10,10,884.3,,0.0,0,0,6,0,0,1,3,0
C.Ter.4|Wsol|LSOA:E01030479,C.Ter.4,1,C.Ter.4:11,Wsol,LSOA:E01030479,assumed_zone_lsoa,11,11,716.6,,0.0,0,0,10,0,0,0,0,1
C.Ter.4|Wsol|LSOA:E01030491,C.Ter.4,1,C.Ter.4:11,Wsol,LSOA:E01030491,assumed_zone_lsoa,11,11,1128.0,,0.0,0,0,11,0,0,0,0,0
C.Ter.4|Wsol|SUB:SPN-S000000171610,C.Ter.4,1,C.Ter.4:15,Wsol,SUB:SPN-S000000171610,spatial_inference_nearest_substation,15,15,1217.0,Onslow,1.0,0,0,15,0,0,0,0,0
C.Ter.4|Wsol|SUB:SPN-S000000171797,C.Ter.4,1,C.Ter.4:21,Wsol,SUB:SPN-S000000171797,spatial_inference_nearest_substation,21,21,1792.0,Stoke,1.0,0,0,21,0,0,0,0,0
C.Ter.4|Wsol|SUB:SPN-S000000174239,C.Ter.4,1,C.Ter.4:15,Wsol,SUB:SPN-S000000174239,spatial_inference_nearest_substation,15,15,1242.4,Stoke,1.0,1,0,14,0,0,0,0,0
C.Unk.1|Wnone|LSOA:E01030422,C.Unk.1,1,C.Unk.1:41,Wnone,LSOA:E01030422,assumed_zone_lsoa,41,41,4059.0,,0.0,0,0,41,0,0,0,0,0
C.Unk.1|Wnone|LSOA:E01030459,C.Unk.1,1,C.Unk.1:14,Wnone,LSOA:E01030459,assumed_zone_lsoa,14,14,1593.0,,0.0,0,0,14,0,0,0,0,0
C.Unk.1|Wnone|SUB:SPN-S000000171840,C.Unk.1,1,C.Unk.1:10,Wnone,SUB:SPN-S000000171840,spatial_inference_nearest_substation,10,10,1255.0,Burpham,1.0,0,0,10,0,0,0,0,0
MIX|Wcav|LSOA:E01030421,MIX,5,C.Ter.1:5;C.Semi.8:5;C.Semi.11:4;C.Det.1:2;C.Det.8:2,Wcav,LSOA:E01030421,assumed_zone_lsoa,18,18,1890.0,,0.0,0,0,17,0,0,0,1,0
MIX|Wcav|LSOA:E01030422,MIX,9,C.Flat.2:6;C.Ter.4:5;C.Semi.11:3;C.Det.7:3;C.Semi.3:2;C.Det.1:2,Wcav,LSOA:E01030422,assumed_zone_lsoa,24,24,2109.8,,0.0,0,3,21,0,0,0,0,0
MIX|Wcav|LSOA:E01030423,MIX,15,C.Semi.8:8;C.Det.7:8;C.Ter.4:6;C.Semi.11:4;C.Flat.1:3;C.Semi.10:3,Wcav,LSOA:E01030423,assumed_zone_lsoa,37,42,4401.6,,0.0,0,1,39,0,0,1,0,1
MIX|Wcav|LSOA:E01030424,MIX,15,C.Flat.1:9;C.Ter.2:7;C.Semi.8:7;C.Flat.8:5;C.Det.4:2;C.Ter.1:2,Wcav,LSOA:E01030424,assumed_zone_lsoa,38,43,3912.6,,0.0,0,1,42,0,0,0,0,0
MIX|Wcav|LSOA:E01030425,MIX,8,C.Det.7:5;C.Det.4:4;C.Flat.5:2;C.Flat.1:1;C.Flat.6:1;C.Det.8:1,Wcav,LSOA:E01030425,assumed_zone_lsoa,15,16,2139.8,,0.0,1,0,15,0,0,0,0,0
MIX|Wcav|LSOA:E01030426,MIX,17,C.Semi.8:6;C.Ter.1:6;C.Det.7:5;C.Semi.11:5;C.Ter.2:4;C.Semi.5:3,Wcav,LSOA:E01030426,assumed_zone_lsoa,40,44,3760.4,,0.0,1,2,41,0,0,0,0,0
MIX|Wcav|LSOA:E01030427,MIX,16,C.Semi.11:7;C.Ter.1:7;C.Ter.2:6;C.Det.7:5;C.Det.6:4;C.Det.8:2,Wcav,LSOA:E01030427,assumed_zone_lsoa,41,44,4627.6,,0.0,0,1,43,0,0,0,0,0
MIX|Wcav|LSOA:E01030428,MIX,9,C.Det.1:3;C.Ter.2:3;C.Flat.2:2;C.Ter.4:2;C.Semi.5:2;C.Det.8:1,Wcav,LSOA:E01030428,assumed_zone_lsoa,16,16,1185.3,,0.0,1,0,14,1,0,0,0,0
MIX|Wcav|LSOA:E01030429,MIX,14,C.Flat.2:6;C.Flat.6:5;C.Flat.5:2;C.Ter.4:2;C.Semi.7:2;C.Semi.10:1,Wcav,LSOA:E01030429,assumed_zone_lsoa,22,26,1762.6,,0.0,2,5,19,0,0,0,0,0
MIX|Wcav|LSOA:E01030430,MIX,15,C.Det.7:9;C.Det.8:7;C.Flat.2:5;C.Semi.6:4;C.Det.6:4;C.Flat.8:4,Wcav,LSOA:E01030430,assumed_zone_lsoa,51,55,6137.4,,0.0,1,0,53,0,0,1,0,0
MIX|Wcav|LSOA:E01030431,MIX,11,C.Ter.2:6;C.Semi.11:5;C.Det.1:5;C.Det.8:3;C.Det.4:2;C.Semi.10:2,Wcav,LSOA:E01030431,assumed_zone_lsoa,29,29,2655.0,,0.0,1,1,26,0,0,0,0,1
MIX|Wcav|LSOA:E01030432,MIX,9,C.Semi.11:7;C.Ter.1:5;C.Flat.5:5;C.Flat.6:5;C.Flat.2:3;C.Ter.4:3,Wcav,LSOA:E01030432,assumed_zone_lsoa,23,32,2153.2,,0.0,0,1,31,0,0,0,0,0
MIX|Wcav|LSOA:E01030433,MIX,12,C.Semi.8:8;C.Flat.6:6;C.Ter.1:6;C.Semi.11:4;C.Det.7:4;C.Flat.2:3,Wcav,LSOA:E01030433,assumed_zone_lsoa,40,40,3544.5,,0.0,0,1,39,0,0,0,0,0
MIX|Wcav|LSOA:E01030440,MIX,11,C.Flat.5:8;C.Flat.6:7;C.Det.1:6;C.Det.5:4;C.Ter.2:4;C.Semi.8:3,Wcav,LSOA:E01030440,assumed_zone_lsoa,34,39,4332.2,,0.0,1,0,36,0,1,0,1,0
MIX|Wcav|LSOA:E01030441,MIX,10,C.Semi.11:6;C.Ter.1:4;C.Det.1:3;C.Det.8:3;C.Det.6:3;C.Semi.10:2,Wcav,LSOA:E01030441,assumed_zone_lsoa,25,25,3468.5,,0.0,0,0,22,0,2,0,1,0
MIX|Wcav|LSOA:E01030442,MIX,7,C.Det.1:9;C.Ter.2:3;C.Det.6:3;C.Flat.5:1;C.Ter.4:1;C.Semi.2:1,Wcav,LSOA:E01030442,assumed_zone_lsoa,18,19,5143.1,,0.0,0,0,19,0,0,0,0,0
MIX|Wcav|LSOA:E01030443,MIX,15,C.Det.8:9;C.Det.1:9;C.Semi.8:5;C.Flat.5:5;C.Flat.8:3;C.Det.6:3,Wcav,LSOA:E01030443,assumed_zone_lsoa,42,47,6001.7,,0.0,2,2,42,0,1,0,0,0
MIX|Wcav|LSOA:E01030444,MIX,12,C.Det.1:7;C.Semi.8:6;C.Det.8:5;C.Det.4:5;C.Flat.5:4;C.Flat.6:3,Wcav,LSOA:E01030444,assumed_zone_lsoa,38,39,4930.5,,0.0,0,1,37,0,0,0,1,0
MIX|Wcav|LSOA:E01030445,MIX,16,C.Det.7:8;C.Det.1:6;C.Det.8:6;C.Ter.1:5;C.Flat.7:5;C.Flat.2:5,Wcav,LSOA:E01030445,assumed_zone_lsoa,52,61,8043.9,,0.0,2,1,50,7,0,0,1,0
MIX|Wcav|LSOA:E01030446,MIX,14,C.Ter.2:7;C.Semi.2:6;C.Det.1:5;C.Det.4:4;C.Det.8:3;C.Ter.1:3,Wcav,LSOA:E01030446,assumed_zone_lsoa,39,39,5319.3,,0.0,1,0,34,0,2,1,1,0
MIX|Wcav|LSOA:E01030447,MIX,12,C.Flat.6:6;C.Det.1:5;C.Semi.8:5;C.Ter.4:5;C.Det.8:3;C.Ter.1:3,Wcav,LSOA:E01030447,assumed_zone_lsoa,33,34,3744.1,,0.0,0,0,34,0,0,0,0,0
MIX|Wcav|LSOA:E01030458,MIX,10,C.Semi.8:6;C.Det.8:6;C.Det.5:3;C.Det.1:3;C.Semi.11:1;C.Flat.6:1,Wcav,LSOA:E01030458,assumed_zone_lsoa,24,24,2900.8,,0.0,1,1,12,0,0,3,5,2
MIX|Wcav|LSOA:E01030459,MIX,17,C.Flat.3:7;C.Flat.4:6;C.Semi.8:5;C.Ter.1:4;C.Det.7:3;C.Semi.3:3,Wcav,LSOA:E01030459,assumed_zone_lsoa,38,47,3798.2,,0.0,4,0,41,0,0,2,0,0
MIX|Wcav|LSOA:E01030465,MIX,12,C.Flat.5:5;C.Det.4:5;C.Det.1:4;C.Flat.6:4;C.Semi.10:3;C.Ter.2:3,Wcav,LSOA:E01030465,assumed_zone_lsoa,31,34,3512.4,,0.0,2,0,30,0,1,0,1,0
MIX|Wcav|LSOA:E01030466,MIX,9,C.Semi.8:8;C.Det.6:8;C.Det.8:3;C.Ter.2:2;C.Semi.11:2;C.Flat.5:2,Wcav,LSOA:E01030466,assumed_zone_lsoa,29,29,2457.0,,0.0,0,1,21,0,1,5,1,0
MIX|Wcav|LSOA:E01030471,MIX,11,C.Ter.2:7;C.Semi.10:5;C.Det.1:4;C.Det.4:4;C.Semi.6:3;C.Ter.4:2,Wcav,LSOA:E01030471,assumed_zone_lsoa,30,30,4947.5,,0.0,0,0,25,0,3,0,2,0
MIX|Wcav|LSOA:E01030472,MIX,17,C.Ter.2:9;C.Det.7:9;C.Semi.8:6;C.Ter.4:6;C.Det.8:5;C.Det.4:4,Wcav,LSOA:E01030472,assumed_zone_lsoa,53,54,7106.7,,0.0,5,8,27,0,1,3,10,0
MIX|Wcav|LSOA:E01030473,MIX,12,C.Semi.3:7;C.Semi.10:7;C.Semi.8:7;C.Det.8:6;C.Ter.2:5;C.Det.6:4,Wcav,LSOA:E01030473,assumed_zone_lsoa,45,45,5961.8,,0.0,0,1,42,0,0,0,2,0
MIX|Wcav|LSOA:E01030474,MIX,9,C.Semi.2:5;C.Det.2:3;C.Ter.1:2;C.Det.1:2;C.Semi.3:2;C.Ter.4:2,Wcav,LSOA:E01030474,assumed_zone_lsoa,19,19,1569.0,,0.0,0,0,19,0,0,0,0,0
MIX|Wcav|LSOA:E01030475,MIX,9,C.Det.4:5;C.Semi.8:4;C.Det.6:3;C.Semi.11:3;C.Det.8:2;C.Det.5:2,Wcav,LSOA:E01030475,assumed_zone_lsoa,22,22,4026.5,,0.0,0,0,20,0,1,0,1,0
MIX|Wcav|LSOA:E01030476,MIX,12,C.Det.1:8;C.Semi.11:5;C.Det.8:3;C.Semi.8:2;C.Det.4:2;C.Semi.6:2,Wcav,LSOA:E01030476,assumed_zone_lsoa,28,28,3088.9,,0.0,0,0,26,0,2,0,0,0
MIX|Wcav|LSOA:E01030477,MIX,16,C.Det.7:6;C.Flat.6:5;C.Det.1:4;C.Ter.4:4;C.Semi.10:4;C.Semi.6:2,Wcav,LSOA:E01030477,assumed_zone_lsoa,39,39,3890.4,,0.0,2,2,33,0,0,1,1,0
MIX|Wcav|LSOA:E01030478,MIX,17,C.Semi.8:7;C.Semi.11:6;C.Flat.5:6;C.Semi.10:6;C.Det.4:5;C.Ter.4:5,Wcav,LSOA:E01030478,assumed_zone_lsoa,56,59,7597.4,,0.0,3,1,49,0,2,2,2,0
MIX|Wcav|LSOA:E01030479,MIX,12,C.Ter.4:5;C.Semi.6:3;C.Det.7:3;C.Semi.10:3;C.Det.6:3;C.Det.5:2,Wcav,LSOA:E01030479,assumed_zone_lsoa,26,26,2585.2,,0.0,1,0,25,0,0,0,0,0
MIX|Wcav|LSOA:E01030480,MIX,16,C.Flat.6:8;C.Flat.1:5;C.Flat.2:4;C.Ter.2:4;C.Flat.8:4;C.Semi.11:4,Wcav,LSOA:E01030480,assumed_zone_lsoa,42,48,5167.1,,0.0,4,1,42,0,1,0,0,0
MIX|Wcav|LSOA:E01030490,MIX,13,C.Det.8:9;C.Ter.2:7;C.Det.6:5;C.Semi.10:4;C.Det.1:4;C.Semi.11:3,Wcav,LSOA:E01030490,assumed_zone_lsoa,43,45,4554.1,,0.0,2,2,35,0,1,2,3,0
MIX|Wcav|LSOA:E01030491,MIX,16,C.Det.8:9;C.Semi.11:8;C.Semi.8:7;C.Ter.2:7;C.Semi.10:5;C.Det.6:4,Wcav,LSOA:E01030491,assumed_zone_lsoa,59,60,7094.9,,0.0,1,1,50,0,2,0,6,0
MIX|Wcav|LSOA:E01030492,MIX,13,C.Det.1:9;C.Semi.10:8;C.Det.6:5;C.Det.4:4;C.Ter.2:4;C.Semi.5:2,Wcav,LSOA:E01030492,assumed_zone_lsoa,39,40,5998.1,,0.0,0,1,26,0,2,2,9,0
MIX|Wcav|LSOA:E01030494,C.Semi.6,1,C.Semi.6:1,Wcav,LSOA:E01030494,assumed_zone_lsoa,1,1,74.0,,0.0,0,0,1,0,0,0,0,0
MIX|Wcav|LSOA:E01030496,C.Ter.1,1,C.Ter.1:1,Wcav,LSOA:E01030496,assumed_zone_lsoa,1,1,85.0,,0.0,0,0,1,0,0,0,0,0
MIX|Wcav|LSOA:E01030499,MIX,12,C.Det.7:9;C.Flat.6:8;C.Semi.11:5;C.Ter.2:3;C.Flat.5:3;C.Det.1:2,Wcav,LSOA:E01030499,assumed_zone_lsoa,37,40,4114.8,,0.0,0,0,40,0,0,0,0,0
MIX|Wcav|LSOA:E01030500,MIX,16,C.Semi.8:9;C.Det.7:6;C.Det.1:5;C.Flat.5:4;C.Semi.10:3;C.Flat.2:2,Wcav,LSOA:E01030500,assumed_zone_lsoa,40,45,4582.9,,0.0,1,2,40,0,0,0,2,0
MIX|Wcav|LSOA:E01030501,MIX,11,C.Semi.8:6;C.Det.6:4;C.Semi.10:3;C.Flat.6:2;C.Det.8:2;C.Det.7:2,Wcav,LSOA:E01030501,assumed_zone_lsoa,25,25,3808.7,,0.0,0,0,21,0,0,0,4,0
MIX|Wcav|LSOA:E01030502,MIX,9,C.Det.1:7;C.Semi.11:5;C.Det.5:3;C.Det.6:3;C.Det.4:2;C.Flat.5:1,Wcav,LSOA:E01030502,assumed_zone_lsoa,24,24,2553.7,,0.0,0,0,24,0,0,0,0,0
MIX|Wcav|LSOA:E01030503,MIX,14,C.Flat.5:9;C.Ter.1:9;C.Flat.2:8;C.Flat.6:7;C.Semi.8:6;C.Det.2:6,Wcav,LSOA:E01030503,assumed_zone_lsoa,52,68,6432.3,,0.0,1,2,65,0,0,0,0,0
MIX|Wcav|LSOA:E01030504,MIX,9,C.Det.1:5;C.Semi.11:3;C.Semi.10:3;C.Ter.1:2;C.Ter.2:1;C.Semi.6:1,Wcav,LSOA:E01030504,assumed_zone_lsoa,18,18,1662.0,,0.0,2,0,16,0,0,0,0,0
MIX|Wcav|SUB:SPN-R000000843506-000-002Z,MIX,2,C.Semi.8:1;C.Det.2:1,Wcav,SUB:SPN-R000000843506-000-002Z,spatial_inference_nearest_substation,2,2,297.9,Burpham,1.0,0,0,2,0,0,0,0,0
MIX|Wcav|SUB:SPN-R000000843508-000-011Z,MIX,2,C.Det.2:8;C.Det.1:1,Wcav,SUB:SPN-R000000843508-000-011Z,spatial_inference_nearest_substation,9,9,2258.9,Castle,1.0,0,0,8,0,0,0,1,0
MIX|Wcav|SUB:SPN-R000000843508-000-016Z,MIX,2,C.Det.2:1;C.Ter.2:1,Wcav,SUB:SPN-R000000843508-000-016Z,spatial_inference_nearest_substation,2,2,502.5,Castle,1.0,0,0,2,0,0,0,0,0
MIX|Wcav|SUB:SPN-R000000852112-000-063Z,MIX,3,C.Semi.2:2;C.Det.2:2;C.Semi.8:2,Wcav,SUB:SPN-R000000852112-000-063Z,spatial_inference_nearest_substation,6,6,422.9,Westborough,1.0,0,0,6,0,0,0,0,0
MIX|Wcav|SUB:SPN-R000000852112-000-073Z,MIX,2,C.Semi.2:2;C.Det.2:1,Wcav,SUB:SPN-R000000852112-000-073Z,spatial_inference_nearest_substation,3,3,313.2,St Nicolas,1.0,0,0,3,0,0,0,0,0
MIX|Wcav|SUB:SPN-R000000852116-000-001Z,MIX,7,C.Ter.1:4;C.Ter.2:4;C.Det.7:2;C.Det.1:1;C.Det.8:1;C.Semi.8:1,Wcav,SUB:SPN-R000000852116-000-001Z,spatial_inference_nearest_substation,14,14,1246.3,Stoughton South,1.0,0,0,14,0,0,0,0,0
MIX|Wcav|SUB:SPN-S000000171105,MIX,2,C.Flat.4:2;C.Flat.1:1,Wcav,SUB:SPN-S000000171105,spatial_inference_nearest_substation,2,3,141.0,Castle,1.0,0,1,2,0,0,0,0,0
MIX|Wcav|SUB:SPN-S000000171605,C.Det.2,1,C.Det.2:1,Wcav,SUB:SPN-S000000171605,spatial_inference_nearest_substation,1,1,17.7,Stoke,1.0,0,0,1,0,0,0,0,0
MIX|Wcav|SUB:SPN-S000000171606,MIX,2,C.Semi.2:8;C.Semi.8:4,Wcav,SUB:SPN-S000000171606,spatial_inference_nearest_substation,12,12,1012.7,Stoke,1.0,0,0,12,0,0,0,0,0
MIX|Wcav|SUB:SPN-S000000171608,MIX,6,C.Semi.2:7;C.Ter.4:4;C.Det.2:4;C.Semi.11:4;C.Det.7:3;C.Ter.1:3,Wcav,SUB:SPN-S000000171608,spatial_inference_nearest_substation,25,25,2565.1,Onslow,1.0,0,2,23,0,0,0,0,0
MIX|Wcav|SUB:SPN-S000000171609,MIX,3,C.Ter.4:3;C.Ter.1:3;C.Semi.2:3,Wcav,SUB:SPN-S000000171609,spatial_inference_nearest_substation,9,9,863.0,Onslow,1.0,0,0,9,0,0,0,0,0
MIX|Wcav|SUB:SPN-S000000171610,MIX,11,C.Flat.6:6;C.Semi.8:4;C.Flat.5:4;C.Flat.8:2;C.Flat.3:2;C.Det.2:2,Wcav,SUB:SPN-S000000171610,spatial_inference_nearest_substation,21,26,1902.4,Onslow,1.0,0,2,24,0,0,0,0,0
MIX|Wcav|SUB:SPN-S000000171611,MIX,5,C.Semi.8:7;C.Det.2:6;C.Ter.2:2;C.Det.7:2;C.Semi.11:1,Wcav,SUB:SPN-S000000171611,spatial_inference_nearest_substation,18,18,1965.3,Westborough,1.0,0,0,18,0,0,0,0,0
MIX|Wcav|SUB:SPN-S000000171612,C.Ter.1,1,C.Ter.1:5,Wcav,SUB:SPN-S000000171612,spatial_inference_nearest_substation,5,5,430.0,Westborough,1.0,0,0,5,0,0,0,0,0
MIX|Wcav|SUB:SPN-S000000171613,MIX,3,C.Det.7:6;C.Det.8:3;C.Semi.2:3,Wcav,SUB:SPN-S000000171613,spatial_inference_nearest_substation,12,12,1947.2,Onslow,1.0,0,0,12,0,0,0,0,0
MIX|Wcav|SUB:SPN-S000000171614,MIX,4,C.Semi.2:9;C.Det.7:4;C.Det.1:3;C.Semi.8:1,Wcav,SUB:SPN-S000000171614,spatial_inference_nearest_substation,17,17,2554.6,Onslow,1.0,0,0,17,0,0,0,0,0
MIX|Wcav|SUB:SPN-S000000171615,MIX,4,C.Det.2:8;C.Det.7:2;C.Semi.6:1;C.Semi.2:1,Wcav,SUB:SPN-S000000171615,spatial_inference_nearest_substation,12,12,1217.4,Onslow,1.0,1,0,11,0,0,0,0,0
MIX|Wcav|SUB:SPN-S000000171616,MIX,4,C.Flat.6:2;C.Semi.10:1;C.Flat.5:1;C.Semi.11:1,Wcav,SUB:SPN-S000000171616,spatial_inference_nearest_substation,4,5,267.0,Onslow,1.0,3,0,2,0,0,0,0,0
MIX|Wcav|SUB:SPN-S000000171617,MIX,9,C.Semi.8:6;C.Semi.10:2;C.Semi.11:2;C.Flat.5:2;C.Det.2:1;C.Ter.2:1,Wcav,SUB:SPN-S000000171617,spatial_inference_nearest_substation,14,17,1439.0,Onslow,1.0,1,0,16,0,0,0,0,0
MIX|Wcav|SUB:SPN-S000000171618,MIX,4,C.Det.2:6;C.Flat.1:1;C.Semi.7:1;C.Det.1:1,Wcav,SUB:SPN-S000000171618,spatial_inference_nearest_substation,9,9,1376.4,Onslow,1.0,0,0,9,0,0,0,0,0
MIX|Wcav|SUB:SPN-S000000171619,MIX,13,C.Ter.2:8;C.Flat.6:7;C.Det.2:7;C.Semi.11:5;C.Flat.5:5;C.Det.7:3,Wcav,SUB:SPN-S000000171619,spatial_inference_nearest_substation,43,50,4352.8,Onslow,1.0,0,3,43,4,0,0,0,0
MIX|Wcav|SUB:SPN-S000000171621,MIX,8,C.Det.2:7;C.Semi.10:3;C.Semi.5:3;C.Det.7:2;C.Flat.6:1;C.Flat.5:1,Wcav,SUB:SPN-S000000171621,spatial_inference_nearest_substation,19,19,2170.8,Onslow,1.0,0,0,19,0,0,0,0,0
MIX|Wcav|SUB:SPN-S000000171622,MIX,4,C.Det.7:5;C.Det.8:1;C.Det.1:1;C.Semi.8:1,Wcav,SUB:SPN-S000000171622,spatial_inference_nearest_substation,8,8,1357.0,Onslow,1.0,0,0,8,0,0,0,0,0
MIX|Wcav|SUB:SPN-S000000171623,MIX,8,C.Det.8:4;C.Det.7:3;C.Semi.2:3;C.Det.6:3;C.Flat.6:2;C.Semi.8:1,Wcav,SUB:SPN-S000000171623,spatial_inference_nearest_substation,18,18,3817.5,St Nicolas,1.0,0,0,16,0,0,1,1,0
MIX|Wcav|SUB:SPN-S000000171624,MIX,4,C.Semi.8:5;C.Det.7:2;C.Semi.11:1;C.Semi.5:1,Wcav,SUB:SPN-S000000171624,spatial_inference_nearest_substation,9,9,1785.6,Onslow,1.0,0,0,9,0,0,0,0,0
MIX|Wcav|SUB:SPN-S000000171625,MIX,7,C.Semi.8:6;C.Semi.10:5;C.Det.2:2;C.Semi.11:2;C.Flat.5:1;C.Semi.6:1,Wcav,SUB:SPN-S000000171625,spatial_inference_nearest_substation,18,18,2056.1,Onslow,1.0,0,0,17,0,0,1,0,0
MIX|Wcav|SUB:SPN-S000000171626,MIX,10,C.Ter.2:5;C.Det.2:4;C.Semi.2:4;C.Flat.1:3;C.Flat.8:3;C.Flat.7:2,Wcav,SUB:SPN-S000000171626,spatial_inference_nearest_substation,26,26,2728.9,Onslow,1.0,0,0,26,0,0,0,0,0
MIX|Wcav|SUB:SPN-S000000171629,C.Flat.3,1,C.Flat.3:2,Wcav,SUB:SPN-S000000171629,spatial_inference_nearest_substation,1,2,131.0,Castle,1.0,2,0,0,0,0,0,0,0
MIX|Wcav|SUB:SPN-S000000171630,MIX,9,C.Ter.2:6;C.Semi.8:6;C.Flat.5:6;C.Det.2:4;C.Flat.6:2;C.Flat.1:1,Wcav,SUB:SPN-S000000171630,spatial_inference_nearest_substation,25,28,2494.4,Westborough,1.0,0,8,19,1,0,0,0,0
MIX|Wcav|SUB:SPN-S000000171631,MIX,11,C.Ter.4:7;C.Flat.8:5;C.Ter.1:4;C.Det.2:4;C.Semi.11:2;C.Flat.1:1,Wcav,SUB:SPN-S000000171631,spatial_inference_nearest_substation,25,28,2309.1,Westborough,1.0,0,2,26,0,0,0,0,0
MIX|Wcav|SUB:SPN-S000000171632,MIX,7,C.Flat.6:9;C.Ter.2:8;C.Semi.2:4;C.Flat.2:3;C.Flat.1:3;C.Semi.3:1,Wcav,SUB:SPN-S000000171632,spatial_inference_nearest_substation,25,29,2286.7,Westborough,1.0,0,0,29,0,0,0,0,0
MIX|Wcav|SUB:SPN-S000000171633,MIX,10,C.Flat.5:2;C.Flat.1:2;C.Flat.8:1;C.Ter.2:1;C.Flat.2:1;C.Semi.8:1,Wcav,SUB:SPN-S000000171633,spatial_inference_nearest_substation,10,12,1401.1,Westborough,1.0,1,1,10,0,0,0,0,0
MIX|Wcav|SUB:SPN-S000000171634,MIX,6,C.Semi.11:3;C.Semi.8:2;C.Ter.2:2;C.Ter.1:1;C.Det.2:1;C.Det.7:1,Wcav,SUB:SPN-S000000171634,spatial_inference_nearest_substation,10,10,1182.4,Westborough,1.0,0,0,10,0,0,0,0,0
MIX|Wcav|SUB:SPN-S000000171635,MIX,6,C.Flat.6:1;C.Flat.5:1;C.Ter.2:1;C.Flat.8:1;C.Semi.3:1;C.Det.2:1,Wcav,SUB:SPN-S000000171635,spatial_inference_nearest_substation,6,6,363.3,Westborough,1.0,0,0,6,0,0,0,0,0
MIX|Wcav|SUB:SPN-S000000171636,MIX,7,C.Flat.5:3;C.Det.2:3;C.Semi.8:2;C.Ter.2:1;C.Semi.11:1;C.Flat.8:1,Wcav,SUB:SPN-S000000171636,spatial_inference_nearest_substation,12,12,890.4,Westborough,1.0,0,0,12,0,0,0,0,0
MIX|Wcav|SUB:SPN-S000000171637,MIX,9,C.Semi.8:3;C.Det.2:2;C.Flat.8:2;C.Flat.1:1;C.Flat.6:1;C.Semi.10:1,Wcav,SUB:SPN-S000000171637,spatial_inference_nearest_substation,13,13,1276.2,Westborough,1.0,0,1,12,0,0,0,0,0
MIX|Wcav|SUB:SPN-S000000171647,MIX,3,C.Ter.2:2;C.Flat.6:1;C.Flat.8:1,Wcav,SUB:SPN-S000000171647,spatial_inference_nearest_substation,4,4,331.0,Westborough,1.0,1,0,3,0,0,0,0,0
MIX|Wcav|SUB:SPN-S000000171648,MIX,5,C.Semi.2:8;C.Semi.6:2;C.Ter.2:1;C.Semi.11:1;C.Ter.1:1,Wcav,SUB:SPN-S000000171648,spatial_inference_nearest_substation,12,13,1394.2,Westborough,1.0,0,0,13,0,0,0,0,0
MIX|Wcav|SUB:SPN-S000000171669,MIX,2,C.Flat.6:2;C.Det.7:1,Wcav,SUB:SPN-S000000171669,spatial_inference_nearest_substation,2,3,204.7,Castle,1.0,0,2,1,0,0,0,0,0
MIX|Wcav|SUB:SPN-S000000171674,MIX,9,C.Det.2:6;C.Semi.2:6;C.Flat.5:3;C.Semi.10:3;C.Det.7:2;C.Semi.8:2,Wcav,SUB:SPN-S000000171674,spatial_inference_nearest_substation,25,25,3278.8,St Nicolas,1.0,0,0,25,0,0,0,0,0
MIX|Wcav|SUB:SPN-S000000171675,MIX,10,C.Flat.5:7;C.Flat.8:6;C.Semi.2:5;C.Det.2:4;C.Det.7:3;C.Ter.2:2,Wcav,SUB:SPN-S000000171675,spatial_inference_nearest_substation,30,32,4754.7,St Nicolas,1.0,1,5,26,0,0,0,0,0
MIX|Wcav|SUB:SPN-S000000171677,MIX,10,C.Flat.5:6;C.Det.2:5;C.Flat.6:5;C.Ter.1:4;C.Semi.2:2;C.Flat.7:2,Wcav,SUB:SPN-S000000171677,spatial_inference_nearest_substation,21,28,2941.0,St Nicolas,1.0,1,3,24,0,0,0,0,0
MIX|Wcav|SUB:SPN-S000000171678,MIX,6,C.Ter.2:6;C.Semi.2:3;C.Det.2:1;C.Ter.4:1;C.Det.7:1;C.Ter.1:1,Wcav,SUB:SPN-S000000171678,spatial_inference_nearest_substation,13,13,1364.8,St Nicolas,1.0,0,0,13,0,0,0,0,0
MIX|Wcav|SUB:SPN-S000000171679,MIX,4,C.Det.8:1;C.Det.4:1;C.Semi.2:1;C.Det.6:1,Wcav,SUB:SPN-S000000171679,spatial_inference_nearest_substation,4,4,1028.1,St Nicolas,1.0,0,0,4,0,0,0,0,0
MIX|Wcav|SUB:SPN-S000000171680,MIX,3,C.Semi.2:2;C.Det.7:1;C.Det.8:1,Wcav,SUB:SPN-S000000171680,spatial_inference_nearest_substation,4,4,1418.9,St Nicolas,1.0,0,0,4,0,0,0,0,0
MIX|Wcav|SUB:SPN-S000000171681,MIX,7,C.Det.7:4;C.Det.1:2;C.Semi.2:1;C.Semi.11:1;C.Semi.6:1;C.Det.8:1,Wcav,SUB:SPN-S000000171681,spatial_inference_nearest_substation,11,11,2672.7,St Nicolas,1.0,1,0,10,0,0,0,0,0
MIX|Wcav|SUB:SPN-S000000171683,MIX,2,C.Ter.2:2;C.Semi.11:1,Wcav,SUB:SPN-S000000171683,spatial_inference_nearest_substation,3,3,248.0,St Nicolas,1.0,0,1,2,0,0,0,0,0
MIX|Wcav|SUB:SPN-S000000171685,MIX,5,C.Semi.2:6;C.Det.2:2;C.Flat.6:1;C.Ter.1:1;C.Det.7:1,Wcav,SUB:SPN-S000000171685,spatial_inference_nearest_substation,10,11,1090.7,Stoke,1.0,0,0,11,0,0,0,0,0
MIX|Wcav|SUB:SPN-S000000171686,MIX,5,C.Semi.2:8;C.Semi.8:2;C.Flat.6:2;C.Semi.10:2;C.Ter.2:1,Wcav,SUB:SPN-S000000171686,spatial_inference_nearest_substation,14,15,1471.3,Stoke,1.0,0,2,13,0,0,0,0,0
MIX|Wcav|SUB:SPN-S000000171695,MIX,11,C.Ter.2:8;C.Flat.6:3;C.Semi.8:3;C.Flat.1:2;C.Flat.2:2;C.Semi.11:2,Wcav,SUB:SPN-S000000171695,spatial_inference_nearest_substation,25,27,2031.0,Bellfields & Slyfield,1.0,1,3,21,0,0,0,0,2
MIX|Wcav|SUB:SPN-S000000171696,MIX,9,C.Ter.2:7;C.Det.2:5;C.Semi.11:2;C.Ter.4:1;C.Semi.10:1;C.Flat.6:1,Wcav,SUB:SPN-S000000171696,spatial_inference_nearest_substation,19,20,1605.7,Bellfields & Slyfield,1.0,0,0,20,0,0,0,0,0
MIX|Wcav|SUB:SPN-S000000171697,MIX,5,C.Ter.2:4;C.Ter.1:3;C.Semi.2:3;C.Flat.5:1;C.Ter.3:1,Wcav,SUB:SPN-S000000171697,spatial_inference_nearest_substation,12,12,1023.1,Bellfields & Slyfield,1.0,0,0,12,0,0,0,0,0
MIX|Wcav|SUB:SPN-S000000171698,MIX,5,C.Flat.5:4;C.Ter.1:3;C.Det.2:3;C.Flat.6:2;C.Semi.8:1,Wcav,SUB:SPN-S000000171698,spatial_inference_nearest_substation,12,13,1070.9,Bellfields & Slyfield,1.0,0,0,13,0,0,0,0,0
MIX|Wcav|SUB:SPN-S000000171700,MIX,8,C.Det.2:9;C.Det.7:2;C.Det.8:1;C.Flat.5:1;C.Ter.4:1;C.Semi.11:1,Wcav,SUB:SPN-S000000171700,spatial_inference_nearest_substation,17,17,1765.9,Bellfields & Slyfield,1.0,0,0,16,0,0,1,0,0
MIX|Wcav|SUB:SPN-S000000171702,C.Semi.2,1,C.Semi.2:1,Wcav,SUB:SPN-S000000171702,spatial_inference_nearest_substation,1,1,225.4,Bellfields & Slyfield,1.0,0,0,1,0,0,0,0,0
MIX|Wcav|SUB:SPN-S000000171705,MIX,9,C.Flat.6:8;C.Det.2:6;C.Flat.1:4;C.Flat.7:3;C.Ter.1:3;C.Flat.2:2,Wcav,SUB:SPN-S000000171705,spatial_inference_nearest_substation,20,30,3202.4,Castle,1.0,2,3,25,0,0,0,0,0
MIX|Wcav|SUB:SPN-S000000171706,MIX,7,C.Det.2:6;C.Det.7:3;C.Ter.2:2;C.Det.1:2;C.Flat.1:2;C.Det.8:1,Wcav,SUB:SPN-S000000171706,spatial_inference_nearest_substation,17,17,3448.5,Castle,1.0,1,1,12,3,0,0,0,0
MIX|Wcav|SUB:SPN-S000000171708,MIX,3,C.Det.2:4;C.Flat.5:1;C.Det.7:1,Wcav,SUB:SPN-S000000171708,spatial_inference_nearest_substation,6,6,1370.0,Stoke,1.0,0,0,6,0,0,0,0,0
MIX|Wcav|SUB:SPN-S000000171709,MIX,8,C.Ter.2:6;C.Flat.5:5;C.Flat.8:4;C.Det.7:2;C.Flat.7:1;C.Flat.1:1,Wcav,SUB:SPN-S000000171709,spatial_inference_nearest_substation,14,21,2277.6,Castle,1.0,0,1,20,0,0,0,0,0
MIX|Wcav|SUB:SPN-S000000171710,MIX,7,C.Det.2:8;C.Flat.1:6;C.Det.7:2;C.Flat.2:2;C.Det.8:2;C.Flat.8:1,Wcav,SUB:SPN-S000000171710,spatial_inference_nearest_substation,18,22,4192.7,Castle,1.0,2,3,16,0,1,0,0,0
MIX|Wcav|SUB:SPN-S000000171711,MIX,3,C.Det.8:4;C.Flat.5:1;C.Det.1:1,Wcav,SUB:SPN-S000000171711,spatial_inference_nearest_substation,6,6,1222.2,Castle,1.0,0,1,5,0,0,0,0,0
MIX|Wcav|SUB:SPN-S000000171712,MIX,10,C.Det.2:7;C.Semi.8:5;C.Det.1:2;C.Flat.6:2;C.Det.7:1;C.Semi.10:1,Wcav,SUB:SPN-S000000171712,spatial_inference_nearest_substation,20,22,3104.6,Merrow,1.0,0,0,22,0,0,0,0,0
MIX|Wcav|SUB:SPN-S000000171713,MIX,5,C.Semi.8:4;C.Det.7:3;C.Flat.5:2;C.Flat.6:1;C.Flat.1:1,Wcav,SUB:SPN-S000000171713,spatial_inference_nearest_substation,10,11,1098.4,Merrow,1.0,1,0,10,0,0,0,0,0
MIX|Wcav|SUB:SPN-S000000171714,MIX,12,C.Det.7:5;C.Flat.5:3;C.Det.1:2;C.Flat.2:2;C.Det.4:2;C.Flat.7:2,Wcav,SUB:SPN-S000000171714,spatial_inference_nearest_substation,20,22,2930.0,Castle,1.0,0,0,22,0,0,0,0,0
MIX|Wcav|SUB:SPN-S000000171715,MIX,8,C.Flat.5:3;C.Det.1:2;C.Det.7:2;C.Semi.2:1;C.Flat.6:1;C.Det.8:1,Wcav,SUB:SPN-S000000171715,spatial_inference_nearest_substation,9,12,1754.4,Castle,1.0,0,0,12,0,0,0,0,0
MIX|Wcav|SUB:SPN-S000000171716,MIX,7,C.Det.2:9;C.Semi.2:4;C.Det.7:2;C.Flat.5:1;C.Flat.1:1;C.Semi.10:1,Wcav,SUB:SPN-S000000171716,spatial_inference_nearest_substation,18,19,3128.4,Castle,1.0,1,1,17,0,0,0,0,0
MIX|Wcav|SUB:SPN-S000000171717,MIX,10,C.Ter.2:4;C.Flat.2:4;C.Ter.4:3;C.Flat.5:3;C.Flat.7:2;C.Semi.11:1,Wcav,SUB:SPN-S000000171717,spatial_inference_nearest_substation,17,21,1747.4,Stoke,1.0,0,3,18,0,0,0,0,0
MIX|Wcav|SUB:SPN-S000000171719,MIX,8,C.Flat.5:2;C.Flat.6:2;C.Semi.8:2;C.Det.2:2;C.Flat.1:1;C.Semi.7:1,Wcav,SUB:SPN-S000000171719,spatial_inference_nearest_substation,11,12,755.5,Bellfields & Slyfield,1.0,0,0,12,0,0,0,0,0
MIX|Wcav|SUB:SPN-S000000171720,MIX,8,C.Flat.6:5;C.Flat.5:4;C.Ter.2:4;C.Ter.4:3;C.Ter.1:1;C.Det.6:1,Wcav,SUB:SPN-S000000171720,spatial_inference_nearest_substation,18,20,1905.9,Bellfields & Slyfield,1.0,1,1,18,0,0,0,0,0
MIX|Wcav|SUB:SPN-S000000171721,MIX,5,C.Ter.2:5;C.Semi.8:3;C.Semi.11:3;C.Det.7:1;C.Flat.6:1,Wcav,SUB:SPN-S000000171721,spatial_inference_nearest_substation,11,13,1051.9,Bellfields & Slyfield,1.0,0,1,12,0,0,0,0,0
MIX|Wcav|SUB:SPN-S000000171722,MIX,7,C.Semi.8:9;C.Ter.1:3;C.Ter.2:2;C.Semi.3:1;C.Semi.11:1;C.Semi.10:1,Wcav,SUB:SPN-S000000171722,spatial_inference_nearest_substation,18,18,2030.7,Bellfields & Slyfield,1.0,0,0,18,0,0,0,0,0
MIX|Wcav|SUB:SPN-S000000171723,MIX,5,C.Flat.5:5;C.Semi.8:4;C.Flat.2:2;C.Flat.6:1;C.Flat.8:1,Wcav,SUB:SPN-S000000171723,spatial_inference_nearest_substation,11,13,1011.1,Bellfields & Slyfield,1.0,2,0,11,0,0,0,0,0
MIX|Wcav|SUB:SPN-S000000171724,MIX,5,C.Semi.8:5;C.Semi.11:2;C.Flat.6:1;C.Ter.2:1;C.Semi.3:1,Wcav,SUB:SPN-S000000171724,spatial_inference_nearest_substation,10,10,1093.4,Bellfields & Slyfield,1.0,0,0,10,0,0,0,0,0
MIX|Wcav|SUB:SPN-S000000171725,MIX,8,C.Ter.4:4;C.Ter.2:2;C.Semi.8:2;C.Flat.1:1;C.Ter.1:1;C.Flat.2:1,Wcav,SUB:SPN-S000000171725,spatial_inference_nearest_substation,12,13,1378.0,Bellfields & Slyfield,1.0,1,0,12,0,0,0,0,0
MIX|Wcav|SUB:SPN-S000000171730,MIX,4,C.Semi.8:3;C.Flat.8:2;C.Flat.2:1;C.Semi.11:1,Wcav,SUB:SPN-S000000171730,spatial_inference_nearest_substation,7,7,475.7,Westborough,1.0,0,0,7,0,0,0,0,0
MIX|Wcav|SUB:SPN-S000000171731,MIX,6,C.Det.2:7;C.Flat.6:5;C.Semi.8:5;C.Flat.5:4;C.Semi.11:3;C.Flat.8:1,Wcav,SUB:SPN-S000000171731,spatial_inference_nearest_substation,21,25,2118.5,Westborough,1.0,0,0,24,0,0,0,0,1
MIX|Wcav|SUB:SPN-S000000171732,MIX,6,C.Semi.8:6;C.Flat.6:5;C.Ter.2:2;C.Semi.10:1;C.Flat.5:1;C.Semi.6:1,Wcav,SUB:SPN-S000000171732,spatial_inference_nearest_substation,13,16,1183.9,Westborough,1.0,0,0,16,0,0,0,0,0
MIX|Wcav|SUB:SPN-S000000171733,MIX,6,C.Det.2:9;C.Semi.8:5;C.Det.7:2;C.Semi.11:2;C.Flat.2:1;C.Ter.2:1,Wcav,SUB:SPN-S000000171733,spatial_inference_nearest_substation,20,20,1917.3,Stoughton South,1.0,0,0,20,0,0,0,0,0
MIX|Wcav|SUB:SPN-S000000171734,MIX,8,C.Semi.8:9;C.Det.2:5;C.Flat.6:2;C.Det.7:1;C.Flat.5:1;C.Ter.4:1,Wcav,SUB:SPN-S000000171734,spatial_inference_nearest_substation,19,21,1915.7,Stoughton South,1.0,0,1,20,0,0,0,0,0
MIX|Wcav|SUB:SPN-S000000171740,MIX,8,C.Ter.2:5;C.Semi.11:3;C.Semi.2:3;C.Flat.8:2;C.Det.8:1;C.Flat.5:1,Wcav,SUB:SPN-S000000171740,spatial_inference_nearest_substation,15,17,1244.2,Stoughton South,1.0,1,0,13,3,0,0,0,0
MIX|Wcav|SUB:SPN-S000000171741,MIX,8,C.Semi.11:5;C.Ter.2:3;C.Det.2:2;C.Flat.5:1;C.Semi.8:1;C.Det.1:1,Wcav,SUB:SPN-S000000171741,spatial_inference_nearest_substation,15,15,1280.2,Bellfields & Slyfield,1.0,0,0,15,0,0,0,0,0
MIX|Wcav|SUB:SPN-S000000171742,MIX,11,C.Ter.2:9;C.Semi.2:7;C.Ter.1:6;C.Flat.5:3;C.Flat.6:2;C.Ter.4:2,Wcav,SUB:SPN-S000000171742,spatial_inference_nearest_substation,31,34,2714.5,Stoughton North,1.0,0,1,32,0,1,0,0,0
MIX|Wcav|SUB:SPN-S000000171743,MIX,7,C.Semi.11:7;C.Flat.6:4;C.Flat.5:4;C.Ter.1:4;C.Semi.2:2;C.Flat.8:1,Wcav,SUB:SPN-S000000171743,spatial_inference_nearest_substation,20,23,1782.9,Bellfields & Slyfield,1.0,0,0,23,0,0,0,0,0
MIX|Wcav|SUB:SPN-S000000171744,MIX,15,C.Det.2:6;C.Ter.2:6;C.Flat.5:5;C.Semi.8:5;C.Semi.11:4;C.Flat.8:3,Wcav,SUB:SPN-S000000171744,spatial_inference_nearest_substation,35,41,3410.5,Stoughton South,1.0,1,2,38,0,0,0,0,0
MIX|Wcav|SUB:SPN-S000000171745,MIX,11,C.Det.2:7;C.Semi.8:5;C.Flat.5:4;C.Det.7:3;C.Flat.6:2;C.Det.1:2,Wcav,SUB:SPN-S000000171745,spatial_inference_nearest_substation,27,28,2810.7,Stoughton North,1.0,0,1,27,0,0,0,0,0
MIX|Wcav|SUB:SPN-S000000171746,MIX,12,C.Semi.8:6;C.Ter.2:4;C.Flat.5:3;C.Flat.6:3;C.Ter.3:2;C.Flat.2:1,Wcav,SUB:SPN-S000000171746,spatial_inference_nearest_substation,21,25,2297.9,Stoughton North,0.92,0,1,24,0,0,0,0,0
MIX|Wcav|SUB:SPN-S000000171749,MIX,3,C.Semi.8:4;C.Semi.11:2;C.Det.1:1,Wcav,SUB:SPN-S000000171749,spatial_inference_nearest_substation,7,7,736.5,Stoughton North,1.0,0,1,6,0,0,0,0,0
MIX|Wcav|SUB:SPN-S000000171773,MIX,10,C.Det.2:9;C.Det.7:3;C.Semi.8:3;C.Flat.7:1;C.Det.1:1;C.Flat.5:1,Wcav,SUB:SPN-S000000171773,spatial_inference_nearest_substation,22,22,1995.1,Stoughton South,1.0,0,1,21,0,0,0,0,0
MIX|Wcav|SUB:SPN-S000000171774,MIX,10,C.Det.2:8;C.Flat.6:6;C.Flat.5:6;C.Ter.1:4;C.Semi.8:4;C.Flat.1:3,Wcav,SUB:SPN-S000000171774,spatial_inference_nearest_substation,30,35,2917.3,Stoughton South,1.0,0,0,34,0,1,0,0,0
MIX|Wcav|SUB:SPN-S000000171775,MIX,6,C.Det.7:7;C.Semi.8:5;C.Flat.6:2;C.Ter.3:1;C.Det.1:1;C.Semi.11:1,Wcav,SUB:SPN-S000000171775,spatial_inference_nearest_substation,17,17,1918.6,Stoughton South,1.0,0,0,17,0,0,0,0,0
MIX|Wcav|SUB:SPN-S000000171780,MIX,6,C.Det.7:3;C.Flat.6:2;C.Flat.8:1;C.Flat.1:1;C.Ter.4:1;C.Semi.10:1,Wcav,SUB:SPN-S000000171780,spatial_inference_nearest_substation,8,9,836.2,Stoughton South,1.0,0,0,9,0,0,0,0,0
MIX|Wcav|SUB:SPN-S000000171781,MIX,9,C.Semi.3:2;C.Det.7:2;C.Semi.10:1;C.Ter.4:1;C.Semi.11:1;C.Det.6:1,Wcav,SUB:SPN-S000000171781,spatial_inference_nearest_substation,11,11,1117.1,Stoughton South,1.0,0,0,11,0,0,0,0,0
MIX|Wcav|SUB:SPN-S000000171789,MIX,4,C.Semi.11:8;C.Semi.8:4;C.Ter.2:1;C.Semi.6:1,Wcav,SUB:SPN-S000000171789,spatial_inference_nearest_substation,14,14,1233.3,Westborough,1.0,0,0,14,0,0,0,0,0
MIX|Wcav|SUB:SPN-S000000171790,MIX,9,C.Semi.8:7;C.Det.7:3;C.Flat.6:2;C.Semi.10:2;C.Semi.3:1;C.Flat.5:1,Wcav,SUB:SPN-S000000171790,spatial_inference_nearest_substation,18,19,2071.0,Westborough,1.0,0,0,18,0,0,0,1,0
MIX|Wcav|SUB:SPN-S000000171791,C.Semi.2,1,C.Semi.2:1,Wcav,SUB:SPN-S000000171791,spatial_inference_nearest_substation,1,1,20.4,Stoke,1.0,0,0,1,0,0,0,0,0
MIX|Wcav|SUB:SPN-S000000171792,MIX,3,C.Flat.5:2;C.Flat.1:1;C.Flat.6:1,Wcav,SUB:SPN-S000000171792,spatial_inference_nearest_substation,3,4,212.0,Stoke,1.0,1,2,1,0,0,0,0,0
MIX|Wcav|SUB:SPN-S000000171794,MIX,3,C.Flat.8:2;C.Flat.5:2;C.Flat.1:1,Wcav,SUB:SPN-S000000171794,spatial_inference_nearest_substation,1,5,409.0,Stoke,1.0,0,0,5,0,0,0,0,0
MIX|Wcav|SUB:SPN-S000000171795,MIX,11,C.Det.2:3;C.Semi.2:3;C.Semi.8:2;C.Semi.10:2;C.Ter.2:1;C.Flat.6:1,Wcav,SUB:SPN-S000000171795,spatial_inference_nearest_substation,17,17,1753.1,Stoke,1.0,0,1,16,0,0,0,0,0
MIX|Wcav|SUB:SPN-S000000171796,MIX,9,C.Flat.2:2;C.Flat.1:2;C.Det.2:2;C.Semi.5:1;C.Semi.3:1;C.Semi.11:1,Wcav,SUB:SPN-S000000171796,spatial_inference_nearest_substation,10,12,955.0,Stoke,1.0,0,0,12,0,0,0,0,0
MIX|Wcav|SUB:SPN-S000000171797,MIX,18,C.Ter.2:9;C.Semi.2:6;C.Ter.4:4;C.Flat.5:3;C.Det.4:3;C.Flat.6:2,Wcav,SUB:SPN-S000000171797,spatial_inference_nearest_substation,43,45,3844.3,Stoke,1.0,0,2,43,0,0,0,0,0
MIX|Wcav|SUB:SPN-S000000171798,MIX,10,C.Semi.2:5;C.Ter.2:4;C.Flat.5:3;C.Semi.8:2;C.Flat.6:2;C.Ter.3:2,Wcav,SUB:SPN-S000000171798,spatial_inference_nearest_substation,19,22,2080.1,Stoke,1.0,0,1,20,0,1,0,0,0
MIX|Wcav|SUB:SPN-S000000171802,MIX,3,C.Flat.7:7;C.Flat.2:3;C.Flat.5:1,Wcav,SUB:SPN-S000000171802,spatial_inference_nearest_substation,5,11,826.0,Stoke,1.0,9,0,2,0,0,0,0,0
MIX|Wcav|SUB:SPN-S000000171804,MIX,7,C.Flat.3:7;C.Flat.1:4;C.Flat.6:3;C.Flat.2:2;C.Det.2:2;C.Flat.7:2,Wcav,SUB:SPN-S000000171804,spatial_inference_nearest_substation,7,21,1777.0,Stoke,1.0,3,3,7,8,0,0,0,0
MIX|Wcav|SUB:SPN-S000000171806,MIX,13,C.Ter.2:4;C.Flat.5:4;C.Semi.2:4;C.Ter.4:2;C.Ter.1:1;C.Flat.6:1,Wcav,SUB:SPN-S000000171806,spatial_inference_nearest_substation,21,23,2164.7,Stoke,1.0,2,0,21,0,0,0,0,0
MIX|Wcav|SUB:SPN-S000000171807,MIX,14,C.Flat.5:8;C.Flat.6:4;C.Flat.4:4;C.Flat.8:3;C.Flat.7:3;C.Semi.11:1,Wcav,SUB:SPN-S000000171807,spatial_inference_nearest_substation,16,31,2900.3,Castle,1.0,5,2,23,0,1,0,0,0
MIX|Wcav|SUB:SPN-S000000171808,MIX,10,C.Ter.2:6;C.Ter.1:4;C.Det.7:3;C.Flat.5:2;C.Flat.1:2;C.Flat.7:1,Wcav,SUB:SPN-S000000171808,spatial_inference_nearest_substation,22,22,2424.6,Castle,1.0,1,0,20,1,0,0,0,0
MIX|Wcav|SUB:SPN-S000000171810,MIX,10,C.Flat.6:7;C.Det.2:5;C.Ter.2:5;C.Flat.1:4;C.Ter.1:3;C.Flat.8:1,Wcav,SUB:SPN-S000000171810,spatial_inference_nearest_substation,23,29,3743.0,Castle,1.0,1,2,26,0,0,0,0,0
MIX|Wcav|SUB:SPN-S000000171811,MIX,8,C.Det.2:5;C.Det.7:3;C.Semi.2:3;C.Det.8:2;C.Ter.2:2;C.Det.1:2,Wcav,SUB:SPN-S000000171811,spatial_inference_nearest_substation,19,19,3943.8,Castle,1.0,0,0,19,0,0,0,0,0
MIX|Wcav|SUB:SPN-S000000171812,MIX,7,C.Flat.2:8;C.Det.2:6;C.Flat.6:5;C.Semi.2:3;C.Flat.8:2;C.Flat.7:2,Wcav,SUB:SPN-S000000171812,spatial_inference_nearest_substation,20,27,2916.1,Castle,1.0,6,1,20,0,0,0,0,0
MIX|Wcav|SUB:SPN-S000000171813,MIX,11,C.Flat.1:4;C.Det.1:2;C.Flat.7:2;C.Det.2:2;C.Semi.2:2;C.Ter.2:1,Wcav,SUB:SPN-S000000171813,spatial_inference_nearest_substation,16,18,2034.1,Castle,1.0,1,4,12,1,0,0,0,0
MIX|Wcav|SUB:SPN-S000000171814,MIX,10,C.Flat.5:6;C.Flat.6:4;C.Semi.2:3;C.Ter.2:2;C.Det.2:1;C.Ter.1:1,Wcav,SUB:SPN-S000000171814,spatial_inference_nearest_substation,14,21,2551.6,Castle,1.0,7,1,13,0,0,0,0,0
MIX|Wcav|SUB:SPN-S000000171815,MIX,12,C.Flat.6:6;C.Semi.2:5;C.Flat.1:5;C.Flat.2:5;C.Det.7:2;C.Det.1:2,Wcav,SUB:SPN-S000000171815,spatial_inference_nearest_substation,18,32,2793.8,Castle,1.0,2,2,28,0,0,0,0,0
MIX|Wcav|SUB:SPN-S000000171816,MIX,6,C.Det.7:4;C.Flat.7:1;C.Flat.8:1;C.Det.6:1;C.Semi.10:1;C.Semi.2:1,Wcav,SUB:SPN-S000000171816,spatial_inference_nearest_substation,7,9,1859.7,Castle,1.0,0,0,9,0,0,0,0,0
MIX|Wcav|SUB:SPN-S000000171817,MIX,4,C.Det.2:7;C.Semi.2:1;C.Det.7:1;C.Semi.11:1,Wcav,SUB:SPN-S000000171817,spatial_inference_nearest_substation,10,10,2314.9,Castle,1.0,0,0,10,0,0,0,0,0
MIX|Wcav|SUB:SPN-S000000171821,MIX,4,C.Det.2:5;C.Det.7:1;C.Semi.7:1;C.Semi.2:1,Wcav,SUB:SPN-S000000171821,spatial_inference_nearest_substation,8,8,2605.9,Castle,1.0,0,0,8,0,0,0,0,0
MIX|Wcav|SUB:SPN-S000000171822,MIX,3,C.Semi.2:1;C.Det.1:1;C.Det.8:1,Wcav,SUB:SPN-S000000171822,spatial_inference_nearest_substation,3,3,294.6,Castle,1.0,0,1,2,0,0,0,0,0
MIX|Wcav|SUB:SPN-S000000171825,C.Det.2,1,C.Det.2:1,Wcav,SUB:SPN-S000000171825,spatial_inference_nearest_substation,1,1,66.5,Stoke,1.0,0,0,1,0,0,0,0,0
MIX|Wcav|SUB:SPN-S000000171826,C.Det.2,1,C.Det.2:1,Wcav,SUB:SPN-S000000171826,spatial_inference_nearest_substation,1,1,194.7,Stoke,1.0,0,0,1,0,0,0,0,0
MIX|Wcav|SUB:SPN-S000000171827,C.Semi.2,1,C.Semi.2:1,Wcav,SUB:SPN-S000000171827,spatial_inference_nearest_substation,1,1,363.4,Westborough,1.0,0,0,1,0,0,0,0,0
MIX|Wcav|SUB:SPN-S000000171828,MIX,9,C.Flat.6:9;C.Det.2:7;C.Flat.8:7;C.Semi.8:7;C.Det.7:3;C.Semi.6:1,Wcav,SUB:SPN-S000000171828,spatial_inference_nearest_substation,30,37,3285.3,Stoughton South,1.0,3,0,33,0,0,0,0,1
MIX|Wcav|SUB:SPN-S000000171829,MIX,8,C.Semi.2:6;C.Det.7:3;C.Det.2:2;C.Ter.2:2;C.Semi.11:2;C.Flat.7:1,Wcav,SUB:SPN-S000000171829,spatial_inference_nearest_substation,17,18,1776.9,Stoughton South,1.0,0,2,16,0,0,0,0,0
MIX|Wcav|SUB:SPN-S000000171830,MIX,9,C.Flat.6:4;C.Semi.8:3;C.Det.7:2;C.Semi.11:2;C.Flat.7:1;C.Flat.5:1,Wcav,SUB:SPN-S000000171830,spatial_inference_nearest_substation,14,16,1356.8,Stoughton South,1.0,1,3,11,0,1,0,0,0
MIX|Wcav|SUB:SPN-S000000171831,MIX,5,C.Det.2:5;C.Semi.2:4;C.Semi.11:2;C.Det.7:2;C.Semi.8:1,Wcav,SUB:SPN-S000000171831,spatial_inference_nearest_substation,14,14,1511.7,Stoughton South,1.0,0,0,14,0,0,0,0,0
MIX|Wcav|SUB:SPN-S000000171832,MIX,6,C.Ter.2:5;C.Det.7:4;C.Flat.6:3;C.Semi.11:2;C.Semi.10:1;C.Semi.5:1,Wcav,SUB:SPN-S000000171832,spatial_inference_nearest_substation,15,16,1340.1,Westborough,1.0,1,2,13,0,0,0,0,0
MIX|Wcav|SUB:SPN-S000000171833,MIX,8,C.Flat.6:9;C.Semi.8:4;C.Semi.10:2;C.Det.2:2;C.Flat.8:1;C.Semi.6:1,Wcav,SUB:SPN-S000000171833,spatial_inference_nearest_substation,20,21,1619.3,Stoughton South,1.0,0,1,20,0,0,0,0,0
MIX|Wcav|SUB:SPN-S000000171834,MIX,11,C.Det.2:9;C.Flat.5:7;C.Flat.6:3;C.Semi.8:3;C.Flat.2:2;C.Ter.2:1,Wcav,SUB:SPN-S000000171834,spatial_inference_nearest_substation,25,30,2881.4,Stoke,1.0,1,2,26,1,0,0,0,0
MIX|Wcav|SUB:SPN-S000000171836,MIX,8,C.Flat.6:4;C.Det.1:3;C.Det.7:3;C.Flat.1:2;C.Flat.2:2;C.Flat.8:2,Wcav,SUB:SPN-S000000171836,spatial_inference_nearest_substation,17,18,2385.8,Burpham,1.0,1,8,9,0,0,0,0,0
MIX|Wcav|SUB:SPN-S000000171837,MIX,4,C.Det.7:5;C.Det.1:4;C.Det.8:3;C.Det.3:1,Wcav,SUB:SPN-S000000171837,spatial_inference_nearest_substation,13,13,2803.3,Burpham,1.0,0,0,13,0,0,0,0,0
MIX|Wcav|SUB:SPN-S000000171838,MIX,8,C.Det.2:7;C.Flat.5:4;C.Ter.2:3;C.Det.1:2;C.Flat.1:1;C.Semi.2:1,Wcav,SUB:SPN-S000000171838,spatial_inference_nearest_substation,14,20,2206.5,Burpham,1.0,2,5,13,0,0,0,0,0
MIX|Wcav|SUB:SPN-S000000171839,MIX,7,C.Det.1:4;C.Semi.2:2;C.Det.7:2;C.Flat.5:1;C.Semi.11:1;C.Semi.10:1,Wcav,SUB:SPN-S000000171839,spatial_inference_nearest_substation,12,12,1634.1,Burpham,1.0,0,0,12,0,0,0,0,0
MIX|Wcav|SUB:SPN-S000000171840,MIX,8,C.Flat.6:8;C.Det.2:6;C.Semi.8:4;C.Semi.11:2;C.Ter.2:1;C.Flat.2:1,Wcav,SUB:SPN-S000000171840,spatial_inference_nearest_substation,23,24,2557.8,Burpham,1.0,1,7,16,0,0,0,0,0
MIX|Wcav|SUB:SPN-S000000171845,MIX,5,C.Det.2:7;C.Det.1:2;C.Semi.6:2;C.Det.8:1;C.Semi.2:1,Wcav,SUB:SPN-S000000171845,spatial_inference_nearest_substation,12,13,2909.3,Burpham,1.0,0,0,13,0,0,0,0,0
MIX|Wcav|SUB:SPN-S000000171846,MIX,5,C.Flat.1:5;C.Flat.5:4;C.Flat.8:2;C.Flat.2:1;C.Det.4:1,Wcav,SUB:SPN-S000000171846,spatial_inference_nearest_substation,4,13,961.2,Castle,1.0,0,0,13,0,0,0,0,0
MIX|Wcav|SUB:SPN-S000000171847,MIX,4,C.Det.2:6;C.Flat.6:2;C.Det.9:1;C.Det.7:1,Wcav,SUB:SPN-S000000171847,spatial_inference_nearest_substation,10,10,1172.9,Stoke,1.0,0,1,8,1,0,0,0,0
MIX|Wcav|SUB:SPN-S000000171848,MIX,4,C.Det.2:6;C.Flat.5:2;C.Det.7:1;C.Semi.2:1,Wcav,SUB:SPN-S000000171848,spatial_inference_nearest_substation,10,10,1364.0,Merrow,1.0,0,0,10,0,0,0,0,0
MIX|Wcav|SUB:SPN-S000000171849,MIX,5,C.Semi.2:7;C.Flat.5:2;C.Semi.8:1;C.Semi.10:1;C.Ter.4:1,Wcav,SUB:SPN-S000000171849,spatial_inference_nearest_substation,12,12,966.2,Merrow,1.0,0,0,12,0,0,0,0,0
MIX|Wcav|SUB:SPN-S000000171850,MIX,5,C.Semi.2:7;C.Det.1:4;C.Det.7:2;C.Det.6:1;C.Semi.10:1,Wcav,SUB:SPN-S000000171850,spatial_inference_nearest_substation,15,15,2161.7,Burpham,1.0,0,0,15,0,0,0,0,0
MIX|Wcav|SUB:SPN-S000000171851,MIX,6,C.Semi.8:8;C.Det.2:4;C.Ter.1:1;C.Semi.11:1;C.Flat.6:1;C.Det.7:1,Wcav,SUB:SPN-S000000171851,spatial_inference_nearest_substation,16,16,1828.6,Burpham,1.0,0,0,16,0,0,0,0,0
MIX|Wcav|SUB:SPN-S000000171852,MIX,5,C.Semi.2:6;C.Det.2:4;C.Det.1:3;C.Semi.11:2;C.Semi.8:1,Wcav,SUB:SPN-S000000171852,spatial_inference_nearest_substation,16,16,2318.6,Merrow,1.0,0,0,16,0,0,0,0,0
MIX|Wcav|SUB:SPN-S000000171853,MIX,7,C.Semi.2:5;C.Det.2:3;C.Ter.2:2;C.Semi.8:1;C.Semi.11:1;C.Ter.4:1,Wcav,SUB:SPN-S000000171853,spatial_inference_nearest_substation,14,14,1598.8,Burpham,1.0,0,0,14,0,0,0,0,0
MIX|Wcav|SUB:SPN-S000000171854,MIX,3,C.Det.1:5;C.Det.7:4;C.Det.6:1,Wcav,SUB:SPN-S000000171854,spatial_inference_nearest_substation,10,10,1504.8,Burpham,1.0,0,0,10,0,0,0,0,0
MIX|Wcav|SUB:SPN-S000000171855,MIX,4,C.Det.1:3;C.Det.8:2;C.Det.7:1;C.Ter.2:1,Wcav,SUB:SPN-S000000171855,spatial_inference_nearest_substation,7,7,757.4,Burpham,1.0,1,0,6,0,0,0,0,0
MIX|Wcav|SUB:SPN-S000000171856,MIX,9,C.Ter.1:5;C.Det.7:3;C.Det.1:3;C.Det.6:3;C.Det.8:2;C.Semi.2:2,Wcav,SUB:SPN-S000000171856,spatial_inference_nearest_substation,18,22,2298.6,Burpham,1.0,1,1,20,0,0,0,0,0
MIX|Wcav|SUB:SPN-S000000171857,MIX,4,C.Det.2:8;C.Semi.11:3;C.Semi.10:1;C.Semi.8:1,Wcav,SUB:SPN-S000000171857,spatial_inference_nearest_substation,13,13,1621.2,Merrow,1.0,0,0,12,0,0,0,1,0
MIX|Wcav|SUB:SPN-S000000171858,MIX,5,C.Semi.2:4;C.Det.7:4;C.Ter.2:1;C.Flat.6:1;C.Det.5:1,Wcav,SUB:SPN-S000000171858,spatial_inference_nearest_substation,11,11,2016.4,Merrow,1.0,0,0,11,0,0,0,0,0
MIX|Wcav|SUB:SPN-S000000171859,MIX,7,C.Semi.2:9;C.Ter.2:6;C.Flat.6:3;C.Semi.6:1;C.Semi.8:1;C.Semi.5:1,Wcav,SUB:SPN-S000000171859,spatial_inference_nearest_substation,21,22,1804.0,Merrow,1.0,0,0,22,0,0,0,0,0
MIX|Wcav|SUB:SPN-S000000171860,MIX,9,C.Semi.2:7;C.Ter.2:4;C.Semi.11:2;C.Det.2:2;C.Flat.5:1;C.Semi.8:1,Wcav,SUB:SPN-S000000171860,spatial_inference_nearest_substation,20,20,2184.1,Merrow,1.0,0,0,20,0,0,0,0,0
MIX|Wcav|SUB:SPN-S000000171861,MIX,8,C.Det.2:6;C.Flat.6:3;C.Det.7:3;C.Flat.2:2;C.Semi.2:2;C.Semi.8:1,Wcav,SUB:SPN-S000000171861,spatial_inference_nearest_substation,18,19,2706.6,Merrow,1.0,2,3,13,1,0,0,0,0
MIX|Wcav|SUB:SPN-S000000171862,MIX,5,C.Det.8:2;C.Det.1:1;C.Flat.3:1;C.Det.7:1;C.Det.4:1,Wcav,SUB:SPN-S000000171862,spatial_inference_nearest_substation,6,6,1190.7,Merrow,1.0,0,1,4,0,1,0,0,0
MIX|Wcav|SUB:SPN-S000000171863,MIX,5,C.Flat.6:8;C.Det.7:7;C.Flat.5:5;C.Flat.7:3;C.Det.8:1,Wcav,SUB:SPN-S000000171863,spatial_inference_nearest_substation,16,24,2811.6,Merrow,1.0,1,0,21,0,1,0,0,1
MIX|Wcav|SUB:SPN-S000000171864,MIX,10,C.Flat.5:6;C.Semi.8:5;C.Det.8:4;C.Semi.10:3;C.Det.1:2;C.Flat.6:1,Wcav,SUB:SPN-S000000171864,spatial_inference_nearest_substation,22,25,2889.2,Merrow,1.0,0,0,25,0,0,0,0,0
MIX|Wcav|SUB:SPN-S000000171865,MIX,8,C.Det.2:8;C.Semi.2:5;C.Det.7:3;C.Det.8:2;C.Semi.8:1;C.Det.1:1,Wcav,SUB:SPN-S000000171865,spatial_inference_nearest_substation,22,22,3710.2,Merrow,1.0,0,0,22,0,0,0,0,0
MIX|Wcav|SUB:SPN-S000000171866,MIX,2,C.Det.7:3;C.Det.8:1,Wcav,SUB:SPN-S000000171866,spatial_inference_nearest_substation,4,4,638.6,Merrow,1.0,0,0,4,0,0,0,0,0
MIX|Wcav|SUB:SPN-S000000171867,MIX,5,C.Semi.2:2;C.Semi.10:1;C.Det.7:1;C.Semi.5:1;C.Det.1:1,Wcav,SUB:SPN-S000000171867,spatial_inference_nearest_substation,6,6,1085.1,Merrow,1.0,0,0,6,0,0,0,0,0
MIX|Wcav|SUB:SPN-S000000171868,MIX,2,C.Det.1:3;C.Det.8:1,Wcav,SUB:SPN-S000000171868,spatial_inference_nearest_substation,4,4,1081.8,Merrow,1.0,0,0,4,0,0,0,0,0
MIX|Wcav|SUB:SPN-S000000171869,MIX,6,C.Flat.6:5;C.Det.2:3;C.Semi.8:2;C.Det.6:1;C.Semi.3:1;C.Semi.2:1,Wcav,SUB:SPN-S000000171869,spatial_inference_nearest_substation,11,13,2097.0,Merrow,1.0,1,1,10,0,1,0,0,0
MIX|Wcav|SUB:SPN-S000000171870,MIX,5,C.Det.2:6;C.Flat.6:5;C.Flat.5:4;C.Semi.2:3;C.Semi.8:1,Wcav,SUB:SPN-S000000171870,spatial_inference_nearest_substation,14,19,2380.8,Merrow,1.0,0,0,17,2,0,0,0,0
MIX|Wcav|SUB:SPN-S000000171871,MIX,4,C.Det.7:5;C.Det.8:2;C.Det.6:1;C.Det.1:1,Wcav,SUB:SPN-S000000171871,spatial_inference_nearest_substation,9,9,1374.6,Merrow,1.0,0,0,9,0,0,0,0,0
MIX|Wcav|SUB:SPN-S000000171872,MIX,6,C.Det.7:4;C.Det.1:4;C.Semi.2:2;C.Det.8:1;C.Semi.8:1;C.Det.6:1,Wcav,SUB:SPN-S000000171872,spatial_inference_nearest_substation,13,13,1817.0,Merrow,1.0,0,0,10,0,0,1,2,0
MIX|Wcav|SUB:SPN-S000000171873,MIX,9,C.Flat.6:7;C.Semi.2:5;C.Det.2:5;C.Flat.8:3;C.Flat.7:2;C.Ter.2:2,Wcav,SUB:SPN-S000000171873,spatial_inference_nearest_substation,22,27,2677.5,Castle,1.0,0,1,26,0,0,0,0,0
MIX|Wcav|SUB:SPN-S000000171874,MIX,12,C.Det.2:9;C.Ter.2:5;C.Det.1:2;C.Flat.5:2;C.Det.8:2;C.Det.7:1,Wcav,SUB:SPN-S000000171874,spatial_inference_nearest_substation,26,27,4587.6,Merrow,1.0,1,0,26,0,0,0,0,0
MIX|Wcav|SUB:SPN-S000000171875,MIX,11,C.Flat.6:6;C.Det.7:5;C.Det.1:5;C.Flat.5:3;C.Det.8:2;C.Semi.2:2,Wcav,SUB:SPN-S000000171875,spatial_inference_nearest_substation,24,28,3370.5,Merrow,1.0,2,6,19,0,0,0,1,0
MIX|Wcav|SUB:SPN-S000000171877,MIX,4,C.Det.7:3;C.Semi.8:2;C.Det.8:1;C.Flat.6:1,Wcav,SUB:SPN-S000000171877,spatial_inference_nearest_substation,7,7,1855.8,Merrow,1.0,0,0,7,0,0,0,0,0
MIX|Wcav|SUB:SPN-S000000171878,MIX,3,C.Det.2:6;C.Det.7:1;C.Semi.2:1,Wcav,SUB:SPN-S000000171878,spatial_inference_nearest_substation,8,8,1597.0,Merrow,1.0,0,0,8,0,0,0,0,0
MIX|Wcav|SUB:SPN-S000000171879,MIX,8,C.Det.1:3;C.Semi.11:2;C.Det.7:2;C.Det.2:2;C.Flat.5:1;C.Semi.8:1,Wcav,SUB:SPN-S000000171879,spatial_inference_nearest_substation,10,13,1486.8,Merrow,1.0,1,0,12,0,0,0,0,0
MIX|Wcav|SUB:SPN-S000000171885,MIX,6,C.Ter.2:7;C.Flat.2:4;C.Flat.1:3;C.Flat.5:1;C.Ter.1:1;C.Det.7:1,Wcav,SUB:SPN-S000000171885,spatial_inference_nearest_substation,12,17,1247.1,Castle,1.0,0,0,17,0,0,0,0,0
MIX|Wcav|SUB:SPN-S000000171886,MIX,5,C.Flat.5:3;C.Flat.6:3;C.Det.7:1;C.Semi.2:1;C.Flat.7:1,Wcav,SUB:SPN-S000000171886,spatial_inference_nearest_substation,6,9,967.3,Castle,1.0,0,1,8,0,0,0,0,0
MIX|Wcav|SUB:SPN-S000000171887,MIX,6,C.Semi.2:5;C.Det.2:4;C.Det.4:1;C.Det.7:1;C.Ter.4:1;C.Flat.5:1,Wcav,SUB:SPN-S000000171887,spatial_inference_nearest_substation,12,13,1177.1,Burpham,1.0,0,0,13,0,0,0,0,0
MIX|Wcav|SUB:SPN-S000000171888,MIX,6,C.Semi.2:7;C.Flat.6:4;C.Flat.8:3;C.Ter.4:2;C.Ter.2:1;C.Semi.8:1,Wcav,SUB:SPN-S000000171888,spatial_inference_nearest_substation,15,18,1051.8,Merrow,1.0,1,0,17,0,0,0,0,0
MIX|Wcav|SUB:SPN-S000000171891,C.Semi.10,1,C.Semi.10:1,Wcav,SUB:SPN-S000000171891,spatial_inference_nearest_substation,1,1,73.0,Merrow,1.0,0,0,1,0,0,0,0,0
MIX|Wcav|SUB:SPN-S000000171923,MIX,2,C.Det.2:5;C.Semi.2:1,Wcav,SUB:SPN-S000000171923,spatial_inference_nearest_substation,6,6,1150.0,Castle,1.0,0,0,5,0,0,0,1,0
MIX|Wcav|SUB:SPN-S000000171924,MIX,9,C.Det.2:9;C.Det.7:5;C.Semi.2:2;C.Flat.8:2;C.Flat.5:1;C.Det.8:1,Wcav,SUB:SPN-S000000171924,spatial_inference_nearest_substation,21,23,3825.1,Castle,1.0,1,0,22,0,0,0,0,0
MIX|Wcav|SUB:SPN-S000000171925,MIX,4,C.Det.7:3;C.Det.8:1;C.Flat.7:1;C.Semi.6:1,Wcav,SUB:SPN-S000000171925,spatial_inference_nearest_substation,6,6,1378.6,Castle,1.0,0,0,6,0,0,0,0,0
MIX|Wcav|SUB:SPN-S000000171926,MIX,5,C.Det.2:4;C.Ter.4:2;C.Det.1:2;C.Semi.8:1;C.Det.7:1,Wcav,SUB:SPN-S000000171926,spatial_inference_nearest_substation,10,10,2691.4,Castle,1.0,0,0,9,1,0,0,0,0
MIX|Wcav|SUB:SPN-S000000171927,MIX,7,C.Det.7:3;C.Det.8:2;C.Det.1:2;C.Flat.5:2;C.Flat.8:1;C.Flat.7:1,Wcav,SUB:SPN-S000000171927,spatial_inference_nearest_substation,9,12,2181.1,Castle,1.0,0,0,12,0,0,0,0,0
MIX|Wcav|SUB:SPN-S000000171928,MIX,2,C.Det.2:6;C.Det.7:1,Wcav,SUB:SPN-S000000171928,spatial_inference_nearest_substation,7,7,1615.4,Castle,1.0,0,0,7,0,0,0,0,0
MIX|Wcav|SUB:SPN-S000000171929,MIX,8,C.Flat.7:3;C.Flat.8:2;C.Flat.2:1;C.Flat.6:1;C.Flat.5:1;C.Det.7:1,Wcav,SUB:SPN-S000000171929,spatial_inference_nearest_substation,8,11,1070.0,Castle,1.0,2,0,8,1,0,0,0,0
MIX|Wcav|SUB:SPN-S000000171968,MIX,3,C.Det.7:3;C.Det.8:1;C.Det.4:1,Wcav,SUB:SPN-S000000171968,spatial_inference_nearest_substation,5,5,1328.4,Castle,1.0,0,0,4,0,1,0,0,0
MIX|Wcav|SUB:SPN-S000000171969,MIX,3,C.Flat.1:1;C.Ter.2:1;C.Semi.5:1,Wcav,SUB:SPN-S000000171969,spatial_inference_nearest_substation,3,3,312.9,Castle,1.0,0,0,3,0,0,0,0,0
MIX|Wcav|SUB:SPN-S000000171971,MIX,5,C.Flat.3:6;C.Semi.2:3;C.Flat.5:2;C.Det.7:2;C.Semi.8:1,Wcav,SUB:SPN-S000000171971,spatial_inference_nearest_substation,7,14,1456.7,Castle,1.0,7,1,6,0,0,0,0,0
MIX|Wcav|SUB:SPN-S000000171972,MIX,6,C.Det.2:8;C.Semi.2:2;C.Semi.8:1;C.Det.8:1;C.Det.1:1;C.Det.7:1,Wcav,SUB:SPN-S000000171972,spatial_inference_nearest_substation,14,14,2021.5,Castle,1.0,1,0,13,0,0,0,0,0
MIX|Wcav|SUB:SPN-S000000171973,MIX,5,C.Det.8:4;C.Det.7:3;C.Semi.10:1;C.Det.6:1;C.Semi.2:1,Wcav,SUB:SPN-S000000171973,spatial_inference_nearest_substation,10,10,1952.8,Castle,1.0,0,0,10,0,0,0,0,0
MIX|Wcav|SUB:SPN-S000000171974,MIX,3,C.Det.2:3;C.Det.4:2;C.Det.7:1,Wcav,SUB:SPN-S000000171974,spatial_inference_nearest_substation,6,6,1721.0,Castle,1.0,1,0,5,0,0,0,0,0
MIX|Wcav|SUB:SPN-S000000171975,MIX,11,C.Semi.2:8;C.Semi.10:5;C.Ter.2:4;C.Det.7:3;C.Flat.5:2;C.Det.8:2,Wcav,SUB:SPN-S000000171975,spatial_inference_nearest_substation,28,29,3255.3,Castle,1.0,1,0,28,0,0,0,0,0
MIX|Wcav|SUB:SPN-S000000171976,MIX,9,C.Semi.2:7;C.Det.2:5;C.Ter.2:2;C.Ter.4:1;C.Det.1:1;C.Det.8:1,Wcav,SUB:SPN-S000000171976,spatial_inference_nearest_substation,20,20,1999.1,Castle,1.0,0,0,20,0,0,0,0,0
MIX|Wcav|SUB:SPN-S000000172024,MIX,3,C.Det.2:8;C.Det.7:2;C.Det.1:1,Wcav,SUB:SPN-S000000172024,spatial_inference_nearest_substation,11,11,1374.1,Onslow,1.0,0,0,11,0,0,0,0,0
MIX|Wcav|SUB:SPN-S000000172025,MIX,4,C.Det.7:6;C.Ter.4:2;C.Det.1:1;C.Det.8:1,Wcav,SUB:SPN-S000000172025,spatial_inference_nearest_substation,10,10,1415.9,Onslow,1.0,0,0,10,0,0,0,0,0
MIX|Wcav|SUB:SPN-S000000173197,MIX,10,C.Ter.1:5;C.Flat.5:5;C.Ter.2:5;C.Det.7:4;C.Flat.6:3;C.Det.1:2,Wcav,SUB:SPN-S000000173197,spatial_inference_nearest_substation,29,30,2531.6,Stoughton North,1.0,0,5,25,0,0,0,0,0
MIX|Wcav|SUB:SPN-S000000173929,MIX,5,C.Det.2:6;C.Semi.8:3;C.Ter.2:3;C.Semi.10:1;C.Semi.7:1,Wcav,SUB:SPN-S000000173929,spatial_inference_nearest_substation,14,14,1772.4,Burpham,1.0,0,0,13,0,0,1,0,0
MIX|Wcav|SUB:SPN-S000000173931,MIX,8,C.Semi.11:7;C.Det.2:4;C.Flat.2:3;C.Semi.8:2;C.Ter.4:1;C.Flat.6:1,Wcav,SUB:SPN-S000000173931,spatial_inference_nearest_substation,19,20,2259.5,Stoughton North,1.0,2,1,17,0,0,0,0,0
MIX|Wcav|SUB:SPN-S000000173932,MIX,2,C.Semi.11:2;C.Ter.2:1,Wcav,SUB:SPN-S000000173932,spatial_inference_nearest_substation,3,3,270.0,Westborough,1.0,0,0,3,0,0,0,0,0
MIX|Wcav|SUB:SPN-S000000173973,MIX,7,C.Semi.2:5;C.Det.2:4;C.Semi.10:1;C.Semi.6:1;C.Det.7:1;C.Det.6:1,Wcav,SUB:SPN-S000000173973,spatial_inference_nearest_substation,14,14,2150.6,Onslow,1.0,0,0,13,0,0,0,1,0
MIX|Wcav|SUB:SPN-S000000173993,MIX,8,C.Flat.1:4;C.Flat.2:2;C.Det.2:2;C.Flat.7:1;C.Det.7:1;C.Semi.2:1,Wcav,SUB:SPN-S000000173993,spatial_inference_nearest_substation,9,13,2070.7,Castle,1.0,0,1,11,0,1,0,0,0
MIX|Wcav|SUB:SPN-S000000174043,MIX,12,C.Semi.2:8;C.Det.2:4;C.Semi.8:4;C.Flat.5:3;C.Flat.6:3;C.Flat.8:1,Wcav,SUB:SPN-S000000174043,spatial_inference_nearest_substation,27,29,2568.0,Onslow,1.0,0,0,28,0,1,0,0,0
MIX|Wcav|SUB:SPN-S000000174077,MIX,6,C.Det.2:2;C.Semi.8:2;C.Ter.2:1;C.Semi.10:1;C.Det.1:1;C.Flat.6:1,Wcav,SUB:SPN-S000000174077,spatial_inference_nearest_substation,8,8,753.5,Onslow,1.0,0,0,7,0,0,1,0,0
MIX|Wcav|SUB:SPN-S000000174080,MIX,13,C.Semi.2:4;C.Flat.6:2;C.Ter.4:2;C.Flat.2:2;C.Flat.5:2;C.Ter.2:2,Wcav,SUB:SPN-S000000174080,spatial_inference_nearest_substation,21,22,1786.0,Castle,1.0,3,1,17,0,1,0,0,0
MIX|Wcav|SUB:SPN-S000000174088,MIX,8,C.Flat.6:5;C.Det.2:3;C.Semi.2:2;C.Flat.8:2;C.Ter.2:2;C.Flat.5:1,Wcav,SUB:SPN-S000000174088,spatial_inference_nearest_substation,15,17,1261.2,Stoke,1.0,3,2,12,0,0,0,0,0
MIX|Wcav|SUB:SPN-S000000174089,MIX,6,C.Semi.2:8;C.Det.7:5;C.Ter.2:2;C.Det.8:1;C.Semi.5:1;C.Semi.8:1,Wcav,SUB:SPN-S000000174089,spatial_inference_nearest_substation,18,18,2478.6,Onslow,1.0,1,0,17,0,0,0,0,0
MIX|Wcav|SUB:SPN-S000000174155,MIX,8,C.Det.2:6;C.Ter.1:5;C.Semi.2:4;C.Det.7:3;C.Det.1:2;C.Semi.10:1,Wcav,SUB:SPN-S000000174155,spatial_inference_nearest_substation,23,23,2755.5,Merrow,1.0,0,0,23,0,0,0,0,0
MIX|Wcav|SUB:SPN-S000000174160,MIX,3,C.Semi.6:1;C.Semi.11:1;C.Semi.3:1,Wcav,SUB:SPN-S000000174160,spatial_inference_nearest_substation,3,3,212.1,Westborough,1.0,0,0,3,0,0,0,0,0
MIX|Wcav|SUB:SPN-S000000174167,MIX,5,C.Flat.1:7;C.Flat.2:2;C.Flat.3:2;C.Flat.6:1;C.Flat.5:1,Wcav,SUB:SPN-S000000174167,spatial_inference_nearest_substation,2,13,575.0,Stoke,1.0,2,0,11,0,0,0,0,0
MIX|Wcav|SUB:SPN-S000000174198,MIX,5,C.Semi.8:2;C.Semi.2:1;C.Flat.2:1;C.Flat.6:1;C.Semi.11:1,Wcav,SUB:SPN-S000000174198,spatial_inference_nearest_substation,6,6,543.6,Bellfields & Slyfield,1.0,0,1,5,0,0,0,0,0
MIX|Wcav|SUB:SPN-S000000174201,MIX,10,C.Flat.1:6;C.Flat.2:4;C.Det.1:2;C.Flat.7:2;C.Det.7:2;C.Det.2:2,Wcav,SUB:SPN-S000000174201,spatial_inference_nearest_substation,13,22,2412.9,Castle,1.0,3,0,19,0,0,0,0,0
MIX|Wcav|SUB:SPN-S000000174232,MIX,7,C.Semi.2:9;C.Ter.2:5;C.Ter.1:5;C.Semi.8:2;C.Semi.11:1;C.Semi.3:1,Wcav,SUB:SPN-S000000174232,spatial_inference_nearest_substation,24,24,1953.9,Westborough,1.0,0,1,23,0,0,0,0,0
MIX|Wcav|SUB:SPN-S000000174234,MIX,9,C.Det.2:8;C.Ter.1:5;C.Det.1:4;C.Semi.2:4;C.Ter.2:3;C.Ter.4:1,Wcav,SUB:SPN-S000000174234,spatial_inference_nearest_substation,28,28,3642.4,Stoughton North,1.0,0,0,28,0,0,0,0,0
MIX|Wcav|SUB:SPN-S000000174239,MIX,11,C.Flat.5:6;C.Flat.6:5;C.Ter.2:5;C.Semi.2:4;C.Semi.8:3;C.Flat.7:1,Wcav,SUB:SPN-S000000174239,spatial_inference_nearest_substation,26,29,2420.2,Stoke,1.0,1,3,25,0,0,0,0,0
MIX|Wcav|SUB:SPN-S000000174301,MIX,5,C.Semi.8:2;C.Semi.2:2;C.Flat.3:1;C.Flat.8:1;C.Det.2:1,Wcav,SUB:SPN-S000000174301,spatial_inference_nearest_substation,7,7,708.2,Stoke,1.0,1,0,6,0,0,0,0,0
MIX|Wcav|SUB:SPN-S000000174543,MIX,4,C.Flat.2:4;C.Flat.8:2;C.Flat.6:1;C.Det.2:1,Wcav,SUB:SPN-S000000174543,spatial_inference_nearest_substation,2,8,203.7,Stoke,1.0,0,0,1,7,0,0,0,0
MIX|Wcav|SUB:SPN-S000000174619,MIX,7,C.Det.1:4;C.Ter.1:4;C.Det.2:3;C.Ter.2:1;C.Det.6:1;C.Det.8:1,Wcav,SUB:SPN-S000000174619,spatial_inference_nearest_substation,15,15,2031.0,Merrow,1.0,0,0,15,0,0,0,0,0
MIX|Wcav|SUB:SPN-S000000174640,MIX,16,C.Ter.1:9;C.Det.2:9;C.Flat.2:4;C.Ter.2:3;C.Flat.7:2;C.Det.6:2,Wcav,SUB:SPN-S000000174640,spatial_inference_nearest_substation,34,40,4604.5,Merrow,1.0,0,0,38,0,1,0,1,0
MIX|Wcav|SUB:SPN-S000000174673,MIX,13,C.Ter.1:8;C.Flat.1:6;C.Flat.2:5;C.Ter.2:4;C.Semi.11:3;C.Det.1:2,Wcav,SUB:SPN-S000000174673,spatial_inference_nearest_substation,35,37,2665.2,Merrow,1.0,1,3,32,0,1,0,0,0
MIX|Wcav|SUB:SPN-S000000174692,MIX,8,C.Ter.1:8;C.Det.1:5;C.Ter.2:2;C.Det.2:2;C.Ter.4:1;C.Det.8:1,Wcav,SUB:SPN-S000000174692,spatial_inference_nearest_substation,21,21,1909.3,Merrow,1.0,0,0,21,0,0,0,0,0
MIX|Wcav|SUB:SPN-S000000174710,C.Det.1,1,C.Det.1:1,Wcav,SUB:SPN-S000000174710,spatial_inference_nearest_substation,1,1,144.7,St Nicolas,1.0,0,0,1,0,0,0,0,0
MIX|Wcav|SUB:SPN-S000000174720,MIX,10,C.Flat.5:4;C.Flat.2:2;C.Flat.1:2;C.Flat.6:2;C.Flat.3:2;C.Semi.10:1,Wcav,SUB:SPN-S000000174720,spatial_inference_nearest_substation,8,17,1323.7,St Nicolas,1.0,2,0,12,3,0,0,0,0
MIX|Wcav|SUB:SPN-S000000174722,MIX,9,C.Det.1:8;C.Det.2:8;C.Ter.1:7;C.Det.8:3;C.Flat.5:1;C.Det.5:1,Wcav,SUB:SPN-S000000174722,spatial_inference_nearest_substation,31,31,3882.8,Merrow,1.0,1,0,29,1,0,0,0,0
MIX|Wcav|SUB:SPN-S000000174751,MIX,3,C.Semi.2:2;C.Ter.1:1;C.Semi.6:1,Wcav,SUB:SPN-S000000174751,spatial_inference_nearest_substation,3,4,307.5,Stoke,1.0,0,0,4,0,0,0,0,0
MIX|Wcav|SUB:SPN-S000000174777,MIX,9,C.Det.2:7;C.Det.1:3;C.Det.8:1;C.Flat.5:1;C.Semi.2:1;C.Semi.11:1,Wcav,SUB:SPN-S000000174777,spatial_inference_nearest_substation,17,17,2210.6,Burpham,1.0,1,0,16,0,0,0,0,0
MIX|Wcav|SUB:SPN-S000000174785,MIX,14,C.Flat.2:6;C.Semi.2:5;C.Flat.1:4;C.Flat.7:3;C.Ter.2:3;C.Semi.10:2,Wcav,SUB:SPN-S000000174785,spatial_inference_nearest_substation,24,32,2458.0,Stoughton North,1.0,1,2,21,7,0,1,0,0
MIX|Wcav|SUB:SPN-S000000174792,MIX,12,C.Semi.11:6;C.Ter.1:5;C.Det.2:5;C.Det.1:4;C.Flat.1:3;C.Det.3:3,Wcav,SUB:SPN-S000000174792,spatial_inference_nearest_substation,33,33,3624.1,Burpham,1.0,7,0,26,0,0,0,0,0
MIX|Wcav|SUB:SPN-S000000174793,MIX,3,C.Flat.4:3;C.Semi.2:2;C.Flat.6:1,Wcav,SUB:SPN-S000000174793,spatial_inference_nearest_substation,4,6,699.5,Stoke,1.0,0,3,3,0,0,0,0,0
MIX|Wcav|SUB:SPN-S000000174828,MIX,3,C.Flat.1:2;C.Det.2:1;C.Det.6:1,Wcav,SUB:SPN-S000000174828,spatial_inference_nearest_substation,4,4,344.2,Westborough,1.0,0,0,4,0,0,0,0,0
MIX|Wcav|SUB:SPN-S000000174842,MIX,11,C.Flat.5:4;C.Semi.2:4;C.Semi.8:3;C.Det.2:3;C.Flat.6:2;C.Det.7:1,Wcav,SUB:SPN-S000000174842,spatial_inference_nearest_substation,18,22,2467.1,Stoughton North,1.0,0,0,21,0,0,0,1,0
MIX|Wcav|SUB:SPN-S000000174852,MIX,9,C.Det.2:9;C.Flat.7:4;C.Det.1:2;C.Det.7:2;C.Det.8:1;C.Ter.2:1,Wcav,SUB:SPN-S000000174852,spatial_inference_nearest_substation,20,22,3283.4,Burpham,1.0,1,0,21,0,0,0,0,0
MIX|Wcav|SUB:SPN-S000000174894,MIX,2,C.Flat.2:1;C.Semi.2:1,Wcav,SUB:SPN-S000000174894,spatial_inference_nearest_substation,2,2,138.0,Stoughton South,1.0,0,1,1,0,0,0,0,0
MIX|Wcav|SUB:SPN-S000000174899,MIX,9,C.Ter.1:5;C.Semi.2:5;C.Det.2:3;C.Ter.2:3;C.Det.1:2;C.Flat.5:1,Wcav,SUB:SPN-S000000174899,spatial_inference_nearest_substation,22,22,2302.6,Burpham,1.0,1,1,20,0,0,0,0,0
MIX|Wcav|SUB:SPN-S000000174914,C.Semi.3,1,C.Semi.3:1,Wcav,SUB:SPN-S000000174914,spatial_inference_nearest_substation,1,1,91.0,Bellfields & Slyfield,1.0,0,0,1,0,0,0,0,0
MIX|Wcav|SUB:SPN-S000000174925,MIX,8,C.Ter.1:3;C.Semi.11:3;C.Semi.2:3;C.Flat.1:2;C.Ter.2:1;C.Flat.2:1,Wcav,SUB:SPN-S000000174925,spatial_inference_nearest_substation,15,15,1188.1,Burpham,1.0,2,0,12,1,0,0,0,0
MIX|Wcav|SUB:SPN-S000000174930,MIX,11,C.Semi.2:7;C.Flat.6:4;C.Det.7:2;C.Det.6:2;C.Flat.8:2;C.Semi.11:1,Wcav,SUB:SPN-S000000174930,spatial_inference_nearest_substation,22,23,2217.2,Stoughton South,0.9565217391304348,1,1,21,0,0,0,0,0
MIX|Wcav|SUB:SPN-S000000174940,MIX,3,C.Det.2:5;C.Semi.2:1;C.Semi.11:1,Wcav,SUB:SPN-S000000174940,spatial_inference_nearest_substation,7,7,1159.5,Burpham,1.0,0,0,7,0,0,0,0,0
MIX|Wcav|SUB:SPN-S000000174948,MIX,2,C.Flat.1:2;C.Flat.2:1,Wcav,SUB:SPN-S000000174948,spatial_inference_nearest_substation,1,3,101.0,Stoke,1.0,0,3,0,0,0,0,0,0
MIX|Wcav|SUB:SPN-S000000174949,MIX,10,C.Semi.2:6;C.Det.3:6;C.Det.2:5;C.Ter.1:3;C.Semi.8:2;C.Semi.11:2,Wcav,SUB:SPN-S000000174949,spatial_inference_nearest_substation,28,28,2913.5,Burpham,1.0,1,1,26,0,0,0,0,0
MIX|Wcav|SUB:SPN-S000000174989,MIX,5,C.Flat.1:3;C.Flat.5:1;C.Flat.6:1;C.Flat.8:1;C.Det.4:1,Wcav,SUB:SPN-S000000174989,spatial_inference_nearest_substation,4,7,582.9,St Nicolas,1.0,0,3,4,0,0,0,0,0
MIX|Wcav|SUB:SPN-S000000175001,MIX,4,C.Flat.5:5;C.Semi.2:2;C.Det.2:2;C.Park.1:1,Wcav,SUB:SPN-S000000175001,spatial_inference_nearest_substation,6,10,1088.5,Castle,1.0,0,2,8,0,0,0,0,0
MIX|Wcav|SUB:SPN-S000000175003,MIX,7,C.Flat.8:6;C.Flat.6:5;C.Flat.7:5;C.Semi.8:2;C.Flat.1:2;C.Flat.2:1,Wcav,SUB:SPN-S000000175003,spatial_inference_nearest_substation,18,22,1389.5,Stoke,1.0,4,2,16,0,0,0,0,0
MIX|Wcav|SUB:SPN-S000000175025,C.Flat.1,1,C.Flat.1:1,Wcav,SUB:SPN-S000000175025,spatial_inference_nearest_substation,1,1,32.0,Stoke,1.0,0,1,0,0,0,0,0,0
MIX|Wcav|SUB:SPN-S000000175026,MIX,3,C.Flat.2:2;C.Flat.5:1;C.Ter.2:1,Wcav,SUB:SPN-S000000175026,spatial_inference_nearest_substation,4,4,228.0,Stoke,1.0,1,2,1,0,0,0,0,0
MIX|Wcav|SUB:SPN-S000000175036,MIX,6,C.Det.2:6;C.Semi.2:5;C.Det.1:2;C.Det.7:1;C.Flat.1:1;C.Semi.11:1,Wcav,SUB:SPN-S000000175036,spatial_inference_nearest_substation,15,16,2377.1,Merrow,1.0,0,0,16,0,0,0,0,0
MIX|Wcav|SUB:SPN-S000000175044,C.Det.2,1,C.Det.2:1,Wcav,SUB:SPN-S000000175044,spatial_inference_nearest_substation,1,1,235.0,St Nicolas,1.0,0,0,0,0,0,0,1,0
MIX|Wcav|SUB:SPN-S000000175067,MIX,2,C.Semi.2:1;C.Semi.3:1,Wcav,SUB:SPN-S000000175067,spatial_inference_nearest_substation,2,2,94.2,Onslow,1.0,0,0,2,0,0,0,0,0
MIX|Wcav|SUB:SPN-S000000175216,C.Ter.3,1,C.Ter.3:3,Wcav,SUB:SPN-S000000175216,spatial_inference_nearest_substation,2,3,613.0,Castle,1.0,0,0,3,0,0,0,0,0
MIX|Wcav|SUB:SPN-S000000175224,MIX,5,C.Det.7:6;C.Semi.10:1;C.Flat.5:1;C.Det.5:1;C.Det.1:1,Wcav,SUB:SPN-S000000175224,spatial_inference_nearest_substation,10,10,1241.4,Stoughton South,1.0,0,0,10,0,0,0,0,0
MIX|Wcav|SUB:SPN-S000000175228,MIX,6,C.Ter.1:3;C.Ter.4:3;C.Semi.10:2;C.Semi.11:1;C.Semi.8:1;C.Det.2:1,Wcav,SUB:SPN-S000000175228,spatial_inference_nearest_substation,11,11,1219.6,Bellfields & Slyfield,1.0,0,0,11,0,0,0,0,0
MIX|Wcav|SUB:SPN-S000000175255,MIX,7,C.Flat.5:2;C.Flat.6:2;C.Det.2:1;C.Semi.2:1;C.Det.7:1;C.Semi.8:1,Wcav,SUB:SPN-S000000175255,spatial_inference_nearest_substation,6,9,606.2,Bellfields & Slyfield,1.0,0,2,7,0,0,0,0,0
MIX|Wcav|SUB:SPN-S000000175257,MIX,12,C.Ter.2:7;C.Ter.1:4;C.Flat.2:3;C.Flat.5:3;C.Det.2:3;C.Flat.6:2,Wcav,SUB:SPN-S000000175257,spatial_inference_nearest_substation,29,29,2425.5,Stoughton North,1.0,1,0,27,1,0,0,0,0
MIX|Wcav|SUB:SPN-S000000175297,MIX,6,C.Flat.1:9;C.Flat.6:5;C.Flat.2:4;C.Semi.2:2;C.Semi.8:1;C.Det.4:1,Wcav,SUB:SPN-S000000175297,spatial_inference_nearest_substation,5,22,1344.3,Stoke,1.0,3,5,3,0,11,0,0,0
MIX|Wcav|SUB:SPN-S000000175336,MIX,2,C.Semi.2:1;C.Flat.6:1,Wcav,SUB:SPN-S000000175336,spatial_inference_nearest_substation,2,2,464.0,Westborough,1.0,0,0,2,0,0,0,0,0
MIX|Wcav|SUB:SPN-S000000181145,MIX,8,C.Flat.1:8;C.Flat.6:7;C.Flat.3:7;C.Flat.8:5;C.Ter.2:2;C.Semi.6:1,Wcav,SUB:SPN-S000000181145,spatial_inference_nearest_substation,16,32,1981.4,St Nicolas,0.96875,2,1,29,0,0,0,0,0
MIX|Wcav|SUB:SPN-S000000181195,MIX,8,C.Det.2:5;C.Semi.2:4;C.Det.6:1;C.Semi.11:1;C.Ter.1:1;C.Ter.2:1,Wcav,SUB:SPN-S000000181195,spatial_inference_nearest_substation,15,15,2672.0,Stoughton North,1.0,0,0,14,0,1,0,0,0
MIX|Wcav|SUB:SPN-S000000181196,MIX,6,C.Ter.2:3;C.Semi.2:2;C.Flat.1:1;C.Flat.6:1;C.Semi.11:1;C.Det.2:1,Wcav,SUB:SPN-S000000181196,spatial_inference_nearest_substation,6,9,531.3,Stoughton North,1.0,0,0,9,0,0,0,0,0
MIX|Wcav|SUB:SPN-S000000181225,MIX,2,C.Det.2:1;C.Ter.1:1,Wcav,SUB:SPN-S000000181225,spatial_inference_nearest_substation,2,2,227.6,Stoughton North,1.0,0,1,1,0,0,0,0,0
MIX|Wcav|SUB:SPN-S000000181226,MIX,6,C.Semi.2:4;C.Semi.10:1;C.Semi.11:1;C.Flat.6:1;C.Flat.5:1;C.Semi.6:1,Wcav,SUB:SPN-S000000181226,spatial_inference_nearest_substation,9,9,842.0,Stoughton North,1.0,1,0,8,0,0,0,0,0
MIX|Wcav|SUB:SPN-S000000181252,MIX,5,C.Flat.5:3;C.Semi.8:3;C.Flat.6:2;C.Ter.2:2;C.Flat.8:1,Wcav,SUB:SPN-S000000181252,spatial_inference_nearest_substation,9,11,836.0,Westborough,1.0,0,0,11,0,0,0,0,0
MIX|Wcav|SUB:SPN-S000000181316,MIX,7,C.Ter.2:8;C.Semi.2:7;C.Flat.5:3;C.Ter.4:1;C.Flat.2:1;C.Det.7:1,Wcav,SUB:SPN-S000000181316,spatial_inference_nearest_substation,21,22,1849.2,Bellfields & Slyfield,1.0,0,3,19,0,0,0,0,0
MIX|Wcav|SUB:SPN-S000000181331,C.Semi.8,1,C.Semi.8:1,Wcav,SUB:SPN-S000000181331,spatial_inference_nearest_substation,1,1,443.1,Bellfields & Slyfield,1.0,0,0,1,0,0,0,0,0
MIX|Wcav|SUB:SPN-S000000181361,MIX,9,C.Flat.6:3;C.Semi.2:2;C.Flat.8:2;C.Flat.5:2;C.Flat.4:1;C.Flat.7:1,Wcav,SUB:SPN-S000000181361,spatial_inference_nearest_substation,7,14,1020.0,Burpham,0.9285714285714286,2,1,11,0,0,0,0,0
MIX|Wcav|SUB:SPN-S000000181539,MIX,2,C.Ter.2:1;C.Semi.2:1,Wcav,SUB:SPN-S000000181539,spatial_inference_nearest_substation,2,2,206.2,Onslow,1.0,0,1,1,0,0,0,0,0
MIX|Wnone|LSOA:E01030421,MIX,4,C.Flat.2:4;C.Semi.7:4;C.Flat.4:1;C.Flat.7:1,Wnone,LSOA:E01030421,assumed_zone_lsoa,9,10,675.0,,0.0,0,0,10,0,0,0,0,0
MIX|Wnone|LSOA:E01030422,MIX,9,C.Semi.6:6;C.Flat.3:6;C.Ter.4:4;C.Det.6:3;C.Semi.11:3;C.Flat.7:2,Wnone,LSOA:E01030422,assumed_zone_lsoa,27,28,2813.3,,0.0,1,2,25,0,0,0,0,0
MIX|Wnone|LSOA:E01030423,MIX,10,C.Ter.4:8;C.Semi.7:8;C.Det.6:7;C.Unk.1:4;C.Semi.6:3;C.Flat.8:2,Wnone,LSOA:E01030423,assumed_zone_lsoa,36,37,3483.7,,0.0,0,1,34,0,1,1,0,0
MIX|Wnone|LSOA:E01030424,MIX,7,C.Flat.4:9;C.Flat.8:7;C.Det.6:5;C.Ter.4:3;C.Semi.10:2;C.Semi.11:1,Wnone,LSOA:E01030424,assumed_zone_lsoa,24,28,2540.9,,0.0,3,4,20,1,0,0,0,0
MIX|Wnone|LSOA:E01030425,MIX,8,C.Flat.2:9;C.Flat.4:8;C.Park.1:5;C.Semi.7:4;C.Semi.6:3;C.Ter.4:2,Wnone,LSOA:E01030425,assumed_zone_lsoa,21,33,2602.3,,0.0,2,4,27,0,0,0,0,0
MIX|Wnone|LSOA:E01030426,MIX,6,C.Park.1:7;C.Semi.7:6;C.Unk.1:5;C.Semi.11:5;C.Det.6:4;C.Ter.4:2,Wnone,LSOA:E01030426,assumed_zone_lsoa,27,29,3529.8,,0.0,0,0,29,0,0,0,0,0
MIX|Wnone|LSOA:E01030427,MIX,9,C.Ter.3:4;C.Flat.2:3;C.Semi.11:2;C.Semi.10:1;C.Flat.1:1;C.Ter.4:1,Wnone,LSOA:E01030427,assumed_zone_lsoa,11,15,1393.1,,0.0,0,0,15,0,0,0,0,0
MIX|Wnone|LSOA:E01030428,MIX,8,C.Ter.3:9;C.Semi.6:8;C.Det.8:2;C.Flat.3:2;C.Semi.10:1;C.Det.5:1,Wnone,LSOA:E01030428,assumed_zone_lsoa,25,25,2046.8,,0.0,1,1,20,1,2,0,0,0
MIX|Wnone|LSOA:E01030429,MIX,9,C.Det.1:9;C.Semi.6:9;C.Ter.3:8;C.Flat.1:4;C.Semi.7:3;C.Semi.10:2,Wnone,LSOA:E01030429,assumed_zone_lsoa,38,40,4002.3,,0.0,1,2,37,0,0,0,0,0
MIX|Wnone|LSOA:E01030430,MIX,9,C.Semi.6:9;C.Flat.4:9;C.Ter.3:4;C.Flat.2:2;C.Semi.5:2;C.Det.8:2,Wnone,LSOA:E01030430,assumed_zone_lsoa,27,31,2663.8,,0.0,8,1,22,0,0,0,0,0
MIX|Wnone|LSOA:E01030431,MIX,9,C.Semi.6:8;C.Flat.2:7;C.Semi.5:5;C.Flat.1:4;C.Ter.4:3;C.Park.1:3,Wnone,LSOA:E01030431,assumed_zone_lsoa,28,34,3042.2,,0.0,0,0,33,0,0,1,0,0
MIX|Wnone|LSOA:E01030432,MIX,5,C.Det.1:7;C.Semi.6:7;C.Flat.4:6;C.Flat.8:6;C.Ter.4:3,Wnone,LSOA:E01030432,assumed_zone_lsoa,25,29,2460.9,,0.0,0,0,28,0,0,0,0,1
MIX|Wnone|LSOA:E01030433,MIX,9,C.Ter.4:9;C.Det.6:7;C.Flat.8:6;C.Flat.3:6;C.Det.4:5;C.Semi.10:3,Wnone,LSOA:E01030433,assumed_zone_lsoa,38,41,4506.4,,0.0,1,0,39,0,1,0,0,0
MIX|Wnone|LSOA:E01030440,MIX,13,C.Flat.3:9;C.Flat.2:8;C.Semi.7:8;C.Semi.6:8;C.Flat.1:6;C.Det.8:5,Wnone,LSOA:E01030440,assumed_zone_lsoa,48,64,5341.0,,0.0,1,3,55,0,0,0,5,0
MIX|Wnone|LSOA:E01030441,MIX,15,C.Semi.6:8;C.Semi.4:6;C.Flat.3:5;C.Flat.4:5;C.Flat.1:5;C.Semi.7:4,Wnone,LSOA:E01030441,assumed_zone_lsoa,38,52,4486.0,,0.0,2,1,42,0,4,2,1,0
MIX|Wnone|LSOA:E01030442,MIX,11,C.Det.8:9;C.Ter.1:4;C.Semi.6:3;C.Semi.1:2;C.Park.1:2;C.Det.5:2,Wnone,LSOA:E01030442,assumed_zone_lsoa,26,27,6482.6,,0.0,1,0,24,1,1,0,0,0
MIX|Wnone|LSOA:E01030443,MIX,13,C.Flat.4:9;C.Semi.5:8;C.Semi.7:6;C.Ter.3:5;C.Semi.6:5;C.Semi.4:4,Wnone,LSOA:E01030443,assumed_zone_lsoa,37,49,5401.6,,0.0,3,0,43,0,2,0,1,0
MIX|Wnone|LSOA:E01030444,MIX,12,C.Flat.1:7;C.Ter.1:7;C.Semi.7:7;C.Flat.2:6;C.Semi.4:6;C.Flat.4:2,Wnone,LSOA:E01030444,assumed_zone_lsoa,39,42,3208.0,,0.0,0,0,41,0,0,0,1,0
MIX|Wnone|LSOA:E01030445,MIX,8,C.Det.8:5;C.Semi.1:4;C.Semi.6:4;C.Flat.8:3;C.Flat.6:2;C.Semi.11:1,Wnone,LSOA:E01030445,assumed_zone_lsoa,21,21,2495.2,,0.0,1,1,18,0,0,0,1,0
MIX|Wnone|LSOA:E01030446,MIX,11,C.Flat.1:8;C.Ter.3:8;C.Flat.4:7;C.Flat.2:7;C.Det.8:6;C.Flat.3:5,Wnone,LSOA:E01030446,assumed_zone_lsoa,44,54,7916.8,,0.0,7,0,38,0,2,3,3,1
MIX|Wnone|LSOA:E01030447,MIX,7,C.Flat.1:6;C.Flat.2:6;C.Semi.7:4;C.Flat.7:1;C.Flat.8:1;C.Ter.4:1,Wnone,LSOA:E01030447,assumed_zone_lsoa,14,20,1467.1,,0.0,1,5,14,0,0,0,0,0
MIX|Wnone|LSOA:E01030458,MIX,11,C.Ter.3:7;C.Semi.6:6;C.Semi.4:6;C.Flat.3:5;C.Semi.5:4;C.Flat.7:3,Wnone,LSOA:E01030458,assumed_zone_lsoa,31,40,4397.5,,0.0,2,3,23,0,5,2,5,0
MIX|Wnone|LSOA:E01030459,MIX,10,C.Det.4:9;C.Semi.7:8;C.Flat.8:7;C.Flat.2:6;C.Det.6:4;C.Flat.4:3,Wnone,LSOA:E01030459,assumed_zone_lsoa,43,44,3455.0,,0.0,1,1,41,0,0,0,1,0
MIX|Wnone|LSOA:E01030462,C.Det.3,1,C.Det.3:1,Wnone,LSOA:E01030462,assumed_zone_lsoa,1,1,22.2,,0.0,0,0,1,0,0,0,0,0
MIX|Wnone|LSOA:E01030465,MIX,8,C.Semi.4:8;C.Flat.4:3;C.Flat.2:2;C.Ter.4:2;C.Det.8:2;C.Flat.1:2,Wnone,LSOA:E01030465,assumed_zone_lsoa,19,22,2070.2,,0.0,1,1,19,0,0,0,1,0
MIX|Wnone|LSOA:E01030466,MIX,11,C.Semi.4:9;C.Semi.5:9;C.Semi.7:7;C.Semi.11:4;C.Flat.1:4;C.Flat.8:2,Wnone,LSOA:E01030466,assumed_zone_lsoa,35,41,4694.8,,0.0,0,0,33,0,2,2,4,0
MIX|Wnone|LSOA:E01030471,MIX,15,C.Semi.4:7;C.Semi.7:7;C.Det.8:5;C.Ter.1:5;C.Ter.3:5;C.Semi.6:4,Wnone,LSOA:E01030471,assumed_zone_lsoa,47,50,6140.6,,0.0,2,1,30,1,1,2,7,6
MIX|Wnone|LSOA:E01030472,MIX,17,C.Ter.4:8;C.Semi.7:7;C.Semi.11:7;C.Semi.5:6;C.Semi.10:5;C.Flat.2:4,Wnone,LSOA:E01030472,assumed_zone_lsoa,62,65,7203.7,,0.0,8,6,23,2,8,5,13,0
MIX|Wnone|LSOA:E01030473,MIX,12,C.Semi.7:9;C.Semi.5:8;C.Flat.2:7;C.Ter.3:5;C.Det.8:4;C.Flat.4:3,Wnone,LSOA:E01030473,assumed_zone_lsoa,43,49,5100.0,,0.0,5,0,35,1,3,0,5,0
MIX|Wnone|LSOA:E01030474,MIX,10,C.Semi.7:9;C.Flat.2:8;C.Det.1:7;C.Det.6:6;C.Flat.1:4;C.Flat.8:3,Wnone,LSOA:E01030474,assumed_zone_lsoa,36,44,4193.6,,0.0,3,2,36,1,2,0,0,0
MIX|Wnone|LSOA:E01030475,MIX,8,C.Flat.3:4;C.Semi.7:3;C.Ter.1:2;C.Flat.4:1;C.Ter.4:1;C.Park.1:1,Wnone,LSOA:E01030475,assumed_zone_lsoa,11,14,1378.6,,0.0,0,0,14,0,0,0,0,0
MIX|Wnone|LSOA:E01030476,MIX,15,C.Det.4:9;C.Semi.7:6;C.Unk.1:6;C.Semi.5:4;C.Ter.1:3;C.Ter.3:2,Wnone,LSOA:E01030476,assumed_zone_lsoa,34,40,5487.1,,0.0,0,0,39,1,0,0,0,0
MIX|Wnone|LSOA:E01030477,MIX,5,C.Flat.3:8;C.Ter.4:5;C.Park.1:2;C.Flat.8:1;C.Det.9:1,Wnone,LSOA:E01030477,assumed_zone_lsoa,10,17,1324.0,,0.0,0,0,17,0,0,0,0,0
MIX|Wnone|LSOA:E01030478,MIX,12,C.Flat.4:9;C.Semi.11:7;C.Semi.7:6;C.Det.8:6;C.Ter.4:3;C.Semi.10:3,Wnone,LSOA:E01030478,assumed_zone_lsoa,38,43,3765.6,,0.0,10,1,21,1,1,2,6,1
MIX|Wnone|LSOA:E01030479,MIX,7,C.Flat.3:9;C.Semi.7:7;C.Flat.8:6;C.Semi.10:5;C.Det.6:3;C.Park.1:3,Wnone,LSOA:E01030479,assumed_zone_lsoa,28,34,2974.7,,0.0,1,3,26,0,1,2,1,0
MIX|Wnone|LSOA:E01030480,MIX,11,C.Semi.4:9;C.Det.8:7;C.Semi.6:5;C.Flat.3:4;C.Flat.4:4;C.Semi.7:3,Wnone,LSOA:E01030480,assumed_zone_lsoa,38,40,4763.0,,0.0,0,0,35,2,2,0,1,0
MIX|Wnone|LSOA:E01030486,C.Det.1,1,C.Det.1:1,Wnone,LSOA:E01030486,assumed_zone_lsoa,1,1,35.4,,0.0,0,0,1,0,0,0,0,0
MIX|Wnone|LSOA:E01030490,MIX,13,C.Flat.4:8;C.Semi.6:7;C.Det.8:5;C.Det.5:5;C.Det.9:3;C.Flat.7:3,Wnone,LSOA:E01030490,assumed_zone_lsoa,38,43,4704.8,,0.0,3,2,19,1,4,1,13,0
MIX|Wnone|LSOA:E01030491,MIX,11,C.Flat.3:7;C.Ter.4:4;C.Semi.10:4;C.Unk.1:4;C.Flat.8:3;C.Det.8:3,Wnone,LSOA:E01030491,assumed_zone_lsoa,31,35,3575.3,,0.0,1,0,31,0,2,0,1,0
MIX|Wnone|LSOA:E01030492,MIX,19,C.Ter.1:8;C.Semi.5:7;C.Ter.3:6;C.Flat.3:6;C.Det.8:5;C.Semi.6:5,Wnone,LSOA:E01030492,assumed_zone_lsoa,64,71,7788.5,,0.0,6,4,32,0,10,7,12,0
MIX|Wnone|LSOA:E01030499,MIX,10,C.Flat.2:9;C.Flat.3:6;C.Semi.11:5;C.Flat.1:4;C.Semi.6:4;C.Semi.10:3,Wnone,LSOA:E01030499,assumed_zone_lsoa,27,36,3476.1,,0.0,0,1,34,0,0,0,1,0
MIX|Wnone|LSOA:E01030500,MIX,10,C.Semi.6:9;C.Flat.3:7;C.Semi.5:7;C.Ter.3:5;C.Det.6:4;C.Det.4:4,Wnone,LSOA:E01030500,assumed_zone_lsoa,42,45,4651.9,,0.0,1,1,41,1,0,1,0,0
MIX|Wnone|LSOA:E01030501,MIX,8,C.Flat.2:9;C.Semi.6:8;C.Semi.7:3;C.Det.8:2;C.Semi.10:1;C.Ter.4:1,Wnone,LSOA:E01030501,assumed_zone_lsoa,26,26,2601.4,,0.0,1,1,19,0,3,1,1,0
MIX|Wnone|LSOA:E01030502,MIX,9,C.Semi.6:5;C.Flat.2:4;C.Flat.1:4;C.Semi.4:4;C.Semi.11:4;C.Det.8:3,Wnone,LSOA:E01030502,assumed_zone_lsoa,24,27,2303.2,,0.0,0,0,26,0,1,0,0,0
MIX|Wnone|LSOA:E01030503,MIX,9,C.Det.4:8;C.Park.1:6;C.Det.6:6;C.Semi.11:3;C.Flat.8:2;C.Ter.4:1,Wnone,LSOA:E01030503,assumed_zone_lsoa,29,29,3218.2,,0.0,1,0,27,0,1,0,0,0
MIX|Wnone|LSOA:E01030504,MIX,7,C.Ter.3:4;C.Semi.11:3;C.Det.8:3;C.Ter.1:2;C.Flat.4:1;C.Det.5:1,Wnone,LSOA:E01030504,assumed_zone_lsoa,14,15,1610.7,,0.0,0,0,14,0,0,0,1,0
MIX|Wnone|SUB:SPN-R000000843506-000-002Z,MIX,3,C.Semi.4:3;C.Semi.1:2;C.Det.3:1,Wnone,SUB:SPN-R000000843506-000-002Z,spatial_inference_nearest_substation,6,6,905.1,Burpham,1.0,0,0,6,0,0,0,0,0
MIX|Wnone|SUB:SPN-R000000843508-000-011Z,MIX,4,C.Det.1:7;C.Det.3:2;C.Det.6:1;C.Det.4:1,Wnone,SUB:SPN-R000000843508-000-011Z,spatial_inference_nearest_substation,11,11,3628.4,Castle,1.0,0,0,10,0,0,1,0,0
MIX|Wnone|SUB:SPN-R000000843508-000-016Z,MIX,3,C.Det.6:2;C.Det.4:2;C.Det.1:1,Wnone,SUB:SPN-R000000843508-000-016Z,spatial_inference_nearest_substation,5,5,2524.9,Castle,1.0,0,0,5,0,0,0,0,0
MIX|Wnone|SUB:SPN-R000000848207-000-055Z,MIX,2,C.Det.1:2;C.Det.8:1,Wnone,SUB:SPN-R000000848207-000-055Z,spatial_inference_nearest_substation,3,3,443.1,Castle,1.0,0,0,2,0,1,0,0,0
MIX|Wnone|SUB:SPN-R000000852112-000-063Z,C.Det.6,1,C.Det.6:1,Wnone,SUB:SPN-R000000852112-000-063Z,spatial_inference_nearest_substation,1,1,68.6,Westborough,1.0,0,0,1,0,0,0,0,0
MIX|Wnone|SUB:SPN-R000000852112-000-073Z,MIX,2,C.Det.1:2;C.Semi.7:1,Wnone,SUB:SPN-R000000852112-000-073Z,spatial_inference_nearest_substation,3,3,200.7,St Nicolas,1.0,0,0,3,0,0,0,0,0
MIX|Wnone|SUB:SPN-R000000852116-000-001Z,MIX,8,C.Ter.1:4;C.Det.3:3;C.Semi.4:2;C.Det.4:2;C.Semi.7:2;C.Semi.6:2,Wnone,SUB:SPN-R000000852116-000-001Z,spatial_inference_nearest_substation,17,17,1893.4,Stoughton South,0.9411764705882353,0,0,17,0,0,0,0,0
MIX|Wnone|SUB:SPN-S000000171105,MIX,4,C.Flat.3:9;C.Flat.4:8;C.Flat.2:1;C.Det.4:1,Wnone,SUB:SPN-S000000171105,spatial_inference_nearest_substation,4,19,1033.0,Stoke,1.0,0,3,16,0,0,0,0,0
MIX|Wnone|SUB:SPN-S000000171605,MIX,2,C.Semi.5:2;C.Det.1:2,Wnone,SUB:SPN-S000000171605,spatial_inference_nearest_substation,4,4,279.2,Stoke,1.0,0,0,4,0,0,0,0,0
MIX|Wnone|SUB:SPN-S000000171606,MIX,9,C.Semi.4:2;C.Det.1:2;C.Semi.5:2;C.Semi.6:1;C.Semi.10:1;C.Flat.4:1,Wnone,SUB:SPN-S000000171606,spatial_inference_nearest_substation,12,12,1029.4,Stoke,1.0,0,1,11,0,0,0,0,0
MIX|Wnone|SUB:SPN-S000000171608,MIX,5,C.Semi.4:7;C.Det.1:3;C.Semi.1:2;C.Flat.2:1;C.Flat.1:1,Wnone,SUB:SPN-S000000171608,spatial_inference_nearest_substation,13,14,1401.6,Onslow,1.0,0,0,14,0,0,0,0,0
MIX|Wnone|SUB:SPN-S000000171609,MIX,5,C.Semi.4:3;C.Semi.1:3;C.Ter.3:2;C.Det.3:1;C.Semi.6:1,Wnone,SUB:SPN-S000000171609,spatial_inference_nearest_substation,10,10,2750.5,Onslow,1.0,0,1,9,0,0,0,0,0
MIX|Wnone|SUB:SPN-S000000171610,MIX,14,C.Flat.2:6;C.Ter.1:5;C.Flat.4:3;C.Flat.3:3;C.Det.3:2;C.Semi.4:2,Wnone,SUB:SPN-S000000171610,spatial_inference_nearest_substation,27,31,2480.1,Onslow,1.0,2,1,27,1,0,0,0,0
MIX|Wnone|SUB:SPN-S000000171611,MIX,7,C.Det.1:8;C.Ter.1:3;C.Semi.7:2;C.Semi.4:1;C.Det.6:1;C.Semi.5:1,Wnone,SUB:SPN-S000000171611,spatial_inference_nearest_substation,17,17,2021.0,Westborough,1.0,0,0,17,0,0,0,0,0
MIX|Wnone|SUB:SPN-S000000171612,MIX,6,C.Ter.1:3;C.Semi.4:2;C.Flat.1:1;C.Det.3:1;C.Det.6:1;C.Det.1:1,Wnone,SUB:SPN-S000000171612,spatial_inference_nearest_substation,9,9,898.0,Westborough,1.0,0,0,9,0,0,0,0,0
MIX|Wnone|SUB:SPN-S000000171613,MIX,6,C.Det.6:5;C.Det.3:3;C.Semi.1:3;C.Det.4:2;C.Det.8:1;C.Semi.7:1,Wnone,SUB:SPN-S000000171613,spatial_inference_nearest_substation,15,15,2037.0,Onslow,1.0,0,0,15,0,0,0,0,0
MIX|Wnone|SUB:SPN-S000000171614,MIX,6,C.Semi.1:8;C.Det.6:5;C.Det.4:5;C.Det.3:3;C.Semi.7:1;C.Semi.5:1,Wnone,SUB:SPN-S000000171614,spatial_inference_nearest_substation,23,23,3849.6,Onslow,1.0,0,0,23,0,0,0,0,0
MIX|Wnone|SUB:SPN-S000000171615,MIX,4,C.Det.6:3;C.Semi.1:3;C.Ter.1:2;C.Det.3:1,Wnone,SUB:SPN-S000000171615,spatial_inference_nearest_substation,9,9,1211.2,Onslow,1.0,0,0,8,0,1,0,0,0
MIX|Wnone|SUB:SPN-S000000171616,MIX,4,C.Semi.7:4;C.Semi.4:4;C.Det.1:3;C.Semi.6:1,Wnone,SUB:SPN-S000000171616,spatial_inference_nearest_substation,12,12,1132.7,Onslow,1.0,0,0,12,0,0,0,0,0
MIX|Wnone|SUB:SPN-S000000171617,MIX,10,C.Semi.7:7;C.Ter.1:6;C.Semi.4:4;C.Det.1:4;C.Semi.6:2;C.Det.3:1,Wnone,SUB:SPN-S000000171617,spatial_inference_nearest_substation,28,28,2678.5,Onslow,1.0,0,0,28,0,0,0,0,0
MIX|Wnone|SUB:SPN-S000000171618,MIX,10,C.Semi.6:5;C.Det.6:5;C.Semi.5:3;C.Flat.3:3;C.Ter.1:2;C.Flat.2:2,Wnone,SUB:SPN-S000000171618,spatial_inference_nearest_substation,23,26,2661.4,Onslow,1.0,0,1,23,0,2,0,0,0
MIX|Wnone|SUB:SPN-S000000171619,MIX,8,C.Flat.3:9;C.Flat.4:8;C.Det.3:5;C.Semi.7:5;C.Semi.5:4;C.Semi.6:3,Wnone,SUB:SPN-S000000171619,spatial_inference_nearest_substation,30,38,3428.1,Onslow,1.0,1,0,25,2,10,0,0,0
MIX|Wnone|SUB:SPN-S000000171621,MIX,8,C.Semi.1:7;C.Det.1:7;C.Det.3:4;C.Semi.4:3;C.Semi.7:2;C.Det.4:2,Wnone,SUB:SPN-S000000171621,spatial_inference_nearest_substation,28,28,4111.3,Onslow,1.0,2,0,24,2,0,0,0,0
MIX|Wnone|SUB:SPN-S000000171622,MIX,4,C.Det.6:6;C.Det.3:3;C.Det.4:2;C.Det.8:1,Wnone,SUB:SPN-S000000171622,spatial_inference_nearest_substation,11,12,2006.4,Onslow,1.0,0,0,12,0,0,0,0,0
MIX|Wnone|SUB:SPN-S000000171623,MIX,8,C.Flat.3:7;C.Det.6:5;C.Det.4:2;C.Flat.2:1;C.Semi.6:1;C.Semi.4:1,Wnone,SUB:SPN-S000000171623,spatial_inference_nearest_substation,16,19,2651.2,St Nicolas,0.631578947368421,7,0,10,0,2,0,0,0
MIX|Wnone|SUB:SPN-S000000171624,MIX,8,C.Det.3:4;C.Semi.7:4;C.Det.6:3;C.Det.4:2;C.Semi.5:2;C.Semi.6:2,Wnone,SUB:SPN-S000000171624,spatial_inference_nearest_substation,19,19,2912.0,Onslow,1.0,0,0,18,0,0,1,0,0
MIX|Wnone|SUB:SPN-S000000171625,MIX,7,C.Semi.7:9;C.Det.1:4;C.Semi.6:3;C.Flat.8:2;C.Semi.5:2;C.Semi.4:1,Wnone,SUB:SPN-S000000171625,spatial_inference_nearest_substation,20,22,2843.8,Onslow,1.0,0,2,20,0,0,0,0,0
MIX|Wnone|SUB:SPN-S000000171626,MIX,12,C.Flat.1:8;C.Det.4:3;C.Semi.4:2;C.Flat.8:2;C.Det.6:2;C.Flat.6:1,Wnone,SUB:SPN-S000000171626,spatial_inference_nearest_substation,19,24,2518.8,Onslow,1.0,1,0,21,0,1,1,0,0
MIX|Wnone|SUB:SPN-S000000171629,MIX,2,C.Flat.2:3;C.Flat.1:1,Wnone,SUB:SPN-S000000171629,spatial_inference_nearest_substation,3,4,283.0,Castle,1.0,0,1,3,0,0,0,0,0
MIX|Wnone|SUB:SPN-S000000171630,MIX,9,C.Flat.2:7;C.Det.1:5;C.Flat.1:5;C.Semi.7:4;C.Ter.1:3;C.Semi.6:2,Wnone,SUB:SPN-S000000171630,spatial_inference_nearest_substation,24,29,2389.6,Westborough,1.0,0,0,25,0,4,0,0,0
MIX|Wnone|SUB:SPN-S000000171631,MIX,8,C.Flat.1:9;C.Flat.2:6;C.Semi.7:4;C.Flat.3:3;C.Semi.4:2;C.Flat.8:2,Wnone,SUB:SPN-S000000171631,spatial_inference_nearest_substation,22,29,1815.0,Westborough,1.0,0,2,27,0,0,0,0,0
MIX|Wnone|SUB:SPN-S000000171632,MIX,6,C.Flat.1:7;C.Ter.1:4;C.Det.1:4;C.Flat.2:3;C.Semi.6:1;C.Ter.4:1,Wnone,SUB:SPN-S000000171632,spatial_inference_nearest_substation,14,20,1512.0,Westborough,1.0,0,0,20,0,0,0,0,0
MIX|Wnone|SUB:SPN-S000000171633,MIX,11,C.Semi.7:3;C.Det.3:3;C.Flat.8:2;C.Ter.3:2;C.Flat.4:2;C.Semi.5:2,Wnone,SUB:SPN-S000000171633,spatial_inference_nearest_substation,19,21,3010.0,Westborough,0.9523809523809523,1,0,19,0,0,1,0,0
MIX|Wnone|SUB:SPN-S000000171634,MIX,5,C.Semi.4:4;C.Ter.4:1;C.Semi.6:1;C.Semi.11:1;C.Det.4:1,Wnone,SUB:SPN-S000000171634,spatial_inference_nearest_substation,8,8,631.7,Westborough,1.0,0,0,7,0,1,0,0,0
MIX|Wnone|SUB:SPN-S000000171635,MIX,10,C.Flat.2:9;C.Semi.7:8;C.Flat.8:6;C.Ter.3:5;C.Semi.6:3;C.Ter.1:3,Wnone,SUB:SPN-S000000171635,spatial_inference_nearest_substation,37,38,2635.4,Westborough,1.0,0,2,36,0,0,0,0,0
MIX|Wnone|SUB:SPN-S000000171636,MIX,11,C.Flat.1:8;C.Semi.7:8;C.Flat.2:7;C.Semi.6:3;C.Ter.1:3;C.Det.1:3,Wnone,SUB:SPN-S000000171636,spatial_inference_nearest_substation,31,39,2509.5,Westborough,1.0,1,1,37,0,0,0,0,0
MIX|Wnone|SUB:SPN-S000000171637,MIX,10,C.Semi.7:9;C.Flat.8:6;C.Ter.1:4;C.Semi.4:4;C.Det.1:3;C.Ter.4:1,Wnone,SUB:SPN-S000000171637,spatial_inference_nearest_substation,31,31,2728.5,Westborough,1.0,0,1,30,0,0,0,0,0
MIX|Wnone|SUB:SPN-S000000171647,MIX,11,C.Semi.7:7;C.Flat.2:7;C.Ter.1:5;C.Semi.4:3;C.Flat.8:2;C.Semi.10:2,Wnone,SUB:SPN-S000000171647,spatial_inference_nearest_substation,28,31,2334.1,Westborough,0.967741935483871,0,4,26,0,1,0,0,0
MIX|Wnone|SUB:SPN-S000000171648,MIX,10,C.Semi.4:6;C.Ter.1:4;C.Semi.7:3;C.Ter.3:2;C.Semi.6:2;C.Flat.4:1,Wnone,SUB:SPN-S000000171648,spatial_inference_nearest_substation,20,22,2245.7,Westborough,0.9545454545454546,0,0,19,1,2,0,0,0
MIX|Wnone|SUB:SPN-S000000171669,MIX,3,C.Flat.4:3;C.Ter.3:1;C.Semi.5:1,Wnone,SUB:SPN-S000000171669,spatial_inference_nearest_substation,3,5,420.3,Castle,0.8,0,0,5,0,0,0,0,0
MIX|Wnone|SUB:SPN-S000000171674,MIX,11,C.Semi.1:8;C.Det.1:6;C.Flat.2:4;C.Det.3:3;C.Flat.7:3;C.Semi.4:2,Wnone,SUB:SPN-S000000171674,spatial_inference_nearest_substation,31,33,4306.0,St Nicolas,1.0,1,0,29,0,1,0,0,2
MIX|Wnone|SUB:SPN-S000000171675,MIX,13,C.Flat.7:4;C.Ter.1:3;C.Det.6:2;C.Semi.1:2;C.Flat.8:1;C.Flat.3:1,Wnone,SUB:SPN-S000000171675,spatial_inference_nearest_substation,20,20,2499.1,St Nicolas,1.0,4,1,14,0,1,0,0,0
MIX|Wnone|SUB:SPN-S000000171677,MIX,12,C.Flat.2:7;C.Flat.3:7;C.Det.1:6;C.Ter.3:5;C.Det.6:4;C.Flat.7:2,Wnone,SUB:SPN-S000000171677,spatial_inference_nearest_substation,32,41,5714.9,St Nicolas,0.8780487804878049,1,2,38,0,0,0,0,0
MIX|Wnone|SUB:SPN-S000000171678,MIX,14,C.Semi.5:8;C.Flat.2:6;C.Flat.1:6;C.Flat.3:6;C.Ter.3:4;C.Semi.4:4,Wnone,SUB:SPN-S000000171678,spatial_inference_nearest_substation,39,48,6522.1,St Nicolas,1.0,0,5,41,1,0,0,1,0
MIX|Wnone|SUB:SPN-S000000171679,MIX,5,C.Det.1:9;C.Det.4:8;C.Det.3:8;C.Det.6:3;C.Semi.4:1,Wnone,SUB:SPN-S000000171679,spatial_inference_nearest_substation,29,29,7320.6,St Nicolas,1.0,0,1,22,0,6,0,0,0
MIX|Wnone|SUB:SPN-S000000171680,MIX,4,C.Det.4:7;C.Det.1:6;C.Det.6:3;C.Det.5:1,Wnone,SUB:SPN-S000000171680,spatial_inference_nearest_substation,17,17,4900.6,St Nicolas,1.0,0,0,15,0,2,0,0,0
MIX|Wnone|SUB:SPN-S000000171681,MIX,7,C.Det.1:9;C.Det.4:5;C.Det.6:4;C.Flat.6:3;C.Flat.1:1;C.Semi.11:1,Wnone,SUB:SPN-S000000171681,spatial_inference_nearest_substation,22,24,4646.5,St Nicolas,0.9583333333333334,0,0,20,1,3,0,0,0
MIX|Wnone|SUB:SPN-S000000171683,MIX,10,C.Ter.1:9;C.Flat.3:6;C.Det.1:3;C.Det.5:2;C.Flat.2:1;C.Semi.7:1,Wnone,SUB:SPN-S000000171683,spatial_inference_nearest_substation,20,26,2251.7,St Nicolas,1.0,1,10,14,0,1,0,0,0
MIX|Wnone|SUB:SPN-S000000171685,MIX,9,C.Flat.1:9;C.Flat.4:4;C.Semi.5:2;C.Det.1:1;C.Flat.3:1;C.Semi.6:1,Wnone,SUB:SPN-S000000171685,spatial_inference_nearest_substation,13,21,1678.5,Stoke,0.9523809523809523,1,0,18,1,0,1,0,0
MIX|Wnone|SUB:SPN-S000000171686,MIX,11,C.Flat.2:5;C.Flat.1:5;C.Flat.3:4;C.Semi.1:3;C.Semi.6:1;C.Semi.7:1,Wnone,SUB:SPN-S000000171686,spatial_inference_nearest_substation,12,24,1311.9,Stoke,1.0,0,0,20,4,0,0,0,0
MIX|Wnone|SUB:SPN-S000000171689,MIX,2,C.Flat.4:2;C.Semi.1:1,Wnone,SUB:SPN-S000000171689,spatial_inference_nearest_substation,2,3,411.6,St Nicolas,1.0,0,0,3,0,0,0,0,0
MIX|Wnone|SUB:SPN-S000000171695,MIX,9,C.Ter.3:8;C.Flat.4:7;C.Det.3:3;C.Flat.7:3;C.Semi.7:2;C.Semi.6:2,Wnone,SUB:SPN-S000000171695,spatial_inference_nearest_substation,25,29,2423.6,Bellfields & Slyfield,1.0,6,4,19,0,0,0,0,0
MIX|Wnone|SUB:SPN-S000000171696,MIX,12,C.Flat.3:9;C.Det.1:7;C.Flat.1:3;C.Semi.6:3;C.Semi.7:3;C.Ter.4:3,Wnone,SUB:SPN-S000000171696,spatial_inference_nearest_substation,26,35,3180.5,Bellfields & Slyfield,0.7428571428571429,0,1,34,0,0,0,0,0
MIX|Wnone|SUB:SPN-S000000171697,MIX,3,C.Semi.1:7;C.Det.3:2;C.Semi.6:1,Wnone,SUB:SPN-S000000171697,spatial_inference_nearest_substation,9,10,774.3,Bellfields & Slyfield,1.0,0,3,7,0,0,0,0,0
MIX|Wnone|SUB:SPN-S000000171698,MIX,11,C.Flat.2:9;C.Flat.1:9;C.Semi.4:6;C.Semi.6:2;C.Det.1:2;C.Det.3:1,Wnone,SUB:SPN-S000000171698,spatial_inference_nearest_substation,28,34,2455.5,Bellfields & Slyfield,1.0,1,2,30,0,0,1,0,0
MIX|Wnone|SUB:SPN-S000000171699,MIX,3,C.Semi.5:5;C.Ter.1:1;C.Det.6:1,Wnone,SUB:SPN-S000000171699,spatial_inference_nearest_substation,7,7,643.0,Bellfields & Slyfield,1.0,0,0,7,0,0,0,0,0
MIX|Wnone|SUB:SPN-S000000171700,MIX,9,C.Ter.1:7;C.Semi.5:4;C.Det.3:3;C.Det.4:2;C.Ter.3:1;C.Semi.10:1,Wnone,SUB:SPN-S000000171700,spatial_inference_nearest_substation,21,21,2738.3,Bellfields & Slyfield,1.0,0,0,21,0,0,0,0,0
MIX|Wnone|SUB:SPN-S000000171702,C.Det.3,1,C.Det.3:1,Wnone,SUB:SPN-S000000171702,spatial_inference_nearest_substation,1,1,147.0,Bellfields & Slyfield,1.0,0,0,1,0,0,0,0,0
MIX|Wnone|SUB:SPN-S000000171705,MIX,10,C.Ter.1:8;C.Flat.2:6;C.Det.3:5;C.Det.4:4;C.Det.6:3;C.Flat.6:2,Wnone,SUB:SPN-S000000171705,spatial_inference_nearest_substation,33,34,5680.2,Castle,1.0,2,1,27,0,3,0,1,0
MIX|Wnone|SUB:SPN-S000000171706,MIX,9,C.Ter.1:6;C.Det.3:5;C.Det.6:4;C.Det.1:4;C.Flat.1:3;C.Flat.6:2,Wnone,SUB:SPN-S000000171706,spatial_inference_nearest_substation,26,29,3906.0,Castle,1.0,3,3,19,4,0,0,0,0
MIX|Wnone|SUB:SPN-S000000171708,MIX,10,C.Det.1:7;C.Flat.3:7;C.Flat.4:3;C.Semi.6:1;C.Flat.8:1;C.Flat.2:1,Wnone,SUB:SPN-S000000171708,spatial_inference_nearest_substation,13,24,3055.0,Stoke,1.0,0,0,24,0,0,0,0,0
MIX|Wnone|SUB:SPN-S000000171709,MIX,12,C.Flat.2:9;C.Det.1:9;C.Det.3:6;C.Flat.4:4;C.Semi.1:4;C.Det.6:4,Wnone,SUB:SPN-S000000171709,spatial_inference_nearest_substation,41,45,5735.7,Castle,1.0,5,0,40,0,0,0,0,0
MIX|Wnone|SUB:SPN-S000000171710,MIX,12,C.Det.3:7;C.Flat.2:6;C.Flat.1:4;C.Ter.1:2;C.Semi.1:2;C.Ter.3:1,Wnone,SUB:SPN-S000000171710,spatial_inference_nearest_substation,20,28,7735.7,Castle,1.0,1,9,17,0,0,0,1,0
MIX|Wnone|SUB:SPN-S000000171711,MIX,5,C.Det.3:5;C.Det.6:1;C.Flat.4:1;C.Semi.1:1;C.Det.4:1,Wnone,SUB:SPN-S000000171711,spatial_inference_nearest_substation,9,9,1758.6,Merrow,1.0,0,1,8,0,0,0,0,0
MIX|Wnone|SUB:SPN-S000000171712,MIX,11,C.Semi.6:9;C.Ter.3:8;C.Flat.4:7;C.Semi.5:4;C.Ter.1:4;C.Semi.7:3,Wnone,SUB:SPN-S000000171712,spatial_inference_nearest_substation,38,47,5856.6,Merrow,1.0,1,1,44,0,1,0,0,0
MIX|Wnone|SUB:SPN-S000000171713,MIX,10,C.Det.1:9;C.Det.4:7;C.Semi.1:7;C.Flat.3:5;C.Det.3:3;C.Det.6:2,Wnone,SUB:SPN-S000000171713,spatial_inference_nearest_substation,34,38,5842.7,Merrow,1.0,2,0,36,0,0,0,0,0
MIX|Wnone|SUB:SPN-S000000171714,MIX,10,C.Det.3:9;C.Flat.6:3;C.Det.4:3;C.Flat.1:3;C.Det.6:3;C.Flat.2:2,Wnone,SUB:SPN-S000000171714,spatial_inference_nearest_substation,26,28,4878.0,Castle,1.0,0,0,26,0,1,0,1,0
MIX|Wnone|SUB:SPN-S000000171715,MIX,14,C.Semi.5:6;C.Det.4:5;C.Flat.2:4;C.Flat.4:4;C.Flat.1:3;C.Det.8:2,Wnone,SUB:SPN-S000000171715,spatial_inference_nearest_substation,25,35,5378.0,Castle,0.8857142857142857,3,7,19,0,5,1,0,0
MIX|Wnone|SUB:SPN-S000000171716,MIX,10,C.Flat.3:7;C.Semi.5:7;C.Det.6:6;C.Flat.2:4;C.Flat.1:4;C.Semi.4:3,Wnone,SUB:SPN-S000000171716,spatial_inference_nearest_substation,25,37,4976.0,Castle,1.0,1,7,21,0,7,0,1,0
MIX|Wnone|SUB:SPN-S000000171717,MIX,8,C.Ter.3:6;C.Flat.4:2;C.Semi.4:1;C.Semi.6:1;C.Det.4:1;C.Det.3:1,Wnone,SUB:SPN-S000000171717,spatial_inference_nearest_substation,14,14,1367.2,Stoke,1.0,1,1,12,0,0,0,0,0
MIX|Wnone|SUB:SPN-S000000171719,MIX,12,C.Semi.7:6;C.Ter.4:5;C.Det.1:3;C.Semi.4:3;C.Park.1:2;C.Det.4:1,Wnone,SUB:SPN-S000000171719,spatial_inference_nearest_substation,25,26,2034.4,Bellfields & Slyfield,1.0,0,0,24,0,1,1,0,0
MIX|Wnone|SUB:SPN-S000000171720,MIX,12,C.Flat.2:6;C.Semi.6:6;C.Det.1:5;C.Semi.7:4;C.Flat.1:3;C.Semi.4:3,Wnone,SUB:SPN-S000000171720,spatial_inference_nearest_substation,33,36,2914.3,Bellfields & Slyfield,1.0,1,4,30,0,0,1,0,0
MIX|Wnone|SUB:SPN-S000000171721,MIX,10,C.Semi.7:9;C.Semi.4:6;C.Ter.3:5;C.Semi.6:4;C.Ter.4:2;C.Det.1:1,Wnone,SUB:SPN-S000000171721,spatial_inference_nearest_substation,27,31,2932.1,Bellfields & Slyfield,1.0,0,0,31,0,0,0,0,0
MIX|Wnone|SUB:SPN-S000000171722,MIX,10,C.Semi.4:7;C.Semi.6:5;C.Ter.4:4;C.Det.6:3;C.Semi.5:2;C.Det.1:2,Wnone,SUB:SPN-S000000171722,spatial_inference_nearest_substation,26,27,3198.1,Bellfields & Slyfield,1.0,1,0,25,0,1,0,0,0
MIX|Wnone|SUB:SPN-S000000171723,MIX,12,C.Flat.4:8;C.Ter.3:5;C.Semi.4:4;C.Det.1:3;C.Semi.5:3;C.Flat.8:2,Wnone,SUB:SPN-S000000171723,spatial_inference_nearest_substation,23,31,3037.0,Bellfields & Slyfield,1.0,1,0,29,0,1,0,0,0
MIX|Wnone|SUB:SPN-S000000171724,MIX,8,C.Semi.4:6;C.Ter.3:4;C.Semi.7:4;C.Ter.4:2;C.Semi.6:2;C.Park.1:1,Wnone,SUB:SPN-S000000171724,spatial_inference_nearest_substation,21,21,2246.3,Bellfields & Slyfield,1.0,0,0,21,0,0,0,0,0
MIX|Wnone|SUB:SPN-S000000171725,MIX,7,C.Semi.6:5;C.Semi.7:3;C.Ter.3:3;C.Ter.4:1;C.Flat.2:1;C.Flat.4:1,Wnone,SUB:SPN-S000000171725,spatial_inference_nearest_substation,14,15,1308.3,Bellfields & Slyfield,0.9333333333333333,1,0,14,0,0,0,0,0
MIX|Wnone|SUB:SPN-S000000171730,MIX,8,C.Ter.1:7;C.Semi.7:5;C.Semi.4:4;C.Semi.10:1;C.Ter.3:1;C.Park.1:1,Wnone,SUB:SPN-S000000171730,spatial_inference_nearest_substation,21,21,1616.0,Westborough,1.0,0,0,20,0,0,1,0,0
MIX|Wnone|SUB:SPN-S000000171731,MIX,12,C.Semi.7:9;C.Semi.6:8;C.Det.1:6;C.Det.3:5;C.Semi.4:4;C.Flat.2:3,Wnone,SUB:SPN-S000000171731,spatial_inference_nearest_substation,46,49,4753.2,Westborough,1.0,1,1,46,0,1,0,0,0
MIX|Wnone|SUB:SPN-S000000171732,MIX,5,C.Semi.7:9;C.Semi.4:4;C.Ter.3:1;C.Det.8:1;C.Ter.1:1,Wnone,SUB:SPN-S000000171732,spatial_inference_nearest_substation,16,16,1259.7,Westborough,1.0,0,0,16,0,0,0,0,0
MIX|Wnone|SUB:SPN-S000000171733,MIX,9,C.Det.1:7;C.Semi.7:5;C.Ter.3:5;C.Flat.1:1;C.Flat.2:1;C.Det.6:1,Wnone,SUB:SPN-S000000171733,spatial_inference_nearest_substation,22,23,2106.3,Stoughton South,0.782608695652174,5,0,18,0,0,0,0,0
MIX|Wnone|SUB:SPN-S000000171734,MIX,9,C.Det.1:7;C.Semi.5:3;C.Semi.7:3;C.Det.6:3;C.Semi.10:2;C.Semi.6:2,Wnone,SUB:SPN-S000000171734,spatial_inference_nearest_substation,23,23,2304.6,Stoughton South,0.9130434782608695,1,0,20,0,2,0,0,0
MIX|Wnone|SUB:SPN-S000000171740,MIX,12,C.Flat.2:7;C.Flat.1:4;C.Semi.4:3;C.Det.1:3;C.Flat.4:2;C.Det.3:2,Wnone,SUB:SPN-S000000171740,spatial_inference_nearest_substation,19,28,2392.0,Stoughton South,1.0,2,3,22,1,0,0,0,0
MIX|Wnone|SUB:SPN-S000000171741,MIX,10,C.Semi.4:9;C.Ter.1:8;C.Ter.3:5;C.Ter.4:3;C.Semi.6:2;C.Det.3:2,Wnone,SUB:SPN-S000000171741,spatial_inference_nearest_substation,32,33,2940.3,Bellfields & Slyfield,1.0,1,4,28,0,0,0,0,0
MIX|Wnone|SUB:SPN-S000000171742,MIX,10,C.Semi.1:7;C.Semi.4:6;C.Flat.1:4;C.Det.1:4;C.Ter.3:4;C.Flat.2:3,Wnone,SUB:SPN-S000000171742,spatial_inference_nearest_substation,28,33,2621.4,Stoughton North,1.0,2,3,28,0,0,0,0,0
MIX|Wnone|SUB:SPN-S000000171743,MIX,11,C.Semi.1:9;C.Flat.2:8;C.Ter.3:6;C.Flat.8:4;C.Flat.3:3;C.Det.1:2,Wnone,SUB:SPN-S000000171743,spatial_inference_nearest_substation,27,37,3361.7,Bellfields & Slyfield,1.0,5,0,32,0,0,0,0,0
MIX|Wnone|SUB:SPN-S000000171744,MIX,14,C.Flat.1:8;C.Ter.1:7;C.Det.3:7;C.Det.1:7;C.Semi.5:6;C.Ter.3:3,Wnone,SUB:SPN-S000000171744,spatial_inference_nearest_substation,52,54,4738.4,Stoughton South,0.9444444444444444,2,3,47,0,1,0,1,0
MIX|Wnone|SUB:SPN-S000000171745,MIX,13,C.Flat.1:9;C.Flat.2:9;C.Det.1:9;C.Ter.3:8;C.Ter.1:5;C.Semi.5:2,Wnone,SUB:SPN-S000000171745,spatial_inference_nearest_substation,40,51,4026.9,Stoughton North,1.0,2,6,43,0,0,0,0,0
MIX|Wnone|SUB:SPN-S000000171746,MIX,12,C.Ter.1:9;C.Flat.2:7;C.Ter.3:7;C.Semi.4:5;C.Det.6:4;C.Semi.6:3,Wnone,SUB:SPN-S000000171746,spatial_inference_nearest_substation,38,43,4238.6,Stoughton North,1.0,0,3,40,0,0,0,0,0
MIX|Wnone|SUB:SPN-S000000171749,MIX,5,C.Semi.4:7;C.Semi.6:3;C.Ter.3:3;C.Semi.7:2;C.Semi.5:2,Wnone,SUB:SPN-S000000171749,spatial_inference_nearest_substation,17,17,1967.8,Stoughton North,1.0,0,0,17,0,0,0,0,0
MIX|Wnone|SUB:SPN-S000000171773,MIX,12,C.Det.1:6;C.Flat.4:3;C.Semi.4:3;C.Ter.1:2;C.Det.3:2;C.Flat.2:1,Wnone,SUB:SPN-S000000171773,spatial_inference_nearest_substation,20,23,2061.2,Stoughton South,1.0,0,2,20,0,0,0,1,0
MIX|Wnone|SUB:SPN-S000000171774,MIX,12,C.Flat.4:9;C.Flat.2:9;C.Flat.1:7;C.Det.3:7;C.Ter.3:6;C.Semi.4:5,Wnone,SUB:SPN-S000000171774,spatial_inference_nearest_substation,43,56,4721.9,Stoughton North,0.9642857142857143,3,0,51,1,1,0,0,0
MIX|Wnone|SUB:SPN-S000000171775,MIX,10,C.Semi.7:6;C.Det.6:5;C.Semi.5:3;C.Semi.4:3;C.Det.4:2;C.Semi.6:2,Wnone,SUB:SPN-S000000171775,spatial_inference_nearest_substation,25,26,2790.5,Stoughton South,1.0,1,0,25,0,0,0,0,0
MIX|Wnone|SUB:SPN-S000000171780,MIX,7,C.Semi.7:6;C.Semi.6:4;C.Det.6:3;C.Det.4:1;C.Flat.7:1;C.Ter.3:1,Wnone,SUB:SPN-S000000171780,spatial_inference_nearest_substation,17,17,1741.6,Stoughton South,1.0,0,0,17,0,0,0,0,0
MIX|Wnone|SUB:SPN-S000000171781,MIX,7,C.Det.3:5;C.Semi.7:4;C.Semi.5:3;C.Det.6:2;C.Det.4:2;C.Semi.4:1,Wnone,SUB:SPN-S000000171781,spatial_inference_nearest_substation,18,18,2221.2,Stoughton South,1.0,1,0,17,0,0,0,0,0
MIX|Wnone|SUB:SPN-S000000171789,MIX,13,C.Flat.4:6;C.Det.3:5;C.Semi.4:4;C.Semi.7:3;C.Flat.3:2;C.Flat.2:2,Wnone,SUB:SPN-S000000171789,spatial_inference_nearest_substation,25,33,2755.9,Westborough,1.0,0,0,30,1,2,0,0,0
MIX|Wnone|SUB:SPN-S000000171790,MIX,7,C.Det.6:7;C.Semi.7:4;C.Det.3:4;C.Semi.6:1;C.Flat.7:1;C.Semi.11:1,Wnone,SUB:SPN-S000000171790,spatial_inference_nearest_substation,19,19,2378.8,Westborough,1.0,1,0,17,0,1,0,0,0
MIX|Wnone|SUB:SPN-S000000171791,C.Semi.11,1,C.Semi.11:1,Wnone,SUB:SPN-S000000171791,spatial_inference_nearest_substation,1,1,20.4,Stoke,1.0,0,0,1,0,0,0,0,0
MIX|Wnone|SUB:SPN-S000000171792,MIX,5,C.Flat.3:9;C.Flat.2:6;C.Flat.1:3;C.Park.1:1;C.Semi.6:1,Wnone,SUB:SPN-S000000171792,spatial_inference_nearest_substation,6,20,1040.7,Stoke,0.55,12,6,2,0,0,0,0,0
MIX|Wnone|SUB:SPN-S000000171794,MIX,8,C.Flat.3:9;C.Flat.7:6;C.Flat.2:3;C.Flat.1:3;C.Semi.1:2;C.Det.4:1,Wnone,SUB:SPN-S000000171794,spatial_inference_nearest_substation,6,26,1716.5,Castle,0.6538461538461539,9,0,4,12,1,0,0,0
MIX|Wnone|SUB:SPN-S000000171795,MIX,10,C.Ter.1:6;C.Semi.5:6;C.Semi.1:5;C.Det.4:2;C.Det.1:2;C.Det.3:2,Wnone,SUB:SPN-S000000171795,spatial_inference_nearest_substation,29,29,2594.2,Stoke,0.8275862068965517,1,0,25,0,3,0,0,0
MIX|Wnone|SUB:SPN-S000000171796,MIX,10,C.Flat.1:7;C.Flat.2:7;C.Flat.3:6;C.Semi.4:3;C.Semi.6:3;C.Det.3:2,Wnone,SUB:SPN-S000000171796,spatial_inference_nearest_substation,20,33,2158.2,Stoke,1.0,6,0,25,1,1,0,0,0
MIX|Wnone|SUB:SPN-S000000171797,MIX,12,C.Ter.1:9;C.Semi.1:7;C.Ter.3:6;C.Semi.4:5;C.Semi.6:4;C.Semi.7:4,Wnone,SUB:SPN-S000000171797,spatial_inference_nearest_substation,43,43,4085.0,Stoke,1.0,1,0,40,1,1,0,0,0
MIX|Wnone|SUB:SPN-S000000171798,MIX,7,C.Ter.3:2;C.Semi.1:2;C.Semi.4:2;C.Flat.7:1;C.Flat.3:1;C.Det.4:1,Wnone,SUB:SPN-S000000171798,spatial_inference_nearest_substation,9,10,1148.5,Stoke,1.0,0,2,8,0,0,0,0,0
MIX|Wnone|SUB:SPN-S000000171802,MIX,4,C.Flat.2:9;C.Flat.1:4;C.Flat.4:4;C.Semi.4:2,Wnone,SUB:SPN-S000000171802,spatial_inference_nearest_substation,8,19,1334.2,Stoke,1.0,15,0,4,0,0,0,0,0
MIX|Wnone|SUB:SPN-S000000171804,MIX,7,C.Flat.1:8;C.Flat.2:5;C.Flat.5:1;C.Det.1:1;C.Flat.6:1;C.Flat.8:1,Wnone,SUB:SPN-S000000171804,spatial_inference_nearest_substation,8,18,1312.4,Castle,1.0,0,0,17,1,0,0,0,0
MIX|Wnone|SUB:SPN-S000000171806,MIX,13,C.Flat.1:6;C.Flat.6:5;C.Flat.7:5;C.Flat.2:4;C.Semi.1:4;C.Det.3:2,Wnone,SUB:SPN-S000000171806,spatial_inference_nearest_substation,29,35,2555.9,Stoke,1.0,3,5,22,2,1,1,1,0
MIX|Wnone|SUB:SPN-S000000171807,MIX,13,C.Flat.2:9;C.Flat.1:3;C.Det.1:3;C.Flat.6:2;C.Flat.8:2;C.Semi.5:2,Wnone,SUB:SPN-S000000171807,spatial_inference_nearest_substation,26,31,3482.5,Castle,1.0,2,7,22,0,0,0,0,0
MIX|Wnone|SUB:SPN-S000000171808,MIX,16,C.Flat.4:9;C.Flat.2:6;C.Flat.3:6;C.Det.4:4;C.Ter.1:4;C.Det.3:4,Wnone,SUB:SPN-S000000171808,spatial_inference_nearest_substation,30,51,5064.1,Castle,0.9803921568627451,10,3,31,6,0,0,1,0
MIX|Wnone|SUB:SPN-S000000171810,MIX,10,C.Ter.1:9;C.Flat.4:9;C.Det.4:6;C.Det.1:4;C.Semi.4:2;C.Det.6:2,Wnone,SUB:SPN-S000000171810,spatial_inference_nearest_substation,26,36,5355.4,Castle,1.0,1,0,34,0,1,0,0,0
MIX|Wnone|SUB:SPN-S000000171811,MIX,13,C.Det.1:8;C.Det.3:7;C.Ter.1:5;C.Ter.3:5;C.Semi.6:5;C.Flat.2:4,Wnone,SUB:SPN-S000000171811,spatial_inference_nearest_substation,38,44,7825.9,Castle,1.0,0,0,42,0,2,0,0,0
MIX|Wnone|SUB:SPN-S000000171812,MIX,12,C.Flat.1:6;C.Flat.2:6;C.Flat.8:5;C.Det.1:5;C.Flat.7:2;C.Ter.3:2,Wnone,SUB:SPN-S000000171812,spatial_inference_nearest_substation,25,34,2750.9,Castle,1.0,2,1,29,1,1,0,0,0
MIX|Wnone|SUB:SPN-S000000171813,MIX,12,C.Flat.7:9;C.Semi.4:5;C.Flat.6:3;C.Det.4:3;C.Flat.8:2;C.Ter.3:2,Wnone,SUB:SPN-S000000171813,spatial_inference_nearest_substation,25,32,4108.8,Castle,1.0,3,8,19,0,2,0,0,0
MIX|Wnone|SUB:SPN-S000000171814,MIX,13,C.Det.3:9;C.Semi.6:5;C.Flat.2:5;C.Det.6:4;C.Semi.4:4;C.Det.4:4,Wnone,SUB:SPN-S000000171814,spatial_inference_nearest_substation,39,41,7946.6,Castle,1.0,2,1,35,1,1,0,1,0
MIX|Wnone|SUB:SPN-S000000171815,MIX,10,C.Det.3:8;C.Ter.3:7;C.Semi.6:5;C.Det.4:3;C.Det.8:2;C.Semi.4:1,Wnone,SUB:SPN-S000000171815,spatial_inference_nearest_substation,29,30,5917.9,Castle,1.0,0,0,30,0,0,0,0,0
MIX|Wnone|SUB:SPN-S000000171816,MIX,7,C.Det.3:9;C.Det.4:6;C.Semi.6:4;C.Det.1:4;C.Semi.7:1;C.Flat.4:1,Wnone,SUB:SPN-S000000171816,spatial_inference_nearest_substation,25,26,6845.5,Castle,1.0,0,1,22,0,3,0,0,0
MIX|Wnone|SUB:SPN-S000000171817,MIX,5,C.Det.1:4;C.Det.4:3;C.Det.3:2;C.Semi.4:1;C.Semi.1:1,Wnone,SUB:SPN-S000000171817,spatial_inference_nearest_substation,11,11,3657.7,Castle,1.0,0,0,10,0,0,1,0,0
MIX|Wnone|SUB:SPN-S000000171821,MIX,6,C.Det.3:8;C.Det.4:5;C.Det.1:3;C.Unk.1:1;C.Flat.4:1;C.Semi.1:1,Wnone,SUB:SPN-S000000171821,spatial_inference_nearest_substation,19,19,7420.6,Castle,1.0,0,1,15,0,3,0,0,0
MIX|Wnone|SUB:SPN-S000000171822,MIX,5,C.Det.1:4;C.Det.4:3;C.Ter.3:3;C.Det.5:1;C.Det.3:1,Wnone,SUB:SPN-S000000171822,spatial_inference_nearest_substation,12,12,2908.4,Castle,1.0,0,0,4,0,1,5,2,0
MIX|Wnone|SUB:SPN-S000000171825,C.Det.4,1,C.Det.4:1,Wnone,SUB:SPN-S000000171825,spatial_inference_nearest_substation,1,1,695.5,Stoke,1.0,0,0,1,0,0,0,0,0
MIX|Wnone|SUB:SPN-S000000171826,C.Det.4,1,C.Det.4:1,Wnone,SUB:SPN-S000000171826,spatial_inference_nearest_substation,1,1,147.0,Stoke,1.0,0,0,1,0,0,0,0,0
MIX|Wnone|SUB:SPN-S000000171828,MIX,14,C.Flat.2:9;C.Flat.4:6;C.Ter.1:5;C.Semi.7:5;C.Semi.4:5;C.Flat.8:4,Wnone,SUB:SPN-S000000171828,spatial_inference_nearest_substation,35,45,3635.5,Stoughton South,1.0,2,1,42,0,0,0,0,0
MIX|Wnone|SUB:SPN-S000000171829,MIX,11,C.Det.1:8;C.Flat.1:3;C.Flat.2:3;C.Ter.3:3;C.Semi.1:3;C.Det.6:2,Wnone,SUB:SPN-S000000171829,spatial_inference_nearest_substation,24,28,2418.5,Stoughton South,1.0,2,5,21,0,0,0,0,0
MIX|Wnone|SUB:SPN-S000000171830,MIX,7,C.Semi.6:7;C.Flat.4:6;C.Semi.7:2;C.Semi.4:2;C.Flat.7:1;C.Det.3:1,Wnone,SUB:SPN-S000000171830,spatial_inference_nearest_substation,15,20,1997.2,Stoughton South,1.0,6,2,12,0,0,0,0,0
MIX|Wnone|SUB:SPN-S000000171831,MIX,8,C.Semi.1:7;C.Semi.4:6;C.Semi.6:6;C.Det.3:4;C.Ter.3:4;C.Semi.5:4,Wnone,SUB:SPN-S000000171831,spatial_inference_nearest_substation,34,34,4013.9,Stoughton South,1.0,0,0,34,0,0,0,0,0
MIX|Wnone|SUB:SPN-S000000171832,MIX,11,C.Semi.5:7;C.Det.4:6;C.Semi.4:5;C.Ter.1:4;C.Semi.7:3;C.Det.6:3,Wnone,SUB:SPN-S000000171832,spatial_inference_nearest_substation,36,37,3536.3,Stoughton South,0.918918918918919,0,1,33,0,3,0,0,0
MIX|Wnone|SUB:SPN-S000000171833,MIX,12,C.Flat.2:7;C.Flat.4:6;C.Ter.1:5;C.Det.1:4;C.Semi.4:3;C.Semi.7:2,Wnone,SUB:SPN-S000000171833,spatial_inference_nearest_substation,28,34,2731.6,Stoughton South,0.9705882352941176,6,0,28,0,0,0,0,0
MIX|Wnone|SUB:SPN-S000000171834,MIX,10,C.Det.1:7;C.Det.4:4;C.Semi.6:3;C.Semi.4:3;C.Flat.1:3;C.Det.3:2,Wnone,SUB:SPN-S000000171834,spatial_inference_nearest_substation,25,27,3057.6,Stoke,1.0,3,1,22,0,1,0,0,0
MIX|Wnone|SUB:SPN-S000000171836,MIX,6,C.Det.3:9;C.Flat.2:7;C.Semi.1:4;C.Det.6:3;C.Flat.8:2;C.Det.8:1,Wnone,SUB:SPN-S000000171836,spatial_inference_nearest_substation,24,26,3798.3,Burpham,1.0,1,2,19,3,1,0,0,0
MIX|Wnone|SUB:SPN-S000000171837,MIX,3,C.Det.4:4;C.Det.6:4;C.Det.8:2,Wnone,SUB:SPN-S000000171837,spatial_inference_nearest_substation,10,10,2652.1,Burpham,1.0,0,0,8,0,2,0,0,0
MIX|Wnone|SUB:SPN-S000000171838,MIX,7,C.Ter.1:6;C.Flat.2:5;C.Det.6:4;C.Flat.1:2;C.Flat.7:1;C.Semi.4:1,Wnone,SUB:SPN-S000000171838,spatial_inference_nearest_substation,13,20,1612.9,Burpham,1.0,3,7,10,0,0,0,0,0
MIX|Wnone|SUB:SPN-S000000171839,MIX,11,C.Flat.4:8;C.Semi.4:7;C.Det.6:4;C.Semi.1:4;C.Flat.2:3;C.Flat.1:2,Wnone,SUB:SPN-S000000171839,spatial_inference_nearest_substation,23,33,4587.6,Burpham,1.0,2,2,29,0,0,0,0,0
MIX|Wnone|SUB:SPN-S000000171840,MIX,12,C.Flat.2:7;C.Det.1:7;C.Ter.3:6;C.Det.3:6;C.Flat.4:5;C.Semi.6:3,Wnone,SUB:SPN-S000000171840,spatial_inference_nearest_substation,38,43,4596.6,Burpham,1.0,2,7,33,0,0,0,1,0
MIX|Wnone|SUB:SPN-S000000171845,MIX,5,C.Det.1:9;C.Det.6:6;C.Det.4:3;C.Flat.6:1;C.Semi.11:1,Wnone,SUB:SPN-S000000171845,spatial_inference_nearest_substation,18,20,4652.2,Burpham,1.0,1,0,17,0,2,0,0,0
MIX|Wnone|SUB:SPN-S000000171846,MIX,6,C.Flat.4:9;C.Flat.2:4;C.Flat.1:2;C.Det.3:2;C.Flat.8:1;C.Det.4:1,Wnone,SUB:SPN-S000000171846,spatial_inference_nearest_substation,6,19,1429.0,Castle,1.0,1,1,16,1,0,0,0,0
MIX|Wnone|SUB:SPN-S000000171847,MIX,5,C.Semi.1:2;C.Flat.3:1;C.Flat.4:1;C.Det.6:1;C.Flat.2:1,Wnone,SUB:SPN-S000000171847,spatial_inference_nearest_substation,5,6,433.0,Stoke,0.6666666666666666,0,0,6,0,0,0,0,0
MIX|Wnone|SUB:SPN-S000000171848,MIX,10,C.Flat.2:3;C.Flat.1:3;C.Semi.1:3;C.Semi.5:2;C.Det.6:2;C.Det.3:2,Wnone,SUB:SPN-S000000171848,spatial_inference_nearest_substation,15,20,2402.8,Merrow,1.0,1,0,19,0,0,0,0,0
MIX|Wnone|SUB:SPN-S000000171849,MIX,10,C.Semi.7:4;C.Ter.1:2;C.Ter.3:2;C.Det.4:2;C.Semi.6:1;C.Flat.8:1,Wnone,SUB:SPN-S000000171849,spatial_inference_nearest_substation,15,16,1704.6,Merrow,1.0,0,0,15,1,0,0,0,0
MIX|Wnone|SUB:SPN-S000000171850,MIX,6,C.Det.6:9;C.Semi.4:4;C.Semi.6:2;C.Ter.3:1;C.Semi.7:1;C.Det.4:1,Wnone,SUB:SPN-S000000171850,spatial_inference_nearest_substation,18,18,2415.6,Burpham,1.0,0,0,18,0,0,0,0,0
MIX|Wnone|SUB:SPN-S000000171851,MIX,6,C.Ter.1:7;C.Semi.7:5;C.Ter.3:4;C.Semi.6:3;C.Det.6:2;C.Ter.4:1,Wnone,SUB:SPN-S000000171851,spatial_inference_nearest_substation,22,22,2312.8,Burpham,1.0,1,0,21,0,0,0,0,0
MIX|Wnone|SUB:SPN-S000000171852,MIX,10,C.Flat.2:7;C.Flat.1:5;C.Semi.1:5;C.Det.1:3;C.Semi.6:3;C.Semi.7:1,Wnone,SUB:SPN-S000000171852,spatial_inference_nearest_substation,22,28,2665.3,Merrow,0.9642857142857143,1,0,27,0,0,0,0,0
MIX|Wnone|SUB:SPN-S000000171853,MIX,4,C.Semi.7:2;C.Det.3:1;C.Semi.5:1;C.Det.6:1,Wnone,SUB:SPN-S000000171853,spatial_inference_nearest_substation,5,5,732.1,Burpham,1.0,0,0,5,0,0,0,0,0
MIX|Wnone|SUB:SPN-S000000171854,MIX,5,C.Det.6:8;C.Semi.1:3;C.Semi.6:3;C.Semi.9:1;C.Det.4:1,Wnone,SUB:SPN-S000000171854,spatial_inference_nearest_substation,16,16,2814.2,Burpham,1.0,2,0,14,0,0,0,0,0
MIX|Wnone|SUB:SPN-S000000171855,MIX,9,C.Flat.2:8;C.Flat.1:7;C.Det.6:5;C.Semi.4:2;C.Det.4:2;C.Flat.3:1,Wnone,SUB:SPN-S000000171855,spatial_inference_nearest_substation,16,28,1941.7,Burpham,1.0,16,2,10,0,0,0,0,0
MIX|Wnone|SUB:SPN-S000000171856,MIX,9,C.Semi.4:5;C.Det.6:3;C.Det.4:3;C.Semi.1:2;C.Unk.1:2;C.Semi.6:2,Wnone,SUB:SPN-S000000171856,spatial_inference_nearest_substation,16,20,2503.2,Burpham,1.0,1,1,18,0,0,0,0,0
MIX|Wnone|SUB:SPN-S000000171857,MIX,11,C.Ter.1:7;C.Det.1:7;C.Semi.7:6;C.Semi.4:4;C.Semi.6:3;C.Det.6:2,Wnone,SUB:SPN-S000000171857,spatial_inference_nearest_substation,34,34,3601.2,Merrow,1.0,0,1,32,0,1,0,0,0
MIX|Wnone|SUB:SPN-S000000171858,MIX,5,C.Det.3:8;C.Semi.7:5;C.Det.4:5;C.Det.6:2;C.Ter.1:2,Wnone,SUB:SPN-S000000171858,spatial_inference_nearest_substation,22,22,3814.6,Merrow,1.0,0,0,20,0,1,0,1,0
MIX|Wnone|SUB:SPN-S000000171859,MIX,8,C.Semi.7:9;C.Flat.1:8;C.Semi.4:5;C.Det.1:2;C.Ter.4:1;C.Flat.8:1,Wnone,SUB:SPN-S000000171859,spatial_inference_nearest_substation,27,28,2019.9,Merrow,1.0,0,0,28,0,0,0,0,0
MIX|Wnone|SUB:SPN-S000000171860,MIX,11,C.Semi.7:8;C.Flat.1:6;C.Flat.2:5;C.Det.1:4;C.Semi.6:2;C.Det.3:2,Wnone,SUB:SPN-S000000171860,spatial_inference_nearest_substation,28,32,2741.0,Merrow,1.0,1,4,26,0,0,0,0,1
MIX|Wnone|SUB:SPN-S000000171861,MIX,8,C.Det.4:8;C.Det.3:5;C.Ter.1:4;C.Det.6:3;C.Semi.4:3;C.Flat.7:1,Wnone,SUB:SPN-S000000171861,spatial_inference_nearest_substation,25,26,5077.8,Merrow,1.0,1,0,23,1,1,0,0,0
MIX|Wnone|SUB:SPN-S000000171862,MIX,6,C.Semi.5:8;C.Flat.3:8;C.Det.6:4;C.Det.8:1;C.Flat.6:1;C.Semi.1:1,Wnone,SUB:SPN-S000000171862,spatial_inference_nearest_substation,15,23,2843.4,Merrow,1.0,2,0,20,0,0,0,1,0
MIX|Wnone|SUB:SPN-S000000171863,MIX,7,C.Det.4:6;C.Det.6:5;C.Det.3:4;C.Flat.2:1;C.Flat.6:1;C.Flat.1:1,Wnone,SUB:SPN-S000000171863,spatial_inference_nearest_substation,18,19,3844.4,Merrow,1.0,0,0,17,0,2,0,0,0
MIX|Wnone|SUB:SPN-S000000171864,MIX,12,C.Flat.4:6;C.Det.3:5;C.Flat.2:4;C.Flat.8:3;C.Semi.4:2;C.Semi.7:2,Wnone,SUB:SPN-S000000171864,spatial_inference_nearest_substation,19,28,3120.6,Merrow,1.0,2,0,26,0,0,0,0,0
MIX|Wnone|SUB:SPN-S000000171865,MIX,9,C.Semi.1:7;C.Det.3:6;C.Det.4:6;C.Flat.1:2;C.Ter.1:2;C.Det.8:1,Wnone,SUB:SPN-S000000171865,spatial_inference_nearest_substation,26,27,4199.7,Merrow,1.0,1,0,23,0,2,0,1,0
MIX|Wnone|SUB:SPN-S000000171866,MIX,4,C.Det.1:8;C.Det.4:5;C.Det.6:4;C.Det.3:1,Wnone,SUB:SPN-S000000171866,spatial_inference_nearest_substation,18,18,5146.7,Merrow,1.0,0,0,13,0,5,0,0,0
MIX|Wnone|SUB:SPN-S000000171867,MIX,5,C.Det.3:4;C.Det.4:4;C.Semi.1:4;C.Det.6:2;C.Flat.3:1,Wnone,SUB:SPN-S000000171867,spatial_inference_nearest_substation,15,15,2685.4,Merrow,1.0,2,0,12,0,0,0,0,1
MIX|Wnone|SUB:SPN-S000000171868,MIX,5,C.Det.1:4;C.Det.8:3;C.Det.3:2;C.Det.6:2;C.Det.4:1,Wnone,SUB:SPN-S000000171868,spatial_inference_nearest_substation,12,12,3729.5,Merrow,1.0,0,0,11,0,0,0,1,0
MIX|Wnone|SUB:SPN-S000000171869,MIX,9,C.Flat.4:7;C.Det.3:6;C.Det.1:3;C.Semi.4:3;C.Det.4:2;C.Det.6:2,Wnone,SUB:SPN-S000000171869,spatial_inference_nearest_substation,18,26,3361.2,Merrow,1.0,0,0,25,0,1,0,0,0
MIX|Wnone|SUB:SPN-S000000171870,MIX,5,C.Det.3:8;C.Semi.4:6;C.Semi.1:3;C.Semi.6:1;C.Semi.5:1,Wnone,SUB:SPN-S000000171870,spatial_inference_nearest_substation,17,19,3365.8,Merrow,1.0,0,0,19,0,0,0,0,0
MIX|Wnone|SUB:SPN-S000000171871,MIX,4,C.Det.8:3;C.Semi.1:3;C.Det.6:2;C.Det.4:1,Wnone,SUB:SPN-S000000171871,spatial_inference_nearest_substation,9,9,1742.5,Merrow,1.0,0,0,7,0,1,0,1,0
MIX|Wnone|SUB:SPN-S000000171872,MIX,6,C.Det.6:4;C.Det.4:3;C.Ter.1:3;C.Semi.1:2;C.Flat.2:1;C.Semi.4:1,Wnone,SUB:SPN-S000000171872,spatial_inference_nearest_substation,14,14,2647.9,Merrow,0.7857142857142857,0,0,11,0,3,0,0,0
MIX|Wnone|SUB:SPN-S000000171873,MIX,11,C.Flat.2:6;C.Det.3:3;C.Flat.8:3;C.Semi.1:3;C.Semi.6:2;C.Det.6:1,Wnone,SUB:SPN-S000000171873,spatial_inference_nearest_substation,19,23,2637.2,Castle,1.0,2,0,21,0,0,0,0,0
MIX|Wnone|SUB:SPN-S000000171874,MIX,11,C.Flat.1:9;C.Semi.5:7;C.Flat.2:6;C.Ter.1:6;C.Det.6:5;C.Semi.1:5,Wnone,SUB:SPN-S000000171874,spatial_inference_nearest_substation,33,47,5711.4,Merrow,1.0,1,0,45,0,0,1,0,0
MIX|Wnone|SUB:SPN-S000000171875,MIX,8,C.Det.4:7;C.Flat.2:2;C.Det.6:2;C.Semi.4:2;C.Flat.1:1;C.Semi.6:1,Wnone,SUB:SPN-S000000171875,spatial_inference_nearest_substation,16,17,2349.2,Merrow,1.0,0,1,15,0,1,0,0,0
MIX|Wnone|SUB:SPN-S000000171877,MIX,6,C.Det.3:6;C.Det.6:6;C.Semi.1:4;C.Det.4:2;C.Flat.1:2;C.Det.8:1,Wnone,SUB:SPN-S000000171877,spatial_inference_nearest_substation,20,21,3501.8,Merrow,1.0,0,0,21,0,0,0,0,0
MIX|Wnone|SUB:SPN-S000000171878,MIX,7,C.Det.3:5;C.Semi.1:4;C.Det.6:2;C.Unk.1:2;C.Semi.7:1;C.Det.4:1,Wnone,SUB:SPN-S000000171878,spatial_inference_nearest_substation,16,16,3842.0,Merrow,1.0,0,0,14,0,2,0,0,0
MIX|Wnone|SUB:SPN-S000000171879,MIX,7,C.Semi.1:5;C.Det.3:5;C.Semi.4:4;C.Det.1:1;C.Flat.8:1;C.Flat.2:1,Wnone,SUB:SPN-S000000171879,spatial_inference_nearest_substation,13,18,2909.1,Merrow,1.0,2,0,16,0,0,0,0,0
MIX|Wnone|SUB:SPN-S000000171885,MIX,8,C.Ter.1:8;C.Det.1:8;C.Flat.2:7;C.Flat.4:6;C.Det.3:4;C.Det.6:4,Wnone,SUB:SPN-S000000171885,spatial_inference_nearest_substation,31,40,4350.9,Castle,1.0,0,0,37,0,1,0,0,2
MIX|Wnone|SUB:SPN-S000000171886,MIX,4,C.Flat.2:6;C.Det.3:4;C.Det.4:2;C.Flat.8:1,Wnone,SUB:SPN-S000000171886,spatial_inference_nearest_substation,10,13,2037.5,Castle,1.0,1,2,10,0,0,0,0,0
MIX|Wnone|SUB:SPN-S000000171887,MIX,7,C.Semi.4:6;C.Semi.5:6;C.Ter.3:6;C.Det.6:3;C.Semi.6:2;C.Det.3:1,Wnone,SUB:SPN-S000000171887,spatial_inference_nearest_substation,18,25,2181.6,Merrow,1.0,0,2,23,0,0,0,0,0
MIX|Wnone|SUB:SPN-S000000171888,MIX,11,C.Semi.4:9;C.Flat.2:9;C.Flat.8:5;C.Flat.7:4;C.Semi.6:3;C.Ter.3:2,Wnone,SUB:SPN-S000000171888,spatial_inference_nearest_substation,32,38,2144.2,Merrow,1.0,4,8,25,1,0,0,0,0
MIX|Wnone|SUB:SPN-S000000171891,C.Semi.6,1,C.Semi.6:1,Wnone,SUB:SPN-S000000171891,spatial_inference_nearest_substation,1,1,34.6,Merrow,1.0,0,0,1,0,0,0,0,0
MIX|Wnone|SUB:SPN-S000000171923,MIX,5,C.Det.1:6;C.Det.3:4;C.Det.4:3;C.Det.6:2;C.Semi.4:1,Wnone,SUB:SPN-S000000171923,spatial_inference_nearest_substation,16,16,4708.3,Castle,0.9375,1,0,12,0,2,0,1,0
MIX|Wnone|SUB:SPN-S000000171924,MIX,9,C.Det.1:9;C.Det.3:7;C.Det.6:4;C.Semi.5:2;C.Det.4:2;C.Flat.1:1,Wnone,SUB:SPN-S000000171924,spatial_inference_nearest_substation,26,28,5603.2,Castle,1.0,1,0,25,0,2,0,0,0
MIX|Wnone|SUB:SPN-S000000171925,MIX,7,C.Det.3:9;C.Det.4:6;C.Det.6:4;C.Flat.1:1;C.Flat.7:1;C.Det.8:1,Wnone,SUB:SPN-S000000171925,spatial_inference_nearest_substation,22,23,6513.5,Castle,0.9565217391304348,2,0,18,0,3,0,0,0
MIX|Wnone|SUB:SPN-S000000171926,MIX,5,C.Det.1:6;C.Flat.3:5;C.Det.6:3;C.Det.4:2;C.Semi.10:1,Wnone,SUB:SPN-S000000171926,spatial_inference_nearest_substation,13,17,4033.6,Castle,0.9411764705882353,0,1,10,0,6,0,0,0
MIX|Wnone|SUB:SPN-S000000171927,MIX,9,C.Det.3:9;C.Det.4:5;C.Flat.4:4;C.Flat.7:2;C.Flat.8:1;C.Unk.1:1,Wnone,SUB:SPN-S000000171927,spatial_inference_nearest_substation,22,25,5485.8,Castle,1.0,2,3,17,0,2,0,1,0
MIX|Wnone|SUB:SPN-S000000171928,MIX,4,C.Det.3:8;C.Det.1:5;C.Det.4:2;C.Det.6:1,Wnone,SUB:SPN-S000000171928,spatial_inference_nearest_substation,16,16,4713.1,Castle,1.0,0,0,16,0,0,0,0,0
MIX|Wnone|SUB:SPN-S000000171929,MIX,9,C.Flat.4:6;C.Flat.2:6;C.Det.3:5;C.Det.4:3;C.Det.6:3;C.Semi.5:2,Wnone,SUB:SPN-S000000171929,spatial_inference_nearest_substation,17,28,3959.3,Castle,0.9285714285714286,2,0,21,2,3,0,0,0
MIX|Wnone|SUB:SPN-S000000171935,MIX,2,C.Park.1:1;C.Det.3:1,Wnone,SUB:SPN-S000000171935,spatial_inference_nearest_substation,2,2,494.7,Castle,1.0,0,0,2,0,0,0,0,0
MIX|Wnone|SUB:SPN-S000000171968,MIX,6,C.Det.6:8;C.Det.3:5;C.Det.4:1;C.Semi.6:1;C.Semi.5:1;C.Semi.1:1,Wnone,SUB:SPN-S000000171968,spatial_inference_nearest_substation,16,17,3877.7,Castle,1.0,1,0,16,0,0,0,0,0
MIX|Wnone|SUB:SPN-S000000171969,MIX,4,C.Flat.2:3;C.Flat.1:3;C.Ter.1:1;C.Flat.7:1,Wnone,SUB:SPN-S000000171969,spatial_inference_nearest_substation,4,8,602.0,Castle,1.0,1,1,6,0,0,0,0,0
MIX|Wnone|SUB:SPN-S000000171971,MIX,11,C.Flat.3:9;C.Det.1:7;C.Det.3:3;C.Ter.3:3;C.Det.6:2;C.Semi.1:1,Wnone,SUB:SPN-S000000171971,spatial_inference_nearest_substation,20,30,4287.5,Castle,0.9666666666666667,2,1,25,1,1,0,0,0
MIX|Wnone|SUB:SPN-S000000171972,MIX,9,C.Det.1:6;C.Det.6:3;C.Ter.1:2;C.Semi.1:2;C.Det.3:2;C.Flat.7:1,Wnone,SUB:SPN-S000000171972,spatial_inference_nearest_substation,19,19,3009.8,Castle,1.0,0,0,18,0,1,0,0,0
MIX|Wnone|SUB:SPN-S000000171973,MIX,6,C.Flat.4:8;C.Det.3:6;C.Det.4:2;C.Semi.4:1;C.Semi.6:1;C.Flat.2:1,Wnone,SUB:SPN-S000000171973,spatial_inference_nearest_substation,12,19,3076.5,Castle,0.9473684210526315,0,1,17,0,1,0,0,0
MIX|Wnone|SUB:SPN-S000000171974,MIX,3,C.Det.6:2;C.Flat.6:1;C.Semi.10:1,Wnone,SUB:SPN-S000000171974,spatial_inference_nearest_substation,4,4,1220.1,Castle,1.0,0,0,4,0,0,0,0,0
MIX|Wnone|SUB:SPN-S000000171975,MIX,15,C.Ter.1:9;C.Semi.1:9;C.Flat.2:5;C.Det.3:4;C.Semi.6:4;C.Flat.4:4,Wnone,SUB:SPN-S000000171975,spatial_inference_nearest_substation,41,49,4921.9,Castle,1.0,1,0,46,0,0,0,2,0
MIX|Wnone|SUB:SPN-S000000171976,MIX,11,C.Semi.1:8;C.Ter.1:3;C.Semi.4:2;C.Semi.5:2;C.Det.3:2;C.Det.4:1,Wnone,SUB:SPN-S000000171976,spatial_inference_nearest_substation,23,23,3040.0,Castle,1.0,0,1,22,0,0,0,0,0
MIX|Wnone|SUB:SPN-S000000172024,MIX,3,C.Det.6:3;C.Det.3:3;C.Semi.1:1,Wnone,SUB:SPN-S000000172024,spatial_inference_nearest_substation,7,7,996.7,Onslow,1.0,0,0,7,0,0,0,0,0
MIX|Wnone|SUB:SPN-S000000172025,MIX,4,C.Det.6:7;C.Det.4:7;C.Det.3:5;C.Semi.1:3,Wnone,SUB:SPN-S000000172025,spatial_inference_nearest_substation,22,22,3625.7,Onslow,0.9545454545454546,0,1,17,0,4,0,0,0
MIX|Wnone|SUB:SPN-S000000173197,MIX,8,C.Det.3:9;C.Semi.4:8;C.Semi.6:7;C.Ter.3:5;C.Semi.5:4;C.Semi.7:3,Wnone,SUB:SPN-S000000173197,spatial_inference_nearest_substation,40,40,3733.5,Stoughton North,1.0,1,0,38,0,1,0,0,0
MIX|Wnone|SUB:SPN-S000000173929,MIX,8,C.Det.1:8;C.Semi.4:4;C.Det.3:3;C.Semi.6:3;C.Det.6:2;C.Semi.7:1,Wnone,SUB:SPN-S000000173929,spatial_inference_nearest_substation,23,23,3330.3,Burpham,1.0,1,0,22,0,0,0,0,0
MIX|Wnone|SUB:SPN-S000000173931,MIX,7,C.Semi.6:9;C.Semi.7:6;C.Det.1:5;C.Det.6:3;C.Ter.4:2;C.Semi.11:2,Wnone,SUB:SPN-S000000173931,spatial_inference_nearest_substation,28,28,3038.3,Stoughton North,1.0,0,0,28,0,0,0,0,0
MIX|Wnone|SUB:SPN-S000000173932,MIX,4,C.Ter.1:7;C.Det.3:4;C.Semi.6:1;C.Det.1:1,Wnone,SUB:SPN-S000000173932,spatial_inference_nearest_substation,13,13,1323.8,Westborough,1.0,0,0,13,0,0,0,0,0
MIX|Wnone|SUB:SPN-S000000173973,MIX,7,C.Det.1:5;C.Semi.1:4;C.Semi.10:2;C.Det.3:1;C.Det.6:1;C.Semi.7:1,Wnone,SUB:SPN-S000000173973,spatial_inference_nearest_substation,15,15,2185.5,Onslow,1.0,0,0,15,0,0,0,0,0
MIX|Wnone|SUB:SPN-S000000173976,MIX,3,C.Semi.1:2;C.Det.1:2;C.Det.3:1,Wnone,SUB:SPN-S000000173976,spatial_inference_nearest_substation,5,5,1672.5,Bellfields & Slyfield,1.0,0,0,4,0,0,0,1,0
MIX|Wnone|SUB:SPN-S000000173991,C.Ter.3,1,C.Ter.3:1,Wnone,SUB:SPN-S000000173991,spatial_inference_nearest_substation,1,1,83.0,Castle,1.0,0,0,1,0,0,0,0,0
MIX|Wnone|SUB:SPN-S000000173993,MIX,8,C.Flat.2:5;C.Flat.7:4;C.Det.1:4;C.Det.3:3;C.Ter.1:1;C.Flat.8:1,Wnone,SUB:SPN-S000000173993,spatial_inference_nearest_substation,13,20,2497.6,Castle,1.0,1,6,13,0,0,0,0,0
MIX|Wnone|SUB:SPN-S000000174043,MIX,15,C.Flat.4:8;C.Det.1:5;C.Flat.2:5;C.Flat.7:4;C.Semi.5:4;C.Semi.1:3,Wnone,SUB:SPN-S000000174043,spatial_inference_nearest_substation,31,41,3711.4,St Nicolas,0.9512195121951219,2,1,33,4,1,0,0,0
MIX|Wnone|SUB:SPN-S000000174077,MIX,16,C.Det.1:9;C.Ter.1:8;C.Det.3:5;C.Semi.6:3;C.Flat.1:3;C.Flat.4:3,Wnone,SUB:SPN-S000000174077,spatial_inference_nearest_substation,41,50,5020.4,Onslow,1.0,3,7,40,0,0,0,0,0
MIX|Wnone|SUB:SPN-S000000174080,MIX,11,C.Ter.1:8;C.Semi.5:5;C.Semi.4:4;C.Ter.3:4;C.Semi.1:3;C.Flat.3:3,Wnone,SUB:SPN-S000000174080,spatial_inference_nearest_substation,36,37,3249.2,Castle,0.9459459459459459,1,5,25,0,6,0,0,0
MIX|Wnone|SUB:SPN-S000000174088,MIX,11,C.Ter.3:7;C.Semi.6:5;C.Semi.4:4;C.Det.3:3;C.Flat.6:2;C.Flat.1:2,Wnone,SUB:SPN-S000000174088,spatial_inference_nearest_substation,29,30,2614.3,Stoke,1.0,2,1,26,0,0,0,1,0
MIX|Wnone|SUB:SPN-S000000174089,MIX,5,C.Semi.1:9;C.Det.6:4;C.Det.3:3;C.Det.4:2;C.Semi.7:1,Wnone,SUB:SPN-S000000174089,spatial_inference_nearest_substation,19,19,2710.0,Onslow,0.9473684210526315,0,0,18,0,1,0,0,0
MIX|Wnone|SUB:SPN-S000000174155,MIX,11,C.Det.1:9;C.Semi.4:7;C.Det.4:4;C.Semi.7:3;C.Ter.3:3;C.Semi.6:3,Wnone,SUB:SPN-S000000174155,spatial_inference_nearest_substation,35,37,5189.2,Merrow,0.8378378378378378,0,0,31,0,6,0,0,0
MIX|Wnone|SUB:SPN-S000000174160,MIX,5,C.Semi.7:3;C.Det.1:3;C.Semi.4:2;C.Ter.1:1;C.Ter.3:1,Wnone,SUB:SPN-S000000174160,spatial_inference_nearest_substation,9,10,665.5,Westborough,1.0,1,0,9,0,0,0,0,0
MIX|Wnone|SUB:SPN-S000000174167,MIX,2,C.Flat.3:6;C.Flat.1:1,Wnone,SUB:SPN-S000000174167,spatial_inference_nearest_substation,2,7,326.0,Stoke,1.0,2,0,5,0,0,0,0,0
MIX|Wnone|SUB:SPN-S000000174198,MIX,10,C.Flat.2:9;C.Ter.3:5;C.Semi.1:4;C.Semi.6:2;C.Flat.4:2;C.Semi.7:2,Wnone,SUB:SPN-S000000174198,spatial_inference_nearest_substation,26,29,3826.2,Bellfields & Slyfield,1.0,1,1,23,0,4,0,0,0
MIX|Wnone|SUB:SPN-S000000174201,MIX,11,C.Det.3:7;C.Flat.2:5;C.Flat.1:5;C.Semi.5:3;C.Semi.4:2;C.Unk.1:2,Wnone,SUB:SPN-S000000174201,spatial_inference_nearest_substation,20,30,3975.7,Castle,1.0,5,3,22,0,0,0,0,0
MIX|Wnone|SUB:SPN-S000000174232,MIX,8,C.Semi.4:3;C.Flat.2:2;C.Semi.7:2;C.Flat.1:2;C.Flat.7:1;C.Ter.3:1,Wnone,SUB:SPN-S000000174232,spatial_inference_nearest_substation,10,13,939.0,Westborough,0.9230769230769231,1,0,12,0,0,0,0,0
MIX|Wnone|SUB:SPN-S000000174234,MIX,10,C.Semi.4:9;C.Det.1:4;C.Semi.1:4;C.Det.6:3;C.Semi.6:2;C.Det.8:1,Wnone,SUB:SPN-S000000174234,spatial_inference_nearest_substation,27,27,3993.1,Stoughton North,1.0,1,1,25,0,0,0,0,0
MIX|Wnone|SUB:SPN-S000000174239,MIX,12,C.Semi.6:8;C.Semi.4:7;C.Ter.3:7;C.Semi.1:7;C.Semi.5:7;C.Det.6:3,Wnone,SUB:SPN-S000000174239,spatial_inference_nearest_substation,45,46,5164.0,Stoke,1.0,3,2,39,0,1,1,0,0
MIX|Wnone|SUB:SPN-S000000174301,MIX,9,C.Semi.6:5;C.Flat.8:3;C.Semi.1:2;C.Semi.5:2;C.Det.3:2;C.Det.4:2,Wnone,SUB:SPN-S000000174301,spatial_inference_nearest_substation,17,19,1447.1,Stoke,1.0,1,1,17,0,0,0,0,0
MIX|Wnone|SUB:SPN-S000000174543,C.Flat.2,1,C.Flat.2:5,Wnone,SUB:SPN-S000000174543,spatial_inference_nearest_substation,1,5,126.0,Stoke,1.0,0,0,0,5,0,0,0,0
MIX|Wnone|SUB:SPN-S000000174619,MIX,5,C.Det.6:5;C.Semi.4:2;C.Ter.1:2;C.Ter.4:1;C.Det.4:1,Wnone,SUB:SPN-S000000174619,spatial_inference_nearest_substation,11,11,1713.7,Merrow,1.0,0,0,11,0,0,0,0,0
MIX|Wnone|SUB:SPN-S000000174640,MIX,7,C.Semi.4:9;C.Det.6:4;C.Det.4:2;C.Semi.1:1;C.Ter.3:1;C.Flat.3:1,Wnone,SUB:SPN-S000000174640,spatial_inference_nearest_substation,19,19,2352.8,Merrow,1.0,0,1,18,0,0,0,0,0
MIX|Wnone|SUB:SPN-S000000174670,C.Semi.1,1,C.Semi.1:1,Wnone,SUB:SPN-S000000174670,spatial_inference_nearest_substation,1,1,91.0,Westborough,1.0,0,0,1,0,0,0,0,0
MIX|Wnone|SUB:SPN-S000000174673,MIX,11,C.Flat.2:8;C.Flat.1:7;C.Flat.4:6;C.Semi.1:5;C.Det.1:3;C.Det.4:2,Wnone,SUB:SPN-S000000174673,spatial_inference_nearest_substation,24,37,3266.4,Merrow,0.8918918918918919,2,1,33,1,0,0,0,0
MIX|Wnone|SUB:SPN-S000000174692,MIX,9,C.Flat.1:7;C.Semi.4:5;C.Flat.7:5;C.Det.1:5;C.Semi.7:1;C.Det.8:1,Wnone,SUB:SPN-S000000174692,spatial_inference_nearest_substation,21,27,2200.5,Merrow,1.0,1,0,26,0,0,0,0,0
MIX|Wnone|SUB:SPN-S000000174710,MIX,4,C.Det.6:2;C.Det.1:1;C.Det.3:1;C.Park.1:1,Wnone,SUB:SPN-S000000174710,spatial_inference_nearest_substation,5,5,987.4,St Nicolas,1.0,0,0,4,0,0,1,0,0
MIX|Wnone|SUB:SPN-S000000174720,MIX,6,C.Flat.2:9;C.Flat.3:5;C.Ter.3:2;C.Semi.10:1;C.Semi.1:1;C.Semi.6:1,Wnone,SUB:SPN-S000000174720,spatial_inference_nearest_substation,9,19,1227.8,St Nicolas,1.0,0,1,8,9,1,0,0,0
MIX|Wnone|SUB:SPN-S000000174722,MIX,12,C.Flat.2:8;C.Semi.4:7;C.Det.1:5;C.Semi.6:2;C.Ter.3:2;C.Flat.4:2,Wnone,SUB:SPN-S000000174722,spatial_inference_nearest_substation,23,34,3096.3,Merrow,1.0,0,1,21,10,0,2,0,0
MIX|Wnone|SUB:SPN-S000000174751,MIX,9,C.Flat.1:8;C.Flat.3:5;C.Semi.6:1;C.Flat.8:1;C.Ter.4:1;C.Semi.1:1,Wnone,SUB:SPN-S000000174751,spatial_inference_nearest_substation,11,20,1037.7,Stoke,1.0,5,0,6,9,0,0,0,0
MIX|Wnone|SUB:SPN-S000000174777,MIX,5,C.Det.1:9;C.Det.6:3;C.Flat.7:1;C.Semi.11:1;C.Det.4:1,Wnone,SUB:SPN-S000000174777,spatial_inference_nearest_substation,15,15,2059.2,Burpham,1.0,1,0,14,0,0,0,0,0
MIX|Wnone|SUB:SPN-S000000174785,MIX,12,C.Ter.1:9;C.Semi.1:7;C.Semi.10:3;C.Semi.5:3;C.Ter.3:2;C.Det.3:2,Wnone,SUB:SPN-S000000174785,spatial_inference_nearest_substation,31,32,3330.6,Stoughton North,1.0,1,2,29,0,0,0,0,0
MIX|Wnone|SUB:SPN-S000000174792,MIX,10,C.Flat.7:5;C.Semi.1:4;C.Det.1:3;C.Det.6:2;C.Semi.6:2;C.Det.4:2,Wnone,SUB:SPN-S000000174792,spatial_inference_nearest_substation,20,22,2545.8,Burpham,1.0,5,1,16,0,0,0,0,0
MIX|Wnone|SUB:SPN-S000000174793,MIX,7,C.Flat.4:7;C.Ter.3:3;C.Flat.2:2;C.Flat.1:2;C.Det.4:1;C.Semi.6:1,Wnone,SUB:SPN-S000000174793,spatial_inference_nearest_substation,10,17,1285.8,Stoke,1.0,1,2,13,0,1,0,0,0
MIX|Wnone|SUB:SPN-S000000174812,MIX,2,C.Flat.1:2;C.Flat.2:1,Wnone,SUB:SPN-S000000174812,spatial_inference_nearest_substation,2,3,141.5,Westborough,1.0,0,0,3,0,0,0,0,0
MIX|Wnone|SUB:SPN-S000000174828,MIX,3,C.Flat.1:3;C.Flat.2:3;C.Det.1:3,Wnone,SUB:SPN-S000000174828,spatial_inference_nearest_substation,6,9,1535.3,Westborough,1.0,0,0,9,0,0,0,0,0
MIX|Wnone|SUB:SPN-S000000174842,MIX,11,C.Semi.1:7;C.Det.1:4;C.Flat.2:3;C.Semi.10:2;C.Flat.1:2;C.Det.6:2,Wnone,SUB:SPN-S000000174842,spatial_inference_nearest_substation,23,25,2641.9,Stoughton North,1.0,0,0,25,0,0,0,0,0
MIX|Wnone|SUB:SPN-S000000174852,MIX,12,C.Flat.2:6;C.Det.1:6;C.Flat.1:5;C.Flat.7:4;C.Det.6:4;C.Semi.1:4,Wnone,SUB:SPN-S000000174852,spatial_inference_nearest_substation,30,41,4389.3,Burpham,1.0,4,6,31,0,0,0,0,0
MIX|Wnone|SUB:SPN-S000000174889,C.Flat.2,1,C.Flat.2:1,Wnone,SUB:SPN-S000000174889,spatial_inference_nearest_substation,1,1,194.9,Westborough,1.0,0,0,1,0,0,0,0,0
MIX|Wnone|SUB:SPN-S000000174894,MIX,3,C.Semi.1:2;C.Flat.1:1;C.Semi.4:1,Wnone,SUB:SPN-S000000174894,spatial_inference_nearest_substation,3,4,580.4,Stoughton South,1.0,1,0,3,0,0,0,0,0
MIX|Wnone|SUB:SPN-S000000174899,MIX,9,C.Det.3:7;C.Semi.1:7;C.Flat.2:6;C.Flat.1:5;C.Det.1:4;C.Flat.7:1,Wnone,SUB:SPN-S000000174899,spatial_inference_nearest_substation,27,33,3353.4,Burpham,1.0,12,1,20,0,0,0,0,0
MIX|Wnone|SUB:SPN-S000000174914,MIX,3,C.Det.3:2;C.Det.1:2;C.Semi.1:1,Wnone,SUB:SPN-S000000174914,spatial_inference_nearest_substation,4,5,1226.0,Bellfields & Slyfield,1.0,0,0,5,0,0,0,0,0
MIX|Wnone|SUB:SPN-S000000174925,MIX,7,C.Ter.3:2;C.Semi.1:2;C.Semi.11:2;C.Flat.3:1;C.Flat.4:1;C.Semi.10:1,Wnone,SUB:SPN-S000000174925,spatial_inference_nearest_substation,10,10,605.2,Burpham,1.0,3,2,5,0,0,0,0,0
MIX|Wnone|SUB:SPN-S000000174930,MIX,9,C.Flat.3:3;C.Semi.1:3;C.Flat.4:3;C.Det.6:3;C.Semi.4:2;C.Det.3:2,Wnone,SUB:SPN-S000000174930,spatial_inference_nearest_substation,16,20,1891.8,Stoughton South,0.95,2,1,17,0,0,0,0,0
MIX|Wnone|SUB:SPN-S000000174940,MIX,9,C.Det.3:8;C.Det.1:3;C.Semi.6:3;C.Semi.4:2;C.Semi.1:2;C.Semi.11:2,Wnone,SUB:SPN-S000000174940,spatial_inference_nearest_substation,23,23,3502.4,Burpham,1.0,2,0,21,0,0,0,0,0
MIX|Wnone|SUB:SPN-S000000174948,MIX,4,C.Flat.3:8;C.Flat.1:8;C.Flat.6:1;C.Det.1:1,Wnone,SUB:SPN-S000000174948,spatial_inference_nearest_substation,5,18,1257.7,Castle,1.0,2,2,14,0,0,0,0,0
MIX|Wnone|SUB:SPN-S000000174949,MIX,9,C.Semi.1:7;C.Det.6:5;C.Semi.6:2;C.Semi.7:2;C.Ter.4:1;C.Flat.3:1,Wnone,SUB:SPN-S000000174949,spatial_inference_nearest_substation,21,21,2114.5,Burpham,1.0,5,0,15,0,1,0,0,0
MIX|Wnone|SUB:SPN-S000000174958,MIX,3,C.Flat.4:1;C.Det.4:1;C.Det.6:1,Wnone,SUB:SPN-S000000174958,spatial_inference_nearest_substation,3,3,373.0,Stoke,1.0,1,0,2,0,0,0,0,0
MIX|Wnone|SUB:SPN-S000000174989,MIX,4,C.Flat.4:8;C.Flat.2:4;C.Ter.1:3;C.Semi.4:1,Wnone,SUB:SPN-S000000174989,spatial_inference_nearest_substation,6,16,1275.1,St Nicolas,1.0,1,9,6,0,0,0,0,0
MIX|Wnone|SUB:SPN-S000000175001,MIX,9,C.Flat.8:3;C.Semi.1:2;C.Flat.2:2;C.Det.8:1;C.Flat.1:1;C.Ter.1:1,Wnone,SUB:SPN-S000000175001,spatial_inference_nearest_substation,8,13,1490.2,Castle,1.0,2,2,9,0,0,0,0,0
MIX|Wnone|SUB:SPN-S000000175003,MIX,8,C.Flat.6:7;C.Flat.8:6;C.Ter.1:6;C.Det.4:2;C.Flat.7:1;C.Det.6:1,Wnone,SUB:SPN-S000000175003,spatial_inference_nearest_substation,22,25,1341.0,Stoke,1.0,1,1,22,1,0,0,0,0
MIX|Wnone|SUB:SPN-S000000175025,MIX,3,C.Flat.1:3;C.Flat.2:2;C.Det.6:1,Wnone,SUB:SPN-S000000175025,spatial_inference_nearest_substation,2,6,316.4,Stoke,1.0,2,3,1,0,0,0,0,0
MIX|Wnone|SUB:SPN-S000000175026,MIX,6,C.Flat.1:6;C.Semi.1:2;C.Ter.1:1;C.Ter.3:1;C.Flat.6:1;C.Semi.6:1,Wnone,SUB:SPN-S000000175026,spatial_inference_nearest_substation,11,12,843.3,Stoke,1.0,2,4,4,1,1,0,0,0
MIX|Wnone|SUB:SPN-S000000175036,MIX,9,C.Det.1:9;C.Det.3:8;C.Semi.4:7;C.Semi.1:5;C.Ter.1:2;C.Det.6:1,Wnone,SUB:SPN-S000000175036,spatial_inference_nearest_substation,32,35,7053.0,Merrow,1.0,0,0,35,0,0,0,0,0
MIX|Wnone|SUB:SPN-S000000175044,C.Det.4,1,C.Det.4:1,Wnone,SUB:SPN-S000000175044,spatial_inference_nearest_substation,1,1,503.6,St Nicolas,1.0,0,0,1,0,0,0,0,0
MIX|Wnone|SUB:SPN-S000000175067,MIX,2,C.Semi.1:3;C.Semi.4:2,Wnone,SUB:SPN-S000000175067,spatial_inference_nearest_substation,3,5,1013.1,Westborough,1.0,0,0,5,0,0,0,0,0
MIX|Wnone|SUB:SPN-S000000175216,MIX,2,C.Flat.4:4;C.Semi.1:1,Wnone,SUB:SPN-S000000175216,spatial_inference_nearest_substation,3,5,298.0,Castle,1.0,3,0,2,0,0,0,0,0
MIX|Wnone|SUB:SPN-S000000175224,MIX,8,C.Semi.7:8;C.Det.3:5;C.Det.6:4;C.Semi.4:1;C.Semi.6:1;C.Det.8:1,Wnone,SUB:SPN-S000000175224,spatial_inference_nearest_substation,22,22,2644.0,Stoughton South,1.0,0,0,22,0,0,0,0,0
MIX|Wnone|SUB:SPN-S000000175228,MIX,8,C.Ter.3:9;C.Semi.4:9;C.Det.1:6;C.Semi.5:3;C.Semi.6:3;C.Det.3:2,Wnone,SUB:SPN-S000000175228,spatial_inference_nearest_substation,33,34,3790.6,Bellfields & Slyfield,0.9705882352941176,0,0,33,0,1,0,0,0
MIX|Wnone|SUB:SPN-S000000175250,C.Park.1,1,C.Park.1:1,Wnone,SUB:SPN-S000000175250,spatial_inference_nearest_substation,1,1,443.9,Castle,1.0,0,0,1,0,0,0,0,0
MIX|Wnone|SUB:SPN-S000000175255,MIX,5,C.Flat.2:7;C.Semi.1:5;C.Semi.7:2;C.Det.3:2;C.Flat.3:1,Wnone,SUB:SPN-S000000175255,spatial_inference_nearest_substation,9,17,1352.4,Bellfields & Slyfield,1.0,1,0,16,0,0,0,0,0
MIX|Wnone|SUB:SPN-S000000175257,MIX,9,C.Semi.4:8;C.Det.1:5;C.Ter.4:4;C.Ter.3:4;C.Semi.1:3;C.Det.6:2,Wnone,SUB:SPN-S000000175257,spatial_inference_nearest_substation,29,30,2789.1,Stoughton North,1.0,0,0,30,0,0,0,0,0
MIX|Wnone|SUB:SPN-S000000175297,MIX,3,C.Flat.2:6;C.Flat.3:3;C.Ter.3:1,Wnone,SUB:SPN-S000000175297,spatial_inference_nearest_substation,4,10,516.0,Stoke,1.0,3,0,1,0,6,0,0,0
MIX|Wnone|SUB:SPN-S000000175336,MIX,4,C.Semi.1:3;C.Flat.4:1;C.Semi.7:1;C.Det.1:1,Wnone,SUB:SPN-S000000175336,spatial_inference_nearest_substation,5,6,898.9,Westborough,1.0,0,1,5,0,0,0,0,0
MIX|Wnone|SUB:SPN-S000000175337,MIX,4,C.Flat.4:5;C.Flat.1:4;C.Flat.2:2;C.Flat.3:2,Wnone,SUB:SPN-S000000175337,spatial_inference_nearest_substation,3,13,579.0,Castle,1.0,8,0,5,0,0,0,0,0
MIX|Wnone|SUB:SPN-S000000181145,MIX,5,C.Flat.8:5;C.Flat.3:4;C.Flat.7:4;C.Semi.1:1;C.Ter.3:1,Wnone,SUB:SPN-S000000181145,spatial_inference_nearest_substation,11,15,848.6,St Nicolas,0.8,4,2,9,0,0,0,0,0
MIX|Wnone|SUB:SPN-S000000181195,MIX,10,C.Semi.4:7;C.Flat.4:5;C.Semi.1:5;C.Ter.1:4;C.Det.1:3;C.Flat.1:2,Wnone,SUB:SPN-S000000181195,spatial_inference_nearest_substation,26,32,4315.1,Stoughton North,1.0,3,1,28,0,0,0,0,0
MIX|Wnone|SUB:SPN-S000000181196,MIX,9,C.Flat.2:9;C.Flat.1:6;C.Det.3:5;C.Semi.1:4;C.Det.6:2;C.Flat.3:2,Wnone,SUB:SPN-S000000181196,spatial_inference_nearest_substation,14,32,2137.6,Stoughton North,1.0,5,3,24,0,0,0,0,0
MIX|Wnone|SUB:SPN-S000000181225,MIX,9,C.Ter.3:8;C.Det.1:6;C.Det.3:6;C.Semi.4:6;C.Ter.1:5;C.Semi.5:5,Wnone,SUB:SPN-S000000181225,spatial_inference_nearest_substation,44,44,5584.0,Stoughton North,1.0,1,1,42,0,0,0,0,0
MIX|Wnone|SUB:SPN-S000000181226,MIX,10,C.Det.3:6;C.Semi.4:4;C.Ter.1:3;C.Det.1:3;C.Flat.2:2;C.Flat.3:2,Wnone,SUB:SPN-S000000181226,spatial_inference_nearest_substation,21,25,2261.2,Stoughton North,1.0,2,0,23,0,0,0,0,0
MIX|Wnone|SUB:SPN-S000000181236,MIX,3,C.Flat.1:7;C.Flat.2:4;C.Flat.8:1,Wnone,SUB:SPN-S000000181236,spatial_inference_nearest_substation,5,12,819.0,Stoke,1.0,1,11,0,0,0,0,0,0
MIX|Wnone|SUB:SPN-S000000181252,MIX,5,C.Semi.7:9;C.Det.1:2;C.Flat.1:1;C.Flat.8:1;C.Flat.4:1,Wnone,SUB:SPN-S000000181252,spatial_inference_nearest_substation,14,14,1237.5,Westborough,1.0,1,0,13,0,0,0,0,0
MIX|Wnone|SUB:SPN-S000000181316,MIX,9,C.Ter.3:8;C.Semi.4:5;C.Semi.7:3;C.Flat.2:3;C.Semi.6:3;C.Flat.1:3,Wnone,SUB:SPN-S000000181316,spatial_inference_nearest_substation,27,30,2491.0,Bellfields & Slyfield,1.0,1,3,26,0,0,0,0,0
MIX|Wnone|SUB:SPN-S000000181331,MIX,3,C.Det.3:1;C.Det.1:1;C.Semi.1:1,Wnone,SUB:SPN-S000000181331,spatial_inference_nearest_substation,2,3,1182.0,Bellfields & Slyfield,1.0,0,0,3,0,0,0,0,0
MIX|Wnone|SUB:SPN-S000000181361,MIX,10,C.Flat.2:9;C.Flat.1:5;C.Semi.4:2;C.Flat.6:1;C.Semi.1:1;C.Det.6:1,Wnone,SUB:SPN-S000000181361,spatial_inference_nearest_substation,12,23,1790.1,Burpham,1.0,3,1,19,0,0,0,0,0
MIX|Wnone|SUB:SPN-S000000181539,MIX,4,C.Ter.3:5;C.Semi.5:2;C.Flat.1:1;C.Semi.4:1,Wnone,SUB:SPN-S000000181539,spatial_inference_nearest_substation,9,9,758.1,Stoke,1.0,0,1,7,0,1,0,0,0
MIX|Wsol|LSOA:E01030421,MIX,6,C.Det.5:7;C.Semi.3:3;C.Det.9:2;C.Semi.10:2;C.Ter.2:1;C.Semi.9:1,Wsol,LSOA:E01030421,assumed_zone_lsoa,16,16,2595.0,,0.0,0,0,14,0,1,0,0,1
MIX|Wsol|LSOA:E01030422,MIX,8,C.Ter.4:8;C.Flat.6:5;C.Flat.8:3;C.Semi.9:2;C.Det.5:1;C.Ter.1:1,Wsol,LSOA:E01030422,assumed_zone_lsoa,22,22,1880.6,,0.0,0,2,17,0,3,0,0,0
MIX|Wsol|LSOA:E01030423,MIX,11,C.Ter.4:5;C.Semi.9:5;C.Det.5:5;C.Flat.7:3;C.Det.8:3;C.Flat.8:2,Wsol,LSOA:E01030423,assumed_zone_lsoa,25,30,3200.0,,0.0,0,1,27,0,0,0,2,0
MIX|Wsol|LSOA:E01030424,MIX,9,C.Semi.9:7;C.Ter.4:6;C.Det.5:6;C.Flat.6:3;C.Ter.2:3;C.Det.9:3,Wsol,LSOA:E01030424,assumed_zone_lsoa,31,34,3498.2,,0.0,1,0,33,0,0,0,0,0
MIX|Wsol|LSOA:E01030425,MIX,5,C.Semi.3:3;C.Semi.9:3;C.Det.5:3;C.Det.9:1;C.Ter.4:1,Wsol,LSOA:E01030425,assumed_zone_lsoa,11,11,1290.9,,0.0,0,0,11,0,0,0,0,0
MIX|Wsol|LSOA:E01030426,MIX,7,C.Semi.3:9;C.Semi.9:4;C.Det.5:2;C.Det.9:1;C.Semi.6:1;C.Ter.2:1,Wsol,LSOA:E01030426,assumed_zone_lsoa,19,19,1780.3,,0.0,1,1,17,0,0,0,0,0
MIX|Wsol|LSOA:E01030427,MIX,6,C.Semi.9:4;C.Det.5:4;C.Ter.2:2;C.Det.9:2;C.Flat.8:1;C.Semi.10:1,Wsol,LSOA:E01030427,assumed_zone_lsoa,14,14,1756.3,,0.0,0,0,14,0,0,0,0,0
MIX|Wsol|LSOA:E01030428,MIX,11,C.Semi.9:7;C.Flat.6:6;C.Ter.2:4;C.Flat.8:4;C.Flat.5:4;C.Ter.4:4,Wsol,LSOA:E01030428,assumed_zone_lsoa,31,38,3237.7,,0.0,0,1,37,0,0,0,0,0
MIX|Wsol|LSOA:E01030429,MIX,3,C.Det.5:2;C.Ter.2:1;C.Semi.9:1,Wsol,LSOA:E01030429,assumed_zone_lsoa,4,4,432.0,,0.0,0,0,4,0,0,0,0,0
MIX|Wsol|LSOA:E01030430,MIX,9,C.Ter.2:9;C.Flat.8:7;C.Semi.9:7;C.Flat.6:6;C.Det.9:5;C.Flat.5:2,Wsol,LSOA:E01030430,assumed_zone_lsoa,39,40,4296.7,,0.0,0,0,39,0,0,0,1,0
MIX|Wsol|LSOA:E01030431,MIX,5,C.Ter.2:7;C.Det.9:7;C.Ter.4:4;C.Semi.6:1;C.Semi.10:1,Wsol,LSOA:E01030431,assumed_zone_lsoa,20,20,1898.3,,0.0,2,0,18,0,0,0,0,0
MIX|Wsol|LSOA:E01030432,MIX,5,C.Semi.3:5;C.Ter.2:4;C.Semi.10:3;C.Ter.4:2;C.Det.8:1,Wsol,LSOA:E01030432,assumed_zone_lsoa,15,15,1228.3,,0.0,0,1,14,0,0,0,0,0
MIX|Wsol|LSOA:E01030433,MIX,7,C.Semi.3:8;C.Ter.2:2;C.Flat.5:2;C.Ter.4:1;C.Det.5:1;C.Semi.9:1,Wsol,LSOA:E01030433,assumed_zone_lsoa,16,16,1604.6,,0.0,0,0,15,0,0,0,0,1
MIX|Wsol|LSOA:E01030440,MIX,7,C.Semi.9:7;C.Det.8:7;C.Det.9:7;C.Semi.10:5;C.Ter.2:4;C.Ter.4:1,Wsol,LSOA:E01030440,assumed_zone_lsoa,32,32,4406.2,,0.0,0,0,24,0,0,0,7,1
MIX|Wsol|LSOA:E01030441,MIX,9,C.Semi.9:8;C.Flat.6:3;C.Ter.2:3;C.Det.6:2;C.Semi.6:1;C.Det.3:1,Wsol,LSOA:E01030441,assumed_zone_lsoa,20,21,2102.4,,0.0,0,2,16,0,0,0,2,1
MIX|Wsol|LSOA:E01030442,MIX,5,C.Det.9:9;C.Flat.8:2;C.Semi.3:2;C.Semi.9:1;C.Ter.2:1,Wsol,LSOA:E01030442,assumed_zone_lsoa,15,15,4386.0,,0.0,0,0,15,0,0,0,0,0
MIX|Wsol|LSOA:E01030443,MIX,5,C.Det.9:7;C.Semi.10:2;C.Semi.11:1;C.Semi.9:1;C.Det.6:1,Wsol,LSOA:E01030443,assumed_zone_lsoa,12,12,2058.7,,0.0,0,0,12,0,0,0,0,0
MIX|Wsol|LSOA:E01030444,MIX,3,C.Det.8:4;C.Det.9:3;C.Semi.9:2,Wsol,LSOA:E01030444,assumed_zone_lsoa,9,9,1296.5,,0.0,0,0,8,0,0,0,1,0
MIX|Wsol|LSOA:E01030445,MIX,10,C.Flat.6:7;C.Det.9:7;C.Flat.8:6;C.Flat.5:4;C.Det.8:2;C.Semi.9:2,Wsol,LSOA:E01030445,assumed_zone_lsoa,31,32,3965.3,,0.0,2,0,30,0,0,0,0,0
MIX|Wsol|LSOA:E01030446,MIX,12,C.Semi.3:7;C.Det.8:3;C.Semi.9:3;C.Flat.5:3;C.Ter.2:3;C.Flat.8:2,Wsol,LSOA:E01030446,assumed_zone_lsoa,23,29,3429.0,,0.0,3,2,16,0,2,5,1,0
MIX|Wsol|LSOA:E01030447,MIX,8,C.Semi.3:9;C.Flat.6:5;C.Det.8:5;C.Ter.2:4;C.Det.9:4;C.Flat.5:3,Wsol,LSOA:E01030447,assumed_zone_lsoa,30,35,3404.3,,0.0,0,9,24,0,0,1,1,0
MIX|Wsol|LSOA:E01030456,C.Flat.5,1,C.Flat.5:1,Wsol,LSOA:E01030456,assumed_zone_lsoa,1,1,126.0,,0.0,0,0,1,0,0,0,0,0
MIX|Wsol|LSOA:E01030458,MIX,9,C.Det.8:8;C.Ter.4:8;C.Semi.10:7;C.Ter.2:6;C.Flat.8:3;C.Flat.6:2,Wsol,LSOA:E01030458,assumed_zone_lsoa,35,37,5184.4,,0.0,1,1,23,0,0,4,8,0
MIX|Wsol|LSOA:E01030459,MIX,9,C.Flat.6:6;C.Semi.10:6;C.Det.9:5;C.Flat.7:3;C.Det.8:3;C.Semi.9:3,Wsol,LSOA:E01030459,assumed_zone_lsoa,26,29,2670.6,,0.0,0,2,24,0,0,2,1,0
MIX|Wsol|LSOA:E01030462,C.Det.9,1,C.Det.9:1,Wsol,LSOA:E01030462,assumed_zone_lsoa,1,1,35.0,,0.0,0,0,1,0,0,0,0,0
MIX|Wsol|LSOA:E01030465,MIX,10,C.Det.9:8;C.Ter.4:6;C.Ter.2:6;C.Det.8:5;C.Semi.10:2;C.Flat.6:2,Wsol,LSOA:E01030465,assumed_zone_lsoa,32,33,4639.4,,0.0,2,2,25,0,0,2,1,1
MIX|Wsol|LSOA:E01030466,MIX,6,C.Semi.9:6;C.Det.9:3;C.Semi.10:1;C.Flat.6:1;C.Det.8:1;C.Ter.4:1,Wsol,LSOA:E01030466,assumed_zone_lsoa,13,13,2120.1,,0.0,0,0,10,0,0,0,3,0
MIX|Wsol|LSOA:E01030471,MIX,4,C.Semi.9:8;C.Ter.2:7;C.Semi.10:3;C.Flat.7:2,Wsol,LSOA:E01030471,assumed_zone_lsoa,19,20,2955.0,,0.0,1,0,17,0,1,0,1,0
MIX|Wsol|LSOA:E01030472,MIX,6,C.Det.9:8;C.Semi.9:6;C.Semi.10:6;C.Flat.5:3;C.Flat.7:2;C.Det.6:1,Wsol,LSOA:E01030472,assumed_zone_lsoa,25,26,3751.3,,0.0,0,2,15,0,0,1,8,0
MIX|Wsol|LSOA:E01030473,MIX,7,C.Ter.2:7;C.Det.8:6;C.Semi.9:6;C.Det.9:4;C.Semi.10:3;C.Flat.5:1,Wsol,LSOA:E01030473,assumed_zone_lsoa,28,28,4591.9,,0.0,2,0,24,0,1,0,1,0
MIX|Wsol|LSOA:E01030474,MIX,2,C.Det.5:2;C.Det.8:1,Wsol,LSOA:E01030474,assumed_zone_lsoa,3,3,463.0,,0.0,0,0,3,0,0,0,0,0
MIX|Wsol|LSOA:E01030475,MIX,5,C.Semi.9:6;C.Det.9:2;C.Det.8:2;C.Semi.10:1;C.Semi.6:1,Wsol,LSOA:E01030475,assumed_zone_lsoa,12,12,1180.1,Burpham,0.08333333333333333,0,0,9,0,0,0,3,0
MIX|Wsol|LSOA:E01030476,MIX,3,C.Semi.3:8;C.Det.9:3;C.Det.6:1,Wsol,LSOA:E01030476,assumed_zone_lsoa,12,12,1939.8,,0.0,0,0,11,0,0,0,1,0
MIX|Wsol|LSOA:E01030477,MIX,7,C.Det.9:4;C.Ter.4:3;C.Det.8:3;C.Flat.6:2;C.Flat.7:1;C.Det.6:1,Wsol,LSOA:E01030477,assumed_zone_lsoa,15,15,2497.7,,0.0,0,0,14,0,0,0,1,0
MIX|Wsol|LSOA:E01030478,MIX,3,C.Ter.4:7;C.Flat.5:3;C.Flat.7:2,Wsol,LSOA:E01030478,assumed_zone_lsoa,9,12,1932.6,,0.0,2,3,5,0,0,2,0,0
MIX|Wsol|LSOA:E01030479,MIX,8,C.Det.9:9;C.Det.5:7;C.Semi.10:7;C.Semi.6:3;C.Flat.6:2;C.Semi.11:2,Wsol,LSOA:E01030479,assumed_zone_lsoa,32,32,4052.1,,0.0,0,0,31,0,0,0,1,0
MIX|Wsol|LSOA:E01030480,MIX,6,C.Det.8:5;C.Flat.8:4;C.Flat.6:4;C.Flat.7:4;C.Ter.4:3;C.Det.9:1,Wsol,LSOA:E01030480,assumed_zone_lsoa,16,21,2055.7,,0.0,1,0,19,0,0,0,1,0
MIX|Wsol|LSOA:E01030490,MIX,7,C.Semi.9:9;C.Ter.4:3;C.Flat.7:1;C.Flat.6:1;C.Flat.5:1;C.Det.6:1,Wsol,LSOA:E01030490,assumed_zone_lsoa,17,17,1826.4,,0.0,0,0,10,0,0,2,5,0
MIX|Wsol|LSOA:E01030491,MIX,7,C.Flat.7:8;C.Flat.5:6;C.Flat.6:4;C.Flat.8:4;C.Semi.6:2;C.Det.6:1,Wsol,LSOA:E01030491,assumed_zone_lsoa,19,26,2233.0,,0.0,1,2,22,0,1,0,0,0
MIX|Wsol|LSOA:E01030492,MIX,9,C.Ter.2:9;C.Det.8:8;C.Semi.6:4;C.Ter.4:3;C.Flat.8:2;C.Flat.5:2,Wsol,LSOA:E01030492,assumed_zone_lsoa,30,31,3667.2,,0.0,2,3,14,1,0,3,7,1
MIX|Wsol|LSOA:E01030499,MIX,6,C.Semi.9:5;C.Ter.4:4;C.Ter.2:3;C.Det.9:2;C.Det.8:2;C.Semi.10:2,Wsol,LSOA:E01030499,assumed_zone_lsoa,18,18,3186.4,,0.0,0,0,18,0,0,0,0,0
MIX|Wsol|LSOA:E01030500,MIX,6,C.Det.5:8;C.Ter.2:5;C.Semi.9:4;C.Det.9:3;C.Semi.10:2;C.Flat.5:1,Wsol,LSOA:E01030500,assumed_zone_lsoa,23,23,3248.0,,0.0,0,0,18,0,0,1,4,0
MIX|Wsol|LSOA:E01030501,MIX,6,C.Semi.9:5;C.Det.9:4;C.Ter.2:3;C.Det.8:3;C.Semi.10:3;C.Ter.4:2,Wsol,LSOA:E01030501,assumed_zone_lsoa,20,20,3312.3,,0.0,0,1,14,0,0,2,3,0
MIX|Wsol|LSOA:E01030502,MIX,4,C.Det.5:9;C.Det.9:5;C.Semi.9:3;C.Semi.10:2,Wsol,LSOA:E01030502,assumed_zone_lsoa,19,19,2183.9,,0.0,0,0,18,0,0,0,1,0
MIX|Wsol|LSOA:E01030503,MIX,10,C.Semi.3:7;C.Det.5:6;C.Flat.6:3;C.Ter.2:2;C.Det.9:2;C.Semi.9:2,Wsol,LSOA:E01030503,assumed_zone_lsoa,23,26,2864.9,,0.0,0,1,23,0,0,0,2,0
MIX|Wsol|LSOA:E01030504,MIX,6,C.Det.5:9;C.Semi.3:5;C.Semi.9:5;C.Det.9:4;C.Semi.10:1;C.Det.8:1,Wsol,LSOA:E01030504,assumed_zone_lsoa,25,25,3580.6,,0.0,0,0,24,0,0,0,1,0
MIX|Wsol|SUB:SPN-R000000843506-000-002Z,MIX,4,C.Semi.3:2;C.Det.9:1;C.Det.5:1;C.Semi.9:1,Wsol,SUB:SPN-R000000843506-000-002Z,spatial_inference_nearest_substation,5,5,841.0,Burpham,1.0,0,0,5,0,0,0,0,0
MIX|Wsol|SUB:SPN-R000000843508-000-011Z,C.Det.5,1,C.Det.5:3,Wsol,SUB:SPN-R000000843508-000-011Z,spatial_inference_nearest_substation,3,3,1768.0,Castle,1.0,0,0,3,0,0,0,0,0
MIX|Wsol|SUB:SPN-R000000843508-000-016Z,MIX,2,C.Det.5:2;C.Ter.2:1,Wsol,SUB:SPN-R000000843508-000-016Z,spatial_inference_nearest_substation,3,3,945.9,Castle,1.0,0,0,2,0,0,0,1,0
MIX|Wsol|SUB:SPN-R000000848207-000-055Z,C.Det.5,1,C.Det.5:2,Wsol,SUB:SPN-R000000848207-000-055Z,spatial_inference_nearest_substation,2,2,581.0,Castle,1.0,0,0,0,0,0,0,2,0
MIX|Wsol|SUB:SPN-R000000852112-000-073Z,C.Semi.3,1,C.Semi.3:1,Wsol,SUB:SPN-R000000852112-000-073Z,spatial_inference_nearest_substation,1,1,76.4,St Nicolas,1.0,0,0,1,0,0,0,0,0
MIX|Wsol|SUB:SPN-R000000852116-000-001Z,MIX,4,C.Semi.3:5;C.Semi.9:2;C.Semi.11:1;C.Ter.2:1,Wsol,SUB:SPN-R000000852116-000-001Z,spatial_inference_nearest_substation,9,9,949.9,Stoughton South,1.0,0,0,9,0,0,0,0,0
MIX|Wsol|SUB:SPN-S000000171105,C.Flat.5,1,C.Flat.5:1,Wsol,SUB:SPN-S000000171105,spatial_inference_nearest_substation,1,1,52.0,Castle,1.0,0,0,1,0,0,0,0,0
MIX|Wsol|SUB:SPN-S000000171605,C.Semi.3,1,C.Semi.3:2,Wsol,SUB:SPN-S000000171605,spatial_inference_nearest_substation,1,2,201.7,Stoke,1.0,0,0,2,0,0,0,0,0
MIX|Wsol|SUB:SPN-S000000171606,MIX,4,C.Ter.2:7;C.Ter.4:5;C.Semi.3:3;C.Det.8:1,Wsol,SUB:SPN-S000000171606,spatial_inference_nearest_substation,16,16,1325.2,Stoke,1.0,0,0,16,0,0,0,0,0
MIX|Wsol|SUB:SPN-S000000171608,MIX,5,C.Ter.2:6;C.Det.5:2;C.Semi.3:2;C.Semi.10:1;C.Det.9:1,Wsol,SUB:SPN-S000000171608,spatial_inference_nearest_substation,12,12,1409.3,Onslow,1.0,0,1,11,0,0,0,0,0
MIX|Wsol|SUB:SPN-S000000171609,MIX,2,C.Ter.2:3;C.Semi.3:1,Wsol,SUB:SPN-S000000171609,spatial_inference_nearest_substation,4,4,305.9,Onslow,1.0,0,1,3,0,0,0,0,0
MIX|Wsol|SUB:SPN-S000000171610,MIX,7,C.Semi.10:7;C.Flat.6:4;C.Flat.5:4;C.Det.5:3;C.Flat.7:1;C.Flat.3:1,Wsol,SUB:SPN-S000000171610,spatial_inference_nearest_substation,18,21,1518.0,Onslow,1.0,0,0,21,0,0,0,0,0
MIX|Wsol|SUB:SPN-S000000171611,C.Det.5,1,C.Det.5:1,Wsol,SUB:SPN-S000000171611,spatial_inference_nearest_substation,1,1,97.8,Westborough,1.0,0,0,1,0,0,0,0,0
MIX|Wsol|SUB:SPN-S000000171613,MIX,3,C.Det.5:5;C.Ter.2:1;C.Semi.9:1,Wsol,SUB:SPN-S000000171613,spatial_inference_nearest_substation,7,7,1156.0,Onslow,1.0,0,0,6,0,0,0,1,0
MIX|Wsol|SUB:SPN-S000000171614,MIX,3,C.Det.5:3;C.Det.9:2;C.Semi.3:1,Wsol,SUB:SPN-S000000171614,spatial_inference_nearest_substation,6,6,1163.1,Onslow,1.0,0,0,6,0,0,0,0,0
MIX|Wsol|SUB:SPN-S000000171615,C.Semi.3,1,C.Semi.3:3,Wsol,SUB:SPN-S000000171615,spatial_inference_nearest_substation,3,3,455.4,Onslow,1.0,0,0,3,0,0,0,0,0
MIX|Wsol|SUB:SPN-S000000171616,MIX,2,C.Semi.3:4;C.Det.5:1,Wsol,SUB:SPN-S000000171616,spatial_inference_nearest_substation,5,5,664.1,Onslow,1.0,0,0,5,0,0,0,0,0
MIX|Wsol|SUB:SPN-S000000171617,MIX,5,C.Semi.9:4;C.Ter.2:2;C.Ter.4:1;C.Flat.5:1;C.Flat.6:1,Wsol,SUB:SPN-S000000171617,spatial_inference_nearest_substation,8,9,707.0,Onslow,1.0,0,0,9,0,0,0,0,0
MIX|Wsol|SUB:SPN-S000000171618,MIX,4,C.Ter.2:5;C.Det.5:2;C.Semi.9:1;C.Det.9:1,Wsol,SUB:SPN-S000000171618,spatial_inference_nearest_substation,9,9,871.9,Onslow,1.0,0,0,9,0,0,0,0,0
MIX|Wsol|SUB:SPN-S000000171619,MIX,6,C.Det.5:5;C.Semi.9:4;C.Flat.6:4;C.Flat.5:2;C.Flat.8:1;C.Det.9:1,Wsol,SUB:SPN-S000000171619,spatial_inference_nearest_substation,14,17,1435.6,Onslow,1.0,0,0,16,0,1,0,0,0
MIX|Wsol|SUB:SPN-S000000171621,MIX,10,C.Det.5:8;C.Semi.10:3;C.Flat.8:2;C.Flat.6:1;C.Det.9:1;C.Ter.4:1,Wsol,SUB:SPN-S000000171621,spatial_inference_nearest_substation,18,20,2283.8,Onslow,1.0,0,0,20,0,0,0,0,0
MIX|Wsol|SUB:SPN-S000000171622,MIX,2,C.Det.5:4;C.Det.9:2,Wsol,SUB:SPN-S000000171622,spatial_inference_nearest_substation,6,6,1681.7,St Nicolas,1.0,0,0,5,0,1,0,0,0
MIX|Wsol|SUB:SPN-S000000171623,MIX,5,C.Det.9:4;C.Semi.3:2;C.Det.8:1;C.Semi.10:1;C.Semi.9:1,Wsol,SUB:SPN-S000000171623,spatial_inference_nearest_substation,9,9,1265.6,St Nicolas,1.0,0,0,9,0,0,0,0,0
MIX|Wsol|SUB:SPN-S000000171624,MIX,4,C.Semi.3:6;C.Semi.9:6;C.Det.5:1;C.Semi.6:1,Wsol,SUB:SPN-S000000171624,spatial_inference_nearest_substation,14,14,1523.1,Onslow,1.0,1,0,13,0,0,0,0,0
MIX|Wsol|SUB:SPN-S000000171625,MIX,4,C.Semi.9:6;C.Semi.10:2;C.Semi.11:1;C.Det.5:1,Wsol,SUB:SPN-S000000171625,spatial_inference_nearest_substation,10,10,1247.0,Onslow,1.0,0,0,10,0,0,0,0,0
MIX|Wsol|SUB:SPN-S000000171626,MIX,5,C.Semi.3:3;C.Semi.10:2;C.Semi.9:1;C.Ter.2:1;C.Det.5:1,Wsol,SUB:SPN-S000000171626,spatial_inference_nearest_substation,7,8,1221.4,Onslow,1.0,0,0,8,0,0,0,0,0
MIX|Wsol|SUB:SPN-S000000171629,MIX,3,C.Flat.8:2;C.Flat.5:1;C.Flat.7:1,Wsol,SUB:SPN-S000000171629,spatial_inference_nearest_substation,3,4,357.0,Castle,1.0,1,0,3,0,0,0,0,0
MIX|Wsol|SUB:SPN-S000000171630,C.Semi.3,1,C.Semi.3:7,Wsol,SUB:SPN-S000000171630,spatial_inference_nearest_substation,7,7,698.2,Westborough,1.0,0,0,7,0,0,0,0,0
MIX|Wsol|SUB:SPN-S000000171631,MIX,4,C.Semi.3:1;C.Ter.4:1;C.Det.9:1;C.Semi.9:1,Wsol,SUB:SPN-S000000171631,spatial_inference_nearest_substation,4,4,352.8,Westborough,1.0,0,0,4,0,0,0,0,0
MIX|Wsol|SUB:SPN-S000000171632,C.Semi.3,1,C.Semi.3:1,Wsol,SUB:SPN-S000000171632,spatial_inference_nearest_substation,1,1,100.6,Westborough,1.0,0,0,1,0,0,0,0,0
MIX|Wsol|SUB:SPN-S000000171633,MIX,3,C.Flat.8:2;C.Flat.5:2;C.Flat.6:1,Wsol,SUB:SPN-S000000171633,spatial_inference_nearest_substation,3,5,262.5,Westborough,1.0,0,1,4,0,0,0,0,0
MIX|Wsol|SUB:SPN-S000000171634,MIX,2,C.Semi.3:2;C.Det.5:2,Wsol,SUB:SPN-S000000171634,spatial_inference_nearest_substation,4,4,592.4,Westborough,1.0,0,0,4,0,0,0,0,0
MIX|Wsol|SUB:SPN-S000000171636,C.Semi.3,1,C.Semi.3:1,Wsol,SUB:SPN-S000000171636,spatial_inference_nearest_substation,1,1,75.8,Westborough,1.0,0,0,1,0,0,0,0,0
MIX|Wsol|SUB:SPN-S000000171637,MIX,2,C.Semi.9:1;C.Semi.3:1,Wsol,SUB:SPN-S000000171637,spatial_inference_nearest_substation,2,2,149.4,Westborough,1.0,0,0,2,0,0,0,0,0
MIX|Wsol|SUB:SPN-S000000171647,MIX,2,C.Ter.2:1;C.Semi.3:1,Wsol,SUB:SPN-S000000171647,spatial_inference_nearest_substation,2,2,172.1,Westborough,1.0,0,0,2,0,0,0,0,0
MIX|Wsol|SUB:SPN-S000000171669,MIX,2,C.Flat.6:3;C.Flat.8:1,Wsol,SUB:SPN-S000000171669,spatial_inference_nearest_substation,3,4,266.0,Castle,1.0,0,2,2,0,0,0,0,0
MIX|Wsol|SUB:SPN-S000000171674,MIX,9,C.Semi.9:7;C.Det.8:6;C.Flat.6:4;C.Flat.5:4;C.Ter.4:4;C.Det.9:2,Wsol,SUB:SPN-S000000171674,spatial_inference_nearest_substation,28,32,3100.0,St Nicolas,1.0,0,0,32,0,0,0,0,0
MIX|Wsol|SUB:SPN-S000000171675,MIX,9,C.Ter.2:3;C.Semi.9:3;C.Det.5:2;C.Flat.5:2;C.Semi.3:2;C.Semi.6:1,Wsol,SUB:SPN-S000000171675,spatial_inference_nearest_substation,14,16,2090.3,St Nicolas,1.0,1,0,15,0,0,0,0,0
MIX|Wsol|SUB:SPN-S000000171677,MIX,9,C.Det.8:3;C.Flat.5:3;C.Flat.7:3;C.Det.5:3;C.Ter.2:3;C.Det.9:3,Wsol,SUB:SPN-S000000171677,spatial_inference_nearest_substation,15,22,3000.2,St Nicolas,1.0,0,1,20,0,0,0,1,0
MIX|Wsol|SUB:SPN-S000000171678,MIX,7,C.Semi.3:4;C.Ter.2:4;C.Semi.10:3;C.Det.9:2;C.Det.5:1;C.Ter.4:1,Wsol,SUB:SPN-S000000171678,spatial_inference_nearest_substation,16,16,2098.0,St Nicolas,1.0,0,0,16,0,0,0,0,0
MIX|Wsol|SUB:SPN-S000000171679,C.Det.9,1,C.Det.9:1,Wsol,SUB:SPN-S000000171679,spatial_inference_nearest_substation,1,1,343.6,St Nicolas,1.0,0,0,1,0,0,0,0,0
MIX|Wsol|SUB:SPN-S000000171680,MIX,5,C.Det.9:2;C.Det.8:2;C.Semi.3:2;C.Ter.3:1;C.Det.5:1,Wsol,SUB:SPN-S000000171680,spatial_inference_nearest_substation,8,8,2039.3,St Nicolas,1.0,0,0,7,0,1,0,0,0
MIX|Wsol|SUB:SPN-S000000171681,MIX,12,C.Flat.7:7;C.Det.5:5;C.Flat.5:3;C.Det.8:3;C.Det.9:3;C.Flat.6:2,Wsol,SUB:SPN-S000000171681,spatial_inference_nearest_substation,21,31,5727.3,St Nicolas,1.0,0,0,31,0,0,0,0,0
MIX|Wsol|SUB:SPN-S000000171683,MIX,5,C.Ter.2:2;C.Ter.4:2;C.Semi.3:2;C.Semi.9:1;C.Det.5:1,Wsol,SUB:SPN-S000000171683,spatial_inference_nearest_substation,8,8,964.5,St Nicolas,1.0,0,0,8,0,0,0,0,0
MIX|Wsol|SUB:SPN-S000000171685,MIX,7,C.Semi.3:9;C.Det.5:4;C.Ter.2:4;C.Semi.9:3;C.Ter.1:1;C.Flat.7:1,Wsol,SUB:SPN-S000000171685,spatial_inference_nearest_substation,23,23,2051.4,Stoke,1.0,0,0,22,1,0,0,0,0
MIX|Wsol|SUB:SPN-S000000171686,MIX,7,C.Ter.2:7;C.Flat.6:6;C.Ter.4:5;C.Semi.10:4;C.Flat.8:3;C.Semi.11:1,Wsol,SUB:SPN-S000000171686,spatial_inference_nearest_substation,26,27,2334.3,Stoke,1.0,1,2,24,0,0,0,0,0
MIX|Wsol|SUB:SPN-S000000171689,MIX,4,C.Flat.5:4;C.Flat.6:2;C.Semi.3:1;C.Flat.8:1,Wsol,SUB:SPN-S000000171689,spatial_inference_nearest_substation,3,8,583.0,St Nicolas,1.0,0,0,8,0,0,0,0,0
MIX|Wsol|SUB:SPN-S000000171695,MIX,5,C.Det.5:1;C.Flat.8:1;C.Det.9:1;C.Ter.2:1;C.Flat.6:1,Wsol,SUB:SPN-S000000171695,spatial_inference_nearest_substation,5,5,1143.0,Bellfields & Slyfield,1.0,0,0,3,1,0,0,0,1
MIX|Wsol|SUB:SPN-S000000171696,MIX,5,C.Semi.3:9;C.Det.9:1;C.Semi.9:1;C.Det.5:1;C.Ter.2:1,Wsol,SUB:SPN-S000000171696,spatial_inference_nearest_substation,13,13,1199.3,Bellfields & Slyfield,1.0,0,0,13,0,0,0,0,0
MIX|Wsol|SUB:SPN-S000000171697,C.Semi.3,1,C.Semi.3:1,Wsol,SUB:SPN-S000000171697,spatial_inference_nearest_substation,1,1,70.0,Bellfields & Slyfield,1.0,0,0,1,0,0,0,0,0
MIX|Wsol|SUB:SPN-S000000171698,MIX,2,C.Semi.9:3;C.Semi.3:1,Wsol,SUB:SPN-S000000171698,spatial_inference_nearest_substation,4,4,495.0,Bellfields & Slyfield,1.0,0,0,4,0,0,0,0,0
MIX|Wsol|SUB:SPN-S000000171699,C.Det.5,1,C.Det.5:1,Wsol,SUB:SPN-S000000171699,spatial_inference_nearest_substation,1,1,147.0,Bellfields & Slyfield,1.0,0,0,1,0,0,0,0,0
MIX|Wsol|SUB:SPN-S000000171700,MIX,7,C.Semi.3:4;C.Semi.6:2;C.Det.5:1;C.Det.9:1;C.Semi.9:1;C.Flat.6:1,Wsol,SUB:SPN-S000000171700,spatial_inference_nearest_substation,11,11,1145.7,Bellfields & Slyfield,1.0,0,0,11,0,0,0,0,0
MIX|Wsol|SUB:SPN-S000000171702,MIX,2,C.Semi.3:1;C.Semi.9:1,Wsol,SUB:SPN-S000000171702,spatial_inference_nearest_substation,2,2,316.4,Bellfields & Slyfield,1.0,0,0,2,0,0,0,0,0
MIX|Wsol|SUB:SPN-S000000171705,MIX,7,C.Flat.8:3;C.Det.5:2;C.Flat.6:2;C.Det.9:2;C.Semi.10:2;C.Semi.3:1,Wsol,SUB:SPN-S000000171705,spatial_inference_nearest_substation,10,13,1910.6,Castle,1.0,0,0,13,0,0,0,0,0
MIX|Wsol|SUB:SPN-S000000171706,MIX,6,C.Det.5:7;C.Flat.6:6;C.Flat.5:4;C.Flat.8:4;C.Det.9:3;C.Flat.7:2,Wsol,SUB:SPN-S000000171706,spatial_inference_nearest_substation,18,26,3905.4,Castle,1.0,4,2,19,0,1,0,0,0
MIX|Wsol|SUB:SPN-S000000171708,MIX,6,C.Flat.5:8;C.Det.5:3;C.Semi.3:2;C.Det.9:1;C.Flat.8:1;C.Det.8:1,Wsol,SUB:SPN-S000000171708,spatial_inference_nearest_substation,10,16,2509.0,Stoke,1.0,0,0,16,0,0,0,0,0
MIX|Wsol|SUB:SPN-S000000171709,MIX,4,C.Semi.3:2;C.Det.8:1;C.Flat.7:1;C.Det.5:1,Wsol,SUB:SPN-S000000171709,spatial_inference_nearest_substation,5,5,751.8,Castle,1.0,0,1,4,0,0,0,0,0
MIX|Wsol|SUB:SPN-S000000171710,MIX,3,C.Det.9:2;C.Flat.6:1;C.Det.5:1,Wsol,SUB:SPN-S000000171710,spatial_inference_nearest_substation,4,4,1546.9,Castle,1.0,0,0,4,0,0,0,0,0
MIX|Wsol|SUB:SPN-S000000171711,MIX,5,C.Flat.7:4;C.Det.9:3;C.Det.5:2;C.Flat.5:1;C.Det.8:1,Wsol,SUB:SPN-S000000171711,spatial_inference_nearest_substation,8,11,2037.0,Merrow,1.0,0,0,11,0,0,0,0,0
MIX|Wsol|SUB:SPN-S000000171712,MIX,10,C.Semi.9:8;C.Ter.2:6;C.Det.5:5;C.Ter.4:2;C.Det.8:1;C.Flat.6:1,Wsol,SUB:SPN-S000000171712,spatial_inference_nearest_substation,26,27,2676.0,Merrow,1.0,0,0,27,0,0,0,0,0
MIX|Wsol|SUB:SPN-S000000171713,MIX,5,C.Det.5:3;C.Flat.6:2;C.Semi.10:1;C.Semi.9:1;C.Det.9:1,Wsol,SUB:SPN-S000000171713,spatial_inference_nearest_substation,8,8,801.9,Merrow,1.0,0,0,8,0,0,0,0,0
MIX|Wsol|SUB:SPN-S000000171714,MIX,3,C.Flat.7:4;C.Det.5:3;C.Flat.5:2,Wsol,SUB:SPN-S000000171714,spatial_inference_nearest_substation,5,9,1152.2,Castle,1.0,0,0,9,0,0,0,0,0
MIX|Wsol|SUB:SPN-S000000171715,MIX,4,C.Flat.5:4;C.Flat.7:2;C.Det.5:1;C.Semi.3:1,Wsol,SUB:SPN-S000000171715,spatial_inference_nearest_substation,5,8,1213.3,Castle,1.0,0,0,8,0,0,0,0,0
MIX|Wsol|SUB:SPN-S000000171716,MIX,5,C.Flat.7:3;C.Flat.5:2;C.Semi.3:1;C.Det.5:1;C.Semi.9:1,Wsol,SUB:SPN-S000000171716,spatial_inference_nearest_substation,5,8,793.5,Castle,1.0,0,0,8,0,0,0,0,0
MIX|Wsol|SUB:SPN-S000000171717,MIX,6,C.Semi.3:5;C.Det.9:1;C.Semi.9:1;C.Ter.4:1;C.Ter.2:1;C.Det.5:1,Wsol,SUB:SPN-S000000171717,spatial_inference_nearest_substation,10,10,891.3,Stoke,1.0,0,0,10,0,0,0,0,0
MIX|Wsol|SUB:SPN-S000000171719,MIX,2,C.Semi.3:2;C.Semi.9:1,Wsol,SUB:SPN-S000000171719,spatial_inference_nearest_substation,3,3,203.9,Bellfields & Slyfield,1.0,0,0,3,0,0,0,0,0
MIX|Wsol|SUB:SPN-S000000171720,MIX,5,C.Semi.9:4;C.Ter.2:2;C.Flat.8:1;C.Ter.4:1;C.Det.5:1,Wsol,SUB:SPN-S000000171720,spatial_inference_nearest_substation,9,9,764.0,Bellfields & Slyfield,1.0,0,0,9,0,0,0,0,0
MIX|Wsol|SUB:SPN-S000000171721,C.Semi.3,1,C.Semi.3:1,Wsol,SUB:SPN-S000000171721,spatial_inference_nearest_substation,1,1,45.0,Bellfields & Slyfield,1.0,0,0,1,0,0,0,0,0
MIX|Wsol|SUB:SPN-S000000171722,C.Semi.9,1,C.Semi.9:1,Wsol,SUB:SPN-S000000171722,spatial_inference_nearest_substation,1,1,58.6,Bellfields & Slyfield,1.0,0,0,1,0,0,0,0,0
MIX|Wsol|SUB:SPN-S000000171723,MIX,3,C.Flat.8:3;C.Flat.6:2;C.Det.5:1,Wsol,SUB:SPN-S000000171723,spatial_inference_nearest_substation,3,6,416.0,Bellfields & Slyfield,1.0,0,0,6,0,0,0,0,0
MIX|Wsol|SUB:SPN-S000000171724,C.Semi.3,1,C.Semi.3:1,Wsol,SUB:SPN-S000000171724,spatial_inference_nearest_substation,1,1,91.0,Bellfields & Slyfield,1.0,0,0,1,0,0,0,0,0
MIX|Wsol|SUB:SPN-S000000171725,C.Semi.3,1,C.Semi.3:2,Wsol,SUB:SPN-S000000171725,spatial_inference_nearest_substation,2,2,290.6,Bellfields & Slyfield,1.0,0,0,2,0,0,0,0,0
MIX|Wsol|SUB:SPN-S000000171730,C.Semi.3,1,C.Semi.3:2,Wsol,SUB:SPN-S000000171730,spatial_inference_nearest_substation,2,2,186.1,Westborough,1.0,0,0,2,0,0,0,0,0
MIX|Wsol|SUB:SPN-S000000171731,MIX,3,C.Semi.3:3;C.Det.5:2;C.Flat.5:1,Wsol,SUB:SPN-S000000171731,spatial_inference_nearest_substation,6,6,620.0,Westborough,1.0,0,0,6,0,0,0,0,0
MIX|Wsol|SUB:SPN-S000000171732,MIX,2,C.Semi.3:7;C.Semi.9:1,Wsol,SUB:SPN-S000000171732,spatial_inference_nearest_substation,8,8,751.1,Westborough,1.0,0,0,8,0,0,0,0,0
MIX|Wsol|SUB:SPN-S000000171733,MIX,4,C.Semi.3:9;C.Semi.9:2;C.Semi.10:1;C.Det.5:1,Wsol,SUB:SPN-S000000171733,spatial_inference_nearest_substation,13,13,1038.8,Stoughton South,1.0,0,0,13,0,0,0,0,0
MIX|Wsol|SUB:SPN-S000000171734,MIX,6,C.Semi.3:8;C.Semi.9:3;C.Flat.5:2;C.Ter.2:1;C.Flat.6:1;C.Det.5:1,Wsol,SUB:SPN-S000000171734,spatial_inference_nearest_substation,15,16,1572.5,Stoughton South,1.0,0,0,16,0,0,0,0,0
MIX|Wsol|SUB:SPN-S000000171740,MIX,4,C.Semi.3:9;C.Det.5:2;C.Flat.6:2;C.Flat.5:1,Wsol,SUB:SPN-S000000171740,spatial_inference_nearest_substation,13,14,1124.0,Stoughton South,1.0,0,0,13,1,0,0,0,0
MIX|Wsol|SUB:SPN-S000000171741,MIX,7,C.Semi.9:6;C.Ter.4:5;C.Det.5:3;C.Flat.6:3;C.Semi.10:1;C.Semi.6:1,Wsol,SUB:SPN-S000000171741,spatial_inference_nearest_substation,19,20,1561.6,Bellfields & Slyfield,1.0,1,0,18,0,1,0,0,0
MIX|Wsol|SUB:SPN-S000000171742,MIX,6,C.Semi.3:4;C.Det.9:1;C.Det.5:1;C.Ter.2:1;C.Semi.9:1;C.Semi.10:1,Wsol,SUB:SPN-S000000171742,spatial_inference_nearest_substation,9,9,745.1,Stoughton North,1.0,0,0,9,0,0,0,0,0
MIX|Wsol|SUB:SPN-S000000171743,C.Semi.9,1,C.Semi.9:1,Wsol,SUB:SPN-S000000171743,spatial_inference_nearest_substation,1,1,28.7,Bellfields & Slyfield,1.0,0,0,1,0,0,0,0,0
MIX|Wsol|SUB:SPN-S000000171744,MIX,7,C.Flat.6:5;C.Ter.4:4;C.Semi.10:2;C.Flat.8:1;C.Det.8:1;C.Det.9:1,Wsol,SUB:SPN-S000000171744,spatial_inference_nearest_substation,13,15,1101.0,Stoughton South,1.0,0,2,12,1,0,0,0,0
MIX|Wsol|SUB:SPN-S000000171745,MIX,4,C.Semi.3:9;C.Ter.2:3;C.Det.9:1;C.Det.5:1,Wsol,SUB:SPN-S000000171745,spatial_inference_nearest_substation,14,14,1327.0,Stoughton North,1.0,0,0,14,0,0,0,0,0
MIX|Wsol|SUB:SPN-S000000171746,MIX,7,C.Flat.5:6;C.Semi.3:4;C.Det.5:3;C.Flat.8:2;C.Ter.2:2;C.Flat.2:1,Wsol,SUB:SPN-S000000171746,spatial_inference_nearest_substation,11,19,1574.2,Stoughton North,1.0,1,1,17,0,0,0,0,0
MIX|Wsol|SUB:SPN-S000000171749,MIX,4,C.Semi.3:6;C.Semi.9:2;C.Ter.4:1;C.Det.5:1,Wsol,SUB:SPN-S000000171749,spatial_inference_nearest_substation,10,10,921.4,Stoughton North,1.0,0,0,10,0,0,0,0,0
MIX|Wsol|SUB:SPN-S000000171773,MIX,5,C.Ter.4:9;C.Semi.9:3;C.Det.5:3;C.Flat.8:1;C.Semi.10:1,Wsol,SUB:SPN-S000000171773,spatial_inference_nearest_substation,17,17,1486.8,Stoughton South,1.0,0,0,17,0,0,0,0,0
MIX|Wsol|SUB:SPN-S000000171774,MIX,6,C.Semi.3:5;C.Ter.2:4;C.Det.5:2;C.Det.9:2;C.Ter.4:2;C.Semi.9:2,Wsol,SUB:SPN-S000000171774,spatial_inference_nearest_substation,17,17,1860.8,Stoughton South,1.0,1,0,16,0,0,0,0,0
MIX|Wsol|SUB:SPN-S000000171775,MIX,5,C.Det.5:4;C.Det.9:2;C.Semi.9:1;C.Semi.10:1;C.Ter.2:1,Wsol,SUB:SPN-S000000171775,spatial_inference_nearest_substation,9,9,1069.9,Stoughton South,1.0,0,0,9,0,0,0,0,0
MIX|Wsol|SUB:SPN-S000000171780,MIX,4,C.Semi.9:6;C.Det.5:4;C.Semi.10:1;C.Ter.4:1,Wsol,SUB:SPN-S000000171780,spatial_inference_nearest_substation,12,12,1189.1,Stoughton South,1.0,1,0,11,0,0,0,0,0
MIX|Wsol|SUB:SPN-S000000171781,MIX,3,C.Semi.9:2;C.Semi.3:2;C.Det.5:2,Wsol,SUB:SPN-S000000171781,spatial_inference_nearest_substation,6,6,815.7,Stoughton South,1.0,0,0,6,0,0,0,0,0
MIX|Wsol|SUB:SPN-S000000171789,MIX,5,C.Semi.3:4;C.Semi.9:2;C.Det.5:2;C.Semi.11:1;C.Det.9:1,Wsol,SUB:SPN-S000000171789,spatial_inference_nearest_substation,10,10,1069.0,Westborough,1.0,0,0,10,0,0,0,0,0
MIX|Wsol|SUB:SPN-S000000171790,MIX,6,C.Det.5:6;C.Semi.9:3;C.Flat.5:3;C.Semi.10:1;C.Flat.6:1;C.Det.9:1,Wsol,SUB:SPN-S000000171790,spatial_inference_nearest_substation,13,15,1270.8,Westborough,1.0,0,0,15,0,0,0,0,0
MIX|Wsol|SUB:SPN-S000000171792,MIX,7,C.Ter.2:4;C.Flat.8:2;C.Flat.7:2;C.Semi.3:2;C.Flat.6:2;C.Flat.5:1,Wsol,SUB:SPN-S000000171792,spatial_inference_nearest_substation,9,14,974.0,Stoke,1.0,4,2,8,0,0,0,0,0
MIX|Wsol|SUB:SPN-S000000171794,MIX,5,C.Ter.2:6;C.Flat.6:2;C.Det.5:1;C.Flat.5:1;C.Ter.4:1,Wsol,SUB:SPN-S000000171794,spatial_inference_nearest_substation,3,11,967.0,Castle,1.0,0,0,3,8,0,0,0,0
MIX|Wsol|SUB:SPN-S000000171795,MIX,8,C.Flat.5:7;C.Flat.7:7;C.Flat.6:6;C.Det.5:4;C.Ter.4:3;C.Semi.10:2,Wsol,SUB:SPN-S000000171795,spatial_inference_nearest_substation,23,32,2304.1,Stoke,1.0,0,4,28,0,0,0,0,0
MIX|Wsol|SUB:SPN-S000000171796,MIX,8,C.Semi.9:8;C.Ter.2:5;C.Det.5:5;C.Ter.4:3;C.Semi.10:2;C.Flat.8:1,Wsol,SUB:SPN-S000000171796,spatial_inference_nearest_substation,26,26,2703.2,Stoke,1.0,1,0,23,1,0,0,1,0
MIX|Wsol|SUB:SPN-S000000171797,MIX,8,C.Flat.6:7;C.Flat.8:7;C.Flat.5:5;C.Det.5:3;C.Det.8:2;C.Flat.7:1,Wsol,SUB:SPN-S000000171797,spatial_inference_nearest_substation,22,27,1765.1,Stoke,1.0,2,4,21,0,0,0,0,0
MIX|Wsol|SUB:SPN-S000000171798,MIX,7,C.Flat.6:8;C.Ter.4:7;C.Flat.8:4;C.Flat.7:4;C.Det.9:2;C.Semi.10:2,Wsol,SUB:SPN-S000000171798,spatial_inference_nearest_substation,26,29,2190.8,Stoke,1.0,0,3,25,0,1,0,0,0
MIX|Wsol|SUB:SPN-S000000171802,MIX,5,C.Flat.5:3;C.Flat.8:1;C.Flat.6:1;C.Det.5:1;C.Semi.3:1,Wsol,SUB:SPN-S000000171802,spatial_inference_nearest_substation,5,7,410.3,Castle,1.0,3,2,2,0,0,0,0,0
MIX|Wsol|SUB:SPN-S000000171804,MIX,6,C.Flat.7:5;C.Det.5:5;C.Flat.3:1;C.Ter.2:1;C.Flat.6:1;C.Det.8:1,Wsol,SUB:SPN-S000000171804,spatial_inference_nearest_substation,12,14,2763.0,Castle,1.0,0,1,11,2,0,0,0,0
MIX|Wsol|SUB:SPN-S000000171806,MIX,5,C.Semi.10:9;C.Flat.8:3;C.Ter.4:3;C.Det.5:3;C.Ter.2:2,Wsol,SUB:SPN-S000000171806,spatial_inference_nearest_substation,20,20,3249.2,Stoke,1.0,0,1,17,0,2,0,0,0
MIX|Wsol|SUB:SPN-S000000171807,MIX,10,C.Flat.8:7;C.Semi.3:6;C.Flat.6:5;C.Semi.9:4;C.Det.8:4;C.Det.5:2,Wsol,SUB:SPN-S000000171807,spatial_inference_nearest_substation,31,33,4377.7,Castle,1.0,6,1,25,1,0,0,0,0
MIX|Wsol|SUB:SPN-S000000171808,MIX,9,C.Det.5:8;C.Semi.3:7;C.Flat.8:2;C.Semi.10:2;C.Det.8:2;C.Ter.2:1,Wsol,SUB:SPN-S000000171808,spatial_inference_nearest_substation,25,25,4701.5,Castle,1.0,0,0,23,0,0,0,2,0
MIX|Wsol|SUB:SPN-S000000171810,MIX,8,C.Flat.5:8;C.Flat.7:7;C.Flat.6:4;C.Det.5:3;C.Det.9:1;C.Semi.3:1,Wsol,SUB:SPN-S000000171810,spatial_inference_nearest_substation,11,26,2653.6,Castle,1.0,2,4,19,0,0,0,1,0
MIX|Wsol|SUB:SPN-S000000171811,MIX,4,C.Flat.6:3;C.Det.9:2;C.Det.5:2;C.Ter.2:1,Wsol,SUB:SPN-S000000171811,spatial_inference_nearest_substation,7,8,1354.3,Castle,1.0,0,0,8,0,0,0,0,0
MIX|Wsol|SUB:SPN-S000000171812,MIX,8,C.Det.5:8;C.Flat.6:5;C.Flat.8:4;C.Det.9:4;C.Semi.9:4;C.Semi.10:2,Wsol,SUB:SPN-S000000171812,spatial_inference_nearest_substation,29,29,5136.1,Castle,1.0,0,4,25,0,0,0,0,0
MIX|Wsol|SUB:SPN-S000000171813,MIX,9,C.Det.5:7;C.Flat.6:5;C.Flat.8:5;C.Ter.2:3;C.Det.9:3;C.Semi.9:2,Wsol,SUB:SPN-S000000171813,spatial_inference_nearest_substation,27,29,4314.0,Castle,1.0,1,2,23,3,0,0,0,0
MIX|Wsol|SUB:SPN-S000000171814,MIX,12,C.Flat.5:8;C.Semi.9:4;C.Det.5:3;C.Semi.3:3;C.Ter.2:3;C.Flat.7:2,Wsol,SUB:SPN-S000000171814,spatial_inference_nearest_substation,20,30,4169.4,Castle,1.0,0,1,29,0,0,0,0,0
MIX|Wsol|SUB:SPN-S000000171815,MIX,6,C.Det.5:7;C.Semi.3:2;C.Flat.7:1;C.Flat.6:1;C.Semi.9:1;C.Ter.2:1,Wsol,SUB:SPN-S000000171815,spatial_inference_nearest_substation,12,13,2179.4,Castle,1.0,0,0,13,0,0,0,0,0
MIX|Wsol|SUB:SPN-S000000171816,MIX,3,C.Semi.9:1;C.Semi.3:1;C.Ter.2:1,Wsol,SUB:SPN-S000000171816,spatial_inference_nearest_substation,2,3,488.0,Castle,1.0,0,0,3,0,0,0,0,0
MIX|Wsol|SUB:SPN-S000000171817,MIX,3,C.Det.5:2;C.Ter.2:1;C.Det.9:1,Wsol,SUB:SPN-S000000171817,spatial_inference_nearest_substation,4,4,1109.3,Castle,1.0,0,0,4,0,0,0,0,0
MIX|Wsol|SUB:SPN-S000000171821,MIX,2,C.Det.5:4;C.Det.8:1,Wsol,SUB:SPN-S000000171821,spatial_inference_nearest_substation,5,5,1362.3,Castle,1.0,0,0,5,0,0,0,0,0
MIX|Wsol|SUB:SPN-S000000171822,MIX,2,C.Det.5:2;C.Det.9:1,Wsol,SUB:SPN-S000000171822,spatial_inference_nearest_substation,3,3,836.0,Castle,1.0,1,0,0,0,0,0,2,0
MIX|Wsol|SUB:SPN-S000000171828,MIX,8,C.Semi.9:6;C.Flat.5:4;C.Ter.2:4;C.Flat.6:3;C.Det.5:2;C.Det.8:2,Wsol,SUB:SPN-S000000171828,spatial_inference_nearest_substation,19,23,2100.4,Stoughton South,1.0,1,1,21,0,0,0,0,0
MIX|Wsol|SUB:SPN-S000000171829,MIX,7,C.Det.5:6;C.Semi.3:4;C.Flat.8:3;C.Ter.2:3;C.Semi.9:1;C.Flat.6:1,Wsol,SUB:SPN-S000000171829,spatial_inference_nearest_substation,19,19,1983.5,Stoughton South,1.0,0,3,16,0,0,0,0,0
MIX|Wsol|SUB:SPN-S000000171830,MIX,6,C.Flat.6:5;C.Semi.9:2;C.Det.5:2;C.Det.8:1;C.Det.9:1;C.Flat.5:1,Wsol,SUB:SPN-S000000171830,spatial_inference_nearest_substation,10,12,1440.8,Stoughton South,1.0,2,1,9,0,0,0,0,0
MIX|Wsol|SUB:SPN-S000000171831,MIX,3,C.Det.5:5;C.Det.9:3;C.Semi.9:2,Wsol,SUB:SPN-S000000171831,spatial_inference_nearest_substation,9,10,1299.6,Stoughton South,1.0,0,0,10,0,0,0,0,0
MIX|Wsol|SUB:SPN-S000000171832,MIX,5,C.Ter.2:5;C.Semi.9:2;C.Flat.5:1;C.Flat.6:1;C.Det.5:1,Wsol,SUB:SPN-S000000171832,spatial_inference_nearest_substation,9,10,748.3,Westborough,1.0,0,0,10,0,0,0,0,0
MIX|Wsol|SUB:SPN-S000000171833,MIX,6,C.Ter.2:7;C.Flat.6:4;C.Ter.4:4;C.Semi.9:2;C.Flat.5:2;C.Det.5:1,Wsol,SUB:SPN-S000000171833,spatial_inference_nearest_substation,17,20,1781.6,Stoughton South,1.0,1,3,16,0,0,0,0,0
MIX|Wsol|SUB:SPN-S000000171834,MIX,7,C.Semi.9:5;C.Flat.5:5;C.Det.5:4;C.Ter.2:3;C.Flat.6:2;C.Semi.10:2,Wsol,SUB:SPN-S000000171834,spatial_inference_nearest_substation,19,22,2119.8,Stoke,1.0,0,2,20,0,0,0,0,0
MIX|Wsol|SUB:SPN-S000000171836,MIX,6,C.Flat.6:4;C.Det.9:2;C.Flat.8:1;C.Flat.2:1;C.Det.5:1;C.Flat.7:1,Wsol,SUB:SPN-S000000171836,spatial_inference_nearest_substation,10,10,1304.0,Burpham,1.0,1,4,4,1,0,0,0,0
MIX|Wsol|SUB:SPN-S000000171837,MIX,2,C.Det.5:4;C.Det.9:2,Wsol,SUB:SPN-S000000171837,spatial_inference_nearest_substation,6,6,1521.2,Burpham,1.0,0,0,6,0,0,0,0,0
MIX|Wsol|SUB:SPN-S000000171838,MIX,6,C.Flat.1:1;C.Semi.3:1;C.Flat.5:1;C.Flat.6:1;C.Flat.8:1;C.Flat.7:1,Wsol,SUB:SPN-S000000171838,spatial_inference_nearest_substation,2,6,391.0,Burpham,1.0,1,0,5,0,0,0,0,0
MIX|Wsol|SUB:SPN-S000000171839,MIX,4,C.Det.5:4;C.Semi.3:3;C.Ter.2:3;C.Semi.6:1,Wsol,SUB:SPN-S000000171839,spatial_inference_nearest_substation,11,11,1584.2,Burpham,1.0,0,0,11,0,0,0,0,0
MIX|Wsol|SUB:SPN-S000000171840,MIX,2,C.Det.9:1;C.Semi.10:1,Wsol,SUB:SPN-S000000171840,spatial_inference_nearest_substation,2,2,400.4,Burpham,1.0,0,0,2,0,0,0,0,0
MIX|Wsol|SUB:SPN-S000000171845,MIX,5,C.Flat.7:3;C.Det.5:3;C.Flat.5:3;C.Semi.3:1;C.Det.8:1,Wsol,SUB:SPN-S000000171845,spatial_inference_nearest_substation,6,11,1454.0,Burpham,1.0,0,1,10,0,0,0,0,0
MIX|Wsol|SUB:SPN-S000000171846,C.Flat.5,1,C.Flat.5:9,Wsol,SUB:SPN-S000000171846,spatial_inference_nearest_substation,1,9,349.0,Burpham,1.0,1,8,0,0,0,0,0,0
MIX|Wsol|SUB:SPN-S000000171847,MIX,3,C.Det.5:3;C.Semi.3:1;C.Semi.9:1,Wsol,SUB:SPN-S000000171847,spatial_inference_nearest_substation,5,5,1035.2,Stoke,1.0,0,0,5,0,0,0,0,0
MIX|Wsol|SUB:SPN-S000000171848,C.Det.5,1,C.Det.5:4,Wsol,SUB:SPN-S000000171848,spatial_inference_nearest_substation,4,4,947.6,Burpham,1.0,0,0,4,0,0,0,0,0
MIX|Wsol|SUB:SPN-S000000171849,MIX,3,C.Flat.5:1;C.Ter.2:1;C.Semi.3:1,Wsol,SUB:SPN-S000000171849,spatial_inference_nearest_substation,3,3,169.9,Merrow,1.0,0,0,3,0,0,0,0,0
MIX|Wsol|SUB:SPN-S000000171850,C.Det.5,1,C.Det.5:2,Wsol,SUB:SPN-S000000171850,spatial_inference_nearest_substation,2,2,369.8,Burpham,1.0,0,0,2,0,0,0,0,0
MIX|Wsol|SUB:SPN-S000000171851,MIX,3,C.Semi.3:3;C.Semi.10:1;C.Flat.7:1,Wsol,SUB:SPN-S000000171851,spatial_inference_nearest_substation,4,5,427.2,Burpham,1.0,0,0,4,0,0,0,1,0
MIX|Wsol|SUB:SPN-S000000171852,MIX,3,C.Semi.3:2;C.Det.5:2;C.Semi.6:1,Wsol,SUB:SPN-S000000171852,spatial_inference_nearest_substation,5,5,825.0,Merrow,1.0,0,0,5,0,0,0,0,0
MIX|Wsol|SUB:SPN-S000000171853,MIX,2,C.Semi.3:1;C.Det.5:1,Wsol,SUB:SPN-S000000171853,spatial_inference_nearest_substation,2,2,289.5,Burpham,1.0,0,0,2,0,0,0,0,0
MIX|Wsol|SUB:SPN-S000000171854,MIX,2,C.Det.5:2;C.Det.9:1,Wsol,SUB:SPN-S000000171854,spatial_inference_nearest_substation,3,3,504.8,Burpham,1.0,0,0,3,0,0,0,0,0
MIX|Wsol|SUB:SPN-S000000171855,MIX,2,C.Det.5:2;C.Det.8:1,Wsol,SUB:SPN-S000000171855,spatial_inference_nearest_substation,3,3,1033.8,Burpham,1.0,0,0,3,0,0,0,0,0
MIX|Wsol|SUB:SPN-S000000171856,MIX,3,C.Det.9:2;C.Semi.3:2;C.Det.5:1,Wsol,SUB:SPN-S000000171856,spatial_inference_nearest_substation,5,5,498.8,Burpham,1.0,0,0,5,0,0,0,0,0
MIX|Wsol|SUB:SPN-S000000171857,C.Semi.3,1,C.Semi.3:1,Wsol,SUB:SPN-S000000171857,spatial_inference_nearest_substation,1,1,59.8,Merrow,1.0,0,0,1,0,0,0,0,0
MIX|Wsol|SUB:SPN-S000000171858,MIX,2,C.Det.5:2;C.Semi.3:1,Wsol,SUB:SPN-S000000171858,spatial_inference_nearest_substation,3,3,646.6,Merrow,1.0,0,0,3,0,0,0,0,0
MIX|Wsol|SUB:SPN-S000000171859,C.Semi.3,1,C.Semi.3:1,Wsol,SUB:SPN-S000000171859,spatial_inference_nearest_substation,1,1,157.2,Merrow,1.0,0,0,1,0,0,0,0,0
MIX|Wsol|SUB:SPN-S000000171860,MIX,2,C.Semi.3:1;C.Det.5:1,Wsol,SUB:SPN-S000000171860,spatial_inference_nearest_substation,2,2,216.8,Merrow,1.0,0,0,2,0,0,0,0,0
MIX|Wsol|SUB:SPN-S000000171861,MIX,3,C.Det.5:4;C.Semi.3:2;C.Flat.5:1,Wsol,SUB:SPN-S000000171861,spatial_inference_nearest_substation,7,7,805.4,Merrow,1.0,0,0,7,0,0,0,0,0
MIX|Wsol|SUB:SPN-S000000171862,MIX,4,C.Det.5:3;C.Flat.7:3;C.Flat.5:1;C.Det.4:1,Wsol,SUB:SPN-S000000171862,spatial_inference_nearest_substation,5,8,1269.8,Merrow,1.0,0,0,8,0,0,0,0,0
MIX|Wsol|SUB:SPN-S000000171863,MIX,4,C.Det.5:5;C.Flat.5:1;C.Flat.6:1;C.Det.9:1,Wsol,SUB:SPN-S000000171863,spatial_inference_nearest_substation,7,8,1267.2,Merrow,1.0,0,0,8,0,0,0,0,0
MIX|Wsol|SUB:SPN-S000000171864,MIX,9,C.Ter.2:6;C.Semi.9:5;C.Flat.5:5;C.Flat.6:3;C.Flat.7:3;C.Det.5:2,Wsol,SUB:SPN-S000000171864,spatial_inference_nearest_substation,21,27,2617.1,Merrow,1.0,0,0,27,0,0,0,0,0
MIX|Wsol|SUB:SPN-S000000171865,MIX,9,C.Semi.9:4;C.Det.9:3;C.Flat.5:3;C.Det.5:2;C.Flat.8:2;C.Flat.6:2,Wsol,SUB:SPN-S000000171865,spatial_inference_nearest_substation,14,19,2177.9,Merrow,1.0,0,1,18,0,0,0,0,0
MIX|Wsol|SUB:SPN-S000000171866,MIX,2,C.Det.5:2;C.Semi.3:1,Wsol,SUB:SPN-S000000171866,spatial_inference_nearest_substation,3,3,724.6,Merrow,1.0,0,0,3,0,0,0,0,0
MIX|Wsol|SUB:SPN-S000000171867,MIX,6,C.Det.5:3;C.Semi.3:2;C.Ter.2:1;C.Det.8:1;C.Flat.8:1;C.Semi.9:1,Wsol,SUB:SPN-S000000171867,spatial_inference_nearest_substation,9,9,1487.6,Merrow,1.0,0,1,8,0,0,0,0,0
MIX|Wsol|SUB:SPN-S000000171868,C.Det.5,1,C.Det.5:1,Wsol,SUB:SPN-S000000171868,spatial_inference_nearest_substation,1,1,292.9,Merrow,1.0,0,0,1,0,0,0,0,0
MIX|Wsol|SUB:SPN-S000000171869,MIX,4,C.Det.5:3;C.Semi.3:1;C.Det.9:1;C.Ter.4:1,Wsol,SUB:SPN-S000000171869,spatial_inference_nearest_substation,6,6,1111.3,Merrow,1.0,0,0,5,0,0,0,1,0
MIX|Wsol|SUB:SPN-S000000171870,MIX,6,C.Flat.6:3;C.Semi.3:3;C.Det.5:2;C.Flat.8:1;C.Det.9:1;C.Det.8:1,Wsol,SUB:SPN-S000000171870,spatial_inference_nearest_substation,10,11,1235.9,Merrow,1.0,0,0,9,2,0,0,0,0
MIX|Wsol|SUB:SPN-S000000171871,MIX,3,C.Det.8:2;C.Det.5:1;C.Det.9:1,Wsol,SUB:SPN-S000000171871,spatial_inference_nearest_substation,4,4,857.0,Merrow,1.0,0,0,4,0,0,0,0,0
MIX|Wsol|SUB:SPN-S000000171872,C.Det.5,1,C.Det.5:1,Wsol,SUB:SPN-S000000171872,spatial_inference_nearest_substation,1,1,228.1,Burpham,1.0,0,0,1,0,0,0,0,0
MIX|Wsol|SUB:SPN-S000000171873,MIX,4,C.Semi.3:4;C.Det.5:2;C.Det.9:1;C.Flat.6:1,Wsol,SUB:SPN-S000000171873,spatial_inference_nearest_substation,8,8,893.1,Castle,1.0,0,1,7,0,0,0,0,0
MIX|Wsol|SUB:SPN-S000000171874,MIX,8,C.Det.5:3;C.Ter.2:3;C.Det.9:2;C.Flat.8:1;C.Flat.7:1;C.Ter.4:1,Wsol,SUB:SPN-S000000171874,spatial_inference_nearest_substation,11,13,2714.3,Merrow,1.0,0,1,12,0,0,0,0,0
MIX|Wsol|SUB:SPN-S000000171875,MIX,2,C.Det.5:2;C.Det.9:1,Wsol,SUB:SPN-S000000171875,spatial_inference_nearest_substation,3,3,551.3,Merrow,1.0,0,0,3,0,0,0,0,0
MIX|Wsol|SUB:SPN-S000000171877,MIX,2,C.Det.5:4;C.Semi.3:2,Wsol,SUB:SPN-S000000171877,spatial_inference_nearest_substation,6,6,1309.5,Merrow,1.0,0,0,6,0,0,0,0,0
MIX|Wsol|SUB:SPN-S000000171878,C.Det.5,1,C.Det.5:1,Wsol,SUB:SPN-S000000171878,spatial_inference_nearest_substation,1,1,309.9,Merrow,1.0,0,0,1,0,0,0,0,0
MIX|Wsol|SUB:SPN-S000000171879,MIX,2,C.Flat.5:1;C.Det.5:1,Wsol,SUB:SPN-S000000171879,spatial_inference_nearest_substation,2,2,303.2,Merrow,1.0,0,0,2,0,0,0,0,0
MIX|Wsol|SUB:SPN-S000000171885,C.Det.5,1,C.Det.5:1,Wsol,SUB:SPN-S000000171885,spatial_inference_nearest_substation,1,1,117.0,Burpham,1.0,0,0,1,0,0,0,0,0
MIX|Wsol|SUB:SPN-S000000171887,C.Det.5,1,C.Det.5:2,Wsol,SUB:SPN-S000000171887,spatial_inference_nearest_substation,2,2,226.1,Burpham,1.0,0,0,2,0,0,0,0,0
MIX|Wsol|SUB:SPN-S000000171888,C.Semi.11,1,C.Semi.11:1,Wsol,SUB:SPN-S000000171888,spatial_inference_nearest_substation,1,1,67.0,Merrow,1.0,0,0,1,0,0,0,0,0
MIX|Wsol|SUB:SPN-S000000171891,C.Semi.3,1,C.Semi.3:1,Wsol,SUB:SPN-S000000171891,spatial_inference_nearest_substation,1,1,67.2,Merrow,1.0,0,0,1,0,0,0,0,0
MIX|Wsol|SUB:SPN-S000000171923,MIX,2,C.Det.9:1;C.Det.5:1,Wsol,SUB:SPN-S000000171923,spatial_inference_nearest_substation,2,2,509.6,Castle,1.0,0,0,2,0,0,0,0,0
MIX|Wsol|SUB:SPN-S000000171924,MIX,5,C.Det.9:3;C.Det.5:1;C.Det.8:1;C.Flat.7:1;C.Semi.9:1,Wsol,SUB:SPN-S000000171924,spatial_inference_nearest_substation,7,7,1000.5,Castle,1.0,0,0,7,0,0,0,0,0
MIX|Wsol|SUB:SPN-S000000171925,MIX,5,C.Det.5:6;C.Det.9:2;C.Det.8:1;C.Semi.10:1;C.Flat.5:1,Wsol,SUB:SPN-S000000171925,spatial_inference_nearest_substation,11,11,3101.5,Castle,1.0,0,0,11,0,0,0,0,0
MIX|Wsol|SUB:SPN-S000000171926,MIX,6,C.Det.8:2;C.Flat.7:2;C.Det.5:2;C.Flat.8:1;C.Flat.6:1;C.Semi.3:1,Wsol,SUB:SPN-S000000171926,spatial_inference_nearest_substation,6,9,1485.7,Castle,1.0,0,0,8,0,0,0,1,0
MIX|Wsol|SUB:SPN-S000000171927,MIX,3,C.Det.5:3;C.Det.9:2;C.Semi.3:2,Wsol,SUB:SPN-S000000171927,spatial_inference_nearest_substation,7,7,1716.7,Castle,1.0,0,0,6,0,0,0,1,0
MIX|Wsol|SUB:SPN-S000000171928,MIX,2,C.Det.5:2;C.Det.8:1,Wsol,SUB:SPN-S000000171928,spatial_inference_nearest_substation,3,3,1078.3,Castle,1.0,0,0,3,0,0,0,0,0
MIX|Wsol|SUB:SPN-S000000171929,MIX,6,C.Flat.5:5;C.Flat.6:5;C.Flat.8:4;C.Flat.7:3;C.Det.5:3;C.Ter.4:1,Wsol,SUB:SPN-S000000171929,spatial_inference_nearest_substation,9,21,2334.0,Castle,1.0,0,0,9,11,0,0,1,0
MIX|Wsol|SUB:SPN-S000000171968,MIX,3,C.Det.5:4;C.Det.8:2;C.Semi.3:1,Wsol,SUB:SPN-S000000171968,spatial_inference_nearest_substation,7,7,1711.8,Castle,1.0,0,0,7,0,0,0,0,0
MIX|Wsol|SUB:SPN-S000000171969,MIX,9,C.Flat.5:4;C.Flat.7:3;C.Semi.3:2;C.Ter.4:2;C.Ter.2:2;C.Det.5:1,Wsol,SUB:SPN-S000000171969,spatial_inference_nearest_substation,13,17,3165.9,Castle,1.0,5,0,12,0,0,0,0,0
MIX|Wsol|SUB:SPN-S000000171971,MIX,8,C.Semi.9:6;C.Det.5:5;C.Semi.10:3;C.Flat.6:3;C.Flat.7:3;C.Ter.4:3,Wsol,SUB:SPN-S000000171971,spatial_inference_nearest_substation,24,27,3171.7,Castle,1.0,0,1,26,0,0,0,0,0
MIX|Wsol|SUB:SPN-S000000171972,MIX,9,C.Det.5:5;C.Semi.10:5;C.Flat.7:2;C.Flat.5:2;C.Ter.2:1;C.Flat.6:1,Wsol,SUB:SPN-S000000171972,spatial_inference_nearest_substation,15,19,1873.2,Castle,1.0,3,0,16,0,0,0,0,0
MIX|Wsol|SUB:SPN-S000000171973,MIX,6,C.Det.5:3;C.Semi.3:3;C.Semi.9:3;C.Det.8:2;C.Flat.7:1;C.Det.9:1,Wsol,SUB:SPN-S000000171973,spatial_inference_nearest_substation,13,13,2322.0,Castle,1.0,0,0,10,0,2,0,1,0
MIX|Wsol|SUB:SPN-S000000171974,MIX,5,C.Flat.5:2;C.Det.8:2;C.Det.9:2;C.Det.5:1;C.Flat.6:1,Wsol,SUB:SPN-S000000171974,spatial_inference_nearest_substation,6,8,2248.1,Castle,1.0,0,0,8,0,0,0,0,0
MIX|Wsol|SUB:SPN-S000000171975,MIX,4,C.Ter.4:7;C.Semi.9:6;C.Flat.6:4;C.Flat.5:2,Wsol,SUB:SPN-S000000171975,spatial_inference_nearest_substation,18,19,1526.1,Castle,1.0,0,2,17,0,0,0,0,0
MIX|Wsol|SUB:SPN-S000000171976,MIX,9,C.Ter.2:8;C.Semi.3:6;C.Flat.5:3;C.Semi.10:2;C.Ter.4:2;C.Flat.8:1,Wsol,SUB:SPN-S000000171976,spatial_inference_nearest_substation,22,25,1720.9,Castle,1.0,0,0,25,0,0,0,0,0
MIX|Wsol|SUB:SPN-S000000171979,C.Det.8,1,C.Det.8:1,Wsol,SUB:SPN-S000000171979,spatial_inference_nearest_substation,1,1,142.0,Castle,1.0,0,0,1,0,0,0,0,0
MIX|Wsol|SUB:SPN-S000000172024,C.Det.9,1,C.Det.9:1,Wsol,SUB:SPN-S000000172024,spatial_inference_nearest_substation,1,1,180.6,Onslow,1.0,0,0,1,0,0,0,0,0
MIX|Wsol|SUB:SPN-S000000172025,MIX,3,C.Det.5:5;C.Det.9:1;C.Semi.3:1,Wsol,SUB:SPN-S000000172025,spatial_inference_nearest_substation,7,7,1190.2,Onslow,1.0,1,0,6,0,0,0,0,0
MIX|Wsol|SUB:SPN-S000000173197,MIX,4,C.Semi.3:8;C.Semi.9:2;C.Flat.6:1;C.Semi.10:1,Wsol,SUB:SPN-S000000173197,spatial_inference_nearest_substation,12,12,1098.5,Stoughton North,1.0,0,5,7,0,0,0,0,0
MIX|Wsol|SUB:SPN-S000000173929,MIX,2,C.Det.5:1;C.Semi.3:1,Wsol,SUB:SPN-S000000173929,spatial_inference_nearest_substation,2,2,367.1,Burpham,1.0,0,0,2,0,0,0,0,0
MIX|Wsol|SUB:SPN-S000000173931,MIX,4,C.Semi.3:7;C.Ter.2:2;C.Semi.9:1;C.Det.5:1,Wsol,SUB:SPN-S000000173931,spatial_inference_nearest_substation,11,11,1004.6,Stoughton North,1.0,0,0,11,0,0,0,0,0
MIX|Wsol|SUB:SPN-S000000173973,MIX,2,C.Semi.3:3;C.Semi.9:1,Wsol,SUB:SPN-S000000173973,spatial_inference_nearest_substation,4,4,391.0,Onslow,1.0,0,0,4,0,0,0,0,0
MIX|Wsol|SUB:SPN-S000000173976,C.Det.5,1,C.Det.5:2,Wsol,SUB:SPN-S000000173976,spatial_inference_nearest_substation,2,2,317.9,Bellfields & Slyfield,1.0,0,0,2,0,0,0,0,0
MIX|Wsol|SUB:SPN-S000000173993,MIX,2,C.Semi.3:1;C.Semi.9:1,Wsol,SUB:SPN-S000000173993,spatial_inference_nearest_substation,2,2,583.0,Castle,1.0,0,0,2,0,0,0,0,0
MIX|Wsol|SUB:SPN-S000000174043,MIX,4,C.Ter.4:9;C.Det.9:7;C.Flat.8:5;C.Semi.10:1,Wsol,SUB:SPN-S000000174043,spatial_inference_nearest_substation,22,22,2471.2,Onslow,1.0,1,0,21,0,0,0,0,0
MIX|Wsol|SUB:SPN-S000000174077,MIX,4,C.Flat.5:2;C.Semi.10:2;C.Flat.6:1;C.Det.5:1,Wsol,SUB:SPN-S000000174077,spatial_inference_nearest_substation,5,6,508.8,Onslow,1.0,0,0,5,0,0,1,0,0
MIX|Wsol|SUB:SPN-S000000174080,MIX,8,C.Semi.9:9;C.Ter.4:7;C.Semi.10:7;C.Flat.5:6;C.Flat.6:5;C.Flat.7:5,Wsol,SUB:SPN-S000000174080,spatial_inference_nearest_substation,32,42,2972.7,Castle,1.0,4,4,34,0,0,0,0,0
MIX|Wsol|SUB:SPN-S000000174088,MIX,7,C.Semi.3:9;C.Flat.6:6;C.Semi.9:5;C.Ter.2:5;C.Ter.4:3;C.Det.5:2,Wsol,SUB:SPN-S000000174088,spatial_inference_nearest_substation,32,32,3383.8,Stoke,1.0,0,2,28,0,1,0,0,1
MIX|Wsol|SUB:SPN-S000000174089,MIX,2,C.Semi.3:2;C.Det.9:1,Wsol,SUB:SPN-S000000174089,spatial_inference_nearest_substation,3,3,567.2,Onslow,1.0,0,0,3,0,0,0,0,0
MIX|Wsol|SUB:SPN-S000000174155,MIX,3,C.Semi.3:4;C.Det.9:1;C.Det.5:1,Wsol,SUB:SPN-S000000174155,spatial_inference_nearest_substation,6,6,1034.2,Merrow,1.0,0,0,5,0,0,0,1,0
MIX|Wsol|SUB:SPN-S000000174167,C.Flat.8,1,C.Flat.8:1,Wsol,SUB:SPN-S000000174167,spatial_inference_nearest_substation,1,1,143.0,Stoke,1.0,0,0,1,0,0,0,0,0
MIX|Wsol|SUB:SPN-S000000174198,MIX,4,C.Semi.3:4;C.Semi.9:4;C.Ter.4:1;C.Ter.2:1,Wsol,SUB:SPN-S000000174198,spatial_inference_nearest_substation,10,10,963.1,Bellfields & Slyfield,1.0,0,0,10,0,0,0,0,0
MIX|Wsol|SUB:SPN-S000000174201,MIX,7,C.Det.5:3;C.Flat.6:2;C.Flat.5:2;C.Semi.3:2;C.Flat.7:1;C.Flat.8:1,Wsol,SUB:SPN-S000000174201,spatial_inference_nearest_substation,7,12,1266.3,Castle,1.0,0,0,12,0,0,0,0,0
MIX|Wsol|SUB:SPN-S000000174232,C.Semi.3,1,C.Semi.3:2,Wsol,SUB:SPN-S000000174232,spatial_inference_nearest_substation,2,2,182.6,Westborough,1.0,0,0,2,0,0,0,0,0
MIX|Wsol|SUB:SPN-S000000174234,C.Ter.2,1,C.Ter.2:1,Wsol,SUB:SPN-S000000174234,spatial_inference_nearest_substation,1,1,161.6,Stoughton North,1.0,0,0,1,0,0,0,0,0
MIX|Wsol|SUB:SPN-S000000174239,MIX,7,C.Flat.5:9;C.Det.5:6;C.Semi.10:5;C.Flat.6:4;C.Flat.8:1;C.Flat.7:1,Wsol,SUB:SPN-S000000174239,spatial_inference_nearest_substation,21,27,1676.8,Stoke,1.0,1,1,25,0,0,0,0,0
MIX|Wsol|SUB:SPN-S000000174301,MIX,11,C.Flat.5:9;C.Semi.9:7;C.Flat.6:6;C.Flat.8:5;C.Ter.2:4;C.Det.9:2,Wsol,SUB:SPN-S000000174301,spatial_inference_nearest_substation,26,38,3007.2,Stoke,1.0,2,1,35,0,0,0,0,0
MIX|Wsol|SUB:SPN-S000000174543,MIX,2,C.Det.5:1;C.Det.9:1,Wsol,SUB:SPN-S000000174543,spatial_inference_nearest_substation,1,2,294.0,Stoke,1.0,0,0,2,0,0,0,0,0
MIX|Wsol|SUB:SPN-S000000174619,MIX,4,C.Det.5:3;C.Det.9:1;C.Det.8:1;C.Semi.10:1,Wsol,SUB:SPN-S000000174619,spatial_inference_nearest_substation,6,6,1273.8,Merrow,1.0,0,0,6,0,0,0,0,0
MIX|Wsol|SUB:SPN-S000000174640,MIX,3,C.Det.5:2;C.Ter.2:2;C.Ter.4:1,Wsol,SUB:SPN-S000000174640,spatial_inference_nearest_substation,5,5,821.6,Merrow,1.0,1,0,4,0,0,0,0,0
MIX|Wsol|SUB:SPN-S000000174673,MIX,4,C.Ter.2:1;C.Semi.9:1;C.Det.5:1;C.Ter.4:1,Wsol,SUB:SPN-S000000174673,spatial_inference_nearest_substation,4,4,361.8,Merrow,1.0,0,0,4,0,0,0,0,0
MIX|Wsol|SUB:SPN-S000000174692,C.Ter.4,1,C.Ter.4:1,Wsol,SUB:SPN-S000000174692,spatial_inference_nearest_substation,1,1,153.7,Merrow,1.0,0,0,1,0,0,0,0,0
MIX|Wsol|SUB:SPN-S000000174710,MIX,4,C.Flat.6:2;C.Det.5:2;C.Semi.10:1;C.Det.9:1,Wsol,SUB:SPN-S000000174710,spatial_inference_nearest_substation,6,6,1161.5,St Nicolas,1.0,0,1,4,0,0,0,1,0
MIX|Wsol|SUB:SPN-S000000174720,MIX,9,C.Ter.4:7;C.Semi.9:6;C.Flat.6:3;C.Flat.2:2;C.Det.5:1;C.Flat.4:1,Wsol,SUB:SPN-S000000174720,spatial_inference_nearest_substation,20,23,2417.0,St Nicolas,1.0,2,0,21,0,0,0,0,0
MIX|Wsol|SUB:SPN-S000000174722,MIX,4,C.Semi.3:5;C.Det.5:2;C.Ter.2:2;C.Det.9:1,Wsol,SUB:SPN-S000000174722,spatial_inference_nearest_substation,10,10,1124.5,Merrow,1.0,0,0,10,0,0,0,0,0
MIX|Wsol|SUB:SPN-S000000174751,MIX,10,C.Ter.2:6;C.Flat.6:5;C.Ter.4:5;C.Flat.7:5;C.Det.5:3;C.Flat.8:3,Wsol,SUB:SPN-S000000174751,spatial_inference_nearest_substation,30,35,3099.7,Stoke,1.0,0,1,34,0,0,0,0,0
MIX|Wsol|SUB:SPN-S000000174777,MIX,2,C.Semi.3:2;C.Det.5:2,Wsol,SUB:SPN-S000000174777,spatial_inference_nearest_substation,4,4,670.9,Burpham,1.0,0,0,4,0,0,0,0,0
MIX|Wsol|SUB:SPN-S000000174785,MIX,6,C.Semi.3:4;C.Det.5:2;C.Semi.9:1;C.Flat.7:1;C.Ter.2:1;C.Semi.11:1,Wsol,SUB:SPN-S000000174785,spatial_inference_nearest_substation,10,10,965.1,Stoughton South,1.0,1,1,8,0,0,0,0,0
MIX|Wsol|SUB:SPN-S000000174792,MIX,2,C.Semi.3:2;C.Det.5:1,Wsol,SUB:SPN-S000000174792,spatial_inference_nearest_substation,3,3,597.3,Burpham,1.0,0,0,2,0,0,1,0,0
MIX|Wsol|SUB:SPN-S000000174793,MIX,9,C.Ter.2:9;C.Flat.5:7;C.Ter.4:7;C.Flat.6:7;C.Flat.2:1;C.Flat.4:1,Wsol,SUB:SPN-S000000174793,spatial_inference_nearest_substation,25,35,3033.0,Stoke,1.0,3,3,28,1,0,0,0,0
MIX|Wsol|SUB:SPN-S000000174812,C.Semi.3,1,C.Semi.3:1,Wsol,SUB:SPN-S000000174812,spatial_inference_nearest_substation,1,1,62.2,Westborough,1.0,0,0,1,0,0,0,0,0
MIX|Wsol|SUB:SPN-S000000174842,MIX,2,C.Det.5:3;C.Semi.10:1,Wsol,SUB:SPN-S000000174842,spatial_inference_nearest_substation,4,4,552.5,Stoughton North,1.0,1,0,2,1,0,0,0,0
MIX|Wsol|SUB:SPN-S000000174852,MIX,4,C.Det.5:3;C.Semi.3:2;C.Semi.9:1;C.Semi.6:1,Wsol,SUB:SPN-S000000174852,spatial_inference_nearest_substation,7,7,795.6,Burpham,1.0,0,0,7,0,0,0,0,0
MIX|Wsol|SUB:SPN-S000000174894,MIX,3,C.Semi.3:4;C.Semi.9:1;C.Det.5:1,Wsol,SUB:SPN-S000000174894,spatial_inference_nearest_substation,6,6,709.6,Stoughton South,1.0,0,1,5,0,0,0,0,0
MIX|Wsol|SUB:SPN-S000000174899,MIX,3,C.Semi.3:3;C.Semi.9:1;C.Det.5:1,Wsol,SUB:SPN-S000000174899,spatial_inference_nearest_substation,5,5,921.0,Burpham,1.0,0,0,5,0,0,0,0,0
MIX|Wsol|SUB:SPN-S000000174914,MIX,3,C.Det.9:1;C.Det.5:1;C.Semi.3:1,Wsol,SUB:SPN-S000000174914,spatial_inference_nearest_substation,3,3,543.0,Bellfields & Slyfield,1.0,0,0,2,0,0,0,1,0
MIX|Wsol|SUB:SPN-S000000174930,MIX,6,C.Semi.3:3;C.Det.5:2;C.Det.9:2;C.Flat.6:1;C.Semi.9:1;C.Ter.2:1,Wsol,SUB:SPN-S000000174930,spatial_inference_nearest_substation,10,10,1124.4,Stoughton South,1.0,0,0,10,0,0,0,0,0
MIX|Wsol|SUB:SPN-S000000174940,MIX,4,C.Det.9:2;C.Semi.3:1;C.Flat.6:1;C.Det.5:1,Wsol,SUB:SPN-S000000174940,spatial_inference_nearest_substation,5,5,663.0,Burpham,1.0,0,1,4,0,0,0,0,0
MIX|Wsol|SUB:SPN-S000000174948,MIX,3,C.Flat.5:5;C.Flat.6:3;C.Flat.7:1,Wsol,SUB:SPN-S000000174948,spatial_inference_nearest_substation,6,9,521.0,Castle,1.0,1,2,6,0,0,0,0,0
MIX|Wsol|SUB:SPN-S000000174949,MIX,2,C.Semi.3:3;C.Det.5:2,Wsol,SUB:SPN-S000000174949,spatial_inference_nearest_substation,5,5,651.8,Burpham,1.0,0,0,5,0,0,0,0,0
MIX|Wsol|SUB:SPN-S000000174958,MIX,4,C.Det.8:1;C.Det.5:1;C.Semi.9:1;C.Semi.3:1,Wsol,SUB:SPN-S000000174958,spatial_inference_nearest_substation,3,4,710.2,St Nicolas,1.0,0,0,4,0,0,0,0,0
MIX|Wsol|SUB:SPN-S000000174977,C.Det.9,1,C.Det.9:1,Wsol,SUB:SPN-S000000174977,spatial_inference_nearest_substation,1,1,147.0,Westborough,1.0,0,0,1,0,0,0,0,0
MIX|Wsol|SUB:SPN-S000000174989,MIX,4,C.Flat.8:3;C.Flat.6:1;C.Flat.7:1;C.Ter.2:1,Wsol,SUB:SPN-S000000174989,spatial_inference_nearest_substation,5,6,834.4,St Nicolas,1.0,1,0,5,0,0,0,0,0
MIX|Wsol|SUB:SPN-S000000175001,MIX,4,C.Flat.7:9;C.Flat.5:8;C.Flat.6:4;C.Flat.8:1,Wsol,SUB:SPN-S000000175001,spatial_inference_nearest_substation,3,22,883.5,Castle,1.0,11,7,4,0,0,0,0,0
MIX|Wsol|SUB:SPN-S000000175003,MIX,9,C.Semi.3:7;C.Semi.9:5;C.Flat.4:3;C.Det.5:3;C.Ter.2:3;C.Det.9:2,Wsol,SUB:SPN-S000000175003,spatial_inference_nearest_substation,22,27,4248.0,Stoke,1.0,0,2,20,4,1,0,0,0
MIX|Wsol|SUB:SPN-S000000175026,MIX,3,C.Semi.3:3;C.Ter.4:2;C.Det.5:1,Wsol,SUB:SPN-S000000175026,spatial_inference_nearest_substation,6,6,469.0,Stoke,1.0,0,0,6,0,0,0,0,0
MIX|Wsol|SUB:SPN-S000000175036,MIX,3,C.Det.5:1;C.Det.8:1;C.Semi.10:1,Wsol,SUB:SPN-S000000175036,spatial_inference_nearest_substation,3,3,435.5,Merrow,1.0,0,0,2,0,0,0,1,0
MIX|Wsol|SUB:SPN-S000000175044,C.Det.5,1,C.Det.5:1,Wsol,SUB:SPN-S000000175044,spatial_inference_nearest_substation,1,1,729.8,St Nicolas,1.0,0,0,1,0,0,0,0,0
MIX|Wsol|SUB:SPN-S000000175216,MIX,4,C.Det.9:2;C.Flat.4:1;C.Flat.7:1;C.Flat.8:1,Wsol,SUB:SPN-S000000175216,spatial_inference_nearest_substation,5,5,641.2,Castle,1.0,1,0,4,0,0,0,0,0
MIX|Wsol|SUB:SPN-S000000175224,MIX,7,C.Semi.3:5;C.Semi.9:2;C.Flat.6:1;C.Ter.2:1;C.Det.8:1;C.Det.9:1,Wsol,SUB:SPN-S000000175224,spatial_inference_nearest_substation,12,12,1130.3,Stoughton South,1.0,0,0,11,0,0,0,1,0
MIX|Wsol|SUB:SPN-S000000175250,C.Flat.6,1,C.Flat.6:1,Wsol,SUB:SPN-S000000175250,spatial_inference_nearest_substation,1,1,110.0,Castle,1.0,0,0,1,0,0,0,0,0
MIX|Wsol|SUB:SPN-S000000175255,MIX,2,C.Det.5:2;C.Semi.9:1,Wsol,SUB:SPN-S000000175255,spatial_inference_nearest_substation,3,3,1450.0,Bellfields & Slyfield,1.0,0,0,3,0,0,0,0,0
MIX|Wsol|SUB:SPN-S000000175257,MIX,4,C.Ter.2:8;C.Flat.5:2;C.Det.5:2;C.Ter.4:1,Wsol,SUB:SPN-S000000175257,spatial_inference_nearest_substation,13,13,1227.1,Stoughton North,1.0,0,0,13,0,0,0,0,0
MIX|Wsol|SUB:SPN-S000000175297,MIX,4,C.Flat.5:3;C.Ter.4:3;C.Semi.3:2;C.Ter.2:1,Wsol,SUB:SPN-S000000175297,spatial_inference_nearest_substation,9,9,735.1,Stoke,1.0,0,0,6,3,0,0,0,0
MIX|Wsol|SUB:SPN-S000000175337,MIX,3,C.Flat.8:3;C.Flat.6:2;C.Flat.5:1,Wsol,SUB:SPN-S000000175337,spatial_inference_nearest_substation,4,6,298.0,Castle,1.0,2,3,1,0,0,0,0,0
MIX|Wsol|SUB:SPN-S000000181145,MIX,8,C.Flat.7:9;C.Flat.8:7;C.Semi.3:6;C.Ter.2:6;C.Semi.9:4;C.Semi.10:4,Wsol,SUB:SPN-S000000181145,spatial_inference_nearest_substation,27,41,3016.6,St Nicolas,1.0,6,7,24,4,0,0,0,0
MIX|Wsol|SUB:SPN-S000000181195,MIX,3,C.Semi.3:5;C.Det.9:1;C.Det.5:1,Wsol,SUB:SPN-S000000181195,spatial_inference_nearest_substation,7,7,1050.6,Stoughton North,1.0,0,0,7,0,0,0,0,0
MIX|Wsol|SUB:SPN-S000000181196,MIX,3,C.Ter.2:2;C.Semi.3:2;C.Flat.6:1,Wsol,SUB:SPN-S000000181196,spatial_inference_nearest_substation,5,5,493.1,Stoughton North,1.0,0,0,5,0,0,0,0,0
MIX|Wsol|SUB:SPN-S000000181225,C.Semi.9,1,C.Semi.9:2,Wsol,SUB:SPN-S000000181225,spatial_inference_nearest_substation,2,2,183.0,Stoughton North,1.0,0,0,2,0,0,0,0,0
MIX|Wsol|SUB:SPN-S000000181226,C.Semi.3,1,C.Semi.3:2,Wsol,SUB:SPN-S000000181226,spatial_inference_nearest_substation,2,2,174.3,Stoughton North,1.0,0,0,2,0,0,0,0,0
MIX|Wsol|SUB:SPN-S000000181236,C.Semi.3,1,C.Semi.3:1,Wsol,SUB:SPN-S000000181236,spatial_inference_nearest_substation,1,1,209.9,Stoke,1.0,0,0,1,0,0,0,0,0
MIX|Wsol|SUB:SPN-S000000181252,MIX,2,C.Semi.3:1;C.Det.5:1,Wsol,SUB:SPN-S000000181252,spatial_inference_nearest_substation,2,2,256.0,Westborough,1.0,0,0,2,0,0,0,0,0
MIX|Wsol|SUB:SPN-S000000181316,C.Semi.3,1,C.Semi.3:5,Wsol,SUB:SPN-S000000181316,spatial_inference_nearest_substation,5,5,399.0,Bellfields & Slyfield,1.0,0,0,5,0,0,0,0,0
MIX|Wsol|SUB:SPN-S000000181331,MIX,2,C.Semi.3:1;C.Semi.9:1,Wsol,SUB:SPN-S000000181331,spatial_inference_nearest_substation,2,2,597.0,Bellfields & Slyfield,1.0,0,0,2,0,0,0,0,0
MIX|Wsol|SUB:SPN-S000000181361,MIX,2,C.Semi.3:2;C.Semi.10:1,Wsol,SUB:SPN-S000000181361,spatial_inference_nearest_substation,3,3,460.0,Burpham,1.0,0,0,3,0,0,0,0,0
MIX|Wsol|SUB:SPN-S000000181539,MIX,3,C.Ter.4:5;C.Ter.2:4;C.Semi.3:2,Wsol,SUB:SPN-S000000181539,spatial_inference_nearest_substation,11,11,964.0,Stoke,1.0,1,0,10,0,0,0,0,0
