scenario,zone,rating_mw,capacity_mw,dwellings,peak_import_mw,peak_hour,utilisation,reinforcement_mw,reverse_capacity_mw,peak_reverse_mw,reverse_utilisation,today_peak_mw,today_peak_full_year_mw,today_fixed_peak_mw,plan_fixed_peak_mw,plan_fixed_mwh,heat_pump_dwellings,resistive_dwellings,fossil_dwellings,retrofit_dwellings,pv_mw,fabric_tes_mwh,lon,lat
primary_shalford_td,SUB:SPN-R000000848207-000-055Z,0.0475,0.0475,5.0,0.030959487814893,2021-12-13 19:00:00,0.6517785860064207,7.639999482436046e-09,0.0475,0.0055233021429092,0.1162800451138784,0.0119812226338632,0.011970909385146,0.0004354930315494,0.0024253192411524,6.924016282225238,4.999988575004989,0.0,0.0,2.9999847968864777,0.0172252255000035,0.213354122853671,-0.5547817575008412,51.21786658324174
primary_shalford_td,SUB:SPN-S000000171669,0.95,0.95,12.0,0.023106264081522,2021-12-13 07:00:00,0.024322383046404,7.706405819093795e-09,0.95,0.0070778570838724,0.0074503758777604,0.0408658498720782,0.0415330306089393,0.0003610174116613,0.003132790567764,8.943768115942028,11.999962702429285,0.0,0.0,6.999976301304243,0.0236367302619415,0.1856248604712504,-0.5755525411869266,51.23538761791187
primary_shalford_td,SUB:SPN-S000000171677,0.76,0.76,139.0,0.3909490408363381,2021-12-13 08:00:00,0.5144066274453328,7.732958625174635e-09,0.76,0.1302849351692176,0.1714275462752864,0.2731113225135606,0.2846729752954262,0.0088870593619976,0.0482583753873359,137.77228633080026,138.99990365788022,0.0,0.0,103.99985141064886,0.370893852531675,3.4012287299513764,-0.5782094472421958,51.228242525128856
primary_shalford_td,SUB:SPN-S000000171678,0.475,0.475,77.0,0.2506303287999262,2021-12-13 08:00:00,0.5276427889092592,7.709814722270385e-09,0.475,0.0678097042054374,0.1427572720114473,0.1330712313671501,0.1363081357545663,0.0066713384880701,0.036033260389299,102.870944741533,76.99994840558878,0.0,0.0,28.99998100683593,0.2094869651315064,2.080187252163093,-0.5807648068086371,51.22621612272075
primary_shalford_td,SUB:SPN-S000000171679,0.29925,0.29925,44.0,0.2254047173896578,2021-12-13 06:00:00,0.753232118854312,7.730027447699134e-09,0.29925,0.0623100114453449,0.2082205896252129,0.1236514329565457,0.1235503269322795,0.0042693597549098,0.0230223748525098,65.72631578947367,43.99989737619393,0.0,0.0,43.99989737619393,0.180902951758705,2.3680415208981915,-0.5895823213493921,51.22817527626467
primary_shalford_td,SUB:SPN-S000000171680,0.29925,0.29925,52.0,0.2924727480829818,2021-12-13 00:00:00,0.97735251527754,8.068918724629054e-09,0.29925,0.0739564140501979,0.2471392282379214,0.1132386461712512,0.1139294117138977,0.0050456069830752,0.0272082611893298,77.67655502392343,51.99992550329045,0.0,0.0,39.99993821513043,0.2144405039592031,2.9984997615080107,-0.5826461353207177,51.22997538341138
primary_shalford_td,SUB:SPN-S000000171681,0.29925,0.29925,88.0,0.3414671886357338,2021-12-13 20:00:00,0.999999997887514,0.0422171893570784,0.29925,0.1747051777984745,0.5838101179564729,0.1872750470909384,0.187072835042406,0.0085387195098196,0.0460447497050197,131.45263157894735,87.99991570962547,0.0,0.0,76.99994065357878,0.4262343231345306,3.865478842130267,-0.5828614103483678,51.22766270699951
primary_shalford_td,SUB:SPN-S000000171683,0.19,0.19,37.0,0.1145297258804101,2021-12-13 19:00:00,0.6027880063098422,7.766478545498696e-09,0.19,0.0304288294314105,0.1601517338495294,0.1455949746368173,0.1455911218138685,0.0021100674266743,0.0114863174429948,32.7921568627451,36.9999278086686,0.0,0.0,36.99991723342372,0.0931788445668162,0.7217080539560948,-0.5785053745799854,51.22541577252783
primary_shalford_td,SUB:SPN-S000000171923,0.19,0.19,24.0,0.1478866455633621,2021-12-13 01:00:00,0.7783507345906625,7.697219305859478e-09,0.19,0.0328012150638734,0.1726379740203863,0.0783541417121099,0.0782778274015298,0.0032224909314657,0.0176858526202586,50.491139240506335,23.999968842007306,0.0,0.0,23.999968842007306,0.0995426570106652,1.3266457219992545,-0.5645505305848437,51.22120492785615
primary_shalford_td,SUB:SPN-S000000171924,0.475,0.475,58.0,0.2841299334548371,2021-12-13 20:00:00,0.5981682712519594,7.707123033728374e-09,0.475,0.0646370261963215,0.1360779498869927,0.1296250201470953,0.1294405938965268,0.0077876864177088,0.0427408104989582,122.02025316455696,57.99993092644459,0.0,0.0,57.99993092644458,0.1987114717854162,2.172666491413446,-0.5711360247897219,51.22527868306462
primary_shalford_td,SUB:SPN-S000000171925,0.475,0.475,68.0,0.4094507019950788,2021-12-13 01:00:00,0.8620014634639709,7.946265704110184e-09,0.475,0.1017234636172887,0.2141546602469236,0.1823853536196942,0.1821691297397173,0.0091303909724862,0.0501099157573993,143.05822784810124,67.99991835186603,0.0,0.0,55.999931029849385,0.2898208919482474,4.00729141498501,-0.5662646724934896,51.22754468566985
primary_shalford_td,SUB:SPN-S000000171926,0.29925,0.29925,48.0,0.2699580409282216,2021-12-13 07:00:00,0.9021154011583344,7.905407691101741e-09,0.29925,0.0698837966857973,0.2335298134863736,0.1471917740798156,0.1470413796850501,0.0063506381645957,0.0348680118852899,99.54429005719388,47.99991997200523,0.0,0.0,47.99991997200523,0.2062349017588378,2.7245206237879245,-0.5624046160713664,51.22930774157992
primary_shalford_td,SUB:SPN-S000000171927,0.475,0.475,67.0,0.3154344924667417,2021-12-13 01:00:00,0.6640726049947995,7.671167120100055e-09,0.475,0.083504777761662,0.1757995321298147,0.2011606659909489,0.2010438466440181,0.0049328793412759,0.0308150640688681,87.97357549073564,66.99989337025625,0.0,0.0,56.999907405515,0.2436241966917771,3.067145521666266,-0.5697591736279171,51.23162579341958
primary_shalford_td,SUB:SPN-S000000171928,0.475,0.475,40.0,0.2272581850366969,2021-12-13 01:00:00,0.4784382765213363,7.710633425390796e-09,0.475,0.0599951654648921,0.1263056115050361,0.0838910959502366,0.0859142188075006,0.0047457041920737,0.0266213531625817,76.00099798202166,39.99997916495633,0.0,0.0,25.99994949953621,0.178242703746479,2.4712081299174167,-0.5720172362521695,51.22882177580002
primary_shalford_td,SUB:SPN-S000000171929,0.475,0.475,85.0,0.2031135455352539,2021-12-13 00:00:00,0.4276074573358255,7.719081601471894e-09,0.475,0.066414322301812,0.1398196258985516,0.1298479429016741,0.1336069397240635,0.0030781350217975,0.0245698230809807,70.144108114719,84.99988465849735,0.0,0.0,59.999774247766005,0.2009612533756687,1.774020483341886,-0.5729923349652412,51.23231728273908
primary_shalford_td,SUB:SPN-S000000171935,0.285,0.285,2.0,0.0150201150644843,2021-12-13 17:00:00,0.0527021567127975,7.615192290052194e-09,0.285,0.0032242634977859,0.0113132052553891,0.0039810343546883,0.0039769090552014,0.0001741972126197,0.0009701276964609,2.769606512890095,1.9999954696362865,0.0,0.0,7.034248326270274e-06,0.0090478286452164,0.1030624843500403,-0.5334082526594622,51.2174844637847
primary_shalford_td,SUB:SPN-S000000171968,0.285,0.285,51.0,0.2715599061581517,2021-12-13 01:00:00,0.95284175089971,7.505689496226041e-09,0.285,0.066624640896781,0.233770669813267,0.1199268634460127,0.11976469553603,0.0068477932293646,0.0375824368180495,107.29367088607592,50.999939533782985,0.0,0.0,39.99995658586293,0.2047975480568971,2.6998538876743794,-0.5678682880671916,51.22161462511488
primary_shalford_td,SUB:SPN-S000000171969,0.475,0.475,50.0,0.1327057067535084,2021-12-13 19:00:00,0.279380430745252,7.69385930773173e-09,0.475,0.0374438250171829,0.0788291052993324,0.1467186359572583,0.1634098760135876,0.0015042392152555,0.0130532940323501,37.26570048309179,49.99990253402556,0.0,0.0,19.99996475741404,0.1147199660350757,1.1062080575380726,-0.5733328289637385,51.234246902141
primary_shalford_td,SUB:SPN-S000000171971,0.475,0.475,97.0,0.3233773257240375,2021-12-13 06:00:00,0.6807943588389344,7.749100158374274e-09,0.475,0.0844186383441293,0.1777234491455353,0.2382934653657326,0.2416425379961225,0.0050019375010482,0.0348402833267013,99.46512811104994,96.9998600244168,0.0,0.0,80.99988867085416,0.2701913782534676,2.671666375582487,-0.5702848239398803,51.23460074012952
primary_shalford_td,SUB:SPN-S000000171972,0.475,0.475,87.0,0.3182979247864965,2021-12-13 20:00:00,0.6701008833793063,7.732158205895742e-09,0.475,0.0730459326168047,0.1537809107722205,0.1529615369778653,0.1528576087278425,0.0043885326444792,0.03080209058464,87.93653763835381,86.99987659169624,0.0,0.0,62.9999079217099,0.2301253775779998,2.148916239747852,-0.5677057226822504,51.23578156549588
primary_shalford_td,SUB:SPN-S000000171973,0.475,0.475,65.0,0.2867411676494294,2021-12-13 18:00:00,0.6036656062367838,7.764161262637077e-09,0.475,0.0735315125415589,0.1548031842980188,0.1181917997774005,0.1217924613181177,0.0082066512501898,0.0455199609538815,129.954418149575,64.99993029144454,0.0,0.0,35.9999880882063,0.2249811453154477,2.408562292064715,-0.5656482570499244,51.2338785525333
primary_shalford_td,SUB:SPN-S000000171974,0.475,0.475,65.0,0.3493645568457352,2021-12-13 01:00:00,0.7355043181375579,7.791110259364928e-09,0.475,0.1029346399407744,0.2167045051384725,0.1691815809024488,0.1689748963112944,0.008727579606053,0.047899184179867,136.74683544303792,64.99994031813873,0.0,0.0,17.999998894946593,0.2861221599997122,4.1344996444769695,-0.5650647706988926,51.23095443718792
primary_shalford_td,SUB:SPN-S000000171975,0.475,0.475,182.0,0.4750000039996686,2021-12-03 19:00:00,0.9999999909787164,8.284778380588943e-09,0.475,0.1431135783817673,0.3012917439616155,0.2364860912942397,0.2360748462106444,0.017365465827075,0.09696305824,276.81873076185235,181.9997538661704,0.0,0.0,137.9981874871242,0.4536485113912481,3.967853642824712,-0.5610138910037717,51.23429075331972
primary_shalford_td,SUB:SPN-S000000171976,0.285,0.285,109.0,0.2648851759002257,2021-12-13 21:00:00,0.9294216436541162,8.02520864361559e-09,0.285,0.0760939174130122,0.2669962014491657,0.1180163862473738,0.1240432090814384,0.010956075411982,0.0606792064631452,173.23237552170104,108.99984309439084,0.0,0.0,98.999859598104,0.2450166400277018,1.9277289390993664,-0.5580418402045144,51.233182938257
primary_shalford_td,SUB:SPN-S000000171979,0.29925,0.29925,1.0,0.0060149110872446,2021-12-13 19:00:00,0.0200999529915095,7.688345587553536e-09,0.29925,0.0014337968114231,0.0047913009571365,0.0016164885703358,0.0017778414338121,0.0001342704554777,0.0007369105258441,2.103797468354431,0.9999967070368412,0.0,0.0,0.9999944467919109,0.0038167878923683,0.0295833028914436,-0.5714593483444055,51.22061967243043
primary_shalford_td,SUB:SPN-S000000173991,0.95,0.95,13.0,0.0209703846853553,2021-12-13 19:00:00,0.0220740889659788,7.596029764247375e-09,0.95,0.0065047877102416,0.006847144958149,0.0679763408103667,0.0773999380291627,0.0003911021959664,0.003393856448411,9.689082125603864,12.999971617267397,1.2062373610340788e-06,0.0,0.0,0.0217790969984159,0.1508332939606065,-0.5727780823073412,51.23518054506168
primary_shalford_td,SUB:SPN-S000000174958,0.95,0.95,7.0,0.0341233876846259,2021-12-13 07:00:00,0.0359193551677154,7.664288961768582e-09,0.95,0.0066222345013086,0.0069707731592722,0.0185367563561844,0.0194548963254903,0.0003163438864133,0.0017735478136188,5.06328145608019,6.999980967891922,0.0,0.0,6.999980967891921,0.0194849812336004,0.2256666157380479,-0.5788337359976681,51.236609634254215
primary_shalford_td,SUB:SPN-S000000175044,0.095,0.095,3.0,0.0291975346757234,2021-12-13 00:00:00,0.3073424455851388,7.630365818561693e-09,0.095,0.005209029748766,0.054831892092274,0.0080599667666981,0.0086997247956289,0.000291092710562,0.0015697073763074,4.481339712918661,2.9999937858096555,0.0,0.0,1.9999932830319525,0.0154466948076724,0.3059165906348465,-0.5918083599984634,51.222500727203375
primary_shalford_td,SUB:SPN-S000000175337,0.475,0.475,19.0,0.0673036586684225,2021-11-22 07:00:00,0.141691910714512,7.615320676676334e-09,0.475,0.0129487605044142,0.0272605484303458,0.0652694590636196,0.0673755985199199,0.000571610901797,0.004960251732293,14.16096618357488,5.999976079627626,12.999982380600304,0.0,5.999976079627626,0.0390299388683005,0.1827082589978385,-0.573326067454393,51.23503152088092
primary_shalford_td,SUB:SPN-S000000181539,1.9,1.9,272.0,0.3892960135870196,2021-12-13 07:00:00,0.2048926378992087,7.704146812139897e-09,1.9,0.1885181713629493,0.0992200901910259,0.4201080752397449,0.5156003020755163,0.0131044332465385,0.0703730464634518,200.90720894590453,271.9998854518126,0.0,0.0,12.999980521901817,0.4626537974015486,3.41860391688906,-0.5821622397328987,51.24047003244749
primary_guildford_33_6_6kv_td,SUB:SPN-S000000171105,0.29925,0.29925,23.0,0.1216402924781618,2021-01-20 06:00:00,0.4064838310391227,1.4858412285888342e-08,0.29925,0.0186051780663811,0.0621726919511484,0.0315850561093639,0.0315844042821976,0.0006731829095837,0.0057421823171929,16.573379646265025,0.9999971580201974,21.999928074182115,4.36793253858797e-06,8.684570875633455e-06,0.0476050296905924,0.2554164837166655,-0.5720739197079413,51.23639376404991
primary_guildford_33_6_6kv_td,SUB:SPN-S000000171629,1.9,1.9,10.0,0.0247239231231072,2021-12-14 18:00:00,0.0130125910150233,1.4951896674010378e-08,1.9,0.0094638299939835,0.0049809631547281,0.0368183742314109,0.0386546850379414,0.0003008478430511,0.0025822910102713,7.453140096618359,9.999924077677411,3.508147099045353e-05,9.218568263062076e-06,4.0000312708182095,0.0253859959952768,0.1606247658319673,-0.5722485361451093,51.23545892350992
primary_guildford_33_6_6kv_td,SUB:SPN-S000000171700,0.475,0.475,132.0,0.4067139539385403,2021-01-20 18:00:00,0.8562398754151366,1.5318546632330034e-08,0.475,0.1578140038597506,0.3322400081257908,0.1678969950345772,0.1725294633031452,0.0120415022268126,0.0690690941044176,199.35074422640497,131.99974781005034,0.0,0.0,78.99979185176414,0.446073492057722,2.883895422924854,-0.5733127812992017,51.26035495406931
primary_guildford_33_6_6kv_td,SUB:SPN-S000000171702,0.76,0.76,4.0,0.0202123632584904,2021-12-14 18:00:00,0.0265952142907995,1.4945649527311905e-08,0.76,0.0067408210079512,0.0088695013262516,0.0065991533303282,0.0068408856454632,0.0003918957666069,0.002382312232059,6.875951141369642,3.99998860708688,0.0,0.0,3.0000282942791388,0.0177301433459483,0.1434998855626509,-0.5722950715368904,51.26217189651528
primary_guildford_33_6_6kv_td,SUB:SPN-S000000171719,0.95,0.95,263.0,0.7183533489416595,2021-01-20 18:00:00,0.7561614076817439,1.5398832419332426e-08,0.95,0.2495827259786553,0.2627186589249004,0.2641134530578293,0.2783800061880637,0.0200553083188303,0.1155598166820813,333.534640303997,262.9994454726332,0.0,0.0,75.99973204964421,0.7099155096338916,4.1629571348072485,-0.575805026636144,51.254870380972925
primary_guildford_33_6_6kv_td,SUB:SPN-S000000171720,0.29925,0.29925,149.0,0.29925002770484,2021-12-14 21:00:00,0.9999999954177125,2.9076089761895125e-08,0.29925,0.1590396418170761,0.5314607913686754,0.2158160846279026,0.2312698269464159,0.0133728974701274,0.0827661227249857,238.88380723534908,148.99960925126564,0.0,0.0,76.99979541616597,0.4806974876257556,2.850540880510844,-0.5756780834086388,51.25181034463932
primary_guildford_33_6_6kv_td,SUB:SPN-S000000171721,0.475,0.475,124.0,0.3607216134752797,2021-01-20 18:00:00,0.7594138986505092,1.52963857189834e-08,0.475,0.1310521310382569,0.2758992232384357,0.1363362494000707,0.1401055943153936,0.010337140411379,0.0587201204626373,169.48100835945667,123.99969356282932,5.737048334454951e-06,6.757100378697897e-06,57.99971621007189,0.3743743759835772,2.2597285439332757,-0.5762032949562155,51.25835565880832
primary_guildford_33_6_6kv_td,SUB:SPN-S000000171722,0.76,0.76,181.0,0.537995978290736,2021-01-20 18:00:00,0.7078894307505474,1.5426589859076026e-08,0.76,0.2342698919018434,0.3082498577655834,0.2395772500275684,0.2495345306545343,0.0145892877890864,0.0873031981155443,251.97894576940604,180.99965640911557,1.319168153343436e-06,1.0527420613982636e-06,77.99979545804229,0.5906140586345908,3.9840828571184894,-0.5804074003489117,51.25893209568856
primary_guildford_33_6_6kv_td,SUB:SPN-S000000171723,0.29925,0.29925,145.0,0.2992500076382535,2021-12-14 20:00:00,0.9999999718104472,1.6073977642848497e-08,0.29925,0.142302748419489,0.475531323039228,0.1962977505991956,0.1961550155902629,0.0119338519945094,0.0718826475059526,207.47136563876649,144.99964078419544,0.0,0.0,64.9997800395534,0.4092791390536018,2.533061843323229,-0.5780279355333604,51.26204205359576
primary_guildford_33_6_6kv_td,SUB:SPN-S000000171740,0.29925,0.29925,70.0,0.2178317996224827,2021-01-20 18:00:00,0.7279257760476229,1.53040761582175e-08,0.29925,0.0712165385000739,0.2379834202174567,0.0987820238724742,0.1013396218991004,0.0029254137193524,0.0267916026188103,77.3272907416972,69.99981869751257,0.0,0.0,58.99969929103311,0.1937494772840814,1.1702078827646163,-0.5838287870355082,51.25345595605569
primary_guildford_33_6_6kv_td,SUB:SPN-S000000171741,0.29925,0.3196003595489302,268.0,0.439790162161696,2021-12-14 21:00:00,0.99999999774186,0.1201898036058735,0.3196003595489302,0.2543403658153605,0.7958075083968157,0.3148063541556962,0.3280330245681985,0.020521661453001,0.1208414995570828,348.7789029594134,267.999508664323,0.0,0.0,106.99973341904963,0.7276684159696669,3.9946033973095663,-0.5804298781343122,51.25283824839299
primary_guildford_33_6_6kv_td,SUB:SPN-S000000171743,0.76,0.76,145.0,0.3994605736669709,2021-12-14 18:00:00,0.5256060073709574,1.5344275273847767e-08,0.76,0.1734048540905015,0.2281642816980283,0.1731304076694195,0.1730060590568019,0.0103965940086927,0.0597517691672113,172.4586054990126,144.99965771625,7.758982546949681e-06,3.964245105229112e-06,76.9998172719737,0.4305853651779515,2.4780615213937254,-0.5805904488552914,51.25680095038345
primary_guildford_33_6_6kv_td,SUB:SPN-S000000171802,0.95,0.95,69.0,0.1213511667873509,2021-12-14 17:00:00,0.1277380682706405,1.5110941674937455e-08,0.95,0.0593642152011989,0.0624886475802094,0.2801956827222737,0.2801936745426428,0.0020739734041092,0.0177980992702289,51.36978240907095,68.99982624589161,0.0,0.0,7.000078105798499,0.1584854243214557,0.9242704380727674,-0.5697981826207031,51.23691619313329
primary_guildford_33_6_6kv_td,SUB:SPN-S000000171806,0.475,0.475,171.0,0.474999982836644,2021-01-20 18:00:00,0.999999929511094,1.6318875559623867e-08,0.475,0.1636796993567027,0.3445888407509532,0.3283732316639685,0.3382701015720578,0.0055851981296223,0.0476239051523061,137.4545454545454,170.9996240406892,0.0,0.0,64.99993825082782,0.4407961653050731,2.893895196736695,-0.5687014069589995,51.239651344756
primary_guildford_33_6_6kv_td,SUB:SPN-S000000174239,0.475,0.5409173286151489,311.0,0.5409173566047817,2021-12-14 21:00:00,0.9999999970238886,2.9599463093281076e-08,0.5409173286151489,0.3029003582306157,0.5599753274795211,0.5328035686859216,0.5327934869941372,0.0104119971676149,0.0886181382903036,255.7741932075029,310.9992675971775,3.381336556897384e-05,0.0,160.9996727182056,0.8643525719007221,5.11383213756176,-0.5693962753638038,51.24161089003269
primary_guildford_33_6_6kv_td,SUB:SPN-S000000174948,1.71,1.71,60.0,0.1152906517232917,2021-12-14 17:00:00,0.0674214331621612,1.5069332108678282e-08,1.71,0.0503257717582429,0.0294302758820133,0.2342443731306804,0.2342426253073692,0.0018050870583066,0.0154937460616278,44.71884057971014,56.99983421832722,2.9999769441726203,0.0,8.99996353182703,0.1337019552471143,0.7766037869865332,-0.5687122151688715,51.23706083588603
primary_guildford_33_6_6kv_td,SUB:SPN-S000000175003,0.475,0.5054500193453483,248.0,0.5054499546829554,2021-01-20 18:00:00,0.9999998413785396,1.5512829775612297e-08,0.5054500193453483,0.2388824518930667,0.4726133994464259,0.497868269055168,0.5031689341605863,0.0080828048659523,0.0688097258329338,198.60214228483548,247.9993466325232,0.0001289177903304,0.0,106.99969678281695,0.5944611048690537,3.3402282220281525,-0.5652956122610523,51.24023208193044
primary_guildford_33_6_6kv_td,SUB:SPN-S000000175250,0.475,0.475,2.0,0.0121391826479379,2021-12-14 17:00:00,0.0255561731860777,1.5047285660402254e-08,0.475,0.0036207530081132,0.0076226379118174,0.004077936612181,0.0042039183836053,6.016956861022055e-05,0.0005164582020542,1.4906280193236716,1.999991456901044,0.0,0.0,0.9999906826921758,0.0086885285592073,0.1153957365227223,-0.5739149020626179,51.23605846067998
primary_guildford_33_6_6kv_td,SUB:SPN-S000000175255,0.29925,0.29925,47.0,0.1743635579429164,2021-01-20 18:00:00,0.5826685010248948,1.54654261728872e-08,0.29925,0.0567400431970857,0.1896074960637785,0.0587085519305618,0.0610715349384087,0.0040218117196109,0.0237735140860567,68.61632959551463,46.99988658810058,0.0,0.0,28.999905761045955,0.1429659051894941,0.8614163084623248,-0.5729226033701923,51.2613432062005
primary_merrow_td,SUB:SPN-R000000843506-000-002Z,0.0475,0.0475,13.0,0.0475000659540362,2021-11-22 15:00:00,0.9999997872735206,7.60585601873477e-08,0.0475,0.0047931883883533,0.1009092292284914,0.01787452578932,0.0193653495562305,0.0005676587451457,0.0056946134923597,16.24825737265416,12.999968435202296,0.0,0.0,7.000053851922968,0.0262046079174109,0.4258326738597823,-0.5515098865396744,51.26450352556616
primary_merrow_td,SUB:SPN-R000000843508-000-011Z,0.095,0.095,23.0,0.1385579281850073,2021-12-13 15:00:00,0.9999999446084932,0.0435579358599401,0.095,0.0198113610491845,0.2085406426229957,0.0483094860916626,0.051656279841102,0.0020032679451276,0.011162805951044,31.850474898236094,22.99992910733225,0.0,0.0,12.000397863530091,0.079019302872625,1.5948535956847394,-0.5385548430898726,51.23499080747922
primary_merrow_td,SUB:SPN-R000000843508-000-016Z,0.095,0.095,10.0,0.0842258420881048,2021-12-13 07:00:00,0.886587135342022,7.244703896198652e-08,0.095,0.0060444106077085,0.0636253748179847,0.0222419791642594,0.0245727765518541,0.0008709860630989,0.0048533938917582,13.84803256445048,9.999979618705714,0.0,0.0,9.999936551404186,0.0280598903463706,0.8277698747136085,-0.5312237493774533,51.23175480213702
primary_merrow_td,SUB:SPN-S000000171705,0.475,0.475,174.0,0.4724756002902358,2021-12-13 07:00:00,0.9946853057587988,8.048254646209243e-08,0.475,0.0409251935902929,0.0861583022953535,0.3255320487751648,0.3318572049214065,0.0076910120731693,0.0639074123317737,182.34496247728845,173.99931400422045,1.2172787374838592e-05,0.0,111.99950499844556,0.2768559794989266,3.8507693040574233,-0.5586728214515678,51.24031638864756
primary_merrow_td,SUB:SPN-S000000171706,0.7125,0.7125,116.0,0.3531882979940487,2021-01-20 06:00:00,0.4957028235126096,7.311097029110849e-08,0.7125,0.0235688652402985,0.0330791091091909,0.3549578812502458,0.3566018693817876,0.0055227997262368,0.0465114745799754,132.70969325153374,104.99963765687642,10.999826554119014,0.0,93.99945528421328,0.1861977985615015,2.7851843752219407,-0.5617707598015899,51.24226888332549
primary_merrow_td,SUB:SPN-S000000171708,0.475,0.475,46.0,0.1993266576409874,2021-12-13 07:00:00,0.4196350075774866,6.92070031168353e-08,0.475,0.0135409370457818,0.0285072358858564,0.0572932694344655,0.0599987080419033,0.002160179023305,0.0182057270667376,51.9458150115948,45.99985288739384,0.0,0.0,22.00027016911537,0.0801899945692241,1.4445808941887817,-0.5650061424111069,51.24127135447584
primary_merrow_td,SUB:SPN-S000000171709,0.475,0.475,105.0,0.3189705080654819,2021-12-13 21:00:00,0.6715167568426945,7.232165326108733e-08,0.475,0.0234423467366108,0.0493523089191806,0.1835982434363469,0.1885719772641801,0.005734726789118,0.046421168051201,132.4520245398773,104.99968625188488,0.0,0.0,39.00062826788363,0.1871281781307563,2.6426032551341776,-0.5555042010624976,51.24680293446011
primary_merrow_td,SUB:SPN-S000000171710,0.76,0.9439176236943184,121.0,0.5656998023394619,2021-01-20 05:00:00,0.5993105168592813,7.2434295892085e-08,0.9439176236943184,0.0609387776885901,0.0645594235756369,0.9297588593389038,0.9791071011166704,0.0061446640455438,0.0507703304769769,144.86134969325155,120.99958973194973,0.0,0.0,107.99955245895306,0.2764839137378208,5.226436807267195,-0.5589212178393876,51.244929609286665
primary_merrow_td,SUB:SPN-S000000171711,0.29925,0.29925,69.0,0.299249800839461,2021-12-13 16:00:00,0.9999990577464914,8.280890146554079e-08,0.29925,0.0301158017013448,0.1006375996703251,0.1351545903816524,0.1367428210568129,0.0045205034319757,0.0349301207135553,99.66498905908097,68.9997172608399,0.0,0.0,50.999695287582576,0.1546659135088153,2.885332632887524,-0.5478341998235081,51.24291867729362
primary_merrow_td,SUB:SPN-S000000171712,0.475,0.475,166.0,0.4735887276071571,2021-12-13 21:00:00,0.99702875940277,6.709018247716232e-08,0.475,0.0324616213598369,0.0683402554943936,0.2311289319310948,0.2308343330078375,0.012141760023586,0.0898306648494499,256.3109444370176,165.99923864084863,0.0,0.0,117.99933192168004,0.2910870787920745,4.2213699471062265,-0.5413692140389779,51.24058021821186
primary_merrow_td,SUB:SPN-S000000171713,0.475,0.475,98.0,0.310936251165272,2021-12-13 17:00:00,0.654602532757404,7.34881133496439e-08,0.475,0.0236268152347546,0.0497406636521149,0.1497660601549355,0.1495768373886234,0.0077987298601035,0.0580248555515586,165.56045257114212,97.99965367518683,0.0,0.0,59.998557583635446,0.1878979731820894,2.5375405946227736,-0.5371183280233043,51.24071965378618
primary_merrow_td,SUB:SPN-S000000171714,0.475,0.475,94.0,0.3715110299790802,2021-12-13 18:00:00,0.7821283668374858,7.125591765428978e-08,0.475,0.0305545649332311,0.064325399859434,0.1331875300096843,0.1432874407428003,0.0059793249940374,0.0465332350940862,132.77178182599243,93.9996287941414,0.0,0.0,75.9995961976378,0.1908501953948087,3.3134783281673084,-0.5507337843405825,51.24091028929863
primary_merrow_td,SUB:SPN-S000000171715,0.95,0.95,109.0,0.3624686339623412,2021-01-20 06:00:00,0.3815459012464567,7.28043657906284e-08,0.95,0.0292998517120709,0.0308419491706009,0.3003496280193234,0.3003397221161328,0.0054401861293117,0.0451785647064658,128.90654441476153,108.99946679173998,0.0,0.0,95.99148093123102,0.2116283806091879,3.855912074674522,-0.554991889009003,51.24268763556172
primary_merrow_td,SUB:SPN-S000000171716,0.29925,0.29925,115.0,0.2992500399623568,2021-01-10 15:00:00,0.9999999111490334,6.655101448928806e-08,0.29925,0.0271247625533829,0.0906424813813967,0.2822681128911283,0.2916419236597082,0.0074983639865766,0.0580063225643828,165.50757299539544,114.99950240875285,1.4613082098086085e-05,0.0,64.00005922979574,0.2166733546380486,3.2806631668280053,-0.5502847763399686,51.24337409153853
primary_merrow_td,SUB:SPN-S000000171804,1.9,1.9,212.0,0.4666366087341011,2021-12-13 07:00:00,0.2455982058185949,7.19824911556089e-08,1.9,0.0671846253128395,0.0353603291120208,0.8037840285317832,0.928567845625308,0.0064991023465551,0.0563412643188853,160.756715900423,211.99886939579412,0.0002870929996964,1.0559986982174754e-05,57.99995393936627,0.2986688782226515,3.4777874970829274,-0.5674189744847411,51.23808457203516
primary_merrow_td,SUB:SPN-S000000171807,0.475,0.4899359194938373,152.0,0.460112830764052,2021-12-13 19:00:00,0.9391284525255524,7.331597808313597e-08,0.4899359194938373,0.031378626989395,0.0640463900295632,0.4825868807014298,0.4984941051535217,0.0053297529222664,0.0451706815550418,128.88405167255567,151.9994358003327,3.8028812078817e-05,0.0,94.9996917853796,0.2115245131801222,2.828331999202186,-0.5633256397798956,51.23856118193391
primary_merrow_td,SUB:SPN-S000000171808,0.475,0.475,131.0,0.432309929408113,2021-12-13 07:00:00,0.9101260275047748,7.289467941642774e-08,0.475,0.0302062787264806,0.0635921657399592,0.3184890061678356,0.3184790571288814,0.0053181818513798,0.0441643706128161,126.012777053455,130.99960891284834,0.0,0.0,97.99812765764884,0.2076766873043555,2.910810707573261,-0.5611105181651986,51.23811245960913
primary_merrow_td,SUB:SPN-S000000171810,0.475,0.475,151.0,0.4211002762084758,2021-12-13 07:00:00,0.8865267603018329,7.339327821959381e-08,0.475,0.0484995765474408,0.1021043716788228,0.3383126355141868,0.3416560085091863,0.0076128099586271,0.0612288336560995,174.7022601633123,150.99941125617764,0.0001107705866224,0.0,105.99952097564368,0.2633541767640707,3.2877879338942044,-0.5561437964041113,51.23816398415951
primary_merrow_td,SUB:SPN-S000000171811,0.475,0.475,95.0,0.3637405329124629,2021-01-20 17:00:00,0.7657694306671666,6.966269038495627e-08,0.475,0.0377128614137286,0.0793954977131128,0.1362181868919543,0.1381514815660658,0.0056509471359832,0.0447234705206457,127.60803882348202,94.99972147594166,0.0,0.0,27.000554570352964,0.1982702530767415,3.1397700270456537,-0.5533017272186312,51.2394233510922
primary_merrow_td,SUB:SPN-S000000171812,0.76,0.76,160.0,0.4730206242412507,2021-12-13 20:00:00,0.6223954986178787,7.27699076865829e-08,0.76,0.0371807659208951,0.0489220604222304,0.362935375091925,0.3629231741070469,0.0065219421339444,0.0489093373776833,139.5514379869303,159.99931945423685,3.2153975914735765e-05,0.0,106.9995694834689,0.229989017027563,3.0066861389141346,-0.5635507730489108,51.23604052998907
primary_merrow_td,SUB:SPN-S000000171813,0.475,0.475,199.0,0.4749994506369555,2021-12-13 18:00:00,0.9999986651336712,8.469857476819722e-08,0.475,0.0514298227277958,0.108273311005886,0.4207962645007796,0.4205867077345455,0.0086367863765435,0.0688678688884047,196.49847349715805,198.99899164136016,0.0001352577170869,2.169663861708479e-05,79.00000857795182,0.286436611293232,3.443789611984684,-0.5597021654400558,51.236751347291055
primary_merrow_td,SUB:SPN-S000000171814,0.475,0.475,164.0,0.4749995286421625,2021-12-13 06:00:00,0.9999988808697374,6.022910467723533e-08,0.475,0.0496148537422736,0.1044523236679444,0.349855096709905,0.3521973912673022,0.0116335689326299,0.0711478728473902,203.00393540181048,163.9995452001206,2.3761765738609804e-05,0.0,91.99977395439086,0.3150507124440808,4.956998573100759,-0.5561046063258412,51.23575494485009
primary_merrow_td,SUB:SPN-S000000171815,0.285,0.285,122.0,0.3344142668798125,2021-12-13 21:00:00,0.99999997458376,0.0494142753793661,0.285,0.0577750380488586,0.2027194317503813,0.2221897986009057,0.2329894306788433,0.0097194992894728,0.0600889637423174,171.449906029827,121.99940837531572,0.0,0.0,121.9986942597974,0.2838399631749747,3.859019624731833,-0.5486819324014597,51.236684979514045
primary_merrow_td,SUB:SPN-S000000171816,0.475,0.475,50.0,0.2868837283516144,2021-01-20 17:00:00,0.6039656451056608,7.769717697088842e-08,0.475,0.0217834980791148,0.0458599959560312,0.1157675222261301,0.115663428433017,0.0042901781240424,0.0243296521918533,69.41901344679033,49.99982645271097,0.0,0.0,24.00184434414718,0.119068167089752,2.6037285564284813,-0.5444590141492572,51.23663712881768
primary_merrow_td,SUB:SPN-S000000171817,0.19,0.19,25.0,0.1748355905032526,2021-12-13 16:00:00,0.9201869878902352,6.825146272918573e-08,0.19,0.0146949877924681,0.07734204101299,0.0461342314425901,0.0492346908635395,0.0021774651577474,0.0121334847293957,34.620081411126186,24.99992119359662,0.0,0.0,14.000009405631214,0.0628154585572765,1.4753943784674952,-0.5422864355806909,51.23469210921142
primary_merrow_td,SUB:SPN-S000000171821,0.285,0.285,32.0,0.2645178279134537,2021-01-20 17:00:00,0.9281324808566324,7.635689409098722e-08,0.285,0.021826926925844,0.0765857085117335,0.1122629495644242,0.1121953240324782,0.0027871554019167,0.0155308604536265,44.313704206241525,31.99990955028008,0.0,0.0,13.00006336390519,0.0984710208728764,2.372664667581146,-0.5402568015012539,51.232161755049205
primary_merrow_td,SUB:SPN-S000000171822,0.19,0.19,18.0,0.1059976884414446,2021-12-13 07:00:00,0.5578823598434584,7.182730695792905e-08,0.19,0.00749942150901,0.0394706395211055,0.0688576091138095,0.0688546761840748,0.0015677749135781,0.0087361090051649,24.92645861601086,17.99995110948423,1.7113053817609105e-05,1.3801386924192742e-05,17.999757528579007,0.0402368572371051,0.8414578490518881,-0.5391049597915015,51.225936581166216
primary_merrow_td,SUB:SPN-S000000171836,0.475,0.5490135918079971,144.0,0.4505671202902273,2021-12-13 17:00:00,0.820684698142693,8.093369546769056e-08,0.5490135918079971,0.0447952311659899,0.0815922079788069,0.5407783879308772,0.6041469799012227,0.0108219529206772,0.0810302421387083,231.2009815950921,143.99942264957048,0.0,0.0,89.9995924139647,0.2653338619275702,4.142769725556426,-0.5515109999083865,51.25162802213285
primary_merrow_td,SUB:SPN-S000000171837,0.285,0.285,78.0,0.2977727083245952,2021-12-13 21:00:00,0.999999977736236,0.0127727149541367,0.285,0.0511963477634064,0.1796363079417771,0.1455897392662356,0.1462751532940696,0.005988145071982,0.0443919627152714,126.66215827338128,77.99965003732588,0.0,0.0,40.99991588367729,0.2172328172118183,3.6773951088018153,-0.5558096092295122,51.25378457670601
primary_merrow_td,SUB:SPN-S000000171838,0.285,0.285,82.0,0.2285519657319822,2021-12-13 21:00:00,0.8019365159675218,7.31744188724957e-08,0.285,0.0210026508146677,0.073693511630413,0.2702698361596076,0.2702606975899745,0.0048849517419707,0.0368437829279402,105.1251798561151,81.99956774873503,4.171447720743712e-05,3.2829065601870446e-05,45.99971408853855,0.1433713412338403,2.057519448838847,-0.547820192933229,51.25680608208352
primary_merrow_td,SUB:SPN-S000000171839,0.475,0.475,153.0,0.4749998250997747,2021-12-13 16:00:00,0.9999994792685966,7.244722912520016e-08,0.475,0.0542715459923219,0.1142558862996252,0.2910824579796434,0.2908682547648424,0.0088282876313262,0.0685422969542758,195.5695295774105,152.99955651600857,0.0,0.0,71.99970872257518,0.3107198616403094,4.803269815121585,-0.5504713489408423,51.258975078987206
primary_merrow_td,SUB:SPN-S000000171840,0.475,0.475,124.0,0.3441803657056322,2021-12-13 17:00:00,0.724590132628578,7.274051272084938e-08,0.475,0.0342066899792322,0.0720140841668047,0.3567558865769068,0.3567430011848064,0.0070764805617493,0.0645858236627174,184.2806516903469,123.99958562154973,3.535195012076876e-05,0.0,40.00033195937173,0.2342241931490319,2.7286015200130604,-0.5450625575275693,51.25802480724554
primary_merrow_td,SUB:SPN-S000000171845,0.19,0.19,54.0,0.2180352464960629,2021-12-13 15:00:00,0.999999964628425,0.0280352542083132,0.19,0.0311412653845109,0.1639013967605837,0.1342287423282918,0.1341298882775249,0.004074224537211,0.030480259591941,86.96834355828223,53.99983943128073,0.0,0.0,43.99984916360529,0.1461958534274882,2.4718952826022296,-0.5552079153513242,51.250402937496176
primary_merrow_td,SUB:SPN-S000000171846,0.475,0.5309357987849762,105.0,0.2023432938503722,2021-01-20 20:00:00,0.3811068457042575,6.901990849465672e-08,0.5309357987849762,0.0311278299022272,0.0586282371116468,0.5229717618032016,0.6328500244886073,0.0049990859590936,0.0421009037146329,120.12515337423314,104.99963563746948,9.676772281788186e-05,0.0,13.00036362128654,0.1509132361048748,1.5667069786506065,-0.5543068379985446,51.248519680106845
primary_merrow_td,SUB:SPN-S000000171848,0.475,0.475,51.0,0.1754597887018112,2021-12-13 16:00:00,0.369388974601827,6.975287622685259e-08,0.475,0.016592114292851,0.0349307669323179,0.0732064850490188,0.0771735873170393,0.0039152364873493,0.0287859452108533,82.13401087336203,50.99982766797683,0.0,0.0,14.000442968186745,0.1005577141202692,1.5732284022991638,-0.5455399173926232,51.25113544977184
primary_merrow_td,SUB:SPN-S000000171849,0.475,0.475,85.0,0.2512681665653662,2021-12-13 19:00:00,0.5289855334846646,7.21383633650918e-08,0.475,0.0192756445861376,0.0405803043918688,0.1127845933969593,0.1126509940339872,0.0055062367050633,0.0458136089717657,130.71849577536997,84.99955545478669,8.486281745830039e-05,4.095540012216032e-05,30.99994034429777,0.128624205264409,1.5529984716319924,-0.5441509293620934,51.25241314492122
primary_merrow_td,SUB:SPN-S000000171850,0.475,0.475,137.0,0.4319371864352391,2021-12-13 16:00:00,0.9093413101989376,7.048040491011025e-08,0.475,0.0536537406798195,0.1129552435364622,0.1892973754750089,0.2019307223702865,0.0077944660154299,0.0720397902627749,205.54881465301295,136.99941513926672,0.0,0.0,58.9996981495617,0.2715649915006991,4.213228144521578,-0.5449132504252475,51.25513262041033
primary_merrow_td,SUB:SPN-S000000171851,0.475,0.475,180.0,0.4749995437244912,2021-12-13 20:00:00,0.9999988908318252,7.05794525350572e-08,0.475,0.0459881162982481,0.0968170869436803,0.2050075263019083,0.2192911414537338,0.0100879110038039,0.0990214861264767,282.5348189415041,179.99919519630572,0.0,1.2035619261491672e-05,61.00004588686873,0.3137609003519334,4.281123117790645,-0.5398924332405044,51.25805696374113
primary_merrow_td,SUB:SPN-S000000171852,0.285,0.285,93.0,0.2849993706185706,2021-12-13 21:00:00,0.9999975507806704,6.864624772968119e-08,0.285,0.0243856823058092,0.0855637975642429,0.1226492739491648,0.1257691105345733,0.005021844764776,0.0494529167312022,141.10241545893717,92.99956480568362,0.0,0.0,16.001610293862168,0.1778206542241137,2.60929032111623,-0.5333084593409183,51.25598319736934
primary_merrow_td,SUB:SPN-S000000171853,0.475,0.475,59.0,0.1695699623178695,2021-12-13 20:00:00,0.3569893411734297,7.07597890098931e-08,0.475,0.0173314444614804,0.0364872514978535,0.0687491174016426,0.0732522786164389,0.0033065930512468,0.0324570426747896,92.60863509749302,58.99973453844461,0.0,2.221940110005717e-06,21.00016154154772,0.1087713463913261,1.3854155438736937,-0.5359168144004723,51.261115818979526
primary_merrow_td,SUB:SPN-S000000171854,0.475,0.475,103.0,0.3348263337492864,2021-12-13 16:00:00,0.7048974345418455,7.425464642968778e-08,0.475,0.0361977545427763,0.0762057990374238,0.1724441921013143,0.1789180474557954,0.0053393006075987,0.0527397686913126,150.4806843555602,102.99951488700472,0.0,0.0,58.99981801470576,0.2021070655121697,3.1211639963255657,-0.5387777011967939,51.26233666061855
primary_merrow_td,SUB:SPN-S000000171855,0.285,0.2990096167974123,93.0,0.2990093918142834,2021-12-13 07:00:00,0.9999990004602998,7.388892771584093e-08,0.2990096167974123,0.0228868811786782,0.0765422912607683,0.2945244725454511,0.2945163197519064,0.0043580127555115,0.043428121045542,123.91205986244188,79.99979496886185,12.999714412896951,0.0,38.999969843106285,0.1626235824571506,2.034330799055569,-0.5375367192354865,51.26525048610589
primary_merrow_td,SUB:SPN-S000000171856,0.475,0.475,127.0,0.4534849941218821,2021-12-13 04:00:00,0.9547050952644746,7.737599503595149e-08,0.475,0.0379895008099327,0.0799778964419637,0.2407326659719347,0.2407220272161779,0.0058426587043543,0.0583217255640212,166.40750222169115,99.99974324915698,26.999673150809592,3.235247648214857e-05,86.99934689720409,0.2370825335276152,3.198560590288051,-0.5418214114954777,51.261652372116
primary_merrow_td,SUB:SPN-S000000171857,0.475,0.475,136.0,0.3263267982035765,2021-12-13 21:00:00,0.6870036813158346,7.21663601597468e-08,0.475,0.03477536185692,0.0732112881198316,0.1702457431250441,0.1700527357212387,0.0079547119652394,0.0665238933513051,189.8104835478668,135.99933535069832,1.2818133816472345e-05,1.8894159435916965e-05,71.99980821707173,0.2307732333045585,2.6631221962783878,-0.5413249095494883,51.250615098472615
primary_merrow_td,SUB:SPN-S000000171858,0.475,0.475,82.0,0.3008320842776262,2021-12-13 16:00:00,0.6333306021592403,7.618767662629826e-08,0.475,0.0260409575213546,0.0548230684660097,0.117871975922113,0.1247971416500504,0.0056191941938977,0.0431785641449658,123.20000719106665,81.99971864321758,0.0,0.0,45.00013393638803,0.1708206496536436,2.7861034838409817,-0.5413570310871562,51.24889960802541
primary_merrow_td,SUB:SPN-S000000171859,0.7125,0.7125,165.0,0.453135104905778,2021-12-13 18:00:00,0.6359790305208399,7.179431609027711e-08,0.7125,0.0418692220943546,0.0587638204833047,0.2092230574675973,0.2096279057174177,0.0085574288455175,0.0773015724880177,220.56208850369796,164.99931280168806,4.357756396258944e-05,3.151085756009162e-05,50.000878311682094,0.2567935391289548,2.9169982672169588,-0.5374264811739402,51.25047407665291
primary_merrow_td,SUB:SPN-S000000171860,0.95,0.95,132.0,0.3806617934143451,2021-12-13 20:00:00,0.4006965947090357,7.09782951009852e-08,0.95,0.0299837440655002,0.0315618358584213,0.1875833070872055,0.187399424262755,0.0075786465960255,0.0646651003744587,184.50684938010403,131.99946806247542,7.275547862541226e-06,6.20763449355256e-06,52.00044754062217,0.2241555725443799,2.585373709100468,-0.5345890424279305,51.24752881190784
primary_merrow_td,SUB:SPN-S000000171861,0.475,0.475,86.0,0.2934629119561415,2021-12-13 16:00:00,0.617816561065684,7.356543113881722e-08,0.475,0.0257680936629575,0.0542486182378052,0.2016860494788841,0.2015492798765499,0.0056368966719275,0.0463938252830722,132.37400829971753,85.99968424941471,0.0,0.0,30.95772243029245,0.1621470691237204,2.716248858170631,-0.5310781515175237,51.24616809136268
primary_merrow_td,SUB:SPN-S000000171862,0.475,0.475,104.0,0.3543769297453125,2021-01-20 17:00:00,0.7460565805151724,7.238138102336066e-08,0.475,0.0424352338863808,0.0893373344976439,0.2029056923464702,0.2027141023579187,0.0082909515919462,0.0617399877340136,176.1607196401799,103.99956805362773,0.0,0.0,59.99986098218061,0.2278207462141762,3.848246861360725,-0.5345024526842126,51.24448145018595
primary_merrow_td,SUB:SPN-S000000171863,0.475,0.475,125.0,0.4312675034861934,2021-12-13 07:00:00,0.9079314529884012,6.973731633702098e-08,0.475,0.0317006053274301,0.0667381164788003,0.1944059212197558,0.1966047939430462,0.0099650860480123,0.0742067160264587,211.7316341829086,124.99939726641504,0.0,1.2170934981119788e-05,83.99941959269883,0.2420215753870546,3.7775806754854826,-0.5325596543267869,51.24101151032634
primary_merrow_td,SUB:SPN-S000000171864,0.475,0.475,176.0,0.4749985991443611,2021-12-13 21:00:00,0.9999968736814638,8.414592890981423e-08,0.475,0.0440853032412894,0.092811164718504,0.2143606143031497,0.224180697466079,0.0137876331286852,0.1018018844345167,290.46803993501635,175.99916218808784,0.0,0.0,103.99982318889352,0.3218669415885798,4.205724013379153,-0.5389733691356883,51.24302484722608
primary_merrow_td,SUB:SPN-S000000171865,0.285,0.285,119.0,0.3539786770510609,2021-12-13 21:00:00,0.9999999799887596,0.0689786841346134,0.285,0.0591583764742724,0.2075732507869207,0.1952934863007135,0.1950797784374034,0.008807871945948,0.065028742570597,185.5444179529913,118.9995238318865,0.0,0.0,77.99976544992445,0.2876784172714474,3.830290876265241,-0.5425658649762621,51.24255307648173
primary_merrow_td,SUB:SPN-S000000171866,0.285,0.285,37.0,0.2123139626924902,2021-12-13 18:00:00,0.7449610855436466,7.156420916575292e-08,0.285,0.0177492386805687,0.0622780304581361,0.0908082552012624,0.090736686642025,0.0029496654702116,0.0219651879438317,62.67256371814093,36.99984939223419,0.0,0.0,36.99974626366456,0.0854037013536241,1.980749268853905,-0.527869695969095,51.244654472805706
primary_merrow_td,SUB:SPN-S000000171867,0.285,0.285,55.0,0.2757574219591314,2021-12-13 18:00:00,0.967569653299704,7.314069384067777e-08,0.285,0.0236953300189373,0.0831415088383767,0.1331489188180711,0.1330425331219074,0.0043846378611254,0.0326509550516418,93.16191904047976,54.99973754865825,0.0,0.0,25.000082973182376,0.1267130207056556,2.31587327521281,-0.5260834429268637,51.24404177205273
primary_merrow_td,SUB:SPN-S000000171868,0.19,0.19,36.0,0.1899999780883334,2021-01-20 16:00:00,0.999999492078954,7.459337003161678e-08,0.19,0.0194609832672075,0.1024262277221452,0.0898548062964778,0.0929573040576377,0.0028773226997533,0.0212632198765842,60.66966082765944,35.99985476567881,0.0,1.0645591579950574e-06,30.999989911894254,0.0922321990360865,2.071166095310966,-0.5269992541907145,51.2413874372385
primary_merrow_td,SUB:SPN-S000000171869,0.475,0.475,45.0,0.177992843748445,2021-12-13 17:00:00,0.3747217211716524,6.989696254055692e-08,0.475,0.0158661212010249,0.0334023604232104,0.0927607019127315,0.0926970772610476,0.0027533218784231,0.0235257262189615,67.12519734607834,44.99989801949887,0.0,0.0,44.97798044002453,0.0884841882895444,1.3686452866139271,-0.5285776652357058,51.24632110481683
primary_merrow_td,SUB:SPN-S000000171870,0.475,0.475,133.0,0.333048484260867,2021-12-13 21:00:00,0.7011545909859154,7.636341248489006e-08,0.475,0.03373699586489,0.0710252544524,0.1306847676970388,0.1321958295016849,0.0063670360333509,0.0626261014614546,178.68903941538846,132.9993657017302,0.0,0.0,30.0002969448642,0.2020884375702178,2.514058934814312,-0.5304062502028635,51.24818845387829
primary_merrow_td,SUB:SPN-S000000171871,0.475,0.475,103.0,0.3617821532741612,2021-12-13 16:00:00,0.761646506300309,8.242867775871566e-08,0.475,0.047960304998731,0.1009690631552233,0.1629529069929418,0.1683370626015859,0.0079069426780702,0.0577363379993891,164.73723472668806,102.99946848426384,0.0,0.0,45.999771907232464,0.21688644961692,3.284497725281801,-0.5455506498114848,51.24916143835845
primary_merrow_td,SUB:SPN-S000000171872,0.475,0.475,107.0,0.3684773464130697,2021-12-13 20:00:00,0.7757416644129538,7.195296995264463e-08,0.475,0.0439889478636413,0.0926083112918765,0.1885414273713734,0.1897863580604279,0.0085166357228378,0.0630014467341838,179.76,106.99968484333012,1.0030160249642912e-06,2.4445249750512545e-06,47.99987592600946,0.2197874901309532,3.577019880736499,-0.5485884670123792,51.24774618398243
primary_merrow_td,SUB:SPN-S000000171873,0.475,0.475,106.0,0.2963093340739665,2021-12-13 07:00:00,0.6238090310653636,7.104404809435023e-08,0.475,0.029956895247805,0.0630671478901159,0.1567578017487809,0.1675116645286099,0.0076626308825469,0.0578715767922072,165.1231072210066,105.99962298939136,0.0,0.0,84.99963230425138,0.1822630339242079,2.160832161425045,-0.5502749685500403,51.245540905485726
primary_merrow_td,SUB:SPN-S000000171874,0.76,0.76,186.0,0.5505584580812052,2021-01-20 16:00:00,0.7244189529015903,7.437132390145958e-08,0.76,0.0645400794361081,0.0849211571527738,0.3255037925711336,0.3622120840673871,0.0121857049035868,0.0941594558365405,268.6621444201313,185.99926046386545,2.1785390856222065e-05,2.8149952341513014e-05,87.00036787530742,0.3777747142555777,5.309639930696733,-0.546227455676496,51.24119955831236
primary_merrow_td,SUB:SPN-S000000171875,0.475,0.475,128.0,0.3906397296412933,2021-12-13 16:00:00,0.8223993059015126,7.21523892762397e-08,0.475,0.0386979396566198,0.0814693466455154,0.2519598463084668,0.2583691462748138,0.009498195966279,0.071320534884086,203.4965864332604,127.99946774347076,0.0,0.0,73.99983106323118,0.2490883204519825,3.538144734547765,-0.5467875816676957,51.245940983556935
primary_merrow_td,SUB:SPN-S000000171877,0.475,0.475,76.0,0.3519646961741701,2021-12-13 16:00:00,0.7409781821311293,8.051773334125404e-08,0.475,0.0311073400008182,0.0654891368438278,0.1338966792451748,0.1385401307225993,0.005783986142461,0.0421575792521866,120.28686386119458,75.99972234525339,0.0,0.0,51.99981780472755,0.1753666300784294,3.276228429334433,-0.5418124740796616,51.24649624163485
primary_merrow_td,SUB:SPN-S000000171878,0.475,0.475,36.0,0.2079156953079591,2021-12-13 17:00:00,0.4377171894346306,6.9283341557463e-08,0.475,0.0189964484292538,0.0399925230089554,0.0740879407109085,0.0740232581477815,0.0026658622866465,0.0199768913280104,56.99942098591048,35.99988705475906,0.0,1.010922993412845e-06,24.999897625084447,0.0871926798103166,1.7434369611523013,-0.5387479373063498,51.2464335042787
primary_merrow_td,SUB:SPN-S000000171879,0.475,0.475,33.0,0.1357479071168832,2021-12-13 17:00:00,0.2857850257538393,6.957610704264557e-08,0.475,0.0123390081532461,0.0259768592699918,0.0729366817250305,0.0728931480959684,0.0017942186318359,0.0176580146100488,50.3830446893545,32.99992094959785,0.0,2.611195627125534e-06,32.99906010820394,0.0640562146644425,0.9789786054681486,-0.5319416763679269,51.25749055086825
primary_merrow_td,SUB:SPN-S000000171885,0.285,0.285,79.0,0.2371934986106097,2021-12-13 20:00:00,0.8322576850245477,7.014487785994558e-08,0.285,0.0229688773320155,0.0805925520421597,0.0859194998880006,0.0887715353520086,0.0052005143310717,0.0401286091261996,114.49766871165646,78.99978594196352,2.0982571536283883e-05,6.851243697708075e-06,66.99954626628679,0.1409451989722546,1.7043530995405616,-0.5524836023869095,51.24724769915234
primary_merrow_td,SUB:SPN-S000000171886,0.475,0.475,62.0,0.1832857595381826,2021-12-13 07:00:00,0.3858646998358145,7.027377921612504e-08,0.475,0.019444665645472,0.0409361382009938,0.1416174686833789,0.1449951073339777,0.0048389198839207,0.0359419984522177,102.5521472392638,61.99976254138559,0.0,0.0,22.000739227203923,0.1216349227350356,1.8801450538601587,-0.5512830992249481,51.246254008235546
primary_merrow_td,SUB:SPN-S000000171887,0.475,0.475,84.0,0.2197676103250681,2021-01-20 20:00:00,0.462668582233152,7.297733672064993e-08,0.475,0.0178875425397701,0.0376579842942529,0.1126381861073837,0.1125393468612026,0.0046075714737011,0.0444088053592792,126.7102148473772,83.99950343854948,0.0001106124782671,5.866784782012967e-05,38.00060052257936,0.133652007139351,1.581935125757927,-0.541400405257492,51.2541370424439
primary_merrow_td,SUB:SPN-S000000171888,0.7125,0.7125,195.0,0.4334833601947532,2021-12-13 19:00:00,0.608397635058354,7.43192830235195e-08,0.7125,0.0235199757941888,0.0330104923427211,0.2689133176102459,0.2686629718302858,0.0103178869412865,0.0923960208763806,263.6305922118813,194.9982536842741,0.0004790872184621,0.0001367612297423,42.00404159021232,0.2468592190426375,2.5162035371846763,-0.5410987137937789,51.25273508841863
primary_merrow_td,SUB:SPN-S000000171891,0.285,0.285,3.0,0.0105271096996123,2021-12-13 07:00:00,0.0369372177648065,7.138172900906588e-08,0.285,0.0008428175716643,0.0029572546374187,0.0027786056489902,0.002773079014705,0.0002391620651522,0.001780961184635,5.081559220389805,1.999971940447174,0.9999895059152476,4.173406801483154e-05,0.0003924711509716,0.0043715422319257,0.0364161362113733,-0.5043968292244697,51.25240721970978
primary_merrow_td,SUB:SPN-S000000173929,0.285,0.285,84.0,0.2801587241177416,2021-12-13 17:00:00,0.983012815894093,7.282501712112092e-08,0.285,0.0228163982268214,0.0800575376379701,0.1123105549858827,0.1133195104735811,0.0044106223769216,0.0435202946434383,124.17505582232444,83.99974099729626,0.0,0.0,48.00048593581353,0.1555975144240266,2.0881030284443303,-0.5384786263733077,51.26096390578545
primary_merrow_td,SUB:SPN-S000000173993,0.475,0.475,74.0,0.1912050034246214,2021-12-13 06:00:00,0.4025367883127523,7.198364205281416e-08,0.475,0.0211210327551115,0.0444653321160242,0.2258774439596498,0.225865865082252,0.0063589606116625,0.0359986917764271,102.7139084763174,73.99978258385886,0.0,0.0,58.99940917893003,0.1210287732600423,1.6132906840775958,-0.551111432753693,51.23632353608685
primary_merrow_td,SUB:SPN-S000000174080,0.29925,0.3252754555418733,165.0,0.3252755298361783,2021-11-22 20:00:00,0.9999999780567966,8.143189216239984e-08,0.3252754555418733,0.0351170099326328,0.1079608354529294,0.3203963237087452,0.3222348681616207,0.0094477775959855,0.0632864413667678,180.57316601140047,164.99908744453816,0.000116031203224,0.0,80.00028139750681,0.249345380766101,2.624162034821041,-0.5616027041642705,51.2360590243742
primary_merrow_td,SUB:SPN-S000000174155,0.29925,0.29925,122.0,0.2992500471035413,2021-11-22 20:00:00,0.9999999663521072,5.717267518299265e-08,0.29925,0.0328931039308077,0.1099184759592573,0.1678120758843534,0.1722075325436492,0.0059641249508616,0.0575018399415195,164.06814896647566,121.99933402466176,0.0001053152567054,7.681753539758748e-05,66.00020608414924,0.2270859061096846,3.3014544165181228,-0.5308191521651712,51.25004731234343
primary_merrow_td,SUB:SPN-S000000174201,0.29925,0.29925,96.0,0.299249635494284,2021-12-13 07:00:00,0.9999985574078868,6.719007076012404e-08,0.29925,0.0260031149733756,0.0868942856253154,0.228159603251226,0.2314430797387464,0.0063541482707231,0.0485357460857977,138.4854819794008,95.99973576633909,0.0,0.0,34.00018309279006,0.1740247177746748,2.881144511425589,-0.552911884166337,51.23776453559155
primary_merrow_td,SUB:SPN-S000000174619,0.285,0.285,89.0,0.2850000445401187,2021-01-10 15:00:00,0.9999999154342564,6.864136155400289e-08,0.285,0.0409658651709773,0.143739877792903,0.1726179643458281,0.1725150899394096,0.0042399216585443,0.0419200453492941,119.60911602209944,88.99962426445079,0.0,0.0,31.999912036217523,0.2033484785031988,3.267145108531661,-0.5267803460115876,51.24897497044158
primary_merrow_td,SUB:SPN-S000000174640,0.29925,0.29925,199.0,0.4575135440922799,2021-12-13 21:00:00,0.9999999826486324,0.1582635520307656,0.29925,0.0887092378312779,0.296438555827161,0.2714880221540185,0.2722663005150892,0.0102496844246652,0.1010808830786633,288.41082997482226,198.99913161945076,0.0001155197634046,0.0,64.00181891518544,0.4361368173865058,5.288560131358629,-0.52833482842875,51.252000055904674
primary_merrow_td,SUB:SPN-S000000174673,0.475,0.475,208.0,0.4749999650626126,2021-12-13 19:00:00,0.9999997727296784,7.301603188331574e-08,0.475,0.0298697934455851,0.062883775674916,0.2537782941920106,0.2583793982398189,0.0112713686516648,0.1109079075664741,316.4499626217616,207.99904604418492,4.010964574805614e-06,6.583999901017605e-06,40.00117447586797,0.3032491315259846,3.618997143843905,-0.5376216875105032,51.254731629680194
primary_merrow_td,SUB:SPN-S000000174692,0.475,0.475,133.0,0.3300596687573047,2021-12-13 19:00:00,0.6948623558042639,7.159731552155214e-08,0.475,0.0308873498849298,0.0650259997577471,0.137766048304252,0.1415785559273104,0.0067048708764191,0.0661674848952268,188.7935547726444,132.99934186990657,7.546730242575787e-05,5.079557287088752e-06,47.99965464429313,0.2121194596438821,2.4797060937699182,-0.5360563918191279,51.252463298906896
primary_merrow_td,SUB:SPN-S000000174722,0.285,0.285,210.0,0.4092120273570538,2021-11-22 20:00:00,0.99999998200086,0.1242120347225186,0.285,0.0799737113383951,0.2806095134680533,0.230475659346251,0.2441211050204909,0.0102884367858882,0.1012597909282801,288.92130198323184,209.99882816493573,3.5358131787980874e-05,0.0,75.0001490651808,0.4151225436241493,4.150119595854134,-0.5343390178663364,51.25147636786643
primary_merrow_td,SUB:SPN-S000000174777,0.29925,0.3570332754185091,145.0,0.3570330693560219,2021-12-13 17:00:00,0.9999992426314772,6.434332580923967e-08,0.3570332754185091,0.0331436697171674,0.0928307583608752,0.3516777762872315,0.3514681894819593,0.0086380244217775,0.0651505917628211,185.89208633093523,144.9979866571038,0.0013313933354171,3.8447711791128405e-05,36.00097449855125,0.240663899068662,2.943641883928281,-0.5504707995971215,51.25643283217795
primary_merrow_td,SUB:SPN-S000000174792,0.29925,0.6797645803698769,239.0,0.5248717617743686,2021-12-13 21:00:00,0.7721374724354068,7.360924565081322e-08,0.6797645803698769,0.0493495412613144,0.0725979886072648,0.6695681116643287,0.6695414760772274,0.0142378471503781,0.1073861478021672,306.40143884892086,238.99883812747615,8.140066951972465e-05,0.0,57.99928183961392,0.3690868176160056,4.396726704178324,-0.5537619789217786,51.25597455458855
primary_merrow_td,SUB:SPN-S000000174852,0.29925,0.29925,128.0,0.2992500679055893,2021-11-22 20:00:00,0.9999999727397594,7.606321834640408e-08,0.29925,0.0275445798193585,0.0920453795133116,0.2280363986589103,0.2278489550853224,0.0077254012448644,0.0582096672299563,166.08776978417262,127.99929871286956,7.030005316133518e-05,4.04232443177152e-05,69.99922554070264,0.2180631743629239,2.932078783331723,-0.5508290251118653,51.254186588849095
primary_merrow_td,SUB:SPN-S000000174899,0.29925,0.4885455343400982,153.0,0.4092078763151081,2021-12-13 18:00:00,0.8376042461937654,7.437025317180298e-08,0.4885455343400982,0.0326780097026137,0.0668883602564365,0.4812173513249967,0.4812043470817339,0.0069513176930966,0.0672127633150752,191.77601404131383,152.9992329099005,0.0,0.0,55.000099752968936,0.2216859884417789,2.483768661160534,-0.5486572066239714,51.262929435295206
primary_merrow_td,SUB:SPN-S000000174914,0.475,0.475,9.0,0.0594807593729433,2021-12-13 20:00:00,0.125222632656858,7.076145598688075e-08,0.475,0.0063462700509151,0.0133605685282423,0.0152118811763258,0.0161560827579837,0.0009306505268927,0.0060436152534335,17.244052863436124,8.999927410443913,7.578525492002452e-06,1.0738332051394896e-05,4.000009770948299,0.0255770939135777,0.3874985834446118,-0.5624048139103396,51.261802811604944
primary_merrow_td,SUB:SPN-S000000174925,0.76,0.76,129.0,0.4205745641703668,2021-12-13 07:00:00,0.5533875326033241,7.118310097530551e-08,0.76,0.0373058203738281,0.049086605755037,0.5516454055628632,0.5516348677219352,0.0056329213941386,0.0565080877318771,161.23270777479894,93.99955399493908,34.999721012240784,0.0001143904982554,49.99981086139145,0.1874187203097786,1.4857677572368135,-0.5453446223623362,51.26455600053833
primary_merrow_td,SUB:SPN-S000000174940,0.29925,0.29925,74.0,0.2077161049166791,2021-12-13 17:00:00,0.694122155181966,7.200242132249648e-08,0.29925,0.025915367510226,0.08660106101997,0.241802223432157,0.2526450632614497,0.0041362235248233,0.0335730164797422,95.79280723285189,73.99972463082139,0.0001039435734712,0.0,12.00027832426428,0.1307170370243437,1.5339784173689657,-0.5464656119752884,51.259159207560494
primary_merrow_td,SUB:SPN-S000000174949,0.475,0.5074902003542261,203.0,0.4466826769417253,2021-12-13 21:00:00,0.8801797779453864,7.39445333762428e-08,0.5074902003542261,0.0382677702653102,0.0754059294910512,0.4998778473489127,0.4996627725484602,0.0088642096357375,0.0889235799191554,253.7227882037534,202.99843287227904,0.0005694389530084,7.63991707874086e-05,49.00081680656954,0.3197370004033975,3.639122435339611,-0.5427544325273594,51.26413934336853
primary_merrow_td,SUB:SPN-S000000175001,0.76,0.76,45.0,0.1620144611924689,2021-12-13 08:00:00,0.2131769025715699,7.148089507911483e-08,0.76,0.0136331803426092,0.0179383951876437,0.1771346099622063,0.1771311136295902,0.0018689375678115,0.0155539373303659,44.37954871581574,23.001192966889946,21.998517260476792,0.0001509973800828,44.99966097003597,0.0654129599183067,0.7212896986444549,-0.5627613952815935,51.24161783807848
primary_merrow_td,SUB:SPN-S000000175036,0.475,0.475,54.0,0.2865947422256815,2021-12-13 17:00:00,0.6033572647259126,6.87501012845519e-08,0.475,0.0202367363358169,0.042603655443825,0.0813007048598099,0.0839350688041806,0.0029159098634183,0.0287145968116658,81.93043478260867,53.99984879536156,0.0,0.0,19.000038833642577,0.1166529688992208,2.0553317761545173,-0.5320916845747391,51.25677539890021
primary_merrow_td,SUB:SPN-S000000181331,0.76,0.76,6.0,0.0582365974123769,2021-12-13 17:00:00,0.0766270947880023,7.012526226515818e-08,0.76,0.005783311436964,0.0076096203117947,0.0127275221485258,0.0141775401739108,0.0006204336845951,0.0040290768356223,11.496035242290748,5.99998524327666,0.0,0.0,3.000075051752305,0.0216021977717945,0.462936815663391,-0.5624694866132717,51.260645217166
primary_merrow_td,SUB:SPN-S000000181361,0.29925,0.29925,101.0,0.2120219140221244,2021-12-13 19:00:00,0.7085108249495531,7.008498519984135e-08,0.29925,0.0252948470897024,0.084527475654812,0.1255530016686344,0.1327461550097833,0.0060097735397386,0.0455823669038371,130.05870022644837,100.9996754067084,3.306251802139401e-05,2.3668910248573023e-05,36.99973653808036,0.1403068289139852,1.4257277442709058,-0.5462486887528265,51.2579432242332
primary_guildford_b_td,SUB:SPN-R000000852116-000-001Z,0.095,0.1280596637199268,100.0,0.1917576120993604,2021-12-14 20:00:00,1.000000002803836,0.0636979478417767,0.1280596637199268,0.0683449707463941,0.5336963159287078,0.1261387687641279,0.1296774363870716,0.0040836395745297,0.0507454099635356,145.27868852459017,99.9999232054891,0.0,0.0,67.99994415796193,0.2351336443078175,2.2758125406932908,-0.5980946998382484,51.26045236943198
primary_guildford_b_td,SUB:SPN-S000000171605,0.76,0.76,7.0,0.0197663252908852,2021-01-20 18:00:00,0.0260083226781408,2.133862062279829e-09,0.76,0.004081707904189,0.0053706682949855,0.0063340146112618,0.0069507580601014,0.0002832006627438,0.0016092201517716,4.607025411061285,5.999983646768483,0.999998417339041,0.0,1.0000017147118632,0.0124956941925008,0.1038750023251822,-0.5803556810413482,51.24437549242065
primary_guildford_b_td,SUB:SPN-S000000171606,1.235,1.235,163.0,0.2630674378206734,2021-12-14 07:00:00,0.2130100707171373,2.276929163173355e-09,1.235,0.0687339832266096,0.0556550471470523,0.138736287214966,0.1518645955868159,0.0065945297181773,0.037471840676969,107.27787742899852,162.99996267757518,0.0,0.0,27.999985606813382,0.2458692074153908,2.240062509970096,-0.5805335362845193,51.24168284444968
primary_guildford_b_td,SUB:SPN-S000000171630,0.475,0.475,118.0,0.2754859324727339,2021-01-20 19:00:00,0.579970381580112,2.1073157602364072e-09,0.475,0.0585184926790415,0.1231968266927191,0.1807630962714899,0.1941787809789593,0.0064045658074846,0.047102809925889,134.85031368893135,117.99993381844376,0.0,0.0,83.99996243061271,0.2281987742980649,2.1961666772504107,-0.6028757891139961,51.24260144429549
primary_guildford_b_td,SUB:SPN-S000000171631,0.475,0.475,199.0,0.4163047803789496,2021-01-20 19:00:00,0.8764311125285484,2.1997041330003662e-09,0.475,0.0917118016359729,0.1930774771283641,0.2099130974631896,0.2194241299331186,0.0092320423363168,0.0684225019798588,195.88631484794277,198.99990456525765,0.0,0.0,152.99993312415376,0.3413557413399759,2.999645837763798,-0.6039220801452874,51.24465549776554
primary_guildford_b_td,SUB:SPN-S000000171632,0.475,0.475,99.0,0.2055847124637244,2021-01-20 19:00:00,0.4328099190391108,2.125983575252552e-09,0.475,0.0497202365427259,0.1046741821952125,0.0955708808927485,0.0987614787272803,0.0039851229438536,0.0322188052933544,92.23899821109124,98.9999547769481,0.0,0.0,85.99997591395878,0.1671767665466775,1.515020858608368,-0.6062374506990102,51.24424207262334
primary_guildford_b_td,SUB:SPN-S000000171633,0.475,0.475,133.0,0.2725218440739193,2021-11-22 06:00:00,0.5737301954497471,2.153084234946947e-09,0.475,0.0553431148760173,0.1165118207916154,0.1722453795142801,0.1793028852171656,0.005710002559144,0.046160480290309,132.15252459405002,132.99987503243528,0.0,0.0,54.99992983725231,0.2172980231236037,2.4244583521731897,-0.610667393995527,51.24397150979449
primary_guildford_b_td,SUB:SPN-S000000171634,0.475,0.475,133.0,0.2791162202624787,2021-12-14 20:00:00,0.5876130926851835,2.1051548258026123e-09,0.475,0.0670582490775837,0.1411752612159658,0.1478755621633647,0.1577528185057098,0.0055515595482817,0.0438764364297971,125.61355098389988,132.99990250665252,0.0,0.0,43.999941365805824,0.2332396904502468,2.532916686076684,-0.6062990947700589,51.24725057628504
primary_guildford_b_td,SUB:SPN-S000000171635,0.475,0.475,148.0,0.268975731030142,2021-12-14 19:00:00,0.5662646943762332,2.121677858913068e-09,0.475,0.0567498303498462,0.1194733270523078,0.1826930721914289,0.1889324423384593,0.0061752665832458,0.0500239485381644,143.21322152423846,147.99994679414357,0.0,0.0,60.9999694665788,0.2374592631693322,2.120062506994598,-0.6097998217387832,51.24655179303186
primary_guildford_b_td,SUB:SPN-S000000171636,0.475,0.475,155.0,0.3241319603827748,2021-12-14 20:00:00,0.6823830715128415,2.0724064902359373e-09,0.475,0.0735185940864533,0.1547759875504282,0.1717928234581472,0.1826069755055929,0.0075538357672976,0.060551988628397,173.3538757852317,154.99995189081534,0.0,0.0,67.999963448297,0.2716871142291604,2.468770850087928,-0.6134319990603669,51.245731419159085
primary_guildford_b_td,SUB:SPN-S000000171637,0.475,0.475,155.0,0.3423537901107716,2021-12-14 20:00:00,0.7207448180116398,2.157827195694324e-09,0.475,0.0663666145859233,0.1397191886019438,0.1800918064387574,0.1920631386646463,0.0076976468842133,0.0616323356393987,176.446793884082,154.9999228314635,0.0,0.0,59.99994592447309,0.2679649639923095,2.539354187555388,-0.6121647105737886,51.248608454427504
primary_guildford_b_td,SUB:SPN-S000000171647,0.475,0.475,119.0,0.2305393373295986,2021-11-22 19:00:00,0.4853459711349135,2.143861879786736e-09,0.475,0.0523073062342638,0.1101206447037133,0.1567807147102215,0.1636212547143919,0.0059728976462687,0.0477916873408811,136.82249614791988,118.99993249566288,0.0,0.0,48.99995277974793,0.2029085049614414,2.0279583548703912,-0.6153515288139648,51.24680958032442
primary_guildford_b_td,SUB:SPN-S000000171648,0.475,0.475,69.0,0.1569647030912488,2021-12-14 00:00:00,0.330452005035661,2.116222044003007e-09,0.475,0.0343212420981489,0.0722552465224189,0.086005450673527,0.0885493432930445,0.0034632767864919,0.0277111464413512,79.33405238828968,68.9999455298748,0.0,0.0,34.99995655168117,0.1301131525394816,1.4788541675546196,-0.6173066034625742,51.24482653425548
primary_guildford_b_td,SUB:SPN-S000000171724,0.76,0.76,127.0,0.2941957132428581,2021-12-14 00:00:00,0.3870996215574532,2.219567470706471e-09,0.76,0.0580676335081746,0.0764047809318086,0.1555098311668501,0.1574918125583704,0.0104524082986393,0.0634729581595941,181.71629955947137,126.99993882717516,0.0,0.0,44.999977272908914,0.2495540445371091,2.766458358130335,-0.5804670841098213,51.262232878985806
primary_guildford_b_td,SUB:SPN-S000000171725,0.29925,0.29925,115.0,0.2574322321000371,2021-12-14 21:00:00,0.8602580795738008,2.077954594818255e-09,0.29925,0.0534117505220401,0.178485381861454,0.1725579563450134,0.1832726153806046,0.0086270884563291,0.0576505365350087,165.04732835074915,114.99990766032307,0.0,0.0,50.999968454141936,0.2247053242821515,2.579750023370746,-0.5829089894112331,51.26408772571502
primary_guildford_b_td,SUB:SPN-S000000171730,0.475,0.475,149.0,0.3029323107711125,2021-11-22 18:00:00,0.6377522303164558,2.14941787863942e-09,0.475,0.0669273260938697,0.1408996338818311,0.1264416942716707,0.1323531372468417,0.007522780752884,0.0538858909321599,154.26955009780485,148.99990298300594,0.0,0.0,58.999949076450406,0.2445777383785443,2.084312508692641,-0.599564830811322,51.24525659878792
primary_guildford_b_td,SUB:SPN-S000000171731,0.475,0.475,139.0,0.3367080025310475,2021-11-22 18:00:00,0.7088589495255136,2.1251456517995543e-09,0.475,0.0685224583560647,0.1442578070653994,0.1474170059913915,0.1572203545744873,0.0072495599905039,0.0587987246972704,168.3344684194314,138.9999367477357,0.0,0.0,88.99996073629237,0.272208691832997,2.559104193416383,-0.5968134533840103,51.24565150181866
primary_guildford_b_td,SUB:SPN-S000000171732,0.76,0.76,147.0,0.3157989200886819,2021-12-14 20:00:00,0.4155248936454333,2.2096210729329063e-09,0.76,0.0624973138441999,0.0822333076897367,0.1452511838826561,0.1547268654885478,0.0072156772383341,0.0551459382922256,157.87693110193436,146.9999365476407,0.0,0.0,71.99995776294773,0.254725420251486,2.223166685043506,-0.6005596248885624,51.24757357095062
primary_guildford_b_td,SUB:SPN-S000000171733,0.29925,0.428223233363555,182.0,0.428223234060187,2021-12-19 06:00:00,0.9999999966332414,2.138356257503073e-09,0.428223233363555,0.0743937523986339,0.1737265673660326,0.4217998848631017,0.4605231923857649,0.0085662650930726,0.0762339191826706,218.24956794922568,156.9999039197692,24.999959150969666,0.0,100.99988942192256,0.3236432055947414,2.9482708431038813,-0.5999809645576584,51.25076659883082
primary_guildford_b_td,SUB:SPN-S000000171734,0.475,0.475,147.0,0.3795905016750909,2021-01-20 17:00:00,0.7991378947485558,2.0891600373663484e-09,0.475,0.0660741830142007,0.139103543187791,0.1807471576588364,0.1946392615302121,0.0069584212649756,0.0738742444206246,211.49407114624503,146.9999253416001,0.0,0.0,92.99993884323791,0.2873299267227569,3.0162083643703546,-0.6024073502845967,51.252549024275496
primary_guildford_b_td,SUB:SPN-S000000171742,0.29925,0.29925,104.0,0.2467038632624429,2021-12-14 20:00:00,0.8244072232004871,2.085980188527718e-09,0.29925,0.058490059189856,0.1954555027229942,0.1430520435586964,0.1476594880404897,0.0039797383168145,0.0411527803479471,117.81601453976566,103.999937720725,0.0,0.0,42.99997149617847,0.1812646364654035,1.633270827603193,-0.5850484996594159,51.25518688380849
primary_guildford_b_td,SUB:SPN-S000000171744,0.475,0.475,268.0,0.4750000033217558,2021-11-22 20:00:00,1.0000000000996516,3.274421369317311e-09,0.475,0.1128354076601058,0.2375482266528544,0.353708227911039,0.3721313317120325,0.0102559529366898,0.100986160193938,289.11259013675925,267.99985876809336,0.0,0.0,162.999906168336,0.4925586913064245,4.682000028176676,-0.5883096266642439,51.2545859480188
primary_guildford_b_td,SUB:SPN-S000000171745,0.475,0.475,149.0,0.3528521731839901,2021-11-22 18:00:00,0.7428466771045651,2.099116506041654e-09,0.475,0.0667253204806463,0.1404743589066238,0.1966207388607999,0.196506167862723,0.0057780810825982,0.0614785324545267,176.0064717937655,148.99986269116383,0.0,0.0,56.99995516152518,0.2811997079462798,2.8499166945781,-0.5877507907354276,51.256723084114654
primary_guildford_b_td,SUB:SPN-S000000171746,0.29925,0.29925,209.0,0.3550137538926918,2021-12-14 18:00:00,1.0000000014768091,0.0557637533684041,0.29925,0.1251574310832318,0.4182370295179007,0.2918856672200042,0.2917077528076312,0.0085455296988531,0.0929423736788662,266.0840885142255,208.99985618287295,0.0,0.0,119.99990427924484,0.4633907667753554,4.270270863048859,-0.5874881772857222,51.25930638061141
primary_guildford_b_td,SUB:SPN-S000000171749,0.29925,0.29925,117.0,0.2968943541371209,2021-01-20 17:00:00,0.992128161031592,1.963876295779807e-09,0.29925,0.0657179553991976,0.219608873514445,0.1515625795610875,0.1514606013645655,0.0048981850058698,0.0566669794672659,162.23150952115574,116.99985998728822,0.0,0.0,65.99991535271235,0.2585791482358034,2.934187537189032,-0.5923951100880284,51.26181489928653
primary_guildford_b_td,SUB:SPN-S000000171773,0.29925,0.29925,119.0,0.2992499210343151,2021-12-14 19:00:00,0.9999997290385596,2.1195267267026547e-09,0.29925,0.0613533770271383,0.2050238162978726,0.1375849750897826,0.1455694105619722,0.0051037037549345,0.0552945854626318,158.3024920735574,118.99991957774094,0.0,0.0,88.99993972081306,0.2342811249468348,2.199395871370488,-0.5911466615849917,51.25188082335868
primary_guildford_b_td,SUB:SPN-S000000171774,0.76,0.76,198.0,0.4213648144282723,2021-12-14 00:00:00,0.5544273857842302,2.222576629183789e-09,0.76,0.0848425127140374,0.1116348851500493,0.2297699817036965,0.2296032081866837,0.008010413679282,0.0815600427105367,233.4976907174596,197.9998764497083,0.0,0.0,80.99994610392218,0.3730690470734399,3.8651458597792407,-0.5936736972721773,51.255528844016894
primary_guildford_b_td,SUB:SPN-S000000171775,0.29925,0.29925,160.0,0.3010379308142317,2021-12-14 20:00:00,1.000000001865078,0.0017879302527724,0.29925,0.1133693753618065,0.3788450304488104,0.1980099230904693,0.2030054770558201,0.0064502322151012,0.0771201870945531,220.78685831720657,159.9999158516141,0.0,0.0,89.99995107464767,0.3811606523638957,3.7067917377278112,-0.5954836621333599,51.25756529796441
primary_guildford_b_td,SUB:SPN-S000000171780,0.475,0.475,295.0,0.5123621969143901,2021-12-14 19:00:00,1.0000000010396173,0.0373621963817295,0.475,0.1628816299622176,0.3429086946573003,0.331815855533334,0.3438077134707579,0.0138378298696097,0.1367713835347481,391.5618622827167,294.9997915984214,0.0,0.0,161.99984964299642,0.6369787154803996,5.469208364242574,-0.5972195463566372,51.25392964798617
primary_guildford_b_td,SUB:SPN-S000000171781,0.29925,0.29925,112.0,0.2992499492733294,2021-01-20 17:00:00,0.9999998234476756,2.106612908032093e-09,0.29925,0.069413977706133,0.2319598252502356,0.1436081131263595,0.1513235533325637,0.0045736763234732,0.0568348591591599,162.71213114754102,111.99992253826072,0.0,0.0,66.99995285303137,0.2496628963910427,2.697562555188471,-0.5991754848118797,51.2582307990477
primary_guildford_b_td,SUB:SPN-S000000171789,0.475,0.475,151.0,0.3591642478891257,2021-12-14 20:00:00,0.7561352553848008,2.091352533273506e-09,0.475,0.0718019833655266,0.151162070243214,0.1785551378844009,0.180569718808531,0.0073987418406,0.1029034020462969,294.60144877629523,150.99988648371522,0.0,0.0,105.99994158977088,0.3110178365977682,3.081187548435971,-0.5945035660387545,51.24758196593583
primary_guildford_b_td,SUB:SPN-S000000171790,0.29925,0.29925,142.0,0.3007599266278959,2021-12-14 20:00:00,1.0000000019617024,0.0015099260378944,0.29925,0.1113498585408616,0.3720964362267724,0.1913065175755806,0.1960085297751627,0.0065565312316175,0.1034283144311844,296.10421686746986,141.9999142333533,0.0,0.0,91.99995388871356,0.3792886464902802,3.3158542319171067,-0.5913901938894822,51.248514666233945
primary_guildford_b_td,SUB:SPN-S000000171791,0.7125,0.7125,2.0,0.0042940500775384,2021-01-20 20:00:00,0.0060267369331514,2.101973949267499e-09,0.7125,0.0009226728907124,0.0012949794957367,0.0009215981902136,0.0009204799330741,5.6416142723457744e-05,0.0004809328932478,1.3768595041322311,0.0,1.9999979208065728,0.0,1.9999909126366635,0.0023339543216668,0.008500005208645,-0.5749397629027956,51.23702527731773
primary_guildford_b_td,SUB:SPN-S000000171792,0.95,0.95,50.0,0.1587946365905505,2021-12-19 06:00:00,0.1671522486411597,2.2820439073054314e-09,0.95,0.0227096003304323,0.0239048424530866,0.1639942943837354,0.1640934060643905,0.0014104035680864,0.0120233223311955,34.42148760330579,29.999982073670264,19.99998423305229,0.0,13.999994855685436,0.0798069153959789,0.6207708127589475,-0.5739643452427443,51.2373870709055
primary_guildford_b_td,SUB:SPN-S000000171794,0.7125,0.7125,42.0,0.0941557425043347,2021-01-20 20:00:00,0.1321484101270934,2.1852755823126707e-09,0.7125,0.0217412453570038,0.0305140285712334,0.0714998315634429,0.0714978303552532,0.0012466705243241,0.0107552842742244,30.79123008743561,41.999971243397205,0.0,0.0,15.999992592833074,0.0683819947010915,0.6442708182845212,-0.5713695298819204,51.23645727955376
primary_guildford_b_td,SUB:SPN-S000000171795,0.475,0.475,187.0,0.4749999871306412,2021-01-20 18:00:00,0.999999968500888,2.0927194554385794e-09,0.475,0.0845916161272978,0.1780876128995743,0.2501287615643121,0.2548474940076277,0.006675874199928,0.0597489164902563,171.05476603119587,186.99992875989955,0.0,0.0,114.99988772021706,0.3581453385083743,3.526395864527232,-0.5736093071426503,51.244721880815966
primary_guildford_b_td,SUB:SPN-S000000171796,0.7125,0.7125,105.0,0.2749376169482777,2021-01-20 18:00:00,0.3858773559101887,2.2345656408658117e-09,0.7125,0.0514997358921762,0.0722803310767385,0.134033866749509,0.1402133481247595,0.004079944851008,0.0350750668099824,100.4161698511893,104.99995950191762,0.0,0.0,37.999986892624456,0.1962405302054696,1.9744791762733,-0.5706852571374565,51.24344910296502
primary_guildford_b_td,SUB:SPN-S000000171797,0.7125,0.7125,377.0,0.712500000492523,2021-12-14 19:00:00,0.999999997404488,2.3418253705001132e-09,0.7125,0.1659461666800235,0.2329069006035418,0.4688265517946807,0.4750576946147854,0.0124668937328493,0.1099834986433015,314.8710090967137,376.9999131692925,0.0,0.0,231.9999475855032,0.670421737806972,6.46702086380973,-0.5729122952824205,51.241747968689474
primary_guildford_b_td,SUB:SPN-S000000171798,0.76,0.76,196.0,0.4041806798004655,2021-12-14 07:00:00,0.5318166823889899,2.2278976992475872e-09,0.76,0.0802012958069812,0.1055280207986595,0.3964631860256242,0.396453860566544,0.0058093780651813,0.0496708385520147,142.20230535015224,195.9999267720328,0.0,0.0,80.99996506323443,0.3190796322885729,3.2630625304159397,-0.5719047962688414,51.23986685832299
primary_guildford_b_td,SUB:SPN-S000000171825,0.95,0.95,2.0,0.0100190299231468,2021-12-14 07:00:00,0.0105463472635324,2.1610336936527287e-09,0.95,0.0019375331642316,0.002039508593928,0.0042597349727887,0.0047713282934219,8.091447506966016e-05,0.0004597771862204,1.316292974588939,1.9999964564193,0.0,0.0,0.999996815290196,0.0055868193086588,0.158750011311025,-0.582721213052079,51.244344761744586
primary_guildford_b_td,SUB:SPN-S000000171826,0.475,0.475,2.0,0.0084732298092463,2021-11-22 17:00:00,0.0178383784680377,2.070168018875027e-09,0.475,0.0014833790674059,0.003122903299802,0.0034146937197577,0.0036350122010794,8.091447506966016e-05,0.0004597771862204,1.316292974588939,1.9999958594489773,0.0,0.0,0.999996674066642,0.004410980305228,0.0711875061859148,-0.5827222394261927,51.24651912140143
primary_guildford_b_td,SUB:SPN-S000000171827,0.475,0.475,1.0,0.0061650634489898,2021-12-14 17:00:00,0.012979080889473,2.040991773916642e-09,0.475,0.0011218982566676,0.0023618910666688,0.0024758991678305,0.0026642877255814,7.276592425890353e-05,0.0003475284068961,0.9949367088607592,0.999998351927828,0.0,0.0,0.999998351927828,0.0030655735904086,0.0757083496837526,-0.5857187460729962,51.245564322962885
primary_guildford_b_td,SUB:SPN-S000000171828,0.475,0.475,229.0,0.4539608581225047,2021-01-20 18:00:00,0.9557070652753232,2.214827424736877e-09,0.475,0.1020008064219584,0.214738539835702,0.2771462202184501,0.2778745865009536,0.0095565305824723,0.0891727158989119,255.2919609335872,228.99991473628072,0.0,0.0,159.99994806851163,0.4167222175275312,4.066729212351643,-0.5860996685812756,51.251747595227535
primary_guildford_b_td,SUB:SPN-S000000171829,0.475,0.475,65.0,0.179619118759275,2021-12-14 17:00:00,0.3781455115016664,2.1049661194813293e-09,0.475,0.0409984585338478,0.0863125442817849,0.1597614579500261,0.1597561092529823,0.0033320186187471,0.0273599029501168,78.32847978978282,64.99996412143403,0.0,0.0,64.99996412143403,0.1280620976931938,1.2872708524447454,-0.5847591180226703,51.249019852082846
primary_guildford_b_td,SUB:SPN-S000000171830,0.475,0.475,134.0,0.2795122584475118,2021-12-14 06:00:00,0.5884468570595356,2.2843736047344203e-09,0.475,0.0586862701652954,0.1235500424532534,0.2702713549349567,0.2736195647110347,0.0056865046023918,0.0574051522236066,164.34481927710846,133.9999118530576,0.0,0.0,86.99994734623534,0.2427047039336741,2.53664585570813,-0.5869324996563048,51.2496126668624
primary_guildford_b_td,SUB:SPN-S000000171831,0.29925,0.29925,90.0,0.2868571627133273,2021-01-20 18:00:00,0.9585870031838732,2.097413447379693e-09,0.29925,0.0519443405773426,0.1735817563152636,0.1100770759504471,0.1174615682886004,0.0041555479637012,0.0655531570338492,187.671686746988,89.99991618012062,0.0,0.0,57.99993170244591,0.2110953505852388,2.2495208693296886,-0.5923849614293502,51.250593642121295
primary_guildford_b_td,SUB:SPN-S000000171832,0.475,0.475,214.0,0.4749999940012794,2021-12-14 20:00:00,0.9999999829181496,2.1151585115335413e-09,0.475,0.0982262770270217,0.2067921621621511,0.2512033505457561,0.2566042645035661,0.0099244669270583,0.1190307541718324,340.77233532259885,213.99987757308503,0.0,0.0,129.9999190140079,0.4270218534208843,3.887500050538378,-0.596264398710225,51.25012961693501
primary_guildford_b_td,SUB:SPN-S000000171833,0.475,0.475,185.0,0.4005264673007303,2021-01-20 20:00:00,0.8432136115023808,2.178688051246545e-09,0.475,0.0861451076646694,0.181358121399304,0.2872165721519814,0.3091122343420684,0.008055457766239,0.0938848143683104,268.7821955444585,184.9999305408383,0.0,0.0,113.99995676212548,0.3445496480236582,3.00268752708432,-0.59274048189369,51.25306327247957
primary_guildford_b_td,SUB:SPN-S000000171847,0.475,0.475,21.0,0.0758686536961829,2021-01-20 18:00:00,0.1597234807717572,2.063555379816334e-09,0.475,0.0153124526569565,0.032236742435698,0.0336959986941706,0.0343317729297525,0.0007496971026657,0.0067097713705635,19.209358752166377,20.999985991359143,0.0,0.0,15.000032018120494,0.0468992038381032,0.5502291737446118,-0.5781822519020852,51.24605089942601
primary_guildford_b_td,SUB:SPN-S000000173197,0.29925,0.3488882912547972,186.0,0.3488882937724468,2021-11-22 20:00:00,1.0000000008993224,2.203886597338368e-09,0.3488882912547972,0.0950618514203429,0.272470741504243,0.3436549668859752,0.3436429240088395,0.0075022179254233,0.0880099795313005,251.96317090690667,185.99988505669396,0.0,0.0,106.99994272729606,0.3579932164428473,3.309541708143989,-0.5934084037172878,51.25845814004627
primary_guildford_b_td,SUB:SPN-S000000173931,0.475,0.475,232.0,0.4750000019066732,2021-11-22 20:00:00,0.9999999992839526,2.246795767847084e-09,0.475,0.1072579375277223,0.2258061842688891,0.2930063093497226,0.2927882649169779,0.0109964863111575,0.1176424920610714,336.79788918205804,231.99987283415655,0.0,0.0,111.99994414961456,0.4611041811743544,4.546645875884315,-0.5869875052215682,51.26483295305121
primary_guildford_b_td,SUB:SPN-S000000173932,0.29925,0.29925,16.0,0.0495395734562706,2021-01-20 19:00:00,0.1655457748159315,2.0695372366119513e-09,0.29925,0.0100223479230179,0.0334915552983056,0.0193980071051673,0.0197153607483913,0.0007267862663843,0.0054549068774034,15.616815742397137,15.99997908259274,0.0,0.0,2.9999947165743874,0.0322492230487371,0.3320416665969888,-0.605180967470013,51.249072316433136
primary_guildford_b_td,SUB:SPN-S000000174160,0.285,0.285,80.0,0.1754156809133443,2021-12-14 19:00:00,0.6154936126849218,2.109106559194719e-09,0.285,0.0461000947785243,0.1617547185211379,0.0940632912764389,0.1054146968135874,0.0040153933756428,0.0321288654392478,91.98151001540832,79.99994735576205,0.0,0.0,28.999979694378005,0.1452102347125139,1.5635208515017034,-0.614595499236413,51.24387122766651
primary_guildford_b_td,SUB:SPN-S000000174232,0.475,0.475,94.0,0.1911251684535595,2021-01-20 19:00:00,0.4023687739012088,2.113696220387598e-09,0.475,0.0413081965167848,0.0869646242458628,0.1016075486370631,0.1066171091450062,0.0040040341000035,0.0323933397554506,92.7386717337586,93.99994366021195,0.0,0.0,36.99998224906079,0.1634361294090003,1.5916666693461683,-0.6071266854823615,51.24892466344999
primary_guildford_b_td,SUB:SPN-S000000174234,0.285,0.285,120.0,0.2850000016408056,2021-11-22 20:00:00,0.9999999979170754,2.2344391129261274e-09,0.285,0.0772006961023689,0.2708796354469085,0.1748531426653976,0.1813988225311795,0.0056878377471504,0.0608495648591749,174.20580474934036,119.99992891073865,0.0,0.0,55.9999568956113,0.27364848747701,3.134833358865846,-0.5907507328823621,51.26568944475424
primary_guildford_b_td,SUB:SPN-S000000174670,0.76,0.76,1.0,0.0032286822098155,2021-01-20 17:00:00,0.0042482660537806,2.104905027443313e-09,0.76,0.0005741529359829,0.0007554643894513,0.0013064003908135,0.0013569857600777,7.276592425890353e-05,0.0003475284068961,0.9949367088607592,0.9999972598444644,0.0,0.0,1.3233614123423705e-05,0.001863352032498,0.0189583400993661,-0.5909327757089564,51.24601040506322
primary_guildford_b_td,SUB:SPN-S000000174751,0.29925,0.3673199518646275,215.0,0.3673199474317731,2021-12-14 07:00:00,0.9999999822265307,2.095695527154001e-09,0.3673199518646275,0.0861229363913034,0.2344629959633755,0.3618101525866581,0.3618000382885911,0.0063007923610093,0.0538366192896582,154.12849064810786,214.999908185402,0.0,0.0,54.99995159207366,0.297576239747383,2.8731041316085286,-0.5711551528819064,51.23855287594986
primary_guildford_b_td,SUB:SPN-S000000174785,0.29925,0.3620560797648101,185.0,0.3620560781976627,2021-01-20 20:00:00,0.9999999899708546,2.063965702890741e-09,0.3620560797648101,0.1017835062396824,0.2811263556347418,0.3566252385683379,0.3647985400242278,0.0083815769834805,0.0938318349806196,268.6305212163156,184.99988604214397,0.0,0.0,73.99993043748876,0.314632402167714,2.597041667152449,-0.5950048576836635,51.26297004744676
primary_guildford_b_td,SUB:SPN-S000000174812,0.475,0.475,4.0,0.0081548869279706,2021-11-22 18:00:00,0.0171681829319531,2.05571835152695e-09,0.475,0.0016394407473598,0.0034514542049681,0.0031189761066824,0.0031814077388947,0.0002007696687821,0.0016064432719623,4.599075500770415,3.999988027948908,0.0,0.0,0.999973167862248,0.005653153427041,0.0424375013118099,-0.6092524077010277,51.25113619209507
primary_guildford_b_td,SUB:SPN-S000000174842,0.475,0.475,124.0,0.3576037411401048,2021-01-20 17:00:00,0.7528499780319939,2.0919277034778303e-09,0.475,0.0595679561709258,0.1254062235177387,0.1517451722627761,0.1555923072718466,0.0058774323387221,0.062877883687814,180.0126649076517,123.99992139679826,0.0,0.0,46.99999852509285,0.2491543468993141,2.7234375485673072,-0.5922114359410452,51.26401550896143
primary_guildford_b_td,SUB:SPN-S000000174889,0.95,0.95,1.0,0.0046251855079629,2021-12-14 07:00:00,0.0048686163130413,2.171804635058413e-09,0.95,0.0007609973504124,0.0008010498425394,0.0018867159127867,0.001937291707511,5.879594047680351e-05,0.0004368672329243,1.2507042253521126,0.9999973762640356,0.0,0.0,0.0,0.0023351508842795,0.0406041708698444,-0.6132008031095754,51.24141715359174
primary_guildford_b_td,SUB:SPN-S000000174894,0.95,0.95,12.0,0.0494745372669194,2021-01-20 18:00:00,0.0520784601605682,2.196294314338469e-09,0.95,0.0079792215896629,0.0083991806206978,0.0400093368993368,0.0421277308921954,0.0005943279964093,0.0044245155359933,12.666915389740176,11.999986041053049,0.0,0.0,9.999981069955162,0.0257242762858895,0.297500013239257,-0.5880600978288881,51.24638971325948
primary_guildford_b_td,SUB:SPN-S000000174930,0.475,0.475,151.0,0.3284940093532628,2021-01-20 16:00:00,0.6915663323594242,2.143736972303621e-09,0.475,0.0734292344270063,0.1545878619515922,0.3943723487408002,0.394243332773099,0.0065065743935242,0.0726082022305159,207.86952758402032,150.99993191361602,0.0,0.0,70.99995395384217,0.2909380648698483,2.6994167078816798,-0.5880855529320221,51.25044344370468
primary_guildford_b_td,SUB:SPN-S000000175026,0.475,0.5006984336124086,189.0,0.3219903422676053,2021-12-14 07:00:00,0.643082381090552,2.1332071339676568e-09,0.5006984336124086,0.0827985462201349,0.1653660979579364,0.4931879571082224,0.4952416429483606,0.0076341687279097,0.0434595219513489,124.4199693634264,188.9999388038648,0.0,0.0,5.999994666994263,0.2897155130327063,2.6045833280472936,-0.5803864423944182,51.2396598258457
primary_guildford_b_td,SUB:SPN-S000000175067,0.29925,0.29925,7.0,0.0292138914260762,2021-01-20 17:00:00,0.0976236966494999,2.0867207841362862e-09,0.29925,0.0044493217749621,0.0148682431911852,0.00802370227426,0.0088326000502999,0.0005093614698123,0.0024326988482729,6.964556962025315,6.999987150238788,0.0,0.0,6.999984538315909,0.0135641150399132,0.2306875027260878,-0.5922884033963638,51.24590689076505
primary_guildford_b_td,SUB:SPN-S000000175224,0.76,0.76,173.0,0.4944778872006925,2021-01-20 17:00:00,0.6506287971247883,2.1300217279359653e-09,0.76,0.0996906368344082,0.1311718905715898,0.2142397783250116,0.2208983029145635,0.0078446728642768,0.0872005729301634,249.6459262619063,172.99992203973284,0.0,0.0,100.99994766978251,0.3622766535756438,3.982895901466091,-0.6004613735676317,51.25623832437945
primary_guildford_b_td,SUB:SPN-S000000175228,0.475,0.475,140.0,0.3368202589149496,2021-01-20 06:00:00,0.7090952787238389,2.145164728097703e-09,0.475,0.0633834125163818,0.1334387631923828,0.1692253132638539,0.173070885560351,0.0088303826901708,0.066389553323689,190.0661999879308,139.99988710206907,0.0,0.0,35.99997069659565,0.2740207593632045,3.040145840725745,-0.5843767692561318,51.261617108313175
primary_guildford_b_td,SUB:SPN-S000000175257,0.29925,0.29925,177.0,0.2992500036675552,2021-11-22 21:00:00,1.0000000004543048,3.5316045207151526e-09,0.29925,0.0985547396848447,0.3293391468165237,0.1855926289275319,0.192565858664045,0.0068521341440891,0.0728525490696023,208.5690664852352,176.99993197850102,0.0,0.0,71.99996811701826,0.3492631541970576,3.1621250054188303,-0.5917809676960609,51.256474782907965
primary_guildford_b_td,SUB:SPN-S000000175336,0.76,0.76,8.0,0.0343274014129375,2021-01-20 17:00:00,0.045167633310096,2.1534124076541932e-09,0.76,0.0056552284027375,0.007441090003602,0.0252526043200138,0.0253205441780997,0.0004187463841268,0.0032833993737923,9.40002170185985,7.999986394433642,0.0,0.0,7.999986394433642,0.0184028297066781,0.283937513514705,-0.6130378563556431,51.24249048373969
primary_guildford_b_td,SUB:SPN-S000000181195,0.29925,0.29925,136.0,0.321018744931027,2021-12-14 19:00:00,1.0000000017002626,0.0217687443852107,0.29925,0.1423973517771384,0.4758474579018827,0.2517109022637921,0.251584692454306,0.0060620703003497,0.065282458250601,186.8967050443322,135.99992668515085,0.0,0.0,53.999971457755336,0.4432192392879666,4.274812507719227,-0.5903732438393504,51.26345471852961
primary_guildford_b_td,SUB:SPN-S000000181196,0.475,0.475,194.0,0.4255128377103034,2021-12-14 07:00:00,0.8958164961730541,2.263971162083405e-09,0.475,0.1010762173252042,0.2127920364741142,0.2736730203267074,0.2736599004905498,0.0081731191716549,0.0885799045121945,253.59480525257808,193.9998647501817,0.0,0.0,13.999987969394253,0.346289136060143,3.923145797225759,-0.5858344507685104,51.26239856835649
primary_guildford_b_td,SUB:SPN-S000000181225,0.95,0.95,98.0,0.2552931150182184,2021-12-14 07:00:00,0.2687295941374897,2.186596560930034e-09,0.95,0.0506170309414782,0.053281085201556,0.1444792242228576,0.1496577653670476,0.004006994787022,0.0435806345479851,124.76670179135932,97.99991127215918,0.0,0.0,58.99994659439614,0.1948545003658836,2.3427292054130184,-0.5900552823589013,51.26031347969364
primary_guildford_b_td,SUB:SPN-S000000181226,0.95,0.95,66.0,0.1496076356369639,2021-12-14 07:00:00,0.1574817213408179,2.306216246948824e-09,0.95,0.0328169850447318,0.0345441947839282,0.0862168876567382,0.0862125557687589,0.0026985883259536,0.0293502232670103,84.02655426765017,65.99994578862355,0.0,0.0,9.000005972393977,0.1080407163555703,1.1398958253065554,-0.5896004338977078,51.25964724676016
primary_guildford_b_td,SUB:SPN-S000000181252,0.475,0.475,149.0,0.3096251221102049,2021-12-14 19:00:00,0.6518423594221184,2.12428464816922e-09,0.475,0.0662555215039403,0.1394853084293482,0.149953591170558,0.161826241594016,0.007910867143398,0.0565129365653033,161.79050114641336,148.99992144961203,0.0,0.0,75.99997881052346,0.2693970862565577,2.558416681789476,-0.5994162257688723,51.24398864985076
primary_guildford_a_td,SUB:SPN-R000000852112-000-063Z,0.0475,0.0475,7.0,0.0207056646870715,2021-01-20 18:00:00,0.4359086728851585,6.251370167875244e-09,0.0475,0.0078561558049222,0.1653927537878362,0.0063462077094589,0.007128355960409,0.0004115715833376,0.0029830440293885,8.75492957746479,6.999992349296401,0.0,0.0,6.999982956088569,0.0185619510582955,0.1023958376038777,-0.6148370455461488,51.23397081958654
primary_guildford_a_td,SUB:SPN-R000000852112-000-073Z,0.0475,0.0475,7.0,0.0253864332058325,2021-01-20 18:00:00,0.5344511557039584,6.193072130368409e-09,0.0475,0.009725824017126,0.2047541898342326,0.0076573658969525,0.0080707807691446,0.0006792163246447,0.0035628017675455,10.456459330143542,6.999993289860211,0.0,0.0,6.000012365538174,0.0218549524797417,0.1229792069443574,-0.593145706446904,51.23062581317349
primary_guildford_a_td,SUB:SPN-S000000171608,0.475,0.475,115.0,0.4009178405524766,2021-01-20 18:00:00,0.8440375467087826,6.9496966406281134e-09,0.475,0.1519451116803242,0.3198844456427879,0.1745317910281675,0.1779564455866733,0.0083680812897739,0.0389852480266655,114.41772151898728,114.99975813664092,0.0,0.0,72.9999096534447,0.3591703295042334,2.332416721803498,-0.5853375879938791,51.23878760083429
primary_guildford_a_td,SUB:SPN-S000000171609,0.29925,0.29925,67.0,0.2491093521531413,2021-01-20 18:00:00,0.8324456020097484,6.9094293649722135e-09,0.29925,0.0964869805552718,0.3224293418722535,0.1076417891235804,0.1132779534817548,0.0048753169253465,0.022713144502492,66.66075949367087,66.99984211930148,0.0,0.0,43.99993848135765,0.217179112137558,1.6427916449295843,-0.5842456761873994,51.23965768339848
primary_guildford_a_td,SUB:SPN-S000000171610,0.95,0.95,229.0,0.6774183703036177,2021-01-20 18:00:00,0.7130719629946307,7.655214137787994e-09,0.95,0.2470714312837268,0.2600751908249756,0.2736235895647415,0.2847611510486076,0.0102339679971982,0.0547955190219232,160.8192522374222,228.9997398259392,0.0,0.0,165.9997890094856,0.6206107385448848,4.007291744814158,-0.5854030008736636,51.237722047793135
primary_guildford_a_td,SUB:SPN-S000000171611,0.475,0.475,80.0,0.2755637843495753,2021-01-20 18:00:00,0.5801342742932815,6.998839480322484e-09,0.475,0.1047701093729701,0.2205686513115161,0.0927326020405475,0.0986353431655494,0.0047036752381442,0.0340919317644403,100.05633802816902,79.99989686941753,0.0,0.0,59.999954595036655,0.2544036683476594,1.760229251816499,-0.5989444251685285,51.24080921210666
primary_guildford_a_td,SUB:SPN-S000000171612,0.475,0.475,14.0,0.0489289419476356,2021-01-20 18:00:00,0.1030082973313856,6.9433970007010725e-09,0.475,0.0189556924936206,0.0399067210392012,0.0163886759270677,0.016905878898873,0.0008231431666752,0.005966088058777,17.50985915492958,13.999973600330064,0.0,0.0,9.000000290998644,0.0444022033393108,0.2766666585200258,-0.6058033714108783,51.23945887193364
primary_guildford_a_td,SUB:SPN-S000000171613,0.475,0.475,81.0,0.3806531572818249,2021-01-20 18:00:00,0.8013750563294949,6.8947926757008755e-09,0.475,0.1331412244568823,0.2802973146460681,0.1221384266660053,0.1283790201668407,0.0066899967996256,0.0402344766110635,118.08407983445696,80.99989887837907,0.0,0.0,53.99994569158882,0.3089833012808253,2.5573126549237126,-0.6009897232177484,51.23697198666573
primary_guildford_a_td,SUB:SPN-S000000171614,0.285,0.285,97.0,0.2850000101954272,2021-12-14 20:00:00,1.0000000052158986,8.708896119078208e-09,0.285,0.1819899329602138,0.6385611682814519,0.1680734349327124,0.1752908754875122,0.0104749308701692,0.0554266659595808,162.67160404241972,96.9999177260928,0.0,0.0,58.99994742408924,0.4209237406800845,3.4949793245081824,-0.6024398301380592,51.23217775584382
primary_guildford_a_td,SUB:SPN-S000000171615,0.29925,0.29925,34.0,0.144358963661593,2021-01-20 18:00:00,0.4824025409799379,6.785508669110047e-09,0.29925,0.04831605457315,0.1614571581391815,0.0532917783686504,0.0546450973482432,0.0036794689278562,0.0194725954559205,57.15007898894154,33.99992669494663,0.0,0.0,20.99997811877316,0.1217458320902318,0.8638126049801325,-0.6121945826079177,51.23111019961913
primary_guildford_a_td,SUB:SPN-S000000171616,0.475,0.475,106.0,0.3368669762672523,2021-01-20 18:00:00,0.7091936235406323,7.17075256890284e-09,0.475,0.1261547925837572,0.2655890370184363,0.1474863461782578,0.1481354808779888,0.0062323696905411,0.0451718095878834,132.57464788732392,105.99983334095349,0.0,0.0,56.99993721387283,0.3147091271620152,1.9576459023477144,-0.5985486631027599,51.23945492453624
primary_guildford_a_td,SUB:SPN-S000000171617,0.475,0.475,139.0,0.4623338152721171,2021-01-20 18:00:00,0.973334333601798,6.997865956981331e-09,0.475,0.1758516009899585,0.3702138968209653,0.1560322264192093,0.1608136656053149,0.0100818849009886,0.0620810588435384,182.20156756487347,138.999809943516,0.0,0.0,82.99988962623438,0.4296146856331778,2.563270936534165,-0.5953480975559606,51.23980893804026
primary_guildford_a_td,SUB:SPN-S000000171618,0.475,0.475,178.0,0.4750000013805039,2021-12-14 20:00:00,0.9999999873449688,7.391643861290457e-09,0.475,0.2596343530403198,0.5465986379796206,0.2301025202995603,0.2463415256509371,0.0179573541594532,0.0883248794613902,259.22450088041285,177.99976565780187,0.0,0.0,97.99984306738544,0.5867081100927402,4.232791918732412,-0.5935270961604932,51.236474621778605
primary_guildford_a_td,SUB:SPN-S000000171619,0.475,0.475,285.0,0.4750000122897134,2021-12-14 20:00:00,1.0000000029103546,1.0907294891944316e-08,0.475,0.3451702425140897,0.7266741947665046,0.4103525411450153,0.4228469603273772,0.0207832894126235,0.0993067199063153,291.4550810458628,284.9996237094792,0.0,0.0,123.99991361281091,0.8102882781804688,4.716333491726488,-0.5888811288711313,51.2373437763708
primary_guildford_a_td,SUB:SPN-S000000171621,0.475,0.475,177.0,0.4749999849918749,2021-01-20 18:00:00,0.9999999527126628,7.453360418006512e-09,0.475,0.2142688128774427,0.4510922376367216,0.2145544017522877,0.2234452427397512,0.0078761491948351,0.0428521942129479,125.7668136568222,176.9998213854676,0.0,0.0,116.9997943639409,0.5309568401530272,3.7488960161809977,-0.586580087631267,51.236063867725655
primary_guildford_a_td,SUB:SPN-S000000171622,0.285,0.285,64.0,0.2849999963348507,2021-12-14 06:00:00,0.9999999633014972,6.793924275575921e-09,0.285,0.1213884148491466,0.4259242626285847,0.1087101829569199,0.1156562881564389,0.006352286616072,0.0315696769650148,92.65377778170853,63.9999263070284,0.0,0.0,42.999959858006754,0.2712984067667784,2.5712501394767173,-0.5898274303314767,51.23355816931475
primary_guildford_a_td,SUB:SPN-S000000171623,0.475,0.475,99.0,0.4749999660112834,2021-01-20 18:00:00,0.999999913602804,7.049952176917443e-09,0.475,0.1577573329674322,0.3321207009840678,0.2167521055832385,0.2248204821906696,0.009606059448547,0.0503881964267161,147.88421052631577,98.99991232116514,0.0,0.0,66.00001694479658,0.3996726749703997,3.5217293994554315,-0.5858988895692661,51.23247778198309
primary_guildford_a_td,SUB:SPN-S000000171624,0.475,0.475,110.0,0.4749999674145627,2021-01-20 18:00:00,0.9999999161308424,7.252413132399117e-09,0.475,0.1707453232742858,0.3594638384721808,0.1666274000563938,0.1728941552912966,0.0111288763778041,0.0549127668244256,161.1633625636219,109.99986931107163,0.0,0.0,64.99991513432431,0.4025823367336935,3.519833559938572,-0.5943213626746973,51.23438858833637
primary_guildford_a_td,SUB:SPN-S000000171625,0.285,0.285,139.0,0.297532736081262,2021-12-14 20:00:00,1.0000000068297998,0.012532734049173,0.285,0.2232711155926892,0.7834074231322431,0.1943336414450875,0.1995564640691638,0.0148548334774949,0.0776506935444744,227.89685533489268,138.9998540772978,0.0,0.0,78.99990311483002,0.5232571071720561,3.6137084963298127,-0.5983367223144612,51.23352757682884
primary_guildford_a_td,SUB:SPN-S000000171626,0.475,0.475,110.0,0.4101514379375869,2021-12-14 18:00:00,0.8634766985579048,7.090616612798873e-09,0.475,0.1630919695483119,0.3433515148385515,0.120797695032756,0.12492507288979,0.011657045508999,0.0622667022903261,182.7464121220212,90.99992568862902,18.9998949237486,0.0,99.99978343724636,0.3697634763841023,2.2035000201151607,-0.6006197406071385,51.23419602844342
primary_guildford_a_td,SUB:SPN-S000000171674,0.76,0.76,153.0,0.6185571363880207,2021-01-20 18:00:00,0.8138909610262617,7.381900133520199e-09,0.76,0.2193471581957455,0.2886146818365073,0.1922371555680414,0.1987398876502781,0.0145657138596059,0.076423711246228,224.2957875973356,152.99983447787577,0.0,0.0,109.99998909677716,0.5277031067927516,3.6531668421337513,-0.5801716346606851,51.23391775346145
primary_guildford_a_td,SUB:SPN-S000000171675,0.475,0.475,144.0,0.4749998939944183,2021-01-20 18:00:00,0.999999761151286,7.447559316738872e-09,0.475,0.2044431124645093,0.4304065525568617,0.3781359011261357,0.3781386676261758,0.0084921686882768,0.0449337840264401,131.87606717328077,143.99987577890735,0.0,0.0,67.99996324598769,0.4428141990599586,3.2246042942866424,-0.5788744634419781,51.23164454141872
primary_guildford_a_td,SUB:SPN-S000000171685,0.475,0.475,66.0,0.2103523775311866,2021-01-20 18:00:00,0.4428471041025819,6.960551937450309e-09,0.475,0.0829887805020792,0.1747132221096405,0.0667932111334803,0.0705210543215598,0.0021189651995092,0.0152647270917013,44.80041507615907,65.99992388789377,0.0,0.0,34.00003219875666,0.1859284569080647,1.129083304533208,-0.5785929118846621,51.2402967851385
primary_guildford_a_td,SUB:SPN-S000000171686,0.475,0.475,144.0,0.4239564952253369,2021-01-20 18:00:00,0.8925399767660928,7.015308030110782e-09,0.475,0.1620895498963319,0.3412411576764882,0.1820669351995784,0.1849376495432699,0.0041443719734586,0.0346258052159153,101.62320208545196,143.99987673447174,0.0,0.0,79.99989097092462,0.3901118151622088,2.4307916785015697,-0.576473484907825,51.24003981529365
primary_guildford_a_td,SUB:SPN-S000000171689,0.95,0.95,11.0,0.0329610715006967,2021-01-20 18:00:00,0.0346958644648684,7.466936120684263e-09,0.95,0.0144777148778457,0.0152396998714166,0.0108504057176755,0.0113653982135198,0.0004450296128831,0.0024667336558415,7.239611360239163,10.99997870124504,0.0,0.0,7.999991719813234,0.0323879958810595,0.2072083533216497,-0.5796310178605456,51.23614587637396
primary_guildford_a_td,SUB:SPN-S000000171695,0.475,0.475,156.0,0.4749999782680804,2021-01-20 18:00:00,0.9999999385243435,7.469017687676939e-09,0.475,0.1920543988017732,0.4043250501089963,0.3464301462817717,0.3587211008703618,0.0161312757994749,0.1018423567752141,298.8969162995594,155.99973752312644,0.0,0.0,75.99992643800626,0.4909271663023961,2.668875002956677,-0.5714306519291863,51.25257859271811
primary_guildford_a_td,SUB:SPN-S000000171696,0.29925,0.29925,126.0,0.2992500049806221,2021-12-02 19:00:00,0.9999999929394148,7.093502306408625e-09,0.29925,0.1713568711404959,0.572621123276511,0.1394356224419605,0.1436680722038789,0.0119185579727517,0.0686918934194032,201.60369190154623,125.99980632953724,0.0,0.0,80.99987293498305,0.4172528040672297,2.3951041661733155,-0.5726568808159724,51.2570157014139
primary_guildford_a_td,SUB:SPN-S000000171697,0.285,0.285,101.0,0.2849999894642117,2021-01-20 18:00:00,0.9999999385109944,6.988578748410603e-09,0.285,0.1329663560874038,0.4665486178505398,0.1152287175743719,0.1152703073953472,0.0103353335750697,0.064593808598916,189.5762314777734,100.99989872444766,0.0,0.0,12.000020360834023,0.3036505196349238,1.5501041900484598,-0.5699370065833581,51.25660827884681
primary_guildford_a_td,SUB:SPN-S000000171698,0.475,0.475,141.0,0.4419801209156721,2021-01-20 18:00:00,0.930484450998876,7.191099318240081e-09,0.475,0.1808433558134773,0.3807228543441627,0.1607406279088858,0.1607952774790661,0.0135807638576533,0.0796980031470546,233.90549993325325,140.99979245014595,0.0,0.0,43.99991719935996,0.4452466012735211,2.4522499493003687,-0.5680138988241997,51.25841881614962
primary_guildford_a_td,SUB:SPN-S000000171699,0.95,0.95,8.0,0.0311548893769203,2021-12-14 18:00:00,0.0327946201413865,7.397649942376953e-09,0.95,0.012161311469821,0.0128013804945484,0.0097645854161445,0.0103217605852226,0.0008163815678986,0.0050884260571483,14.934010812975572,7.999984964388503,0.0,0.0,6.999992509276298,0.0276879925377508,0.1645833533919542,-0.565490479409883,51.26048273959804
primary_guildford_a_td,SUB:SPN-S000000171717,0.475,0.475,127.0,0.3454845437247732,2021-01-20 18:00:00,0.7273358705494242,7.168348160942474e-09,0.475,0.1503373450276606,0.3164996737424435,0.239297822745256,0.2392992997514858,0.0045338824780259,0.0395825984078084,116.17088388214904,126.9997914014043,0.0,0.0,30.99997846304284,0.342182298688003,1.964229105568338,-0.5777039452961167,51.24730578564284
primary_guildford_a_td,SUB:SPN-S000000171834,0.475,0.7539887984567714,229.0,0.7539887994177813,2021-12-19 06:00:00,0.9999999917289576,7.197283283060574e-09,0.7539887984567714,0.242163862681031,0.3211770031288006,0.7426789664799198,0.7748962972196264,0.0084216414370189,0.0729623865972465,214.13715324664284,122.99977305939618,105.99990578311828,0.0,64.99997794625706,0.6108225315942202,3.829500184189115,-0.5723111528807298,51.246495904994326
primary_guildford_a_td,SUB:SPN-S000000172024,0.475,0.475,32.0,0.1424311039983055,2021-01-20 18:00:00,0.2998549514661451,6.8429305581520525e-09,0.475,0.0502565282108807,0.1058032172860647,0.0458694167500639,0.045883352128074,0.0034630295791588,0.0183271486643957,53.78830963665087,31.99995495418717,0.0,0.0,19.000004259995844,0.1203191634611019,0.8360000930622908,-0.615351789033225,51.22850859637997
primary_guildford_a_td,SUB:SPN-S000000172025,0.475,0.475,92.0,0.4254678855893762,2021-01-20 18:00:00,0.8957218513103616,6.9407199281381756e-09,0.475,0.1511750585447099,0.3182632811467577,0.1676929170458651,0.1680103984404993,0.0099450212692536,0.0526268006954534,154.4542854335321,91.9998684687184,0.0,0.0,57.999934019508174,0.3576994366543615,2.8338959738686693,-0.6112038719881935,51.23048758290832
primary_guildford_a_td,SUB:SPN-S000000173973,0.19,0.19,33.0,0.1680139682675345,2021-01-20 18:00:00,0.8842840126896834,6.622866232301913e-09,0.19,0.0534943695354888,0.2815493133446781,0.0447084234005005,0.0464830921104593,0.003514122783993,0.0183040020920945,53.720376810832434,32.99996162197706,0.0,0.0,32.9999387256687,0.1225743849998264,0.9848125788580808,-0.5934278650531593,51.23291426032811
primary_guildford_a_td,SUB:SPN-S000000173976,0.76,0.76,7.0,0.0619230247707011,2021-01-20 18:00:00,0.0814776634118014,7.090679562755821e-09,0.76,0.0175267096510558,0.0230614600671787,0.0135023129893275,0.0143678765554721,0.0007238392986943,0.0045698493424775,13.412041116005874,6.999989425420161,0.0,0.0,6.577797106414e-06,0.0394324979657181,0.4146667342126564,-0.5672393942171583,51.26290282634043
primary_guildford_a_td,SUB:SPN-S000000174043,0.76,0.76,229.0,0.7416482787257126,2021-01-20 18:00:00,0.9758529881122144,7.952457769265712e-09,0.76,0.3032185057666297,0.3989717181139864,0.36049489355282,0.3605503875152569,0.0137906006743438,0.0741307630971795,217.5662189513736,228.9997623786433,0.0,0.0,131.9998641829955,0.6836434553581531,4.33968769797115,-0.5835780676507151,51.23521632404756
primary_guildford_a_td,SUB:SPN-S000000174077,0.29925,0.29925,139.0,0.2992500087108715,2021-12-14 20:00:00,1.00000000240176,7.992144763761187e-09,0.29925,0.1651258870971724,0.5517991214608936,0.2080810912219261,0.2183558709516058,0.012993533030791,0.0629597243118758,184.78036097913667,138.99979193582624,0.0,0.0,81.99894698188763,0.4336134794503644,2.7563126303034577,-0.5907714226657593,51.24003906128964
primary_guildford_a_td,SUB:SPN-S000000174088,0.95,0.95,178.0,0.6057913160872803,2021-01-20 06:00:00,0.6376750644115323,7.67840072725119e-09,0.95,0.1880314427429871,0.1979278344663022,0.4934164689853029,0.4934185391200187,0.0063545754416427,0.055477972571574,162.82218370883885,104.99986760668156,72.9999627937261,0.0,78.9999107530191,0.4395811486353952,2.4725624630088805,-0.5770735125272197,51.24452178515854
primary_guildford_a_td,SUB:SPN-S000000174089,0.29925,0.29925,84.0,0.2992500012933448,2021-12-14 20:00:00,0.9999999812233724,6.912250739526649e-09,0.29925,0.134223376005453,0.4485325848135439,0.1344694514232353,0.1374962148581639,0.0078548592984942,0.0444444090263673,130.43980152637792,83.99988650718147,0.0,0.0,53.99992536058843,0.3201213074873651,2.6457501471625884,-0.5969754136583084,51.23807421690532
primary_guildford_a_td,SUB:SPN-S000000174167,0.76,0.76,21.0,0.1053819137160801,2021-01-20 06:00:00,0.1386604114932922,7.076122249339439e-09,0.76,0.0192713582775255,0.0253570503651651,0.0272811941659793,0.028391580186173,0.0008496019882314,0.0047092187975156,13.82107623318386,0.9999984165628468,19.999954981474424,0.0,1.0000349765313907,0.047519342368552,0.2175000239366538,-0.5775652907548897,51.23745487756454
primary_guildford_a_td,SUB:SPN-S000000174198,0.285,0.285,76.0,0.2848186306090416,2021-01-20 18:00:00,0.9993635922498488,6.822176354772657e-09,0.285,0.1188015612844406,0.4168475834541779,0.1316370627392436,0.1369938855583834,0.007858826671539,0.0496155071468992,145.61644640234945,75.99987302664869,0.0,0.0,15.99998004306692,0.2668843174788817,1.550145866746128,-0.5701724693398754,51.25395802382246
primary_guildford_a_td,SUB:SPN-S000000174301,0.76,0.76,245.0,0.5496206089349723,2021-01-20 18:00:00,0.7231850042778764,7.859380662391492e-09,0.76,0.2578218590267738,0.3392392881931234,0.6169639027806816,0.6286098599206635,0.0084017754526908,0.0627196794401706,184.0758537957003,198.99982890648263,45.99999484872121,0.0,89.99994968858186,0.5966501744265245,3.1708542773394,-0.5769345443182277,51.24166256262752
primary_guildford_a_td,SUB:SPN-S000000174543,0.95,0.95,51.0,0.1198938048819102,2021-12-19 06:00:00,0.1262040041528176,7.422375412845756e-09,0.95,0.046138994396569,0.0485673625227042,0.0293235581228239,0.030076989328969,0.0020322017545871,0.0115257753014857,33.82697341912004,28.999959708171698,21.999984934253167,0.0,23.99997978173399,0.0982998208555717,0.3368125605753186,-0.5769735731557942,51.23595820920465
primary_guildford_a_td,SUB:SPN-S000000174710,0.76,0.76,12.0,0.0786101574337796,2021-01-20 18:00:00,0.1034344167181017,7.038491858451478e-09,0.76,0.0237947771871955,0.031308917351573,0.0330306803230167,0.0363444857990068,0.0006843461924349,0.0036237356723119,10.635294117647058,11.999982010365503,0.0,0.0,10.999988656655308,0.0525667384912238,0.4778334208951179,-0.576787602636824,51.23212252983305
primary_guildford_a_td,SUB:SPN-S000000174720,0.29925,0.29925,114.0,0.299249972971093,2021-01-20 18:00:00,0.9999998863148918,6.991362438607862e-09,0.29925,0.1306089222009877,0.4364542095271103,0.1359344654184995,0.1385881520251081,0.0065012888281317,0.0344254888869633,101.03529411764706,113.99987010778727,0.0,0.0,51.99996106500857,0.307107903971498,1.8290208256832092,-0.5769719844042377,51.23221036200712
primary_guildford_a_td,SUB:SPN-S000000174793,0.475,0.475,126.0,0.2787878676820695,2021-01-20 18:00:00,0.5869218180786674,6.976572400552629e-09,0.475,0.1177682719421032,0.2479332040886383,0.2445075239692248,0.2445086818291085,0.0035542169915778,0.0295554232237199,86.74214876033056,125.99966579381338,0.0002349823024498,0.0,40.99997572389329,0.288454918644445,1.9063333205713204,-0.5748461258649692,51.23864415715205
primary_guildford_a_td,SUB:SPN-S000000174828,0.95,0.95,13.0,0.0618397615260822,2021-01-20 18:00:00,0.065094485301899,7.516430667014872e-09,0.95,0.0221472375995965,0.0233128816837858,0.0154549057533074,0.0165725774921734,0.0007643472261984,0.0055399389117215,16.259154929577466,12.999986675768683,0.0,0.0,7.015671875814962e-05,0.0493486968490609,0.3915625354216837,-0.6139786680125286,51.23990363334117
primary_guildford_a_td,SUB:SPN-S000000174977,0.76,0.76,1.0,0.0066885626758251,2021-01-20 18:00:00,0.0088007402804587,7.121731373320391e-09,0.76,0.001817590791053,0.002391566830333,0.0016047896758799,0.0017648035919969,5.879594047680351e-05,0.0004261491470555,1.2507042253521126,0.9999995044742884,0.0,0.0,0.9999995044742884,0.0038794013646706,0.0306250398590143,-0.6153722633330494,51.240517969863525
primary_guildford_a_td,SUB:SPN-S000000174989,0.76,0.76,49.0,0.1275438516260283,2021-01-20 18:00:00,0.1678208558307861,7.118488877169151e-09,0.76,0.0535421890610309,0.0704502487645143,0.23723167224838,0.2372325663909217,0.002744698783605,0.0145637322863646,42.7430669128638,48.99992300644576,0.0,0.0,12.99996816521652,0.122917932976519,0.7825832640017123,-0.5783408978108254,51.23551171224829
primary_guildford_a_td,SUB:SPN-S000000175025,0.475,0.475,7.0,0.0163311954069405,2021-01-20 18:00:00,0.0343814635134762,6.923478202430094e-09,0.475,0.0073014567920673,0.0153714879832996,0.0324208113800739,0.0341528482943766,0.0002498990342219,0.0021817180224776,6.40311958405546,6.999963817277233,4.166449867740729e-06,0.0,2.2831726944437933e-05,0.0164918435619806,0.0725833019186072,-0.577877021945701,51.24815054390668
primary_guildford_a_td,SUB:SPN-S000000175216,0.76,0.76,13.0,0.0643265938032096,2021-12-14 06:00:00,0.0846402542097321,7.133876827292653e-09,0.76,0.017840385864071,0.0234741919264093,0.0412945171183442,0.0412946445279942,0.0003911021959664,0.0033013353596166,9.689082125603862,8.000267274893556,4.999716172032663,0.0,5.000000016015844,0.0439850970409274,0.3233749994920566,-0.573935972912838,51.23482502230885
primary_guildford_a_td,SUB:SPN-S000000175297,0.95,0.95,98.0,0.204367892736074,2021-01-20 18:00:00,0.2151240958953791,7.602420695930785e-09,0.95,0.1006323267581612,0.1059287650085907,0.3052006343747628,0.305201666616306,0.0031686134771617,0.0226470462813483,66.46676796501501,87.99990952027919,9.9999746737612,0.0,46.99992064136645,0.2268252683968643,1.221895853943213,-0.5792255951672134,51.23841572565794
primary_guildford_a_td,SUB:SPN-S000000181145,0.475,0.5157095072865933,224.0,0.5157094910056556,2021-01-20 18:00:00,0.9999999535301676,7.683997039741047e-09,0.5157095072865933,0.2597453449309168,0.5036660004535645,0.5079738646772943,0.5079780262232607,0.0127744622587852,0.0676430658831561,198.5254901960785,191.9999257489783,31.999863056642127,0.0,141.99986535608082,0.5472777311884736,2.701791700382372,-0.5785612655278036,51.23380697062873
primary_guildford_a_td,SUB:SPN-S000000181236,0.76,0.76,59.0,0.1278145357949952,2021-12-14 17:00:00,0.1681770191770936,7.256663904159638e-09,0.76,0.0682554227544711,0.0898097667821989,0.5134268502387129,0.5134275364069614,0.0021062918598703,0.0183887661894543,53.96915077989601,58.9999217645467,0.0,0.0,0.9999723831465588,0.1482290065576922,0.8403959024883312,-0.5789594419837589,51.245186054503016
primary_guildford_a_td,SUB:SPN-S000000181316,0.29925,0.29925,119.0,0.2992499863989942,2021-01-20 18:00:00,0.999999931146649,7.003359943769387e-09,0.29925,0.1503982001050874,0.5025837931665411,0.255302197273661,0.2553059582427039,0.0115448339351594,0.0682893154242974,200.42216659991988,118.999763361386,0.0,0.0,51.99993700273912,0.3593306987765911,1.9723958253917604,-0.567642929543498,51.25898831950035
