timestamp,dh_connection_heat_delivered_mw,ashp_heat_delivered_mw,resistive_heat_delivered_mw,gas_boiler_existing_heat_delivered_mw
2021-01-01 00:00:00,0.83496207,1.85697524e-09,0.01784462668,1.033018589
2021-01-01 01:00:00,0.6701510549,2.128951015e-09,0.01899065636,0.4891224802
2021-01-01 02:00:00,1.231436253,2.033008428e-09,0.02421174571,1.043729901
2021-01-01 03:00:00,0.911760211,0.0006204816746,0.02414844558,0.6918853521
2021-01-01 04:00:00,0.8659163713,0.07876978815,0.01670055091,0.6583225131
2021-01-01 05:00:00,1.220549822,0.3411786556,0.1691536307,1.094890714
2021-01-01 06:00:00,1.858686805,0.5301523209,0.01586375758,2.325938463
2021-01-01 07:00:00,3.889204979,0.9772332907,0.1229870915,4.651441574
2021-01-01 08:00:00,3.188130617,1.142462254,0.2045149952,3.978616238
2021-01-01 09:00:00,1.905525446,0.7256060243,0.1062395424,2.2050879
2021-01-01 10:00:00,1.44022274,0.5155333281,0.06955190748,1.558006048
2021-01-01 11:00:00,1.228242397,0.4486719072,0.04675480723,1.170124531
2021-01-01 12:00:00,1.17692852,0.4714606404,0.03017571382,0.979526937
2021-01-01 13:00:00,1.685912013,0.7150219083,0.07673805207,1.848067641
2021-01-01 14:00:00,1.929574728,1.155981302,0.1653843522,1.977574348
2021-01-01 15:00:00,1.50491488,3.464382887,0.3471730351,1.211021543
2021-01-01 16:00:00,2.134245157,0.0871733129,0.001893108245,1.988061905
2021-01-01 17:00:00,2.687315464,7.604870511e-09,3.847068497e-10,2.725464344
2021-01-01 18:00:00,2.559500933,0.394987762,0.01609602943,3.130090475
2021-01-01 19:00:00,2.374372005,0.6806287169,0.01470288634,2.297144651
2021-01-01 20:00:00,2.39245677,1.031307697,0.07129786909,2.317975044
2021-01-01 21:00:00,2.372265577,0.9029329419,0.08111622185,2.443409204
2021-01-01 22:00:00,1.581635833,0.7718481421,0.05255283788,1.532983899
2021-01-01 23:00:00,1.136446118,0.4830652177,0.01923438348,1.307612419
2021-01-02 00:00:00,0.7281571031,0.2669531405,0.04912281036,1.023056269
2021-01-02 01:00:00,0.5169650912,0.2492961287,0.01627151854,0.5211951733
2021-01-02 02:00:00,0.540856421,0.2223011106,0.01321471855,0.4783625007
2021-01-02 03:00:00,0.4270939827,0.2115673274,0.006990354043,0.3223876953
2021-01-02 04:00:00,0.4518611431,0.2161196023,0.02066526376,0.4143403172
2021-01-02 05:00:00,0.5216345787,0.4304759502,0.05760228634,0.3780621886
2021-01-02 06:00:00,0.8350286484,0.1204174981,0.00298027345,0.8899566531
2021-01-02 07:00:00,2.839382887,1.01330483,0.08106122911,3.357383966
2021-01-02 08:00:00,3.110327959,1.415408611,0.0960521847,3.043984175
2021-01-02 09:00:00,2.094863176,0.7723738551,0.07850429416,2.275367022
2021-01-02 10:00:00,1.659986734,0.627127707,0.1020822003,1.722620964
2021-01-02 11:00:00,1.758430362,0.6214245558,0.05640011281,1.608017445
2021-01-02 12:00:00,1.261766553,0.4991811514,0.0587140955,1.133833051
2021-01-02 13:00:00,1.313394785,0.7493361831,0.1309291273,1.094843984
2021-01-02 14:00:00,1.416538119,2.741094828,0.2904280126,1.410744309
2021-01-02 15:00:00,1.74265039,4.168083191,0.3340500593,1.728496909
2021-01-02 16:00:00,1.545413136,0.09165550023,0.005526815541,1.62978816
2021-01-02 17:00:00,1.94963479,2.018047507e-09,1.526393595e-10,2.036636114
2021-01-02 18:00:00,2.450908899,2.529612297e-09,1.711284725e-10,2.868964911
2021-01-02 19:00:00,2.064222336,0.003197767772,2.488987627e-10,2.349053621
2021-01-02 20:00:00,2.035564423,0.09524302185,0.008800246753,2.017476797
2021-01-02 21:00:00,2.106617928,0.2270613313,0.009598448873,2.123168945
2021-01-02 22:00:00,1.713487625,0.4667176902,0.02849437669,1.684917331
2021-01-02 23:00:00,1.134432077,0.4080946445,0.02015413344,1.128904223
2021-01-03 00:00:00,0.6536902785,0.4197767079,0.01453274395,0.7499904037
2021-01-03 01:00:00,0.6232577562,0.1769209504,0.01531283651,0.5225275159
2021-01-03 02:00:00,0.5921167731,0.3144686818,0.01385377906,0.4367318451
2021-01-03 03:00:00,0.57412678,0.4336556196,0.00887287315,0.4203819633
2021-01-03 04:00:00,0.8497049212,0.2494132966,0.01903421991,0.6308455467
2021-01-03 05:00:00,0.7953445315,0.7775648236,0.02480527386,0.7139524817
2021-01-03 06:00:00,1.122951627,0.3435474038,0.3139428198,1.15734899
2021-01-03 07:00:00,2.991277695,0.7430077791,1.096040814e-09,3.867424726
2021-01-03 08:00:00,3.222761631,1.460216999,0.02046021447,3.220861197
2021-01-03 09:00:00,2.213764668,0.7867327332,0.08758513629,2.391646862
2021-01-03 10:00:00,1.659913063,0.6326776743,0.07557322085,1.754259944
2021-01-03 11:00:00,1.567755222,0.5301201344,0.04957607016,1.599908233
2021-01-03 12:00:00,1.345427275,0.5170676708,0.04451887682,1.267240405
2021-01-03 13:00:00,1.229818463,0.702601552,0.06781616062,1.050872564
2021-01-03 14:00:00,1.455176473,1.696288705,0.09627423435,1.50298059
2021-01-03 15:00:00,1.824656487,3.836157799,0.3449809551,1.762606025
2021-01-03 16:00:00,1.952692032,1.403432925e-08,6.133781261e-10,1.906857252
2021-01-03 17:00:00,2.492741108,0.02132049948,8.002823404e-10,2.599015474
2021-01-03 18:00:00,2.902497292,0.3181599677,0.05171020702,3.301984549
2021-01-03 19:00:00,2.630809546,0.3847165704,0.08186000586,2.957095861
2021-01-03 20:00:00,2.51853776,0.7344639301,0.09202128649,2.63373208
2021-01-03 21:00:00,2.473740816,1.059410095,0.104940176,2.420804262
2021-01-03 22:00:00,2.247849226,0.8733767271,0.08681976795,2.148324013
2021-01-03 23:00:00,1.574695468,0.7116837502,0.04851627722,1.45500803
2021-01-04 00:00:00,1.043841362,0.417812258,0.03383230045,1.249126196
2021-01-04 01:00:00,0.6273866892,0.348081708,0.01544158068,0.5585383177
2021-01-04 02:00:00,0.9431571364,0.2996281981,0.01334070601,0.7853015065
2021-01-04 03:00:00,0.7364102602,0.3062721491,0.03556014597,0.6460855007
2021-01-04 04:00:00,0.8839092255,0.3267938793,0.01231381111,0.7283303738
2021-01-04 05:00:00,0.9494924545,0.4161978364,0.0383810401,0.896350801
2021-01-04 06:00:00,1.487376094,0.6280581951,0.05246247724,1.813810229
2021-01-04 07:00:00,3.38125515,1.277808428,0.1694566011,3.971647978
2021-01-04 08:00:00,2.657268763,1.086751223,0.217288211,3.268713236
2021-01-04 09:00:00,1.663211346,0.7470741868,0.01183172595,1.585176826
2021-01-04 10:00:00,1.223178387,0.4730801582,0.04451036826,1.194991231
2021-01-04 11:00:00,0.9838178158,0.4184844494,0.04325513169,0.8455080986
2021-01-04 12:00:00,0.9034017324,0.3778540194,0.02655044943,0.7426646352
2021-01-04 13:00:00,1.22801888,0.439953208,0.04596979171,1.508895755
2021-01-04 14:00:00,1.544823408,1.393883705,0.2211346328,1.668438435
2021-01-04 15:00:00,1.236457705,3.732294083,0.1290417612,1.119260192
2021-01-04 16:00:00,2.058160067,3.255032244e-09,3.279059801e-10,1.87272191
2021-01-04 17:00:00,2.712054014,4.155714439e-09,0.00216471171,2.799484968
2021-01-04 18:00:00,2.552251101,0.1561911404,0.02007589489,2.869901419
2021-01-04 19:00:00,2.516359091,0.5386174917,0.07838954777,2.396536827
2021-01-04 20:00:00,2.566742182,0.8209026456,0.1060414612,2.465017319
2021-01-04 21:00:00,2.477237701,0.9698418379,0.08145215362,2.573199034
2021-01-04 22:00:00,1.707630277,0.8084298372,0.05784180015,1.603088379
2021-01-04 23:00:00,1.438897967,0.5982917547,0.02866444364,1.657545328
2021-01-05 00:00:00,0.849411726,0.7104315758,0.04298169538,0.9069021344
2021-01-05 01:00:00,0.5320975184,7.678285563e-09,5.021943417e-10,0.3727772534
2021-01-05 02:00:00,0.9333523512,0.2465133667,0.004026761279,0.7598707676
2021-01-05 03:00:00,0.6153461933,0.3206302524,0.01491946913,0.5152170062
2021-01-05 04:00:00,0.7909180522,0.3777323663,0.01127447747,0.4846360385
2021-01-05 05:00:00,1.147987604,2.263812304,0.1336417049,0.9661194086
2021-01-05 06:00:00,1.503359318,0.3718839586,0.306373924,2.094234943
2021-01-05 07:00:00,3.330296278,0.6109372973,5.821247373e-10,3.836332798
2021-01-05 08:00:00,2.900489569,0.4391991198,0.01253936812,3.540960312
2021-01-05 09:00:00,1.509252429,0.6378610134,0.06179860607,1.601056576
2021-01-05 10:00:00,1.168343902,0.3902727365,0.03783914819,1.225185633
2021-01-05 11:00:00,0.9153386354,0.3608974218,0.02121747099,0.8225460052
2021-01-05 12:00:00,1.047724128,0.410551548,0.04166448489,0.9824963808
2021-01-05 13:00:00,1.29328227,0.5519753695,0.06843217462,1.60830307
2021-01-05 14:00:00,1.657219887,1.20989275,0.05241487548,1.69239378
2021-01-05 15:00:00,1.367185473,3.831172466,0.3425651789,1.284186721
2021-01-05 16:00:00,2.044134378,1.04694283,0.04982229322,1.930054665
2021-01-05 17:00:00,2.709025621,0.004094184842,0.01348541304,2.840169907
2021-01-05 18:00:00,2.713162184,0.01414265297,0.02282243967,3.061770439
2021-01-05 19:00:00,2.504424095,0.4426041543,0.01477679424,2.452693462
2021-01-05 20:00:00,2.738507509,0.4822921455,0.09408462048,2.626294374
2021-01-05 21:00:00,2.647417068,0.9154767394,0.0718697831,2.608135223
2021-01-05 22:00:00,1.96376276,0.9164841771,0.05875668302,1.890169024
2021-01-05 23:00:00,1.277113199,0.5609965324,0.02875507995,1.544746518
2021-01-06 00:00:00,1.037290812,0.3770688176,0.01917258464,1.085498691
2021-01-06 01:00:00,0.8080826402,0.390581727,0.01159392018,0.5773972273
2021-01-06 02:00:00,1.097983837,0.359906286,0.01323398761,0.9139767885
2021-01-06 03:00:00,0.8043375611,0.3896201253,0.01209438685,0.579590857
2021-01-06 04:00:00,0.7977209687,0.3864783347,0.01053336076,0.5355625153
2021-01-06 05:00:00,1.21568048,1.290608764,0.3464152813,1.046723247
2021-01-06 06:00:00,1.501605749,1.378745675,0.1233691573,1.847682834
2021-01-06 07:00:00,3.654887676,0.6921713352,0.001628698315,4.325564384
2021-01-06 08:00:00,2.848474026,0.47013852,0.01398366038,3.419764042
2021-01-06 09:00:00,1.782269955,0.7111985683,0.07304413617,1.838408589
2021-01-06 10:00:00,1.318901181,0.4844422638,0.05229603499,1.575489163
2021-01-06 11:00:00,1.432111144,0.6584194899,0.0347256884,1.187233925
2021-01-06 12:00:00,1.196177483,0.5084367394,0.05098055303,1.115893126
2021-01-06 13:00:00,1.61842525,0.6340244412,0.06665752828,1.809663892
2021-01-06 14:00:00,1.648015499,0.461597234,0.06334663182,1.746919155
2021-01-06 15:00:00,1.265193224,3.357037783,0.3011731207,1.19662559
2021-01-06 16:00:00,2.12424016,0.5314850807,0.001425626921,2.120260239
2021-01-06 17:00:00,2.797359228,5.822754279e-09,0.01442459598,3.034070253
2021-01-06 18:00:00,2.720288992,1.182842731,0.150396511,3.120409489
2021-01-06 19:00:00,2.936469555,0.2838534713,0.01090237312,2.898259878
2021-01-06 20:00:00,2.5179708,1.046224117,0.1106101051,2.519583941
2021-01-06 21:00:00,2.619994164,0.969969213,0.1049982905,2.589512587
2021-01-06 22:00:00,1.664112926,0.7663620114,0.06867226958,1.695107102
2021-01-06 23:00:00,1.351991773,0.620039165,0.02675404027,1.470477819
2021-01-07 00:00:00,0.8684245944,0.3489813805,0.02820660733,0.8939990401
2021-01-07 01:00:00,0.6436926723,0.3347038329,0.01679416373,0.4364471436
2021-01-07 02:00:00,0.9127756357,0.288474232,0.02387659252,0.7802932262
2021-01-07 03:00:00,0.6488716006,0.3204009831,0.0206847135,0.4680684209
2021-01-07 04:00:00,0.9045162797,0.4759312272,0.02201525867,0.558106482
2021-01-07 05:00:00,0.7451540828,0.3536213934,0.05357981101,0.9434506297
2021-01-07 06:00:00,1.663134813,0.611153245,0.1876067966,1.963440299
2021-01-07 07:00:00,3.190751076,1.263567448,0.01652621105,3.781717062
2021-01-07 08:00:00,2.682153463,1.140931606,0.1442492604,3.052125931
2021-01-07 09:00:00,1.449135303,0.6436516047,0.07138618082,1.494837165
2021-01-07 10:00:00,1.084546924,0.443064779,0.03628128394,1.059135437
2021-01-07 11:00:00,1.065550804,0.7080888152,0.04103322327,0.9476991296
2021-01-07 12:00:00,1.015610576,0.1781478375,0.04782189429,1.022808075
2021-01-07 13:00:00,1.158512712,0.4161803424,0.06412246823,1.501102448
2021-01-07 14:00:00,1.431088567,1.426756024,0.03958274797,1.533430099
2021-01-07 15:00:00,1.163277268,3.719496012,0.3076043129,0.9817588329
2021-01-07 16:00:00,2.038501024,0.01757853478,6.534800479e-10,2.005366802
2021-01-07 17:00:00,2.992107391,7.016888848e-09,0.001319418778,3.058571815
2021-01-07 18:00:00,2.767345428,0.2393768728,0.04655151069,3.109947443
2021-01-07 19:00:00,2.609691381,0.7100738287,0.1076648608,2.634368896
2021-01-07 20:00:00,2.643334627,0.7911970615,0.1165812612,2.697065353
2021-01-07 21:00:00,2.698246717,1.057834864,0.08470609039,2.625089407
2021-01-07 22:00:00,1.988949299,0.9385556579,0.07566083223,1.96068418
2021-01-07 23:00:00,1.335393071,0.5258914828,0.0517946817,1.682243705
2021-01-08 00:00:00,1.017263293,0.4309324324,0.03261231631,1.074167609
2021-01-08 01:00:00,0.8262776136,0.4121107161,0.01611028239,0.6954094172
2021-01-08 02:00:00,1.337915897,0.4658263624,0.01521747932,1.033370137
2021-01-08 03:00:00,0.8768215775,0.4117280543,0.03754170984,0.7117842436
2021-01-08 04:00:00,1.160404921,0.5100653172,0.01985010132,0.9216836095
2021-01-08 05:00:00,1.200438023,0.5030491352,0.1855868101,1.170663953
2021-01-08 06:00:00,1.406933188,0.5800793767,0.01637555845,1.84499073
2021-01-08 07:00:00,3.597241879,1.354223728,0.1131323054,4.279276371
2021-01-08 08:00:00,3.17531848,1.343322039,0.1820314527,3.652979851
2021-01-08 09:00:00,1.908832669,0.8164451718,0.07787164301,1.811235785
2021-01-08 10:00:00,1.288394094,0.508713901,0.04598388821,1.285336733
2021-01-08 11:00:00,1.074770927,0.4379861057,0.05256382003,0.965577364
2021-01-08 12:00:00,1.06055057,0.3958168924,0.03383301944,0.9139700532
2021-01-08 13:00:00,1.351103425,0.5053117871,0.05336210504,1.575752497
2021-01-08 14:00:00,1.713418126,2.115167618,0.1630321294,1.630287528
2021-01-08 15:00:00,1.34953177,3.792163849,0.3552607298,1.288529754
2021-01-08 16:00:00,2.190607786,0.03037021868,0.0008123726002,1.979565501
2021-01-08 17:00:00,2.754012346,4.839997292e-09,3.886962696e-10,2.752228975
2021-01-08 18:00:00,2.834745646,6.290143961e-09,0.0148237776,3.432284117
2021-01-08 19:00:00,2.532204151,0.4503037035,0.0163735766,2.590885639
2021-01-08 20:00:00,2.712554216,0.8235151768,0.08066532016,2.656178713
2021-01-08 21:00:00,2.565357685,0.9485809803,0.08415687829,2.484390736
2021-01-08 22:00:00,1.575315118,0.7446227074,0.05211172625,1.582909703
2021-01-08 23:00:00,1.233535409,0.4747251272,0.03824592382,1.613531947
2021-01-09 00:00:00,0.9016721249,0.3545922041,0.03842997178,1.056568265
2021-01-09 01:00:00,0.6734879613,0.3351875842,0.0185317006,0.539491713
2021-01-09 02:00:00,0.6741811633,0.3049138784,0.01452816743,0.5089535117
2021-01-09 03:00:00,0.6739192605,0.3341983259,0.008784702979,0.4475365281
2021-01-09 04:00:00,0.7303296924,0.3145623803,0.01757779904,0.6534366608
2021-01-09 05:00:00,0.7957897782,0.4931737781,0.1452910453,0.647336185
2021-01-09 06:00:00,0.9718980193,0.2521518767,0.002911377931,1.202347755
2021-01-09 07:00:00,2.801598072,0.936894238,0.1077814028,3.735500336
2021-01-09 08:00:00,3.184760332,1.410359383,0.08605658263,2.994492292
2021-01-09 09:00:00,2.155302525,0.8284959793,0.0912630409,2.250416517
2021-01-09 10:00:00,1.628827929,0.6162682772,0.07494627684,1.675619483
2021-01-09 11:00:00,1.544991255,0.5437908769,0.04757216945,1.386811018
2021-01-09 12:00:00,1.275426269,0.5000983477,0.06554113328,1.264415622
2021-01-09 13:00:00,1.494550228,1.106461644,0.1338426173,1.282530904
2021-01-09 14:00:00,1.586864233,3.04496479,0.3099335134,1.534020782
2021-01-09 15:00:00,1.779714584,4.045367241,0.3689224422,1.805532932
2021-01-09 16:00:00,1.678010583,0.1905924827,0.02140153199,1.647943497
2021-01-09 17:00:00,2.178651571,2.002223942e-09,1.60601088e-10,2.209916353
2021-01-09 18:00:00,2.472893953,2.868921323e-09,1.871739153e-10,2.883020163
2021-01-09 19:00:00,2.189177752,6.65641986e-09,2.985570402e-10,2.527058363
2021-01-09 20:00:00,2.009480476,1.103457928,0.009483401664,2.094775438
2021-01-09 21:00:00,2.546314955,2.814263711e-09,0.01087380853,2.714344025
2021-01-09 22:00:00,2.068293095,0.02948396839,0.03152839467,1.961762786
2021-01-09 23:00:00,1.589669108,0.5517479181,0.03110182099,1.478084564
2021-01-10 00:00:00,1.032921433,0.4428355396,0.03245296329,0.9922658205
2021-01-10 01:00:00,0.8791347742,0.3625951707,0.0179938525,0.7167513371
2021-01-10 02:00:00,1.031790972,0.4501305223,0.02648596093,0.8122894168
2021-01-10 03:00:00,0.8913456798,0.3858428299,0.01512985863,0.6435283422
2021-01-10 04:00:00,0.7952591181,0.3487401307,0.02032514103,0.6348979473
2021-01-10 05:00:00,0.9070475101,1.139402866,0.03112358786,0.7397682667
2021-01-10 06:00:00,1.15304327,2.334332705,0.2699939609,1.425734997
2021-01-10 07:00:00,3.250425339,4.579050472e-09,1.093528157e-09,4.110322475
2021-01-10 08:00:00,3.266433716,0.03812358901,0.02386057936,3.625636816
2021-01-10 09:00:00,2.169942856,0.8377318978,0.0791708529,2.191702366
2021-01-10 10:00:00,1.439065456,0.6063655019,0.1007024869,1.570366502
2021-01-10 11:00:00,1.403087854,0.4803791642,0.04405715689,1.388145089
2021-01-10 12:00:00,1.023211002,0.4303937554,0.04035361856,1.036874294
2021-01-10 13:00:00,1.294413447,0.7024938464,0.05866841227,1.205924034
2021-01-10 14:00:00,1.317546844,1.238860965,0.09108480811,1.426114559
2021-01-10 15:00:00,1.914650321,3.527879477,0.3444269598,1.80207634
2021-01-10 16:00:00,1.823961496,6.823587029e-09,5.971478312e-10,1.737970948
2021-01-10 17:00:00,2.749076128,0.01518187206,7.800213808e-10,2.795879841
2021-01-10 18:00:00,2.967351198,0.4342889488,0.05592878163,3.621389866
2021-01-10 19:00:00,2.641205311,0.6230807304,0.08111484349,3.059635878
2021-01-10 20:00:00,2.415343761,0.9224641323,0.07756118476,2.515937567
2021-01-10 21:00:00,2.542217731,1.117836833,0.08821583539,2.593944311
2021-01-10 22:00:00,2.093158484,0.8967180848,0.1063440368,1.969287515
2021-01-10 23:00:00,1.699867249,0.647249341,0.05197779834,1.597969174
2021-01-11 00:00:00,1.233638763,0.4986700416,0.029899396,1.451915741
2021-01-11 01:00:00,0.6735762358,0.3342314661,0.009621896781,0.5254086852
2021-01-11 02:00:00,1.070480704,0.3526786864,0.01342957839,0.9042358994
2021-01-11 03:00:00,0.6266598105,0.3378168046,0.01252801344,0.4154560268
2021-01-11 04:00:00,0.7726886868,0.3126395643,0.0123953931,0.6167894602
2021-01-11 05:00:00,0.9719201326,0.4040901065,0.06528016925,0.9416980147
2021-01-11 06:00:00,1.665597796,0.7279378176,0.06095877662,1.723419309
2021-01-11 07:00:00,3.434713125,1.295167565,0.1440286785,4.14537859
2021-01-11 08:00:00,2.994139194,1.551854253,0.2338287681,3.333984137
2021-01-11 09:00:00,1.844679356,0.5106114149,0.01969182491,2.070775747
2021-01-11 10:00:00,1.402855992,0.4865528941,0.06603270024,1.572044969
2021-01-11 11:00:00,1.166113377,0.4197273552,0.04813502729,1.152662992
2021-01-11 12:00:00,1.120179534,0.4228925109,0.03388914838,1.155792475
2021-01-11 13:00:00,1.575060844,0.5339345932,0.05960028619,1.944042206
2021-01-11 14:00:00,1.862199783,2.256668091,0.2790287137,1.780030131
2021-01-11 15:00:00,1.379591823,2.509720564,0.1599144936,1.141257167
2021-01-11 16:00:00,2.159182787,3.328896048e-09,3.290460682e-10,1.967698336
2021-01-11 17:00:00,3.042559147,0.04188447446,0.0052794246,3.419981956
2021-01-11 18:00:00,2.869784117,0.7269255519,0.02320826054,3.326888323
2021-01-11 19:00:00,2.693786144,0.8387268782,0.1082945466,2.79839015
2021-01-11 20:00:00,2.666079283,0.8082149029,0.1188697293,2.738280535
2021-01-11 21:00:00,2.773313046,1.085205078,0.0945936963,2.785563946
2021-01-11 22:00:00,1.807026267,0.8577457666,0.06925973296,1.78774035
2021-01-11 23:00:00,1.50816524,0.613684833,0.0360772498,1.820540547
2021-01-12 00:00:00,1.23381567,0.5316939354,0.04871727154,1.249330759
2021-01-12 01:00:00,0.8610386848,0.3586114645,6.130229657e-10,0.7025793791
2021-01-12 02:00:00,1.20185411,0.3982127011,0.00364768412,1.012015581
2021-01-12 03:00:00,0.9355620742,0.4347652793,0.02139214799,0.7896561623
2021-01-12 04:00:00,1.116186619,0.5455266237,0.01528533269,0.7018910646
2021-01-12 05:00:00,1.428771377,0.6440153718,0.1547938883,1.198207736
2021-01-12 06:00:00,1.752001166,2.760331392,0.3167799115,1.919137359
2021-01-12 07:00:00,3.482902527,4.877299009e-09,6.038503031e-10,4.321773052
2021-01-12 08:00:00,3.215662003,0.5873425007,0.01716323011,3.847340345
2021-01-12 09:00:00,1.487217546,0.6428514719,0.0827228725,1.70917213
2021-01-12 10:00:00,1.042922974,0.3499345481,0.0526532568,1.241124868
2021-01-12 11:00:00,1.026765585,0.3558040857,0.03586981073,1.075373292
2021-01-12 12:00:00,1.271483779,0.4428979158,0.03244818747,1.22354579
2021-01-12 13:00:00,1.658334494,0.632288754,0.06958949566,1.957145572
2021-01-12 14:00:00,1.927131176,1.355631948,0.07145108283,2.099910259
2021-01-12 15:00:00,1.407597542,3.4077425,0.3500489593,1.427040577
2021-01-12 16:00:00,2.579686403,0.005213346332,0.08140279353,2.352200985
2021-01-12 17:00:00,2.976464987,0.0121276211,0.01483694278,3.177204609
2021-01-12 18:00:00,2.85144043,0.8380448818,0.03313691169,3.313196659
2021-01-12 19:00:00,2.719438076,0.6484702229,0.01378796715,2.706151009
2021-01-12 20:00:00,2.612236738,0.9851535559,0.1144347787,2.606737852
2021-01-12 21:00:00,2.619790316,0.9935876727,0.07859878987,2.590483665
2021-01-12 22:00:00,1.817400694,0.8366026282,0.06142188236,1.801967859
2021-01-12 23:00:00,1.449558735,0.6527835727,0.05393002555,1.751464248
2021-01-13 00:00:00,1.125854492,0.3977727294,0.01792744733,1.19781816
2021-01-13 01:00:00,0.7751134038,0.4094732106,0.01323586702,0.6269426346
2021-01-13 02:00:00,1.200985074,0.4197340906,0.01543575153,1.005829334
2021-01-13 03:00:00,0.8739944696,0.4311485887,0.01631188765,0.6877177954
2021-01-13 04:00:00,0.9650278687,0.7475172877,0.02126074582,0.8953441381
2021-01-13 05:00:00,1.305518508,1.881007791,0.3670558631,1.111995578
2021-01-13 06:00:00,1.936103225,1.206840992,0.1665574461,2.158333302
2021-01-13 07:00:00,3.71344471,0.0002669831447,0.002305468312,4.834303856
2021-01-13 08:00:00,3.275155306,0.9182066917,0.01653164253,3.946124077
2021-01-13 09:00:00,2.148976326,0.8067937493,0.09917851537,2.373974562
2021-01-13 10:00:00,1.219781756,0.4538319111,0.0577458404,1.337443233
2021-01-13 11:00:00,1.198310614,0.419963181,0.04741308466,1.139304638
2021-01-13 12:00:00,1.21492219,0.5037016273,0.034274064,0.9363099933
2021-01-13 13:00:00,1.532021046,0.6117259264,0.07029637694,1.861253262
2021-01-13 14:00:00,1.88332808,0.5860356688,0.03971651196,1.801698685
2021-01-13 15:00:00,1.578987241,3.332393408,0.3028338253,1.359194875
2021-01-13 16:00:00,2.397059202,0.7159701586,0.007116530091,2.239265919
2021-01-13 17:00:00,3.001985788,5.938254777e-09,0.0155851366,3.196268559
2021-01-13 18:00:00,2.944463015,0.7387795448,0.1675887406,3.519091129
2021-01-13 19:00:00,2.825028419,0.853502214,0.01115838066,2.650143623
2021-01-13 20:00:00,2.775712013,1.156022429,0.1258910447,2.757974148
2021-01-13 21:00:00,2.758719921,1.043759108,0.09345535934,2.731413603
2021-01-13 22:00:00,1.954648376,0.9346887469,0.07632815093,1.9247154
2021-01-13 23:00:00,1.637794375,0.5959580541,0.02959970757,1.859432101
2021-01-14 00:00:00,1.014497161,0.3792738914,0.04098325968,1.171459913
2021-01-14 01:00:00,0.8158503175,0.3883070946,0.02398946509,0.7693527341
2021-01-14 02:00:00,1.426458836,0.53297925,0.02650502697,1.236982226
2021-01-14 03:00:00,1.225389838,0.5313509107,0.0286415536,0.9198952317
2021-01-14 04:00:00,0.9759469032,0.4377347231,0.03154168278,0.8955658078
2021-01-14 05:00:00,1.059789658,0.4848094583,0.06548160315,1.123570681
2021-01-14 06:00:00,2.073181868,1.539947748,0.2645365,2.55044198
2021-01-14 07:00:00,3.741043806,0.7244659662,0.02141870745,4.71005249
2021-01-14 08:00:00,3.530699492,1.456084609,0.1786630452,4.056052685
2021-01-14 09:00:00,1.908919215,0.8388947248,0.1011940688,2.164979935
2021-01-14 10:00:00,1.448603511,0.5494900346,0.04443257675,1.517496943
2021-01-14 11:00:00,1.289203167,0.5029934645,0.03071929887,1.138387442
2021-01-14 12:00:00,1.362115979,0.5151131153,0.0486257337,1.360491872
2021-01-14 13:00:00,1.746871352,0.6763107181,0.06886164844,2.044011831
2021-01-14 14:00:00,2.112888575,1.723275661,0.05339151248,2.027802944
2021-01-14 15:00:00,1.544183254,3.387450695,0.3642576635,1.415739894
2021-01-14 16:00:00,2.545870304,0.08652730286,7.633020882e-10,2.431760311
2021-01-14 17:00:00,3.323719263,0.1068154052,0.007496497128,3.434751272
2021-01-14 18:00:00,3.150166035,0.6571182013,0.06376449764,3.63132
2021-01-14 19:00:00,3.108241796,0.9139529467,0.1191504896,3.046652555
2021-01-14 20:00:00,3.042313814,1.218950987,0.1299456507,3.090529442
2021-01-14 21:00:00,3.031890869,1.189075232,0.09787546843,2.966378212
2021-01-14 22:00:00,2.126752138,0.9911270738,0.07841853797,2.130449772
2021-01-14 23:00:00,1.728117943,0.7031057477,0.04097256437,2.092552423
2021-01-15 00:00:00,1.236992955,0.4862638414,0.02100221999,1.375775814
2021-01-15 01:00:00,1.190921068,0.5629523993,0.01967904158,0.961129725
2021-01-15 02:00:00,1.478746295,0.5110754371,0.01939097047,1.263844252
2021-01-15 03:00:00,1.102702379,0.5108702183,0.02203467861,0.8729166389
2021-01-15 04:00:00,1.262031674,0.596670866,0.05454631895,0.9925912619
2021-01-15 05:00:00,1.287341595,0.7605215311,0.2011369318,1.185878396
2021-01-15 06:00:00,1.97920692,0.5047133565,0.01581992395,2.500865698
2021-01-15 07:00:00,4.081216335,1.513696671,0.1433564872,5.137782097
2021-01-15 08:00:00,3.684068441,1.55104208,0.2021340877,4.45241642
2021-01-15 09:00:00,1.92692554,0.7720592022,0.09755348414,2.208622456
2021-01-15 10:00:00,1.496781707,0.5610403419,0.05191127956,1.472228885
2021-01-15 11:00:00,1.302740574,0.49648121,0.04052275419,1.237583995
2021-01-15 12:00:00,1.014961123,0.3988963962,0.03103778698,0.9667696357
2021-01-15 13:00:00,1.461378098,0.952963829,0.05941522121,1.708930969
2021-01-15 14:00:00,1.70430553,2.782283306,0.2032756954,1.838136554
2021-01-15 15:00:00,1.30487287,3.429082632,0.3600729108,1.209772706
2021-01-15 16:00:00,2.602249861,0.229837507,0.01277826354,2.611136198
2021-01-15 17:00:00,3.379204273,3.545557403e-09,4.093743122e-10,3.448642254
2021-01-15 18:00:00,3.048534155,0.01445571054,0.01737689599,3.624927282
2021-01-15 19:00:00,3.090723753,0.5522458553,0.03799502924,3.134077072
2021-01-15 20:00:00,3.130274534,0.9866033792,0.1040984839,2.953007698
2021-01-15 21:00:00,3.089976549,1.109716415,0.0959931761,2.963478088
2021-01-15 22:00:00,2.140557289,1.017049193,0.1030505151,2.249420404
2021-01-15 23:00:00,1.77010262,0.6455805898,0.05007560924,2.140571594
2021-01-16 00:00:00,1.216090202,0.5020487309,0.0557545349,1.423191786
2021-01-16 01:00:00,0.9856952429,0.4532175362,0.02473820001,0.8331814408
2021-01-16 02:00:00,0.9116995335,0.4104867578,0.02397275157,0.8068289161
2021-01-16 03:00:00,0.9990679026,0.4663369358,0.02374455705,0.886267364
2021-01-16 04:00:00,1.05607152,0.4950856268,0.0342178829,0.9395000339
2021-01-16 05:00:00,1.246955752,1.603656888,0.1591990441,0.9408067465
2021-01-16 06:00:00,1.675981164,0.03821455315,0.01024013478,2.008528233
2021-01-16 07:00:00,3.877995014,1.002513647,0.1293901801,5.010289192
2021-01-16 08:00:00,4.038879871,1.740921259,0.1150438711,4.27397871
2021-01-16 09:00:00,2.757740498,0.9581557512,0.1649412364,3.16973424
2021-01-16 10:00:00,1.930642009,0.6516833305,0.1164282933,2.29813838
2021-01-16 11:00:00,1.791908503,0.5744731426,0.1014035791,1.856866241
2021-01-16 12:00:00,1.518172979,0.8860687613,0.12779589,1.514700055
2021-01-16 13:00:00,1.703390718,2.055107355,0.2235336155,1.39867723
2021-01-16 14:00:00,1.744156837,3.171723843,0.318773061,1.701109409
2021-01-16 15:00:00,2.085590124,3.301510096,0.3799905479,2.126110792
2021-01-16 16:00:00,2.495820999,0.8790872097,0.027823871,2.490254402
2021-01-16 17:00:00,2.978258848,2.103805796e-09,2.116275627e-10,3.224302292
2021-01-16 18:00:00,3.303048372,2.138089705e-09,2.645059449e-10,4.077789783
2021-01-16 19:00:00,3.522907019,2.550837541e-09,0.006651013624,4.114161015
2021-01-16 20:00:00,2.973160028,0.5219140649,0.05294921249,3.099766493
2021-01-16 21:00:00,3.152449131,0.8106912374,0.01707443409,3.22785449
2021-01-16 22:00:00,2.524595976,0.98832196,0.07196608186,2.57691884
2021-01-16 23:00:00,2.187470913,0.9043154716,0.05328528956,2.035676956
2021-01-17 00:00:00,1.497539878,0.5602280498,0.05750915408,1.588024378
2021-01-17 01:00:00,1.147588253,0.4617255032,0.02909744531,1.071338296
2021-01-17 02:00:00,1.104492784,0.5472834706,0.02758597583,0.9397480488
2021-01-17 03:00:00,1.114436626,0.5208172202,0.02505424991,0.9620167017
2021-01-17 04:00:00,1.198732734,0.5398228765,0.04708055034,1.123033881
2021-01-17 05:00:00,1.319041729,0.6642797589,0.06017892063,1.173340321
2021-01-17 06:00:00,1.672797918,2.788388491,0.3433771431,1.678166628
2021-01-17 07:00:00,3.572058201,0.0001359734742,0.000194559645,4.634764194
2021-01-17 08:00:00,4.02829504,0.9751203656,0.02464899421,4.39921093
2021-01-17 09:00:00,3.114640474,1.208387256,0.1536114514,3.311556101
2021-01-17 10:00:00,2.505368471,0.9988071322,0.1323444694,2.729593515
2021-01-17 11:00:00,2.330030203,0.8808976412,0.07047307491,2.086222649
2021-01-17 12:00:00,1.960322857,0.804900229,0.09362357855,1.89380765
2021-01-17 13:00:00,2.331627131,1.04899013,0.08831046522,2.01184535
2021-01-17 14:00:00,2.269549847,1.047746778,0.1860875487,2.194787502
2021-01-17 15:00:00,2.492516756,3.280236483,0.3783894479,2.656708002
2021-01-17 16:00:00,2.315217257,0.278280288,8.143025698e-10,2.490331888
2021-01-17 17:00:00,3.130261898,0.3471027613,0.004673766904,3.473673105
2021-01-17 18:00:00,3.536327839,1.152226567,0.09773799777,4.119461536
2021-01-17 19:00:00,3.148143768,1.116575837,0.1221064553,3.557257652
2021-01-17 20:00:00,2.923472643,1.160944819,0.1045459658,3.015239954
2021-01-17 21:00:00,2.961528063,1.251686454,0.1301870942,2.988656044
2021-01-17 22:00:00,2.336459398,0.9273337722,0.09943467379,2.388030529
2021-01-17 23:00:00,1.790255785,0.7473271489,0.04690993577,1.618107796
2021-01-18 00:00:00,1.330500007,0.5631722808,0.03023802117,1.486992598
2021-01-18 01:00:00,1.068684936,0.4390684366,0.01897166669,0.958946228
2021-01-18 02:00:00,1.464989424,0.4695909321,0.02682089433,1.35112226
2021-01-18 03:00:00,1.08587122,0.4811325073,0.02342280559,0.8650164008
2021-01-18 04:00:00,1.113801718,0.4911466837,0.01997249573,0.8621695042
2021-01-18 05:00:00,1.345469356,0.6485489607,0.05263509229,1.146537304
2021-01-18 06:00:00,1.975823164,0.8366292715,0.07430964708,2.146317005
2021-01-18 07:00:00,3.692444801,1.303454757,0.1500324011,4.784604073
2021-01-18 08:00:00,3.340425491,1.727437854,0.2752090693,4.208008289
2021-01-18 09:00:00,1.952323198,0.4837479591,0.05577093363,2.107105255
2021-01-18 10:00:00,1.596477151,0.6176039577,0.05213619769,1.620446086
2021-01-18 11:00:00,1.534907579,0.6030099392,0.03995618969,1.492422104
2021-01-18 12:00:00,1.43794322,0.6041920781,0.04330433905,1.315529466
2021-01-18 13:00:00,1.626474738,1.747328877,0.1100173146,2.035218716
2021-01-18 14:00:00,1.993323684,3.006786346,0.3080042303,2.088993073
2021-01-18 15:00:00,1.627643585,3.416406631,0.2159883529,1.544608712
2021-01-18 16:00:00,3.097337008,0.07404731214,3.597019904e-10,2.982129097
2021-01-18 17:00:00,3.657097101,6.576583722e-09,0.01038369071,3.708828926
2021-01-18 18:00:00,3.457442522,0.1374817193,0.03968317062,4.064421177
2021-01-18 19:00:00,3.501580477,1.1195364,0.1584704816,3.627304554
2021-01-18 20:00:00,3.554145813,0.8054245114,0.1583280563,3.604179144
2021-01-18 21:00:00,3.561226845,0.9741512537,0.1290353537,3.698060036
2021-01-18 22:00:00,2.448615074,1.182891488,0.09825932235,2.432633877
2021-01-18 23:00:00,1.846733332,0.9639959335,0.04762812331,2.168641567
2021-01-19 00:00:00,1.804312587,1.641211033,0.1052365452,2.040717125
2021-01-19 01:00:00,1.566649556,0.009412893094,6.14854001e-10,1.301524043
2021-01-19 02:00:00,1.877559185,0.4279320836,0.007799503393,1.749448538
2021-01-19 03:00:00,1.532720566,0.6910098195,0.04191569984,1.297326684
2021-01-19 04:00:00,1.583563328,0.6753046513,0.05611903593,1.415555
2021-01-19 05:00:00,1.900757432,1.370316863,0.3152812719,1.803512216
2021-01-19 06:00:00,2.562381268,2.541793346,0.3715309203,3.158010483
2021-01-19 07:00:00,4.596662521,0.2905211747,0.007543445565,5.786317825
2021-01-19 08:00:00,4.265732765,1.192147136,0.05042104051,5.419435978
2021-01-19 09:00:00,2.617940664,1.053220272,0.1397285908,3.159847975
2021-01-19 10:00:00,2.011305094,0.7280583382,0.09143809974,2.203850746
2021-01-19 11:00:00,1.620020747,0.56874156,0.05790007859,1.540460944
2021-01-19 12:00:00,1.711723447,0.7271559834,0.04525723308,1.485012412
2021-01-19 13:00:00,1.846672297,0.7745334506,0.07067465037,2.211863518
2021-01-19 14:00:00,1.923532009,2.366392374,0.1323235035,2.025599241
2021-01-19 15:00:00,1.472728252,3.318704128,0.3852609098,1.333032966
2021-01-19 16:00:00,2.717223167,3.081288338,0.1320518702,2.890347958
2021-01-19 17:00:00,3.66117239,1.254068494,0.0180426538,4.118911266
2021-01-19 18:00:00,4.038610458,2.82724133e-09,0.09290935099,4.639813423
2021-01-19 19:00:00,3.839001417,2.143998312e-09,0.0244958289,4.174937248
2021-01-19 20:00:00,3.734261274,0.2826167047,0.1553700268,3.809448719
2021-01-19 21:00:00,4.027338505,0.8866820335,0.1622395813,4.129381657
2021-01-19 22:00:00,3.010275841,1.333981395,0.1086092442,3.125484467
2021-01-19 23:00:00,2.394030333,0.9944793582,0.06731815636,2.729756117
2021-01-20 00:00:00,1.920411587,0.7577300072,0.03803414106,2.177286625
2021-01-20 01:00:00,1.664789081,0.7896049619,0.03669847548,1.506930947
2021-01-20 02:00:00,2.117541075,0.7926991582,0.05090605468,1.963547945
2021-01-20 03:00:00,1.778946757,0.803586483,0.05633231997,1.508606672
2021-01-20 04:00:00,1.762149811,0.8132825494,0.1445085555,1.673989296
2021-01-20 05:00:00,1.895889282,2.296530724,0.3743851185,2.110856771
2021-01-20 06:00:00,2.949699163,1.514873147,0.2884586155,3.544272423
2021-01-20 07:00:00,4.90532732,0.2448902726,0.01233418658,6.627761841
2021-01-20 08:00:00,4.523123741,1.669368029,0.07744775712,5.598049164
2021-01-20 09:00:00,2.798190355,1.182235837,0.1119180173,2.870389938
2021-01-20 10:00:00,2.022421598,0.7299876213,0.07248922437,2.176412821
2021-01-20 11:00:00,1.716759086,0.6981038451,0.04145382345,1.536307454
2021-01-20 12:00:00,1.768364072,0.7577466369,0.03729571775,1.517421961
2021-01-20 13:00:00,1.677132726,0.9987888932,0.0641913712,2.038731337
2021-01-20 14:00:00,2.025698185,2.792238474,0.07822234929,2.299945831
2021-01-20 15:00:00,1.481007338,3.501616478,0.3654843569,1.504502296
2021-01-20 16:00:00,2.727017164,2.209995508,0.02490271069,2.943884134
2021-01-20 17:00:00,4.085119247,0.03929746896,0.01814869791,4.286431789
2021-01-20 18:00:00,3.82002902,1.082274437,0.2099896967,4.343579769
2021-01-20 19:00:00,4.060568333,2.281851819e-09,0.08995115012,4.309708118
2021-01-20 20:00:00,4.074876785,0.09923505783,0.1799987257,4.275738716
2021-01-20 21:00:00,3.759674072,1.267785907,0.133537516,3.908532381
2021-01-20 22:00:00,2.81291914,1.262573838,0.1228014007,2.932695389
2021-01-20 23:00:00,2.436446905,0.9165321589,0.07781429589,3.053349257
2021-01-21 00:00:00,1.9031353,0.8967630863,0.04159966484,1.83815968
2021-01-21 01:00:00,1.586423874,0.7207602262,0.03825750574,1.397381425
2021-01-21 02:00:00,2.115603209,0.7510838509,0.08469846845,1.986099243
2021-01-21 03:00:00,1.648763061,0.7449781299,0.05271887779,1.446482658
2021-01-21 04:00:00,1.384150982,0.6647781134,0.03479904681,1.075868845
2021-01-21 05:00:00,1.443621635,0.6167536378,0.08174304664,1.409891009
2021-01-21 06:00:00,2.319194317,0.9943293333,0.3123880327,2.700003147
2021-01-21 07:00:00,4.41177845,1.553074837,0.03165743127,5.411329746
2021-01-21 08:00:00,3.822494268,1.517803311,0.1793174297,4.567644119
2021-01-21 09:00:00,2.57077527,1.116088629,0.1214363351,2.847760916
2021-01-21 10:00:00,2.046984911,0.8028051853,0.07168062031,2.055180073
2021-01-21 11:00:00,1.77999711,0.6539360285,0.05029192567,1.644588232
2021-01-21 12:00:00,1.456529379,0.5908029675,0.03792904317,1.284016609
2021-01-21 13:00:00,1.617465734,0.6652572155,0.06882209331,2.052138329
2021-01-21 14:00:00,1.853131771,2.167316198,0.0818503201,1.945144653
2021-01-21 15:00:00,1.513295412,3.629453659,0.3616105914,1.2752527
2021-01-21 16:00:00,2.891906023,0.00176902872,8.357002312e-10,2.707384586
2021-01-21 17:00:00,3.484885931,0.002100891666,0.008299996145,3.589126348
2021-01-21 18:00:00,3.300819874,0.5780718923,0.06971821189,3.831384659
2021-01-21 19:00:00,3.316353798,0.8014925718,0.1411750913,3.424863815
2021-01-21 20:00:00,3.150584221,1.20853281,0.1326409429,3.078521252
2021-01-21 21:00:00,3.184292316,1.241300106,0.1008321717,3.162618399
2021-01-21 22:00:00,1.990970969,0.9876556396,0.07479382306,1.96856308
2021-01-21 23:00:00,1.51405406,0.6597120166,0.06086533517,1.893249869
2021-01-22 00:00:00,1.196904302,0.544218719,0.02019537985,1.274369717
2021-01-22 01:00:00,0.9743161798,0.4717631638,0.01554091182,0.7699661255
2021-01-22 02:00:00,1.426049471,0.4634731412,0.02092095092,1.20807147
2021-01-22 03:00:00,1.02745676,0.4621015191,0.02060260251,0.8058387041
2021-01-22 04:00:00,1.209960222,0.5328154564,0.02425814793,1.088908076
2021-01-22 05:00:00,1.204085112,0.8586378694,0.1533843726,1.179043055
2021-01-22 06:00:00,1.796722531,0.5139131546,0.01412833668,2.455533504
2021-01-22 07:00:00,3.851476669,1.335131526,0.0900844112,4.553987026
2021-01-22 08:00:00,3.252726793,1.340225458,0.2270833552,3.851731777
2021-01-22 09:00:00,1.959702373,0.8243990541,0.1185614094,2.15079689
2021-01-22 10:00:00,1.507016301,0.6205899119,0.07593239099,1.558215022
2021-01-22 11:00:00,1.773678184,0.7279615998,0.05569036305,1.729040623
2021-01-22 12:00:00,1.713813424,0.8095698357,0.04718575254,1.509780288
2021-01-22 13:00:00,2.157302618,0.8497061133,0.07203109562,2.40306735
2021-01-22 14:00:00,2.155302286,0.7665746808,0.2002032846,2.298022747
2021-01-22 15:00:00,1.231514573,4.270646572,0.3560366035,1.027732968
2021-01-22 16:00:00,2.04293561,3.021291256,0.00313666882,1.834633589
2021-01-22 17:00:00,2.982366085,4.960274858e-09,3.983277874e-10,3.155203104
2021-01-22 18:00:00,2.913028717,8.650378192e-09,0.01590036228,3.327156067
2021-01-22 19:00:00,2.974127054,0.02410010993,0.02352169342,2.808820963
2021-01-22 20:00:00,3.010557175,0.4541417658,0.1208978966,2.831660748
2021-01-22 21:00:00,2.920602798,0.6434015632,0.09531623125,2.787837029
2021-01-22 22:00:00,2.086885691,0.921721518,0.06828740239,2.009847403
2021-01-22 23:00:00,1.383958936,0.5182231665,0.04022932425,1.779932141
2021-01-23 00:00:00,1.179260492,0.5424183607,0.06384646147,1.416717768
2021-01-23 01:00:00,0.9479213357,0.4039898515,0.02395804599,0.9256663918
2021-01-23 02:00:00,1.056713104,0.5049929023,0.0423723571,1.10273385
2021-01-23 03:00:00,0.9428889155,0.3005813658,0.02162782103,0.8581805825
2021-01-23 04:00:00,0.864259243,1.448277593,0.03128378466,0.7238119841
2021-01-23 05:00:00,1.248223305,0.01023462228,0.1353523731,1.138121486
2021-01-23 06:00:00,1.864753842,0.4279717505,0.004513679072,1.811312437
2021-01-23 07:00:00,3.540296078,1.080502868,0.1698808074,4.491630554
2021-01-23 08:00:00,3.788926363,1.610905647,0.1207865179,4.234911442
2021-01-23 09:00:00,2.239900589,0.8187537193,0.1204123124,2.55053997
2021-01-23 10:00:00,1.76000917,0.6774078012,0.08082894981,1.725654364
2021-01-23 11:00:00,1.589849949,0.5656419396,0.04814608768,1.4228791
2021-01-23 12:00:00,1.112229824,0.4583843946,0.07508824021,1.060786724
2021-01-23 13:00:00,1.41873014,1.127370954,0.1472996324,1.149477005
2021-01-23 14:00:00,1.389714837,3.258345127,0.3132417798,1.351117969
2021-01-23 15:00:00,1.942370415,3.977092505,0.346524477,1.850610256
2021-01-23 16:00:00,1.981875658,0.2419741154,0.02283526026,1.76317811
2021-01-23 17:00:00,2.700921059,1.856551468e-09,1.60806965e-10,2.756918192
2021-01-23 18:00:00,2.980634451,2.370429186e-09,1.879218725e-10,3.338326931
2021-01-23 19:00:00,2.637751579,0.07954470068,2.952646461e-10,2.811857462
2021-01-23 20:00:00,2.427341461,0.4177248478,0.03089401498,2.340987206
2021-01-23 21:00:00,2.523247957,0.4174956679,0.009762692265,2.53852129
2021-01-23 22:00:00,2.068689823,0.8424060345,0.03581353277,1.947257519
2021-01-23 23:00:00,1.627545714,0.5490305424,0.03429629281,1.550802946
2021-01-24 00:00:00,0.9170550108,0.3990258574,0.01905052923,0.9629045129
2021-01-24 01:00:00,0.7054799199,0.345472157,0.01529558375,0.5522462726
2021-01-24 02:00:00,0.6466082335,0.3338013887,0.01422865875,0.4685032964
2021-01-24 03:00:00,0.6057764292,0.3060651422,0.00841801241,0.4150610268
2021-01-24 04:00:00,0.6955011487,0.3412496746,0.01599776559,0.4541151226
2021-01-24 05:00:00,0.601529181,0.2887566686,0.01136810984,0.4432050586
2021-01-24 06:00:00,1.051483512,2.444005013,0.277666986,1.114831805
2021-01-24 07:00:00,2.946857929,2.071159422e-08,8.375969918e-10,3.24358511
2021-01-24 08:00:00,3.108977795,0.5887592435,0.01909752376,3.197042227
2021-01-24 09:00:00,2.138337374,0.8253222704,0.0828884691,2.218868732
2021-01-24 10:00:00,1.732350469,0.6526263356,0.08044550568,1.662219167
2021-01-24 11:00:00,1.537499428,0.5687913895,0.04861006886,1.337060332
2021-01-24 12:00:00,1.098656178,0.4682254791,0.04006474093,0.8887305856
2021-01-24 13:00:00,1.409043908,0.6864888668,0.0422212705,1.016201854
2021-01-24 14:00:00,1.373755217,0.6676132083,0.06904969364,1.320912242
2021-01-24 15:00:00,1.525273323,3.649414539,0.315263927,1.47330904
2021-01-24 16:00:00,1.59121418,5.618609134e-09,5.246932888e-10,1.304151654
2021-01-24 17:00:00,2.060151577,0.004642921034,6.652824402e-10,1.951822042
2021-01-24 18:00:00,2.582809687,0.3660809994,0.02549626119,2.754889011
2021-01-24 19:00:00,2.397901058,0.5305433273,0.05846672505,2.580211163
2021-01-24 20:00:00,2.124367952,0.9243354797,0.0648739785,2.023610115
2021-01-24 21:00:00,2.152262926,0.9456287622,0.07909881324,2.029180765
2021-01-24 22:00:00,1.849007845,0.7411617637,0.06422834843,1.720452547
2021-01-24 23:00:00,1.336670995,0.5497603416,0.01901946031,1.036201596
2021-01-25 00:00:00,0.8821268678,0.3851871789,0.01279492676,0.9545348287
2021-01-25 01:00:00,0.5562472939,0.2903217673,0.006351177581,0.3570740819
2021-01-25 02:00:00,0.8278923631,0.259806335,0.0092059616,0.6890156865
2021-01-25 03:00:00,0.5948723555,0.3120104373,0.009411371313,0.4192929566
2021-01-25 04:00:00,0.6900626421,0.2968509197,0.008485002443,0.4247440398
2021-01-25 05:00:00,0.8404610157,0.3894385993,0.05456949025,0.7414962053
2021-01-25 06:00:00,1.261747241,0.4771125913,0.07446076721,1.567946553
2021-01-25 07:00:00,3.182965517,1.323108435,0.09230252355,3.760788679
2021-01-25 08:00:00,2.913991213,1.05512321,0.1957013309,3.268918276
2021-01-25 09:00:00,1.358382821,0.6128523946,0.005241855979,1.26882565
2021-01-25 10:00:00,0.930855155,0.3437027335,0.036324054,0.8593229651
2021-01-25 11:00:00,0.821443975,0.3093185425,0.03334344178,0.7243411541
2021-01-25 12:00:00,0.7378047705,0.3321840465,0.02395858988,0.5711666942
2021-01-25 13:00:00,1.364582658,0.5059990883,0.04774142802,1.568402886
2021-01-25 14:00:00,1.528598428,0.830026269,0.1867585182,1.519495487
2021-01-25 15:00:00,0.9461865425,3.393375874,0.1064922735,0.7679428458
2021-01-25 16:00:00,1.625567198,4.316683455e-09,3.020019235e-10,1.392683148
2021-01-25 17:00:00,2.475431442,7.743254038e-09,6.027867094e-10,2.452437401
2021-01-25 18:00:00,2.335549116,0.4501235187,0.01463162154,2.455229044
2021-01-25 19:00:00,2.493444204,0.582819581,0.05524751544,2.204773426
2021-01-25 20:00:00,2.277611732,1.281582475,0.08553487062,2.119100094
2021-01-25 21:00:00,2.276193857,0.605114162,0.0646706149,2.19085145
2021-01-25 22:00:00,1.620748878,0.5940297842,0.05049522594,1.456782937
2021-01-25 23:00:00,1.275022149,0.5276706815,0.05513906479,1.481877804
2021-01-26 00:00:00,0.8545402884,0.8871324062,0.04259534925,0.9852380753
2021-01-26 01:00:00,0.6858887672,5.989774454e-09,5.346043608e-10,0.5310178995
2021-01-26 02:00:00,1.147175431,0.3112475276,0.002711600391,0.8824372888
2021-01-26 03:00:00,1.034449816,0.4345189631,0.02007491514,0.8485424519
2021-01-26 04:00:00,0.7934722304,0.3661695123,0.01299884729,0.5830696821
2021-01-26 05:00:00,0.9178114533,0.3787693679,0.08960651606,0.9590418935
2021-01-26 06:00:00,1.709165812,1.327399254,0.303080827,1.823402166
2021-01-26 07:00:00,3.46801877,0.6780403852,5.881760079e-10,4.056521416
2021-01-26 08:00:00,2.773854494,1.139269471,0.009902515449,3.09148097
2021-01-26 09:00:00,1.509734988,0.6836137176,0.06578881294,1.527269959
2021-01-26 10:00:00,1.153240681,0.4505807161,0.04065252095,1.160583138
2021-01-26 11:00:00,1.123156309,0.4607167244,0.03127016872,0.9092388153
2021-01-26 12:00:00,1.167532921,0.54023242,0.04379846901,0.9391846061
2021-01-26 13:00:00,1.795307159,0.7593303919,0.05689993873,1.910140991
2021-01-26 14:00:00,1.96998024,0.5696848631,0.04469168559,1.910544157
2021-01-26 15:00:00,1.218243718,1.590264082,0.3130912483,0.9641646743
2021-01-26 16:00:00,1.864337921,0.3903251588,0.03907638416,1.723671079
2021-01-26 17:00:00,2.548119307,0.791253984,0.01553625427,2.613852262
2021-01-26 18:00:00,2.450816393,1.094731688,0.01910334453,2.74844265
2021-01-26 19:00:00,2.290939331,0.7686683536,0.01114687137,2.064576387
2021-01-26 20:00:00,2.119681597,0.9162456989,0.06696081161,1.964123607
2021-01-26 21:00:00,2.217600584,0.9040449262,0.06564112008,1.99119544
2021-01-26 22:00:00,1.428683639,0.6590924263,0.04763351753,1.38157022
2021-01-26 23:00:00,1.204463601,0.4843707681,0.02518239059,1.377981663
2021-01-27 00:00:00,0.9335436225,0.3839303255,0.01348247752,0.8907934427
2021-01-27 01:00:00,0.4650420547,0.2340826094,0.006974966731,0.3568342924
2021-01-27 02:00:00,0.7909817696,0.2249180526,0.008232755587,0.6913772821
2021-01-27 03:00:00,0.5153502822,0.2253557444,0.009813981131,0.499682337
2021-01-27 04:00:00,0.7197834253,0.3579292595,0.02628622204,0.4521121383
2021-01-27 05:00:00,0.7442783713,1.361035347,0.2585534453,0.4857778549
2021-01-27 06:00:00,1.422559857,0.6140050292,0.03053203225,1.326968193
2021-01-27 07:00:00,2.686681032,0.4488616884,1.402194805e-09,3.020326138
2021-01-27 08:00:00,2.479004622,0.6517788768,0.006932793651,2.633604765
2021-01-27 09:00:00,1.410363913,0.6183468103,0.05498720706,1.432180762
2021-01-27 10:00:00,1.097575307,0.4056089818,0.03556941077,1.08561635
2021-01-27 11:00:00,0.9291106462,0.3781438172,0.02430039272,0.9607146382
2021-01-27 12:00:00,0.9853187203,0.5286200047,0.03740568832,0.8046461344
2021-01-27 13:00:00,1.215515733,0.5233601332,0.04686953872,1.412914991
2021-01-27 14:00:00,1.623853207,0.420386523,0.04836012051,1.707429171
2021-01-27 15:00:00,1.232457161,3.321401596,0.260828197,1.086144924
2021-01-27 16:00:00,1.703176022,1.481865883,9.977717541e-10,1.446284652
2021-01-27 17:00:00,2.447728157,8.092113646e-09,0.01184948068,2.511056185
2021-01-27 18:00:00,2.368272543,0.1119024605,0.09322483838,2.685661316
2021-01-27 19:00:00,2.44090867,0.1430472136,0.009616081603,2.287775755
2021-01-27 20:00:00,2.586918354,0.8017301559,0.08970632404,2.357934713
2021-01-27 21:00:00,2.460571766,0.9457114935,0.07063660026,2.319272757
2021-01-27 22:00:00,1.551378489,0.7322615981,0.05277783051,1.486742854
2021-01-27 23:00:00,1.220029593,0.6081493497,0.02971822582,1.510089159
2021-01-28 00:00:00,0.8411862254,0.2556947768,0.01668363623,1.092292905
2021-01-28 01:00:00,0.8336862922,0.3690264523,0.01173509099,0.5818322897
2021-01-28 02:00:00,1.269975424,0.5151410103,0.01502106525,0.9942015409
2021-01-28 03:00:00,0.9267975092,0.378210932,0.01994959265,0.7568373084
2021-01-28 04:00:00,1.101696849,0.4856726527,0.01775414869,0.7974318862
2021-01-28 05:00:00,1.249145031,1.098531723,0.05348018929,1.120988846
2021-01-28 06:00:00,1.808177352,0.822969079,0.2374217808,2.265407801
2021-01-28 07:00:00,3.964396238,0.9240784049,0.02166238427,4.808037758
2021-01-28 08:00:00,3.540551186,1.378802657,0.1867764741,4.182610035
2021-01-28 09:00:00,1.629117608,0.6912948489,0.08593543619,1.660564065
2021-01-28 10:00:00,1.162903905,0.4178747833,0.05007053167,1.293703675
2021-01-28 11:00:00,0.9916849136,0.3489570022,0.03483955935,0.892269969
2021-01-28 12:00:00,0.9493167996,0.385838747,0.03962837532,0.8973553181
2021-01-28 13:00:00,1.129903555,0.4128156304,0.04555091262,1.333287477
2021-01-28 14:00:00,1.406345606,0.6613666415,0.02364256047,1.282016397
2021-01-28 15:00:00,1.106268883,3.254724979,0.2808702886,0.9884037971
2021-01-28 16:00:00,1.928965211,7.453254014e-09,6.465088465e-10,1.727971911
2021-01-28 17:00:00,2.72606349,4.786726571e-09,0.001768040471,2.897883415
2021-01-28 18:00:00,2.837244749,0.5292842984,0.038372688,2.990975618
2021-01-28 19:00:00,2.553697586,0.9999228716,0.09214913845,2.297833204
2021-01-28 20:00:00,2.481060505,1.084678769,0.1004423127,2.290058613
2021-01-28 21:00:00,2.353163481,0.9345525503,0.07026828825,2.157685041
2021-01-28 22:00:00,1.598545194,0.8045950532,0.05394212157,1.378256321
2021-01-28 23:00:00,1.238609076,0.4919203222,0.03400696069,1.422595382
2021-01-29 00:00:00,0.8089351654,0.3173400462,0.01101328991,0.8369596004
2021-01-29 01:00:00,0.5033653378,0.2717316747,0.006511337589,0.3443465233
2021-01-29 02:00:00,0.8397625685,0.2687121928,0.008665124886,0.6818054318
2021-01-29 03:00:00,0.5804889202,0.3466693461,0.007283621468,0.3487790227
2021-01-29 04:00:00,0.5179466009,0.2579666376,0.00649183616,0.3536190391
2021-01-29 05:00:00,0.7475244403,0.3886117339,0.09317227453,0.6121296883
2021-01-29 06:00:00,1.268596292,0.3786744773,0.007456245832,1.631414056
2021-01-29 07:00:00,2.975163221,1.164694667,0.06950123608,3.11425066
2021-01-29 08:00:00,2.558366776,1.149175644,0.1463504583,2.833722591
2021-01-29 09:00:00,1.527078748,0.6827822328,0.06127198413,1.447019458
2021-01-29 10:00:00,1.199327588,0.4894016087,0.0370865725,1.05745554
2021-01-29 11:00:00,1.112025261,0.458837837,0.04637003317,0.8817896247
2021-01-29 12:00:00,1.168345928,0.4845395982,0.02715558186,0.973071754
2021-01-29 13:00:00,1.515356302,0.5836883187,0.05175807327,1.682427883
2021-01-29 14:00:00,1.691833496,0.6494736671,0.0938847661,1.661650658
2021-01-29 15:00:00,1.160224795,3.764801264,0.3242079318,1.133366585
2021-01-29 16:00:00,1.84294641,7.447614969e-09,6.886345938e-10,1.708931923
2021-01-29 17:00:00,2.453344822,4.587681346e-09,3.222076495e-10,2.407459021
2021-01-29 18:00:00,2.23153615,0.04222941399,0.009457712993,2.388333797
2021-01-29 19:00:00,2.122921944,0.5042897463,0.006903925911,1.934965014
2021-01-29 20:00:00,2.243853092,0.9688748121,0.05093840882,2.139709234
2021-01-29 21:00:00,2.140300035,0.8264687061,0.06361974031,2.054987669
2021-01-29 22:00:00,1.426147699,0.705370903,0.0483668074,1.35256958
2021-01-29 23:00:00,0.9706788659,0.3611189723,0.023902677,1.21830368
2021-01-30 00:00:00,0.7350568175,0.2659651339,0.03296738863,0.8957122564
2021-01-30 01:00:00,0.5641666055,0.2499021441,0.01275890227,0.4410943389
2021-01-30 02:00:00,0.5376501083,0.2896995246,0.01116895583,0.4374302924
2021-01-30 03:00:00,0.5500119328,0.232088387,0.007375413552,0.3957461119
2021-01-30 04:00:00,0.5528305173,0.2861620784,0.01687739417,0.4371518493
2021-01-30 05:00:00,0.6706000566,0.6372866631,0.07076049596,0.4582385421
2021-01-30 06:00:00,0.9297911525,0.294444561,0.003709270619,0.9476771355
2021-01-30 07:00:00,2.971590996,0.9197372198,0.08170741796,3.670948744
2021-01-30 08:00:00,3.273553133,1.348953605,0.1009728312,3.384685516
2021-01-30 09:00:00,2.112001181,0.8106700182,0.1010119021,2.138063431
2021-01-30 10:00:00,1.673302174,0.6815502644,0.06598643959,1.597381949
2021-01-30 11:00:00,1.536937952,0.5292572379,0.04982289672,1.429309487
2021-01-30 12:00:00,1.166331768,0.4570492506,0.06155078858,0.9728224277
2021-01-30 13:00:00,1.156899452,1.167565465,0.1260105669,0.9035857916
2021-01-30 14:00:00,1.137885451,3.001136303,0.2974708676,1.200531483
2021-01-30 15:00:00,1.470750093,3.71069622,0.3442608416,1.571375966
2021-01-30 16:00:00,1.937753439,0.4149206877,0.01361513324,1.769136786
2021-01-30 17:00:00,2.570563555,2.179734393e-09,1.6228624e-10,2.63770318
2021-01-30 18:00:00,2.903226852,2.436325586e-09,1.890791274e-10,3.366986275
2021-01-30 19:00:00,2.7199049,5.151472582e-09,3.012922412e-10,2.953521013
2021-01-30 20:00:00,2.544557571,0.23068735,0.01406039298,2.546087265
2021-01-30 21:00:00,2.576057196,0.4958541095,0.009380775504,2.50608778
2021-01-30 22:00:00,2.104213715,0.7778105736,0.03451005369,2.053169727
2021-01-30 23:00:00,1.62445128,0.5893733501,0.02684525773,1.516654372
2021-01-31 00:00:00,1.065563321,0.4132519364,0.03152840212,1.199706674
2021-01-31 01:00:00,0.8817249537,0.3649947643,0.02535643429,0.7248978615
2021-01-31 02:00:00,0.7868961692,0.3506706953,0.01850826293,0.6907105446
2021-01-31 03:00:00,0.8614920378,0.4105939865,0.01198761817,0.6634659767
2021-01-31 04:00:00,0.8509572148,0.4025916755,0.02251253277,0.8232033849
2021-01-31 05:00:00,0.739643693,0.3462283015,0.03232091293,0.7283257246
2021-01-31 06:00:00,1.280020356,2.085220575,0.3143889308,1.25698483
2021-01-31 07:00:00,3.279352903,0.02634328045,9.660000577e-10,3.926889896
2021-01-31 08:00:00,3.172851562,1.020472169,0.01643166319,3.239094496
2021-01-31 09:00:00,2.355407476,0.9261949658,0.09528312832,2.545679331
2021-01-31 10:00:00,1.751242518,0.6458671689,0.08218310773,1.866938829
2021-01-31 11:00:00,1.613520265,0.5396597385,0.04019444063,1.565151453
2021-01-31 12:00:00,1.300487757,0.6191539764,0.04451264068,1.007727742
2021-01-31 13:00:00,1.212468624,0.6132226586,0.03961871564,0.8974468708
2021-01-31 14:00:00,1.299924135,0.534983933,0.05515393987,1.364001989
2021-01-31 15:00:00,1.472445607,3.190199375,0.3082042336,1.369062185
2021-01-31 16:00:00,1.469237089,5.300991202e-09,5.080191823e-10,1.30112195
2021-01-31 17:00:00,1.965122938,0.01430410799,6.373085393e-10,1.922698379
2021-01-31 18:00:00,2.198509693,0.3473594785,0.02181237191,2.427057266
2021-01-31 19:00:00,1.995171785,0.711445272,0.04061855003,2.118137121
2021-01-31 20:00:00,1.953593969,0.8616672158,0.0662901327,1.860599399
2021-01-31 21:00:00,1.966507316,0.8794484735,0.08030074835,1.921175003
2021-01-31 22:00:00,1.543243051,0.6337599754,0.05654262379,1.426920295
2021-01-31 23:00:00,1.290785313,0.5036759377,0.03615833074,1.095707059
2021-02-01 00:00:00,0.8208595514,0.3079052269,0.01400676742,0.9700787663
2021-02-01 01:00:00,0.4375841618,0.2245118022,0.006871466525,0.3197364509
2021-02-01 02:00:00,0.7227760553,0.2154455483,0.007964656688,0.607945621
2021-02-01 03:00:00,0.479675293,0.2312110215,0.006653207354,0.3168623149
2021-02-01 04:00:00,0.5793682933,0.3049781621,0.007283909246,0.4111706614
2021-02-01 05:00:00,0.5003416538,0.2361190617,0.0279719606,0.4864459336
2021-02-01 06:00:00,1.010863543,0.4143755734,0.03914922103,1.03949821
2021-02-01 07:00:00,2.548243046,0.9020678997,0.0590213947,2.771913767
2021-02-01 08:00:00,2.073853493,1.244020581,0.1535045505,2.40062356
2021-02-01 09:00:00,1.352133036,0.2420667112,0.005979828537,1.448806286
2021-02-01 10:00:00,0.9016880989,0.3406584561,0.02877569012,0.9336370826
2021-02-01 11:00:00,0.8696030378,0.3641676307,0.02215994895,0.7923907638
2021-02-01 12:00:00,0.9773247838,0.4353404045,0.01909941807,0.8227897882
2021-02-01 13:00:00,1.107835174,0.3943152726,0.03440430015,1.253184438
2021-02-01 14:00:00,1.157567143,0.5772154331,0.1379732043,1.084292293
2021-02-01 15:00:00,0.7341045141,2.190359354,0.08023618162,0.6534169316
2021-02-01 16:00:00,1.513975501,4.62376093e-09,3.068574839e-10,1.203837514
2021-02-01 17:00:00,2.0504632,0.1988095343,5.937165204e-10,1.932223558
2021-02-01 18:00:00,1.939845204,0.5650044084,0.01020255871,2.03580451
2021-02-01 19:00:00,1.871736288,0.6198821664,0.0397932902,1.718321204
2021-02-01 20:00:00,1.984768391,0.6715783477,0.07296854258,1.837070584
2021-02-01 21:00:00,2.04583025,0.6996763945,0.05310729146,1.873569012
2021-02-01 22:00:00,1.418972373,0.6747119427,0.03733766451,1.292860866
2021-02-01 23:00:00,0.9987231493,0.4060899615,0.02276389487,1.186381459
2021-02-02 00:00:00,0.746201992,0.5995247364,0.02577710152,0.8811962008
2021-02-02 01:00:00,0.5388886929,0.004321034532,5.151186144e-10,0.4014211595
2021-02-02 02:00:00,0.8818818927,0.2548085451,0.0019227179,0.7213929892
2021-02-02 03:00:00,0.6473026276,0.2890390754,0.009994216263,0.5720179081
2021-02-02 04:00:00,0.6298921704,0.2960762978,0.007556763943,0.4763747752
2021-02-02 05:00:00,0.6883537769,0.3050296307,0.06244442239,0.6628551483
2021-02-02 06:00:00,1.261811495,2.275139809,0.2137609869,1.441910982
2021-02-02 07:00:00,2.704519033,7.787414269e-09,5.536824332e-10,3.108226538
2021-02-02 08:00:00,2.483353138,0.5058195591,0.007535156794,2.794930696
2021-02-02 09:00:00,1.39921546,0.4384390712,0.05329064652,1.482993364
2021-02-02 10:00:00,0.876812458,0.3223225474,0.02962379158,1.006758928
2021-02-02 11:00:00,0.6326877475,0.2630893886,0.01700045541,0.5727427006
2021-02-02 12:00:00,0.590621233,0.6074723601,0.01161650289,0.5159682631
2021-02-02 13:00:00,0.9606389403,0.04972012341,0.02728752978,1.108132958
2021-02-02 14:00:00,1.085253954,1.567655683,0.01292739064,1.100870371
2021-02-02 15:00:00,0.9741047025,3.498113871,0.2719907761,0.8806623816
2021-02-02 16:00:00,1.79571569,3.413975591e-08,0.02980249748,1.494440198
2021-02-02 17:00:00,2.476746798,0.01090640854,0.01264473516,2.383603334
2021-02-02 18:00:00,2.206187725,0.5437881947,0.01844627783,2.490028381
2021-02-02 19:00:00,2.339722395,0.04221215844,0.01189342048,2.171840191
2021-02-02 20:00:00,2.503983259,0.5077721477,0.04878336564,2.378694296
2021-02-02 21:00:00,2.343063593,0.6328846812,0.06350550056,2.413652658
2021-02-02 22:00:00,1.572584867,0.761212945,0.04698880762,1.511349082
2021-02-02 23:00:00,1.36474824,0.536524117,0.02843547985,1.640724301
2021-02-03 00:00:00,1.012542725,0.4220339954,0.02053907886,1.163459539
2021-02-03 01:00:00,0.8161407709,0.3958665729,0.01174257975,0.6505309343
2021-02-03 02:00:00,1.184319854,0.4338602424,0.01497657038,0.9450601339
2021-02-03 03:00:00,0.8822841644,0.436645478,0.01458470244,0.6877279878
2021-02-03 04:00:00,1.025858998,0.441537261,0.01520150248,0.8590888977
2021-02-03 05:00:00,1.13690412,0.6417304277,0.3016275167,1.031235337
2021-02-03 06:00:00,1.383341432,0.8576827049,0.06448560953,1.723055243
2021-02-03 07:00:00,3.403949261,0.7385920286,1.527681537e-09,4.067308426
2021-02-03 08:00:00,2.761987925,1.112288356,0.009122797288,3.219137192
2021-02-03 09:00:00,1.641242623,0.6700262427,0.06685599685,1.843186617
2021-02-03 10:00:00,0.8449935913,0.320112139,0.03202739358,0.9105219245
2021-02-03 11:00:00,0.7823960781,0.3271602094,0.01780007966,0.6808052659
2021-02-03 12:00:00,0.7565084696,0.3322373331,0.02022374421,0.6818828583
2021-02-03 13:00:00,1.175824404,0.4778101444,0.0380304046,1.278382897
2021-02-03 14:00:00,1.404119968,0.3892245293,0.01532129664,1.288777709
2021-02-03 15:00:00,0.7340400219,2.997526407,0.2228507549,0.5963349938
2021-02-03 16:00:00,1.898433208,0.3174944818,9.808087675e-10,1.649100423
2021-02-03 17:00:00,2.32352519,0.1097639948,0.01204422675,2.414099216
2021-02-03 18:00:00,2.300025225,0.7209314704,0.09177853167,2.625797033
2021-02-03 19:00:00,2.381258011,0.2247398198,0.007779126987,2.332370996
2021-02-03 20:00:00,2.322847605,0.7801383734,0.09376746416,2.242754459
2021-02-03 21:00:00,2.42772603,0.9081653357,0.07102280855,2.404740334
2021-02-03 22:00:00,1.55243206,0.7343654037,0.04781229049,1.512207747
2021-02-03 23:00:00,1.324388623,0.5025005341,0.02349369228,1.610968471
2021-02-04 00:00:00,1.189144135,0.4264305532,0.02084087022,1.308557153
2021-02-04 01:00:00,0.7853116989,0.3944474459,0.01248195115,0.6085855365
2021-02-04 02:00:00,1.218292117,0.3969802856,0.01528435107,1.021774054
2021-02-04 03:00:00,0.7944312692,0.3671563566,0.01265006326,0.583889842
2021-02-04 04:00:00,0.6860396862,0.3442545831,0.01115147397,0.5133972764
2021-02-04 05:00:00,0.8223814964,0.3578985333,0.04414569587,0.7895837426
2021-02-04 06:00:00,1.247287035,0.4403511286,0.1095337272,1.353688121
2021-02-04 07:00:00,2.884271622,1.074689269,0.01334307157,3.22786212
2021-02-04 08:00:00,2.344295025,0.9379132986,0.1301780045,2.760534048
2021-02-04 09:00:00,1.297082186,0.5924566984,0.04969992489,1.257546782
2021-02-04 10:00:00,1.113261938,0.4781806469,0.02969474159,1.097833514
2021-02-04 11:00:00,0.8325260878,0.3439878225,0.01917100325,0.7255260348
2021-02-04 12:00:00,0.8291885257,0.3327789903,0.01464391313,0.6721534133
2021-02-04 13:00:00,0.9136512876,0.3298412859,0.03188142926,1.088931799
2021-02-04 14:00:00,1.100511432,0.2584857345,0.01825981215,1.111882091
2021-02-04 15:00:00,0.7149934769,2.945253849,0.1717413813,0.5918127298
2021-02-04 16:00:00,1.361672997,8.845090882e-09,5.253670277e-10,1.086732268
2021-02-04 17:00:00,2.158368826,0.009018511511,6.321550505e-10,2.173750401
2021-02-04 18:00:00,1.993927956,0.3367407024,0.01174730528,2.127583504
2021-02-04 19:00:00,2.001931667,0.492529422,0.06852260232,1.802988768
2021-02-04 20:00:00,1.94273591,0.7225824594,0.07089921832,1.740069985
2021-02-04 21:00:00,1.812427759,0.7257342339,0.04674796015,1.67698586
2021-02-04 22:00:00,1.362072468,0.6091261506,0.03560200706,1.241161227
2021-02-04 23:00:00,0.967426002,0.395008862,0.01538521238,1.062169433
2021-02-05 00:00:00,0.7797531486,0.3029153347,0.0129192695,0.8249570131
2021-02-05 01:00:00,0.5598036051,0.3246643245,0.007356867194,0.3562839627
2021-02-05 02:00:00,0.860160768,0.240175724,0.009497541003,0.7039028406
2021-02-05 03:00:00,0.5302004218,0.2616188824,0.007326602004,0.3662011921
2021-02-05 04:00:00,0.573803246,0.2830024362,0.01319809072,0.4042433202
2021-02-05 05:00:00,0.7636857629,0.4881964624,0.07450350374,0.5349155664
2021-02-05 06:00:00,1.141431689,0.3434410691,0.01075267605,1.153439403
2021-02-05 07:00:00,2.626224756,0.9347732067,0.05808530748,3.05026412
2021-02-05 08:00:00,2.380411148,1.007100821,0.104360871,2.508426189
2021-02-05 09:00:00,1.309968948,0.5549373627,0.04916629568,1.343675971
2021-02-05 10:00:00,1.09235394,0.420496732,0.03108588606,1.011081457
2021-02-05 11:00:00,1.050442934,0.4027653039,0.01894748397,0.9135398865
2021-02-05 12:00:00,1.016707063,0.4276522994,0.01879729889,0.9087071419
2021-02-05 13:00:00,1.411729574,0.6062358022,0.04652918503,1.471564651
2021-02-05 14:00:00,1.479984045,0.6462523341,0.04979435727,1.489146352
2021-02-05 15:00:00,0.8387172222,3.605964661,0.2990406454,0.7218116522
2021-02-05 16:00:00,1.515391946,8.989792022e-09,6.544506048e-10,1.259760618
2021-02-05 17:00:00,2.382292747,4.436524925e-09,3.129814741e-10,2.419253826
2021-02-05 18:00:00,2.113592386,2.0380865e-08,0.007435046602,2.271446705
2021-02-05 19:00:00,2.015136957,0.4290441573,0.006285311189,1.820436954
2021-02-05 20:00:00,2.040183544,0.6422196627,0.03100290336,1.841491103
2021-02-05 21:00:00,2.04548192,0.762046814,0.05453145504,2.023071051
2021-02-05 22:00:00,1.312643051,0.6066845059,0.03681074828,1.229959846
2021-02-05 23:00:00,1.015766978,0.4003553987,0.01681722142,1.176924348
2021-02-06 00:00:00,0.7044121623,0.2762568593,0.02835933864,0.8975943923
2021-02-06 01:00:00,0.5334485173,0.2560752332,0.01191304065,0.4387373328
2021-02-06 02:00:00,0.4846539199,0.2516058087,0.01210542861,0.3736466467
2021-02-06 03:00:00,0.4886515439,0.2715261877,0.007031061687,0.3512744606
2021-02-06 04:00:00,0.6451435089,0.267716378,0.01131716277,0.5394026637
2021-02-06 05:00:00,0.7530620694,0.5481008887,0.05522096902,0.5254017115
2021-02-06 06:00:00,0.9241884947,0.2309173197,0.006278590299,0.8950310946
2021-02-06 07:00:00,2.374431133,0.8076305985,0.07793168724,3.024425983
2021-02-06 08:00:00,2.387752056,1.058160663,0.05534701049,2.316268444
2021-02-06 09:00:00,1.756318569,0.6359955072,0.06148116291,1.881058455
2021-02-06 10:00:00,1.578672051,0.5705604553,0.06122699007,1.591654658
2021-02-06 11:00:00,1.414985776,0.5162250996,0.03200487792,1.228271723
2021-02-06 12:00:00,1.051364064,0.3941302299,0.02718264051,0.9406927824
2021-02-06 13:00:00,1.159460902,0.7479373813,0.08060711622,0.8173097968
2021-02-06 14:00:00,1.362962484,2.75332427,0.1872872561,1.215224981
2021-02-06 15:00:00,1.384354353,4.243024349,0.3319773674,1.343745708
2021-02-06 16:00:00,1.280610561,0.02174337953,2.284051698e-10,1.192995071
2021-02-06 17:00:00,1.918105125,1.695958707e-09,1.326033172e-10,1.92278254
2021-02-06 18:00:00,2.154484034,2.254955112e-09,1.44077264e-10,2.470903397
2021-02-06 19:00:00,2.018694162,3.314542196e-09,1.889666618e-10,2.200315714
2021-02-06 20:00:00,1.931122899,6.114637241e-09,0.004078441299,1.961087584
2021-02-06 21:00:00,1.890844464,0.0471679531,0.008334250189,1.895751238
2021-02-06 22:00:00,1.502025247,0.3615909517,0.005356801674,1.414237618
2021-02-06 23:00:00,1.414569497,0.3004303277,0.00735338591,1.339716792
2021-02-07 00:00:00,0.8630872965,0.3052134216,0.01993084699,0.863204658
2021-02-07 01:00:00,0.7506813407,0.3169218004,0.01468118653,0.6127026081
2021-02-07 02:00:00,0.6382203102,0.2965701818,0.01692520268,0.5638545156
2021-02-07 03:00:00,0.6985932589,0.3441123962,0.01529274881,0.5846676826
2021-02-07 04:00:00,0.6872002482,0.3491971791,0.02130936831,0.5763206482
2021-02-07 05:00:00,0.8301653862,0.3960706592,0.02121302113,0.689671278
2021-02-07 06:00:00,1.20518434,2.147176743,0.234154582,1.310592651
2021-02-07 07:00:00,2.790858269,7.690595716e-09,9.133647172e-10,3.621287107
2021-02-07 08:00:00,2.780212164,0.4957916439,0.01489601191,2.805711031
2021-02-07 09:00:00,1.697780967,0.5996229053,0.05918689817,1.80332005
2021-02-07 10:00:00,1.220939994,0.405649066,0.05228517205,1.226716995
2021-02-07 11:00:00,1.207648516,0.4133536518,0.02579604834,1.075048327
2021-02-07 12:00:00,0.94108814,0.3525288403,0.02290101349,0.8071135283
2021-02-07 13:00:00,0.8896018863,0.4057590067,0.02563413791,0.660096705
2021-02-07 14:00:00,1.021719575,0.5420327783,0.03338923305,1.037020802
2021-02-07 15:00:00,1.354243755,3.68035531,0.279640466,1.347587585
2021-02-07 16:00:00,1.459992528,4.964383127e-09,4.777494511e-10,1.399949074
2021-02-07 17:00:00,2.091561794,3.686795758e-09,6.091692706e-10,2.175181389
2021-02-07 18:00:00,2.452684641,0.05344412848,0.02716838941,2.750771523
2021-02-07 19:00:00,2.040136337,0.2612748444,0.03424023464,2.270894051
2021-02-07 20:00:00,1.905201316,0.7484719157,0.04328508303,1.849231124
2021-02-07 21:00:00,1.943882346,0.8128929734,0.05852461234,1.849150062
2021-02-07 22:00:00,1.406225562,0.530090034,0.0461345911,1.299297214
2021-02-07 23:00:00,1.039785624,0.7763471007,0.01711410657,0.8924222589
2021-02-08 00:00:00,1.110752344,0.09272182733,0.01585647836,1.231475353
2021-02-08 01:00:00,0.6861829758,0.3488074243,0.00914924033,0.5058861971
2021-02-08 02:00:00,0.890909791,0.3327481449,0.01171926968,0.7356035113
2021-02-08 03:00:00,0.6701270342,0.3016918302,0.01218179613,0.4742615521
2021-02-08 04:00:00,0.6739028096,0.3105953336,0.009152346291,0.5133384466
2021-02-08 05:00:00,0.7553970218,0.3436659276,0.03462287039,0.6736254096
2021-02-08 06:00:00,1.177057743,0.4448800385,0.04033533484,1.348049045
2021-02-08 07:00:00,3.012109756,1.144803643,0.08065519482,3.273858547
2021-02-08 08:00:00,2.031963587,1.049886942,0.1560395509,2.399864674
2021-02-08 09:00:00,1.103525639,0.2591150999,0.004011402838,1.108873606
2021-02-08 10:00:00,0.817812562,0.3130945563,0.02910071984,0.8598386645
2021-02-08 11:00:00,0.7196415663,0.2680327296,0.01633845083,0.6927888989
2021-02-08 12:00:00,0.6790959239,0.2972691059,0.01434623264,0.653585732
2021-02-08 13:00:00,0.8185373545,0.2954951227,0.03085637651,1.070685148
2021-02-08 14:00:00,1.190730572,1.295477509,0.1591396183,1.104722619
2021-02-08 15:00:00,1.049262404,2.65184021,0.1055807248,0.7654939294
2021-02-08 16:00:00,1.881435394,2.533616872e-09,3.102834378e-10,1.549612761
2021-02-08 17:00:00,2.392100334,1.159216723e-08,6.284598397e-10,2.497911692
2021-02-08 18:00:00,2.213018179,0.4965282083,0.01446232386,2.330868244
2021-02-08 19:00:00,2.156103849,0.7649908662,0.04770033807,2.064284086
2021-02-08 20:00:00,2.311242342,0.5724400878,0.07868733257,2.185248375
2021-02-08 21:00:00,2.192690134,0.7383921146,0.06078323349,2.132553577
2021-02-08 22:00:00,1.418051243,0.6969454288,0.04319547117,1.394751787
2021-02-08 23:00:00,1.083338499,0.5023807287,0.02219868079,1.236696124
2021-02-09 00:00:00,0.9420048594,0.9377387762,0.05309520289,0.9475502968
2021-02-09 01:00:00,0.8262935281,7.785873279e-09,5.73215031e-10,0.7419822216
2021-02-09 02:00:00,1.174378991,0.3611270487,0.0041424511,0.9914776683
2021-02-09 03:00:00,0.8769073486,0.4156336784,0.01713584177,0.6756442189
2021-02-09 04:00:00,0.8647915721,0.4367195666,0.0164846275,0.6269279122
2021-02-09 05:00:00,0.8423500657,0.4482783079,0.08638727665,0.7368101478
2021-02-09 06:00:00,1.449911594,2.636378765,0.2514050603,1.516177893
2021-02-09 07:00:00,3.245716572,6.428305444e-09,5.721986773e-10,3.853671789
2021-02-09 08:00:00,2.654600859,0.3950757086,0.009837927297,3.134104252
2021-02-09 09:00:00,1.75388813,0.6157186031,0.07193759084,1.818130612
2021-02-09 10:00:00,1.561876297,0.6020444036,0.0446113348,1.462748528
2021-02-09 11:00:00,1.198625207,0.4702638388,0.0273581408,1.025639534
2021-02-09 12:00:00,0.9790793061,0.3778339922,0.02619519643,0.9254280925
2021-02-09 13:00:00,1.11436379,0.4221920073,0.03955063969,1.281304121
2021-02-09 14:00:00,1.342122078,0.9357088208,0.02408472449,1.270581841
2021-02-09 15:00:00,0.9938918352,3.369560242,0.3284847736,0.8744261861
2021-02-09 16:00:00,1.970275283,0.5248073339,0.04163370654,1.687040806
2021-02-09 17:00:00,2.608140707,0.04215310514,0.01354175247,2.675883532
2021-02-09 18:00:00,2.622042656,0.1398761123,0.02157047577,3.01301074
2021-02-09 19:00:00,2.459774256,0.5074418783,0.01093307603,2.339431047
2021-02-09 20:00:00,2.3732512,0.7397735715,0.06169577688,2.343982697
2021-02-09 21:00:00,2.417129993,0.9096813798,0.06494216621,2.448577404
2021-02-09 22:00:00,1.842699409,0.8578058481,0.05743759871,1.785214424
2021-02-09 23:00:00,1.385425329,0.5184250474,0.02771797962,1.689589262
2021-02-10 00:00:00,1.082882881,0.4422285557,0.03096560575,1.131039143
2021-02-10 01:00:00,0.7480874658,0.3690237999,0.01801872998,0.6170867085
2021-02-10 02:00:00,1.190520644,0.4056066275,0.02323962748,1.045152783
2021-02-10 03:00:00,0.9554901719,0.4363842905,0.01935296133,0.7058407664
2021-02-10 04:00:00,0.9026453495,0.4129609764,0.01983831078,0.7322741747
2021-02-10 05:00:00,1.14321816,0.7538899779,0.3021099269,0.9663234949
2021-02-10 06:00:00,1.6845752,1.104606152,0.05180103704,1.94895792
2021-02-10 07:00:00,3.118389606,0.6913640499,1.487405421e-09,3.654477835
2021-02-10 08:00:00,2.456594229,0.6423879862,0.01173402183,2.962508202
2021-02-10 09:00:00,1.157614589,0.5214846134,0.05916029215,1.367693663
2021-02-10 10:00:00,1.116724253,0.3635621071,0.03465696424,1.199716449
2021-02-10 11:00:00,0.9131125808,0.3363035023,0.03631848842,0.9355711937
2021-02-10 12:00:00,0.9907097816,0.4294244945,0.02996809408,0.8476868272
2021-02-10 13:00:00,1.508552909,0.6083733439,0.05092393234,1.530231357
2021-02-10 14:00:00,1.473804355,0.3954866529,0.02614798956,1.470808625
2021-02-10 15:00:00,0.9259384274,2.677776575,0.2350600511,0.7412355542
2021-02-10 16:00:00,1.544262648,1.769058228,1.006216999e-09,1.223682761
2021-02-10 17:00:00,2.723160028,0.1198202372,0.01335159782,2.75438261
2021-02-10 18:00:00,2.582338333,0.8070321083,0.1017628387,2.928796291
2021-02-10 19:00:00,2.6453619,4.010829002e-09,0.01198880281,2.601698399
2021-02-10 20:00:00,2.552556276,0.4835215807,0.1018255427,2.551374197
2021-02-10 21:00:00,2.662910223,0.9446502924,0.08218676597,2.587979317
2021-02-10 22:00:00,1.762322664,0.7954611182,0.07040597498,1.893712521
2021-02-10 23:00:00,1.531095028,0.5666679144,0.03719541803,1.807066083
2021-02-11 00:00:00,1.340345263,1.26112771,0.03448546305,1.478899837
2021-02-11 01:00:00,1.157536983,1.258475013e-08,0.03385030106,0.9519304037
2021-02-11 02:00:00,1.594289541,0.497168988,0.03724754602,1.541996837
2021-02-11 03:00:00,1.252669454,0.5763010979,0.03943162784,1.146682143
2021-02-11 04:00:00,1.296783686,0.6001314521,0.04025840759,1.137325406
2021-02-11 05:00:00,1.3455441,0.6110107303,0.07474535704,1.345212698
2021-02-11 06:00:00,2.117198706,1.631085515,0.2462058663,2.531900167
2021-02-11 07:00:00,4.250263691,0.7253940701,0.03015925549,5.280603886
2021-02-11 08:00:00,3.302224159,1.276431561,0.1682751477,3.969838858
2021-02-11 09:00:00,1.772098064,0.7778708935,0.08769463003,1.960298061
2021-02-11 10:00:00,0.9928944707,0.4057048857,0.03657926992,0.9374366999
2021-02-11 11:00:00,0.9508468509,0.3544566035,0.02095227689,0.7829898
2021-02-11 12:00:00,0.7937459946,0.3113039434,0.01477079652,0.6589829922
2021-02-11 13:00:00,1.135185599,0.5472616553,0.04714360461,1.310759783
2021-02-11 14:00:00,1.502898574,1.719194651,0.01838385127,1.431657076
2021-02-11 15:00:00,1.004923463,3.564133406,0.2290194333,0.778999269
2021-02-11 16:00:00,1.761092424,6.731296853e-09,5.96220795e-10,1.530992627
2021-02-11 17:00:00,2.889302969,3.731273956e-09,7.027676219e-10,2.879964352
2021-02-11 18:00:00,2.573031902,0.09528619051,0.03208461776,2.950804234
2021-02-11 19:00:00,2.621667862,0.7654172778,0.09905786812,2.521948814
2021-02-11 20:00:00,2.814694166,0.5272533298,0.1139823124,2.928480864
2021-02-11 21:00:00,2.682462692,0.8396803141,0.07549811155,2.632086277
2021-02-11 22:00:00,1.944276094,0.9195091724,0.0622892268,1.914993882
2021-02-11 23:00:00,1.539889693,0.7009680271,0.03454147279,1.752576113
2021-02-12 00:00:00,1.044748902,0.4446919858,0.03321855143,1.189337134
2021-02-12 01:00:00,0.9811308384,0.4902130365,0.02556501329,0.7883808017
2021-02-12 02:00:00,1.369517088,0.5501929522,0.02592788264,1.106851459
2021-02-12 03:00:00,1.015613317,0.4985528588,0.03060476482,0.8296121955
2021-02-12 04:00:00,0.9605577588,0.4473096132,0.02628381364,0.8055791259
2021-02-12 05:00:00,1.24677515,0.6861376762,0.1622253656,1.381915808
2021-02-12 06:00:00,1.650909185,0.4817689657,0.01253054757,1.902905345
2021-02-12 07:00:00,3.498144865,1.215536118,0.09960284829,4.238460541
2021-02-12 08:00:00,2.787779331,1.115784883,0.146785453,3.217453718
2021-02-12 09:00:00,1.623453975,0.6571748853,0.06909070909,1.69388485
2021-02-12 10:00:00,1.17463398,0.3969147503,0.03464654088,1.166155815
2021-02-12 11:00:00,1.152671933,0.4204110801,0.03081060201,1.069062352
2021-02-12 12:00:00,1.069475412,0.4454650581,0.02937599644,0.9282298088
2021-02-12 13:00:00,1.346701741,0.5305785537,0.05274445936,1.602323055
2021-02-12 14:00:00,1.728723168,1.004968405,0.1205423698,1.708832264
2021-02-12 15:00:00,1.181837678,3.404811859,0.3433196843,1.078256845
2021-02-12 16:00:00,1.845337868,1.424026053e-08,1.012886996e-09,1.723570228
2021-02-12 17:00:00,2.823295355,4.507008988e-09,3.569249618e-10,2.942877769
2021-02-12 18:00:00,2.45596981,0.24020046,0.01409090403,2.850993633
2021-02-12 19:00:00,2.462371826,0.6300647259,0.01153958682,2.457631826
2021-02-12 20:00:00,2.439145565,0.8726474047,0.05449791625,2.516155958
2021-02-12 21:00:00,2.670881987,0.9939364195,0.07670938224,2.618554354
2021-02-12 22:00:00,1.812496901,0.8962116838,0.06040887535,1.706546783
2021-02-12 23:00:00,1.340932965,0.5269717574,0.03913053125,1.665960431
2021-02-13 00:00:00,1.200024962,0.557493031,0.04711632803,1.323128104
2021-02-13 01:00:00,0.9822425842,0.4315533936,0.03065329045,0.7972666025
2021-02-13 02:00:00,0.9911324978,0.4491812289,0.03192121908,0.8739533424
2021-02-13 03:00:00,0.9241932631,0.436678499,0.02305055782,0.7697011232
2021-02-13 04:00:00,0.9501885176,0.4466793537,0.03602996469,0.847015202
2021-02-13 05:00:00,0.9450215101,0.6518238187,0.1232732311,0.7807388306
2021-02-13 06:00:00,1.305909753,0.3733395338,0.006734767463,1.349475026
2021-02-13 07:00:00,3.360862494,1.088320971,0.1115566641,4.352051258
2021-02-13 08:00:00,3.275501013,1.29946661,0.09655484557,3.394619703
2021-02-13 09:00:00,2.581944466,0.9218893051,0.1039842293,2.806972265
2021-02-13 10:00:00,2.067051888,0.7463485599,0.09512808919,2.183206081
2021-02-13 11:00:00,1.933678031,0.7316886187,0.07709508389,1.834164381
2021-02-13 12:00:00,1.695408821,0.7790513039,0.1099588871,1.525531888
2021-02-13 13:00:00,1.804708838,2.004940748,0.1940257549,1.34128511
2021-02-13 14:00:00,1.855320215,3.169449091,0.3175904155,1.78598702
2021-02-13 15:00:00,2.242935896,3.36658287,0.3708669841,2.213031292
2021-02-13 16:00:00,1.974171996,0.1104998812,0.02111707255,1.828167439
2021-02-13 17:00:00,2.629151344,2.027404911e-09,1.729459076e-10,2.775261879
2021-02-13 18:00:00,3.059456825,2.863400406e-09,2.023907986e-10,3.494061708
2021-02-13 19:00:00,2.737026215,0.1451418996,3.262394799e-10,3.123286247
2021-02-13 20:00:00,2.591183424,0.4022397101,0.02282031998,2.679911613
2021-02-13 21:00:00,2.570038795,0.5960416198,0.01051355246,2.680599451
2021-02-13 22:00:00,2.100359917,0.7494800091,0.03382140398,2.150326967
2021-02-13 23:00:00,1.682239294,0.7185347676,0.03070023283,1.561519861
2021-02-14 00:00:00,1.196068645,0.4936701953,0.0394930616,1.296261549
2021-02-14 01:00:00,1.098408103,0.5177466869,0.03700577095,0.9554629326
2021-02-14 02:00:00,0.9699265957,0.4832516015,0.03739311919,0.8371230364
2021-02-14 03:00:00,1.104842663,0.5596880317,0.02894581109,0.8592942357
2021-02-14 04:00:00,1.042055011,0.5031576753,0.04042899981,0.9334987998
2021-02-14 05:00:00,1.309184551,1.289919853,0.06451354921,1.08129406
2021-02-14 06:00:00,1.718216062,2.03549242,0.2940458357,1.659657478
2021-02-14 07:00:00,3.251875639,0.02177606896,1.105255332e-09,4.222759247
2021-02-14 08:00:00,3.350338221,0.5035740733,0.02694454044,3.713837147
2021-02-14 09:00:00,2.051185131,0.7064419985,0.08190582693,2.205164671
2021-02-14 10:00:00,1.629627466,0.566149354,0.08144751936,1.734023452
2021-02-14 11:00:00,1.720564604,0.5872005224,0.0459760502,1.616868854
2021-02-14 12:00:00,1.321900845,0.6012883186,0.03979624808,1.139082789
2021-02-14 13:00:00,1.346515417,0.7700560689,0.04314392805,1.020490408
2021-02-14 14:00:00,1.438322067,2.178616524,0.06933286041,1.36899972
2021-02-14 15:00:00,1.618707895,3.5285151,0.339353919,1.575651765
2021-02-14 16:00:00,1.695073485,8.651735328e-09,5.98408656e-10,1.620654225
2021-02-14 17:00:00,2.523457766,0.0004330922093,7.802608004e-10,2.715829611
2021-02-14 18:00:00,2.943631649,0.2534179688,0.04791585356,3.552316427
2021-02-14 19:00:00,2.75737834,0.3313733935,0.0811650306,3.1048913
2021-02-14 20:00:00,2.65081048,0.4813773632,0.08802799881,2.808591366
2021-02-14 21:00:00,2.744082928,1.018537402,0.1092930213,2.829328775
2021-02-14 22:00:00,2.289443493,0.9160311222,0.08638592809,2.146450758
2021-02-14 23:00:00,1.809247255,0.6547515392,0.04736024514,1.740260005
2021-02-15 00:00:00,1.514532328,0.6241905093,0.04161272198,1.788362741
2021-02-15 01:00:00,1.070563078,0.5661333203,0.03613386676,0.9575609565
2021-02-15 02:00:00,1.62454474,0.6377469897,0.03958713263,1.417908669
2021-02-15 03:00:00,1.2649647,0.6413190961,0.04017671943,1.044153214
2021-02-15 04:00:00,1.255093455,0.5543452501,0.03969640657,1.152005315
2021-02-15 05:00:00,1.466825366,0.6695144176,0.07183168828,1.303465962
2021-02-15 06:00:00,2.151759148,0.80817312,0.089096874,2.523195744
2021-02-15 07:00:00,3.818458319,1.329167485,0.1473263949,4.73040247
2021-02-15 08:00:00,3.001310825,1.139235735,0.2262525707,3.699248552
2021-02-15 09:00:00,1.568276048,0.6816927791,0.0189621225,1.686924338
2021-02-15 10:00:00,1.174207211,0.4456365705,0.04331250489,1.270212412
2021-02-15 11:00:00,1.07401526,0.4228943586,0.0299510248,1.021460295
2021-02-15 12:00:00,1.343013048,0.5502869487,0.02804259025,1.142206073
2021-02-15 13:00:00,1.299298644,0.7644525766,0.05161131173,1.550821304
2021-02-15 14:00:00,1.628320932,2.01437974,0.2268750072,1.565076113
2021-02-15 15:00:00,1.2417171,3.258009911,0.1452015638,1.099459529
2021-02-15 16:00:00,1.954585195,3.707609775e-09,3.292704165e-10,1.720117211
2021-02-15 17:00:00,2.966287851,0.03379302472,0.006995933596,3.039152145
2021-02-15 18:00:00,2.973258257,0.3710794747,0.02520128153,3.44351697
2021-02-15 19:00:00,2.986560583,0.6799812317,0.09181573242,2.875298738
2021-02-15 20:00:00,2.884529352,0.8588846922,0.1170951277,2.912310839
2021-02-15 21:00:00,3.051040411,0.9448153973,0.09221822023,3.00481391
2021-02-15 22:00:00,2.147559643,1.020431638,0.07285635918,2.021151781
2021-02-15 23:00:00,1.878234863,2.677709818,0.04698676988,2.171131611
2021-02-16 00:00:00,1.528245091,0.07601960003,0.1229636818,1.682561994
2021-02-16 01:00:00,1.456040859,2.714836356e-09,6.584602863e-10,1.271657944
2021-02-16 02:00:00,1.748630047,0.2855889499,0.007327266503,1.553076744
2021-02-16 03:00:00,1.415522218,0.5574717522,0.04664098099,1.176712751
2021-02-16 04:00:00,1.551247954,0.6604111195,0.05146760866,1.353092194
2021-02-16 05:00:00,1.614926577,1.096351624,0.2278379798,1.569072127
2021-02-16 06:00:00,2.54148078,2.487211466,0.322365284,2.927590847
2021-02-16 07:00:00,4.301906109,0.1241687611,0.007839798927,5.468811512
2021-02-16 08:00:00,3.523257494,0.9243320823,0.03157830238,4.339293003
2021-02-16 09:00:00,1.721140504,0.7714087367,0.09054136276,1.804078221
2021-02-16 10:00:00,1.284183502,0.5079200268,0.05476045236,1.310069442
2021-02-16 11:00:00,1.147383928,0.4667960405,0.02882856689,0.9636414051
2021-02-16 12:00:00,1.029812217,0.4720241725,0.02201063931,0.758025229
2021-02-16 13:00:00,1.392369151,0.5022029281,0.05238864571,1.515449762
2021-02-16 14:00:00,1.533784747,1.500552058,0.0479195714,1.454510331
2021-02-16 15:00:00,1.140861511,3.606459141,0.319147557,1.03773582
2021-02-16 16:00:00,1.76983726,1.03550458,0.05486754701,1.499248505
2021-02-16 17:00:00,3.009381294,1.305899477e-08,0.01414705068,3.090689659
2021-02-16 18:00:00,2.868575811,7.486563369e-09,0.02350843698,3.277602434
2021-02-16 19:00:00,2.834051371,0.1564597487,0.0187016204,2.847093344
2021-02-16 20:00:00,2.770527601,0.6911374331,0.0924032554,2.729556322
2021-02-16 21:00:00,2.757400751,1.007670283,0.08719596267,2.803541183
2021-02-16 22:00:00,1.907476425,0.8824148774,0.06761442125,1.834826112
2021-02-16 23:00:00,1.731366515,0.6834329367,0.04093731567,2.025904417
2021-02-17 00:00:00,1.069307923,0.4674028754,0.02661069296,1.08506012
2021-02-17 01:00:00,0.9873473048,0.5275960565,0.02364250086,0.7088695168
2021-02-17 02:00:00,1.359968662,0.4822271168,0.02629042044,1.129688978
2021-02-17 03:00:00,1.02027154,0.4893051088,0.02567880414,0.7704287171
2021-02-17 04:00:00,1.073633671,0.4943921268,0.03389340639,0.9216126204
2021-02-17 05:00:00,1.314956307,1.806215882,0.3248061538,1.201748252
2021-02-17 06:00:00,1.491841078,0.1228203177,0.07203899324,1.795224667
2021-02-17 07:00:00,3.401317835,0.6895412803,1.528802418e-09,3.888543844
2021-02-17 08:00:00,2.659670115,0.9180919528,0.01636398397,3.237303019
2021-02-17 09:00:00,1.627658606,0.6710541248,0.09089262784,1.961947083
2021-02-17 10:00:00,1.284742475,0.4806807637,0.05071467906,1.322283626
2021-02-17 11:00:00,1.102069736,0.4761345983,0.02899616025,1.002061725
2021-02-17 12:00:00,1.45104897,0.6027784348,0.03467061371,1.307575226
2021-02-17 13:00:00,1.763649464,0.7160288692,0.06677810103,2.04065752
2021-02-17 14:00:00,2.155264139,0.649985373,0.03856264055,2.211816072
2021-02-17 15:00:00,1.88987124,2.660428286,0.2993493676,1.525872946
2021-02-17 16:00:00,2.26977849,0.1645751297,0.008014963008,2.019766092
2021-02-17 17:00:00,2.940013409,0.588049531,0.01443927176,3.163854122
2021-02-17 18:00:00,2.866605997,1.454227209,0.144394055,3.191828728
2021-02-17 19:00:00,2.707108021,0.6276461482,0.01000266895,2.636608839
2021-02-17 20:00:00,2.835459232,1.124552608,0.1152018011,2.810199499
2021-02-17 21:00:00,2.802369833,1.071731806,0.09418021888,2.808727503
2021-02-17 22:00:00,1.889272809,0.9034790993,0.06505318731,1.801063061
2021-02-17 23:00:00,1.555564404,0.6583738923,0.0396302864,1.811678529
2021-02-18 00:00:00,1.25909996,0.5586935282,0.02820307016,1.178564668
2021-02-18 01:00:00,1.082654119,0.5358622074,0.02532898635,0.822689116
2021-02-18 02:00:00,1.498355746,0.4801095128,0.02934551053,1.336244226
2021-02-18 03:00:00,1.09083426,0.5265036821,0.03145295009,0.8428972363
2021-02-18 04:00:00,0.9921008348,0.4753616154,0.0315846391,0.8136071563
2021-02-18 05:00:00,1.114423275,0.5399682522,0.065372549,1.059294939
2021-02-18 06:00:00,1.628751278,2.194198847,0.1894704401,1.829361439
2021-02-18 07:00:00,3.815143824,0.1756314486,0.01934242621,4.418514252
2021-02-18 08:00:00,3.060970783,0.9335620999,0.1549625248,3.545884132
2021-02-18 09:00:00,1.829968572,0.7695025206,0.0905360803,2.04940629
2021-02-18 10:00:00,1.473481059,0.5654034019,0.05252157152,1.497155547
2021-02-18 11:00:00,1.297262788,0.5088434219,0.03388977423,1.221057296
2021-02-18 12:00:00,1.221994996,0.5349864364,0.02881022543,1.016852856
2021-02-18 13:00:00,1.265274048,0.5068364739,0.053844776,1.465130091
2021-02-18 14:00:00,1.390577912,2.450358629,0.02406183816,1.3365165
2021-02-18 15:00:00,1.068527579,3.689988375,0.2683869898,0.7936320901
2021-02-18 16:00:00,1.738417268,0.2577499747,6.22962848e-10,1.502965927
2021-02-18 17:00:00,2.972380161,8.100148108e-09,0.002016368555,3.065791607
2021-02-18 18:00:00,3.008844137,0.004308895208,0.04287083074,3.48181653
2021-02-18 19:00:00,2.784851551,0.3199549615,0.1084440425,2.738176823
2021-02-18 20:00:00,2.799871445,0.6606431007,0.1116378829,2.696917295
2021-02-18 21:00:00,3.02868247,0.8310355544,0.08925212175,2.962925434
2021-02-18 22:00:00,2.108040094,0.946590662,0.07317695022,2.051774502
2021-02-18 23:00:00,1.6658324,0.6024912596,0.0468708016,2.195706844
2021-02-19 00:00:00,1.314113975,0.5538184643,0.03422077,1.366793275
2021-02-19 01:00:00,1.369425416,0.683051765,0.031464044,1.071784258
2021-02-19 02:00:00,1.586691499,0.5872231126,0.03003023379,1.312696934
2021-02-19 03:00:00,1.353518367,1.749723554,0.03691692278,1.22691071
2021-02-19 04:00:00,1.654507518,0.1157702878,0.05400180072,1.433638215
2021-02-19 05:00:00,1.690155506,0.3913419247,0.2067785263,1.712929606
2021-02-19 06:00:00,2.029069901,0.5995619893,0.01163747068,2.450004578
2021-02-19 07:00:00,3.91411972,1.424758315,0.1146400049,4.668544769
2021-02-19 08:00:00,3.007545233,1.163026214,0.1494619697,3.496848822
2021-02-19 09:00:00,1.44771409,0.642305851,0.07936441898,1.662231207
2021-02-19 10:00:00,0.9367122054,0.3399547637,0.03909533098,1.050344348
2021-02-19 11:00:00,0.7559823394,0.2708483636,0.02714991197,0.8616118431
2021-02-19 12:00:00,0.8361924887,0.3854024708,0.0247734189,0.7163992524
2021-02-19 13:00:00,0.9214382172,0.3584758043,0.04535262287,1.205910325
2021-02-19 14:00:00,1.374307036,1.257174015,0.1125100851,1.400134206
2021-02-19 15:00:00,1.097881198,3.803633928,0.3332046866,0.818669796
2021-02-19 16:00:00,2.032633781,9.177784754e-09,0.002289910335,1.79302752
2021-02-19 17:00:00,2.75494504,3.672441906e-09,3.525751635e-10,2.85590601
2021-02-19 18:00:00,2.575406075,0.01946517639,0.01451659668,2.757456779
2021-02-19 19:00:00,2.488829851,0.5208784938,0.008773372509,2.303884983
2021-02-19 20:00:00,2.363399982,0.7416135073,0.04070594907,2.24492979
2021-02-19 21:00:00,2.38842988,0.8998365402,0.06852400303,2.293039083
2021-02-19 22:00:00,1.596375346,0.7936906219,0.04700170085,1.29248333
2021-02-19 23:00:00,1.200267434,0.4513324201,0.02305141091,1.374324799
2021-02-20 00:00:00,0.8432471156,0.3075934947,0.03747633472,0.9763828516
2021-02-20 01:00:00,0.8250421286,0.4342089295,0.0201550927,0.5956318974
2021-02-20 02:00:00,0.7070552111,0.3567591012,0.01900856756,0.5145802498
2021-02-20 03:00:00,0.6870925426,0.3208602369,0.01430040784,0.5226602554
2021-02-20 04:00:00,0.729137063,0.3270746171,0.0233317744,0.6003646255
2021-02-20 05:00:00,0.7374001145,0.3947665095,0.07195402682,0.596848011
2021-02-20 06:00:00,1.100797176,0.3461324871,0.002556354972,1.032082319
2021-02-20 07:00:00,2.685040236,0.8625963926,0.09234977514,3.343715191
2021-02-20 08:00:00,2.682187557,1.209036112,0.06718346477,2.581572533
2021-02-20 09:00:00,1.87115705,0.655980289,0.0650165081,1.893427134
2021-02-20 10:00:00,1.253120899,0.4640429616,0.06455853581,1.273604751
2021-02-20 11:00:00,1.123575211,0.3784608841,0.02971100435,0.9881644845
2021-02-20 12:00:00,0.9912363887,0.410023421,0.03287095949,0.8885151744
2021-02-20 13:00:00,1.282979965,0.6889839768,0.08239120245,0.9119216204
2021-02-20 14:00:00,1.371420383,2.235999107,0.2384044826,1.231895208
2021-02-20 15:00:00,1.693316221,4.135864735,0.331161201,1.604520798
2021-02-20 16:00:00,1.428288698,3.333910259e-09,2.274058858e-10,1.389243007
2021-02-20 17:00:00,2.169639587,2.045025704e-09,1.34360939e-10,2.01518774
2021-02-20 18:00:00,2.234914541,3.215914202e-09,1.492049817e-10,2.403928995
2021-02-20 19:00:00,2.025490999,0.0401882045,1.945761191e-10,2.164797306
2021-02-20 20:00:00,1.872267246,0.2402364463,0.004011669662,1.752778053
2021-02-20 21:00:00,1.974346161,0.3098335564,0.00617732713,1.839331388
2021-02-20 22:00:00,1.452772856,0.432991147,0.005901667755,1.286912918
2021-02-20 23:00:00,1.161813378,0.4760639966,0.008988102898,1.024064779
2021-02-21 00:00:00,0.8056154251,0.3238455653,0.01220313739,0.7700545788
2021-02-21 01:00:00,0.7318149805,0.3595029116,0.01747535914,0.5000082254
2021-02-21 02:00:00,0.5397545695,0.2614692748,0.01540199015,0.3917188346
2021-02-21 03:00:00,0.481890589,0.2499608546,0.01067755744,0.3216446042
2021-02-21 04:00:00,0.5194151998,0.251794517,0.01682121679,0.3737256527
2021-02-21 05:00:00,0.5495646596,0.2830744982,0.01310284808,0.3409182727
2021-02-21 06:00:00,0.7905345559,1.83570683,0.1643360406,0.7964224815
2021-02-21 07:00:00,2.543204784,1.368549452e-08,7.093899357e-10,2.906588078
2021-02-21 08:00:00,2.279114485,0.442163974,0.01431164332,2.249815702
2021-02-21 09:00:00,1.754933715,0.6615275145,0.06070741266,1.721309543
2021-02-21 10:00:00,1.244961739,0.4362083673,0.05634081736,1.204206824
2021-02-21 11:00:00,1.179623604,0.4266186357,0.02839530073,0.9862993956
2021-02-21 12:00:00,1.057923794,0.4616118073,0.02688203193,0.8672421575
2021-02-21 13:00:00,1.085731268,0.5670704246,0.02630932815,0.6865916252
2021-02-21 14:00:00,1.294575691,0.5092300177,0.03729696572,1.062211871
2021-02-21 15:00:00,1.468510747,3.13558507,0.2567030787,1.294210553
2021-02-21 16:00:00,1.124457002,4.656795394e-09,4.305193702e-10,0.9152104259
2021-02-21 17:00:00,1.862943172,0.00406653434,5.29398192e-10,1.747487426
2021-02-21 18:00:00,2.070922375,0.3392798305,0.01419320144,2.169238567
2021-02-21 19:00:00,1.970635772,0.3895626962,0.02072827145,1.989513874
2021-02-21 20:00:00,1.754297853,0.6402124166,0.03455339372,1.70728302
2021-02-21 21:00:00,1.759583116,0.7348216772,0.05862386152,1.697985768
2021-02-21 22:00:00,1.382508755,0.5736928582,0.04657409713,1.317107439
2021-02-21 23:00:00,1.154221654,0.4393823445,0.02202610113,0.9706101418
2021-02-22 00:00:00,1.017689705,0.4120588005,0.02008396387,1.007092953
2021-02-22 01:00:00,0.5496878028,0.3042167425,0.01066204067,0.3496572077
2021-02-22 02:00:00,0.8527833223,0.2985294759,0.01291419752,0.6494842172
2021-02-22 03:00:00,0.5366374254,0.2863393426,0.01091704704,0.3395710289
2021-02-22 04:00:00,0.5509222746,0.2893817127,0.01161149703,0.3454068899
2021-02-22 05:00:00,0.6757021546,0.4047122598,0.0303863287,0.4678698778
2021-02-22 06:00:00,1.089833498,2.156037331,0.03751387075,1.102002144
2021-02-22 07:00:00,2.902216196,1.690557916e-08,0.07210517675,3.382510424
2021-02-22 08:00:00,2.511340141,0.9711927772,0.1807208806,2.759162664
2021-02-22 09:00:00,1.420076728,0.1578726023,0.008449150249,1.429563522
2021-02-22 10:00:00,1.20226872,0.4247096777,0.04334545508,1.181336761
2021-02-22 11:00:00,1.183262229,0.4679110348,0.03107084893,1.032766104
2021-02-22 12:00:00,1.370804191,0.6794584394,0.0295018889,0.9260245562
2021-02-22 13:00:00,1.485763788,0.6306767464,0.05312639102,1.576266646
2021-02-22 14:00:00,1.74714756,1.485759497,0.2012247145,1.618817806
2021-02-22 15:00:00,1.105600595,2.742173433,0.116478622,0.9060012698
2021-02-22 16:00:00,1.591048837,4.426151001e-09,3.204373156e-10,1.33062923
2021-02-22 17:00:00,2.655728102,0.1092503443,5.997146113e-10,2.660396814
2021-02-22 18:00:00,2.533180237,0.4907646477,0.02277003601,2.873069525
2021-02-22 19:00:00,2.35099268,0.7227584124,0.05393129215,2.224132538
2021-02-22 20:00:00,2.45158124,0.759634912,0.09408632666,2.384976864
2021-02-22 21:00:00,2.417727232,0.8646667004,0.06782384962,2.288201809
2021-02-22 22:00:00,1.649461746,0.7862694263,0.05402833968,1.649878979
2021-02-22 23:00:00,1.247094989,0.4930085838,0.03622260317,1.59139502
2021-02-23 00:00:00,1.195800543,1.235766649,0.08005335927,1.263170719
2021-02-23 01:00:00,0.9780584574,5.520937041e-09,6.315964973e-10,0.774002254
2021-02-23 02:00:00,1.387034416,0.3441935778,0.00505757425,1.17781806
2021-02-23 03:00:00,1.094748855,0.5209982991,0.02914470807,0.8917627931
2021-02-23 04:00:00,1.31494832,0.6014617085,0.02943080664,1.099041104
2021-02-23 05:00:00,1.340606451,0.6401157379,0.117156297,1.219866991
2021-02-23 06:00:00,1.615306973,2.285996199,0.2762733698,1.888013244
2021-02-23 07:00:00,3.553799152,0.001156574814,0.003412353108,4.441017151
2021-02-23 08:00:00,2.377607822,0.6345537305,0.01073452458,2.773676157
2021-02-23 09:00:00,1.372835279,0.5786813498,0.06033860147,1.410102606
2021-02-23 10:00:00,1.00759697,0.3857551813,0.03599198535,0.974904418
2021-02-23 11:00:00,0.8966125846,0.3497329354,0.02204935625,0.7423452139
2021-02-23 12:00:00,0.8551923037,0.3807270527,0.01939596236,0.7146570683
2021-02-23 13:00:00,1.162811279,0.3943167031,0.0409662053,1.399769664
2021-02-23 14:00:00,1.352331519,0.5365020633,0.01960297674,1.2792871
2021-02-23 15:00:00,0.9484632015,2.563773394,0.304741323,0.7827023864
2021-02-23 16:00:00,1.369768739,1.865736246,0.03452621028,1.082600117
2021-02-23 17:00:00,2.649147749,2.256108522,0.01296565589,2.703220367
2021-02-23 18:00:00,2.514678717,0.01219237503,0.01814610139,2.763835669
2021-02-23 19:00:00,2.680315971,2.701186164e-09,0.01683419198,2.612320423
2021-02-23 20:00:00,2.577355385,0.1971500218,0.06388371438,2.386366606
2021-02-23 21:00:00,2.65086627,0.5263145566,0.07873138785,2.6381495
2021-02-23 22:00:00,2.04885602,0.7225230932,0.065179497,1.873827338
2021-02-23 23:00:00,1.731071234,0.4783033133,0.04560638219,2.044168949
2021-02-24 00:00:00,1.630833507,0.6481859684,0.038478259,1.655135274
2021-02-24 01:00:00,1.183589339,0.6030774117,0.03451672196,1.045123219
2021-02-24 02:00:00,1.749211788,0.6261560321,0.04352528974,1.76137507
2021-02-24 03:00:00,1.338567853,0.6523535252,0.04140476137,1.196321845
2021-02-24 04:00:00,1.386899233,0.6991074085,0.04261995107,1.165971398
2021-02-24 05:00:00,1.612505078,1.845696807,0.368393153,1.587129474
2021-02-24 06:00:00,1.962872624,1.123773098,0.1514580101,2.283652306
2021-02-24 07:00:00,4.232704163,0.152975589,0.003307298524,5.372272968
2021-02-24 08:00:00,3.097700357,1.073356628,0.01804541051,3.81147027
2021-02-24 09:00:00,1.791513562,0.7697963119,0.08321542293,1.880718589
2021-02-24 10:00:00,1.371519566,0.4990378618,0.05041294172,1.45635736
2021-02-24 11:00:00,1.17872858,0.4998629391,0.02780788951,0.9697368741
2021-02-24 12:00:00,0.94528234,0.4546598792,0.02175981179,0.7430981994
2021-02-24 13:00:00,1.180705905,0.5028068423,0.05148402601,1.347831011
2021-02-24 14:00:00,1.445345163,0.9629875422,0.02396691032,1.338072181
2021-02-24 15:00:00,1.197289348,3.414526224,0.2494442016,0.9710250497
2021-02-24 16:00:00,1.612411499,3.009483814,1.004941352e-09,1.439487576
2021-02-24 17:00:00,2.985499859,0.3765899539,0.01456756797,3.075376511
2021-02-24 18:00:00,2.872149944,0.01213054173,0.1195626035,3.247733831
2021-02-24 19:00:00,2.859663725,5.82106896e-09,0.01093240362,2.797224283
2021-02-24 20:00:00,2.965864658,1.065975547,0.1173832789,2.989196301
2021-02-24 21:00:00,3.422061205,0.005075189285,0.1125289351,3.574204922
2021-02-24 22:00:00,2.460675955,0.791855216,0.084621571,2.450257778
2021-02-24 23:00:00,1.91684711,0.7454485893,0.0517353043,2.25787735
2021-02-25 00:00:00,1.562704802,0.642978549,0.04778023437,1.750445724
2021-02-25 01:00:00,1.341917992,0.6746875644,0.03608844057,1.105549693
2021-02-25 02:00:00,1.785509229,0.7402963042,0.04215785861,1.600677967
2021-02-25 03:00:00,1.703556657,0.6847597957,0.06319134682,1.556288719
2021-02-25 04:00:00,1.458898187,0.6682038903,0.05157364905,1.354650259
2021-02-25 05:00:00,2.000041246,0.7644127011,0.08284025639,1.909294963
2021-02-25 06:00:00,2.418460846,0.9508954287,0.2360632569,2.739809752
2021-02-25 07:00:00,4.06939888,1.45591712,0.02637211792,5.1232934
2021-02-25 08:00:00,2.766121149,1.067662835,0.1491838247,3.369506598
2021-02-25 09:00:00,1.908242226,0.8632295132,0.09737999737,2.027329683
2021-02-25 10:00:00,1.385353327,0.5965163112,0.05262253433,1.298633695
2021-02-25 11:00:00,1.148478508,0.4416612387,0.03403839469,1.046693087
2021-02-25 12:00:00,1.110996008,0.4355713427,0.03039756976,1.086627483
2021-02-25 13:00:00,1.44851172,0.5623355508,0.06143279746,1.675363779
2021-02-25 14:00:00,1.922281504,1.176481366,0.03443159163,1.826214194
2021-02-25 15:00:00,1.332247376,3.541731119,0.2773884237,1.273685217
2021-02-25 16:00:00,2.137529135,8.534765783e-09,6.790131235e-10,2.020905733
2021-02-25 17:00:00,2.885241985,0.6382261515,0.004317578394,2.948786974
2021-02-25 18:00:00,3.047711134,0.03238344193,0.04876854271,3.44060421
2021-02-25 19:00:00,2.920346737,0.8805553317,0.107989572,2.915715933
2021-02-25 20:00:00,2.948367357,0.9255331755,0.1187921315,2.947963953
2021-02-25 21:00:00,3.062889576,1.163655162,0.09213790298,3.06850338
2021-02-25 22:00:00,2.186839819,0.9851603508,0.08299234509,2.253526211
2021-02-25 23:00:00,1.684565425,0.6468446255,0.04362946004,2.022763968
2021-02-26 00:00:00,1.442050576,0.5747414231,0.03771001473,1.527291656
2021-02-26 01:00:00,1.096112847,0.5786263347,0.02957553789,0.9275898337
2021-02-26 02:00:00,1.554521084,0.5769349337,0.03261123598,1.355839729
2021-02-26 03:00:00,1.217973351,0.5788832903,0.03985672817,1.105206251
2021-02-26 04:00:00,1.243985653,0.5815858245,0.03754568473,1.030933142
2021-02-26 05:00:00,1.512984037,0.676532805,0.1790345907,1.411237359
2021-02-26 06:00:00,2.120864868,0.8882619739,0.0157731846,2.337238789
2021-02-26 07:00:00,3.721875906,1.333098531,0.1025838181,4.45277071
2021-02-26 08:00:00,3.035841703,1.15576911,0.1689512283,3.705892086
2021-02-26 09:00:00,1.952021599,0.8320672512,0.09257555008,2.015519381
2021-02-26 10:00:00,1.245224714,0.5681113601,0.04898182303,1.182878256
2021-02-26 11:00:00,1.117878199,0.4285468757,0.02877461165,1.024174929
2021-02-26 12:00:00,1.092537642,0.4228913784,0.03415909782,1.055004835
2021-02-26 13:00:00,1.336426735,0.7701681256,0.05410702527,1.565598607
2021-02-26 14:00:00,1.70124948,2.647883415,0.1466753185,1.66559124
2021-02-26 15:00:00,1.284402728,3.679867029,0.3411099017,1.06088233
2021-02-26 16:00:00,1.658346057,0.03433839232,0.001425591763,1.522164702
2021-02-26 17:00:00,2.843258142,3.738867882e-09,3.92960442e-10,3.066628695
2021-02-26 18:00:00,2.849144936,0.004509160295,0.01794999465,3.111296177
2021-02-26 19:00:00,2.7695117,0.4711073935,0.01559409127,2.627296209
2021-02-26 20:00:00,2.952171087,0.5178548694,0.08311863244,2.916655779
2021-02-26 21:00:00,2.792431593,0.8030855656,0.08612930775,2.651638985
2021-02-26 22:00:00,1.886051178,0.8916072249,0.06883950531,1.934045434
2021-02-26 23:00:00,1.480986834,0.6470280886,0.03547978029,1.741964221
2021-02-27 00:00:00,1.158102512,0.4586493671,0.05178553611,1.355926871
2021-02-27 01:00:00,1.163910627,0.5124386549,0.03426300362,1.029419422
2021-02-27 02:00:00,1.012072682,0.4757809043,0.03188743442,0.847982645
2021-02-27 03:00:00,1.184897304,0.533077538,0.02923042513,0.9877261519
2021-02-27 04:00:00,1.129033566,0.5529475808,0.04362719506,0.9950730801
2021-02-27 05:00:00,1.170533776,1.461205125,0.1240533963,1.043712139
2021-02-27 06:00:00,1.543658972,0.03376985714,0.004832885694,1.58008194
2021-02-27 07:00:00,3.473357916,0.8583649397,0.1141508222,4.324820995
2021-02-27 08:00:00,3.043698311,1.258657813,0.09353846312,3.140902519
2021-02-27 09:00:00,2.303546906,0.8812735081,0.09939969331,2.473101377
2021-02-27 10:00:00,1.825270414,0.6525236964,0.08281594515,1.917950153
2021-02-27 11:00:00,1.755001545,0.6472553611,0.06904570758,1.759053826
2021-02-27 12:00:00,1.504331708,0.6436997652,0.09586456418,1.387225986
2021-02-27 13:00:00,1.523302555,1.847214341,0.1663469225,1.209436059
2021-02-27 14:00:00,1.780655146,3.211385012,0.3211756647,1.651695371
2021-02-27 15:00:00,1.953621268,3.502741098,0.3600083888,1.976318717
2021-02-27 16:00:00,1.801790237,0.2283887565,0.02062542737,1.741513491
2021-02-27 17:00:00,2.552384615,2.231277829e-09,1.701155466e-10,2.790199757
2021-02-27 18:00:00,3.021150589,2.763530516e-09,1.989189785e-10,3.580856085
2021-02-27 19:00:00,2.58838582,0.03635491431,3.154362882e-10,2.979317188
2021-02-27 20:00:00,2.749720097,0.3541333079,0.03811628371,2.753402948
2021-02-27 21:00:00,2.758634329,0.431140393,0.008988129906,2.773341417
2021-02-27 22:00:00,2.304213285,0.7377595305,0.03437060863,2.259385347
2021-02-27 23:00:00,1.759440899,0.7400161028,0.03320622444,1.676752687
2021-02-28 00:00:00,1.240781784,0.510412693,0.04345835745,1.344094872
2021-02-28 01:00:00,1.069758892,0.5050077438,0.03759678453,0.9561523795
2021-02-28 02:00:00,1.106711626,0.5709744096,0.03988064826,0.9000837207
2021-02-28 03:00:00,1.004354596,0.4985282123,0.02777344361,0.8382342458
2021-02-28 04:00:00,1.288823366,0.6186205149,0.04381230101,1.125248909
2021-02-28 05:00:00,1.296362996,0.6176396012,0.05758103356,1.117375493
2021-02-28 06:00:00,1.817870975,2.449057341,0.2875519395,1.742775679
2021-02-28 07:00:00,3.451786757,1.572469621e-08,1.095438518e-09,4.382415295
2021-02-28 08:00:00,3.255333662,0.8546004295,0.02218406461,3.283327103
2021-02-28 09:00:00,2.371606588,0.7734892964,0.08817409724,2.633396626
2021-02-28 10:00:00,1.654312015,0.5674732327,0.07828879356,1.708824277
2021-02-28 11:00:00,1.692830682,0.5899995565,0.0491341725,1.53553319
2021-02-28 12:00:00,1.399597406,0.5992817283,0.04536038637,1.194763064
2021-02-28 13:00:00,1.498217344,0.7297717929,0.04441590235,1.104482293
2021-02-28 14:00:00,1.517253637,1.809549093,0.07808760554,1.426643491
2021-02-28 15:00:00,1.685400367,3.701329231,0.3342095613,1.686831474
2021-02-28 16:00:00,1.797077298,0.09906347096,5.978320616e-10,1.627369046
2021-02-28 17:00:00,2.419699907,0.8801505566,7.794743739e-10,2.422979593
2021-02-28 18:00:00,3.18508172,7.126093049e-09,0.04930312932,3.520411968
2021-02-28 19:00:00,2.851870537,0.1125281006,0.08484917134,3.099282026
2021-02-28 20:00:00,2.733455896,0.6348118186,0.08138477057,2.731282711
2021-02-28 21:00:00,2.684868813,1.010900617,0.109442234,2.629677296
2021-02-28 22:00:00,2.183612108,0.8494172096,0.07858029008,2.101562262
2021-02-28 23:00:00,1.8248595,0.7842812538,0.049698174,1.620680928
2021-03-01 00:00:00,1.166140676,0.5619624257,0.02676518261,1.188737392
2021-03-01 01:00:00,0.8229455352,0.4800603688,0.0227569174,0.6807389259
2021-03-01 02:00:00,1.525034904,0.6029609442,0.03144577891,1.288567424
2021-03-01 03:00:00,1.045035839,0.483137548,0.02977832407,0.9551452994
2021-03-01 04:00:00,0.999366343,0.5082682371,0.02969839796,0.8310837746
2021-03-01 05:00:00,1.224507809,0.5172563195,0.0652635023,1.11670506
2021-03-01 06:00:00,1.756754041,0.7840287685,0.05650306866,1.859822035
2021-03-01 07:00:00,3.235436678,1.163368821,0.1155150235,4.00835371
2021-03-01 08:00:00,2.318523645,0.9482930303,0.1559205353,2.620926619
2021-03-01 09:00:00,1.497266531,0.7503437996,0.008992861956,1.518694401
2021-03-01 10:00:00,1.125261068,0.5538088679,0.03349845111,1.087843657
2021-03-01 11:00:00,0.9648026824,0.4786859751,0.0267757196,0.8996021152
2021-03-01 12:00:00,0.9880376458,0.5055659413,0.03258210048,0.9913210273
2021-03-01 13:00:00,1.242674708,0.5137728453,0.04714861512,1.552741528
2021-03-01 14:00:00,1.792282224,1.112497687,0.1730521321,1.74610877
2021-03-01 15:00:00,1.197877169,1.351840854,0.08973017335,1.005541563
2021-03-01 16:00:00,1.86278522,4.821392618e-09,3.192062725e-10,1.745601058
2021-03-01 17:00:00,2.118611336,0.4291663468,5.967655259e-10,2.16947794
2021-03-01 18:00:00,1.937298417,0.7327757478,0.009469585493,2.015976667
2021-03-01 19:00:00,1.758059621,0.8146900535,0.03797865659,1.592819095
2021-03-01 20:00:00,1.747547626,0.8225488067,0.06227789074,1.652803898
2021-03-01 21:00:00,1.817240715,0.6980866194,0.03957474977,1.741664052
2021-03-01 22:00:00,1.143770695,0.6021381617,0.0359951295,0.9889628887
2021-03-01 23:00:00,0.9908618927,0.4436298311,0.01855839789,1.09648931
2021-03-02 00:00:00,0.6962525249,0.60812819,0.03746050596,0.6593310237
2021-03-02 01:00:00,0.4580479264,0.001336290268,5.974652995e-10,0.3079979122
2021-03-02 02:00:00,0.7806588411,0.2931941152,0.00245548971,0.6172755957
2021-03-02 03:00:00,0.5469277501,0.3076845706,0.01309761219,0.350140363
2021-03-02 04:00:00,0.5160036683,0.3032817245,0.01262866706,0.3245611191
2021-03-02 05:00:00,0.6436233521,1.493591785,0.04491962865,0.4940005243
2021-03-02 06:00:00,1.159933448,0.8817307353,0.1640449166,1.16989398
2021-03-02 07:00:00,2.663948298,5.653552737e-09,5.230718636e-10,2.973263502
2021-03-02 08:00:00,1.525182962,0.1948096901,0.005720846355,1.782288313
2021-03-02 09:00:00,0.7923169732,0.3876155317,0.02911282517,0.7947158217
2021-03-02 10:00:00,0.6201207638,0.2428423911,0.01267612632,0.622892797
2021-03-02 11:00:00,0.4807851315,0.2009444535,0.009964306839,0.3934260011
2021-03-02 12:00:00,0.5077422857,0.2328611463,0.009107346646,0.4246134758
2021-03-02 13:00:00,0.7392448187,0.2657631338,0.01926832087,0.8807552457
2021-03-02 14:00:00,0.7964147329,0.3027151525,0.007677454036,0.7783277631
2021-03-02 15:00:00,0.6129540205,3.314748526,0.1689987034,0.5357373953
2021-03-02 16:00:00,0.9264657497,1.062575095e-08,3.348664541e-05,0.6408486962
2021-03-02 17:00:00,2.021369457,8.277515562e-09,0.007846641354,1.814822078
2021-03-02 18:00:00,1.882659674,0.01731748693,0.008433992974,1.803832889
2021-03-02 19:00:00,1.553326011,0.2964157164,0.00530191604,1.30994153
2021-03-02 20:00:00,1.658939719,0.4216693342,0.02045824006,1.368520021
2021-03-02 21:00:00,1.75981617,0.7440571785,0.03457996249,1.478217125
2021-03-02 22:00:00,1.272457242,0.6462352872,0.02912662551,1.032066941
2021-03-02 23:00:00,1.064608216,0.4860421121,0.01572629809,1.021311402
2021-03-03 00:00:00,0.8179320693,0.3945955336,0.01242557168,0.6578484178
2021-03-03 01:00:00,0.5426969528,0.2931167185,0.008000680245,0.3188079894
2021-03-03 02:00:00,0.7463149428,0.2716867328,0.009264377877,0.5535020232
2021-03-03 03:00:00,0.4163062274,0.2571068406,0.006581117865,0.2035754323
2021-03-03 04:00:00,0.4402402341,0.264844358,0.009265151806,0.2551517487
2021-03-03 05:00:00,0.4682350457,1.782473087,0.1389626861,0.2553284168
2021-03-03 06:00:00,1.003599048,0.2266795039,0.01481283549,0.9884209633
2021-03-03 07:00:00,2.143535376,0.004292941187,1.328979149e-09,2.487566233
2021-03-03 08:00:00,1.531078219,0.2414295077,0.003848066786,1.499545217
2021-03-03 09:00:00,0.9089089036,0.4681188762,0.02806269377,0.7850359082
2021-03-03 10:00:00,0.6267848611,0.256860435,0.01467159018,0.5765007734
2021-03-03 11:00:00,0.4658345878,0.1885420084,0.009987097234,0.3907214999
2021-03-03 12:00:00,0.51844877,0.2482386529,0.01215436589,0.447535336
2021-03-03 13:00:00,0.6795328259,0.298345387,0.02108914219,0.9326034784
2021-03-03 14:00:00,1.230168223,0.2847599387,0.01364700869,1.166419506
2021-03-03 15:00:00,0.7014763355,2.412038326,0.1187566742,0.5596076846
2021-03-03 16:00:00,1.296313882,0.007418994792,9.652554311e-10,0.9492839575
2021-03-03 17:00:00,1.751663327,0.2243349552,0.006395963486,1.571454644
2021-03-03 18:00:00,1.795285702,0.8731400371,0.03363938257,1.659784555
2021-03-03 19:00:00,1.619931102,1.006936667e-08,0.00457497919,1.426073432
2021-03-03 20:00:00,1.766020775,0.7377534509,0.04753979295,1.437851548
2021-03-03 21:00:00,1.844059587,0.7400646806,0.03946823254,1.695483327
2021-03-03 22:00:00,1.283437967,0.6794481277,0.0341229178,1.020222068
2021-03-03 23:00:00,1.07921505,0.5463865995,0.01847895421,1.062291265
2021-03-04 00:00:00,0.8785982132,0.3708699048,0.01638310961,0.8669804931
2021-03-04 01:00:00,0.6841222644,0.3592663705,0.01419183612,0.5020779371
2021-03-04 02:00:00,1.020943046,0.3758829236,0.01666852459,0.8119655848
2021-03-04 03:00:00,0.7559379339,0.9527822137,0.01525178738,0.4529539347
2021-03-04 04:00:00,0.8129245639,0.3659256101,0.01900341362,0.6331461668
2021-03-04 05:00:00,0.8063405156,0.3885788023,0.04482634738,0.7015684843
2021-03-04 06:00:00,1.357076287,1.13633585,0.1059764773,1.697704911
2021-03-04 07:00:00,2.725327253,0.01310976315,0.008960277773,3.131130695
2021-03-04 08:00:00,1.688565254,0.6793782711,0.06998996437,1.792412758
2021-03-04 09:00:00,0.7375174761,0.3692057729,0.0303675849,0.7517120838
2021-03-04 10:00:00,0.5428913832,0.229972899,0.01430233661,0.541852951
2021-03-04 11:00:00,0.488871038,0.2174670249,0.0128135439,0.4199600816
2021-03-04 12:00:00,0.4365754128,0.2034347802,0.01058630738,0.4399801195
2021-03-04 13:00:00,0.7460970283,0.3302701712,0.02793595195,1.078711748
2021-03-04 14:00:00,1.031035423,1.386016726,0.01398611534,1.071608305
2021-03-04 15:00:00,0.9625566602,3.695428848,0.1585587412,0.7300918102
2021-03-04 16:00:00,1.43843925,5.559329441e-09,4.832556022e-10,1.12784791
2021-03-04 17:00:00,2.213527918,5.533121517e-09,5.891774291e-10,2.163158417
2021-03-04 18:00:00,2.215204954,0.005917523522,0.01000664011,2.140610695
2021-03-04 19:00:00,2.06079793,0.3769298792,0.06679231673,1.947872758
2021-03-04 20:00:00,2.173205853,0.5483964682,0.07168949395,2.024907827
2021-03-04 21:00:00,2.369643211,0.5764057636,0.05393804982,2.244122028
2021-03-04 22:00:00,1.697580814,0.7791569829,0.05412087217,1.545690417
2021-03-04 23:00:00,1.453065276,0.6396864057,0.03479498625,1.755185604
2021-03-05 00:00:00,1.358102083,0.6233686209,0.03744656965,1.290163875
2021-03-05 01:00:00,1.081105232,0.5776501298,0.02779409289,0.8571413159
2021-03-05 02:00:00,1.295740604,0.5143024921,0.02974510379,1.133476615
2021-03-05 03:00:00,0.9097733498,0.4895289242,0.02770555764,0.7465721369
2021-03-05 04:00:00,0.9185154438,0.49816221,0.02641184069,0.745639503
2021-03-05 05:00:00,1.199598908,0.7338657379,0.1394247413,1.24071002
2021-03-05 06:00:00,1.320583463,0.4134465456,0.009193657897,1.612339735
2021-03-05 07:00:00,2.974338531,1.033662796,0.06967669725,3.468087912
2021-03-05 08:00:00,1.981740832,0.7621891499,0.09174838662,2.264409781
2021-03-05 09:00:00,1.036553621,0.4774826765,0.04407807812,1.073980093
2021-03-05 10:00:00,0.8346893191,0.3031992614,0.02587949485,0.9151678085
2021-03-05 11:00:00,0.7123869658,0.3089809716,0.01562103257,0.6196011305
2021-03-05 12:00:00,0.728038013,0.3382461965,0.01499216817,0.559889853
2021-03-05 13:00:00,0.8271762133,0.4388325214,0.03340328857,1.052975178
2021-03-05 14:00:00,1.040296435,1.407020569,0.01440386008,0.9560933113
2021-03-05 15:00:00,0.5573595166,3.738948822,0.2579436302,0.5124624372
2021-03-05 16:00:00,1.040137172,0.1068971902,4.846547053e-10,0.8500956297
2021-03-05 17:00:00,2.057611704,4.068976267e-09,2.740435934e-10,1.936964154
2021-03-05 18:00:00,2.009029865,7.289259418e-09,3.660809156e-10,1.875756145
2021-03-05 19:00:00,1.937208772,0.2021437138,0.00639776187,1.759109497
2021-03-05 20:00:00,2.035554647,0.3300541639,0.02211562172,1.888918042
2021-03-05 21:00:00,2.188517332,0.5082256198,0.03493967652,1.982852578
2021-03-05 22:00:00,1.65779388,0.594901979,0.04751718789,1.455255747
2021-03-05 23:00:00,1.242191076,0.6298027635,0.03367763758,1.553215146
2021-03-06 00:00:00,1.330331683,0.5052999854,0.05126086995,1.469768047
2021-03-06 01:00:00,1.049870491,0.5879228115,0.03554573655,0.9159932733
2021-03-06 02:00:00,1.034363031,1.299759984,0.03811947629,0.9944293499
2021-03-06 03:00:00,1.032205582,0.03797701001,0.03610358387,0.9497215152
2021-03-06 04:00:00,1.160551071,0.4960808754,0.04661774635,1.100743175
2021-03-06 05:00:00,1.292342782,0.6364706159,0.1432179511,1.376315355
2021-03-06 06:00:00,1.483070374,0.5558592081,0.007068566978,1.503688097
2021-03-06 07:00:00,2.759983063,0.8661841154,0.06840282679,3.490318298
2021-03-06 08:00:00,2.159578323,0.9297094941,0.05499616638,2.228671551
2021-03-06 09:00:00,1.460162759,0.5526174903,0.06227689609,1.580328226
2021-03-06 10:00:00,0.9048434496,0.3383908272,0.05210373923,0.9726064205
2021-03-06 11:00:00,1.083244801,0.3278737962,0.02359935082,1.015131354
2021-03-06 12:00:00,0.6466246843,0.2851842046,0.01836848818,0.5157426596
2021-03-06 13:00:00,0.6504707932,0.3905270994,0.02323966846,0.4739826918
2021-03-06 14:00:00,0.7382569313,2.33391118,0.1186868846,0.7577789426
2021-03-06 15:00:00,1.040336609,3.865828037,0.3254031539,1.037764192
2021-03-06 16:00:00,1.171441555,3.308435303e-09,1.881199779e-10,0.9890102744
2021-03-06 17:00:00,1.635696054,1.627847412e-09,1.195439581e-10,1.316910267
2021-03-06 18:00:00,1.953036785,2.11271578e-09,1.269197247e-10,2.016273499
2021-03-06 19:00:00,1.810099125,3.785783687e-09,1.568531277e-10,1.840366483
2021-03-06 20:00:00,1.712272406,0.08683671057,1.920079651e-10,1.542377353
2021-03-06 21:00:00,1.803432584,0.2775997519,2.127331367e-10,1.621264577
2021-03-06 22:00:00,1.48453927,0.3065811396,0.005896666553,1.260525584
2021-03-06 23:00:00,1.128398538,0.3750584424,0.005923665594,0.9981994629
2021-03-07 00:00:00,0.7844542265,0.3019725382,0.009096769616,0.7731518149
2021-03-07 01:00:00,0.6005783677,0.3054515123,0.009289859794,0.4590156078
2021-03-07 02:00:00,0.5612329841,0.3146824241,0.01992136426,0.4507997036
2021-03-07 03:00:00,0.5865104795,0.3289444745,0.0140467016,0.4507673681
2021-03-07 04:00:00,0.5641283393,0.3280998766,0.01951172017,0.427011162
2021-03-07 05:00:00,0.5784929991,0.3516942561,0.01530377939,0.3956314325
2021-03-07 06:00:00,0.9904599786,1.201377511,0.121473752,0.8936372399
2021-03-07 07:00:00,1.906745553,1.13434524e-08,6.485144644e-10,2.288324833
2021-03-07 08:00:00,1.778822899,0.6309176087,0.008707663976,1.827059627
2021-03-07 09:00:00,1.080607533,0.440700978,0.03442500904,1.031297684
2021-03-07 10:00:00,0.6537771821,0.2282020897,0.03517575935,0.6717002392
2021-03-07 11:00:00,0.7249042988,0.2433952987,0.01572384313,0.6476324797
2021-03-07 12:00:00,0.5892938972,0.2676832974,0.01644897647,0.470649302
2021-03-07 13:00:00,0.6843907237,0.3462542295,0.01959718019,0.4569720328
2021-03-07 14:00:00,0.7872099876,0.6183145046,0.02741480991,0.7459973693
2021-03-07 15:00:00,0.955524683,3.396090984,0.169089213,0.7910065055
2021-03-07 16:00:00,0.9310052395,4.082625349e-09,3.29580585e-10,0.7352097631
2021-03-07 17:00:00,1.571842909,5.673534087e-09,3.855666064e-10,1.177714586
2021-03-07 18:00:00,1.819077253,0.02750865743,0.008385877125,1.810186386
2021-03-07 19:00:00,1.621446967,0.2113479674,0.006045231596,1.588547826
2021-03-07 20:00:00,1.532015562,0.3043867052,0.01531046256,1.348052502
2021-03-07 21:00:00,1.579725385,0.6114256978,0.04445979372,1.44603157
2021-03-07 22:00:00,1.36131537,0.5852767229,0.03225032985,1.16415596
2021-03-07 23:00:00,0.9770432711,0.4355356991,0.02056088485,0.8002007008
2021-03-08 00:00:00,0.9417738914,0.3718417883,0.01762236468,1.006894112
2021-03-08 01:00:00,0.6371058226,0.3393979073,0.01443269756,0.4579425156
2021-03-08 02:00:00,0.9172800183,0.321983844,0.01473858766,0.7409999967
2021-03-08 03:00:00,0.7793014646,0.3779767752,0.01426537707,0.5467710495
2021-03-08 04:00:00,0.6155623794,0.328669697,0.01234074589,0.4184740484
2021-03-08 05:00:00,0.6831828952,0.3809196949,0.02812132984,0.4542577267
2021-03-08 06:00:00,1.048850298,0.476996243,0.02607686445,1.066947937
2021-03-08 07:00:00,2.435312748,1.523288488,0.06626544893,2.767512321
2021-03-08 08:00:00,1.808045268,0.4036440849,0.1051296592,1.875165939
2021-03-08 09:00:00,0.9023513794,0.2067452967,0.004425588995,0.8761167526
2021-03-08 10:00:00,0.4312854409,0.1502698511,0.01207520347,0.5308376551
2021-03-08 11:00:00,0.3204482198,0.1207998842,0.008650979027,0.3235411644
2021-03-08 12:00:00,0.3564555347,0.1611966193,0.01018728875,0.3431105316
2021-03-08 13:00:00,0.5297922492,0.1336788982,0.02316747233,0.768631041
2021-03-08 14:00:00,0.6616320014,0.9939292669,0.08482732624,0.674864769
2021-03-08 15:00:00,0.2829313874,3.819241524,0.03607196361,0.2604570389
2021-03-08 16:00:00,0.7535874844,4.118498875e-09,2.999323845e-10,0.5624849796
2021-03-08 17:00:00,1.691311479,7.50905027e-09,5.87766058e-10,1.506849527
2021-03-08 18:00:00,1.775771499,0.01814402454,0.007055091672,1.588934302
2021-03-08 19:00:00,1.826146007,0.00397745287,0.03210526332,1.548277974
2021-03-08 20:00:00,1.810878038,0.3472135663,0.0552418679,1.512848735
2021-03-08 21:00:00,1.94444406,0.3297273219,0.03927390277,1.716897845
2021-03-08 22:00:00,1.27055335,0.4833232164,0.03412738442,0.9906436801
2021-03-08 23:00:00,0.9878875613,0.4795781076,0.0199448429,1.031487823
2021-03-09 00:00:00,1.066537976,1.199822783,0.06304196268,1.10620749
2021-03-09 01:00:00,0.7157498002,4.284935073e-09,5.48800061e-10,0.5357370377
2021-03-09 02:00:00,1.127819896,0.2036981583,0.004125339445,0.910349369
2021-03-09 03:00:00,0.702786684,0.382383585,0.01969875954,0.5286844969
2021-03-09 04:00:00,0.7593075633,0.4220151305,0.02338569425,0.6364225149
2021-03-09 05:00:00,0.8274816275,0.4369301498,0.05256681144,0.567726016
2021-03-09 06:00:00,1.34237802,0.7670586109,0.1527511179,1.389113426
2021-03-09 07:00:00,2.370624065,0.592299819,5.169517037e-10,2.761467218
2021-03-09 08:00:00,1.628438592,0.7062526941,0.004754669033,1.608157396
2021-03-09 09:00:00,0.9475192428,0.5725532174,0.03066148981,0.7517927289
2021-03-09 10:00:00,0.7527592778,0.3682814837,0.01671393402,0.588445425
2021-03-09 11:00:00,0.7830715775,0.3700758815,0.01826467738,0.6792464852
2021-03-09 12:00:00,0.7688810825,0.4075271785,0.01718655601,0.6149258018
2021-03-09 13:00:00,1.010196924,0.4414001405,0.04094218835,1.138276458
2021-03-09 14:00:00,1.29363215,0.4445380867,0.01984112151,1.147602558
2021-03-09 15:00:00,0.8521693349,1.326588511,0.212072134,0.6667909026
2021-03-09 16:00:00,1.261491656,0.7135008574,0.001071134466,0.9842865467
2021-03-09 17:00:00,1.93979013,0.3787573278,0.007969267666,1.753429532
2021-03-09 18:00:00,1.700024128,0.487706393,0.00828541629,1.689859152
2021-03-09 19:00:00,1.545443535,0.4730885625,0.005696932785,1.376240253
2021-03-09 20:00:00,1.6079849,0.6519515514,0.02259674668,1.385235548
2021-03-09 21:00:00,1.730255961,0.75385952,0.03661226854,1.444916725
2021-03-09 22:00:00,1.196785331,0.6089135408,0.03784662485,1.015501976
2021-03-09 23:00:00,0.9883103371,0.7095085979,0.02209490538,1.046057224
2021-03-10 00:00:00,0.8554246426,0.1562387794,0.01877979748,0.8425142765
2021-03-10 01:00:00,0.5285516977,0.2859077454,0.015834691,0.386777252
2021-03-10 02:00:00,0.9477920532,0.3671613634,0.01904668473,0.8111532331
2021-03-10 03:00:00,0.6676938534,0.3497546017,0.01738732681,0.5339192152
2021-03-10 04:00:00,0.6649191976,0.7622473836,0.01808621176,0.5128353834
2021-03-10 05:00:00,0.9224502444,1.266053677,0.2153295875,0.7779009342
2021-03-10 06:00:00,1.390863657,1.545783057e-08,0.019181218,1.414017677
2021-03-10 07:00:00,2.638961315,0.4685020149,1.34919409e-09,2.966575146
2021-03-10 08:00:00,1.679285169,0.7043320537,0.005003488623,1.807257533
2021-03-10 09:00:00,0.8772006035,0.4207302034,0.03048178181,0.8900763988
2021-03-10 10:00:00,0.6363136172,0.2321000546,0.01672295853,0.7119756341
2021-03-10 11:00:00,0.4493612349,0.172332257,0.01472230162,0.4631463289
2021-03-10 12:00:00,0.4882164299,0.1947978884,0.01463229675,0.5683395267
2021-03-10 13:00:00,0.6276019812,0.227578789,0.02758607268,0.9165285826
2021-03-10 14:00:00,0.8336969614,0.1857439429,0.01073146146,0.8875786662
2021-03-10 15:00:00,0.6228666306,3.942502975,0.1429273635,0.4327979982
2021-03-10 16:00:00,1.050532341,0.5905842185,9.412177704e-10,0.7238419652
2021-03-10 17:00:00,1.905192018,9.318216421e-09,0.007816423662,1.804922342
2021-03-10 18:00:00,2.026015997,0.001316804788,0.04035025835,1.995300412
2021-03-10 19:00:00,1.897418022,3.938032123e-09,0.007143998519,1.787499666
2021-03-10 20:00:00,2.080298662,0.3593398631,0.06392873824,1.945543528
2021-03-10 21:00:00,2.139957666,0.7327800989,0.04896897823,2.002616167
2021-03-10 22:00:00,1.393651247,0.7102160454,0.04707633704,1.245196462
2021-03-10 23:00:00,1.255482316,0.5695926547,0.02718043886,1.339823842
2021-03-11 00:00:00,1.002468467,0.5033932328,0.02277710289,0.96924752
2021-03-11 01:00:00,0.6500313878,0.3878661096,0.01654966176,0.4689456522
2021-03-11 02:00:00,0.9370718002,0.3656637371,0.01768932305,0.7551079392
2021-03-11 03:00:00,0.6692374945,0.4036615491,0.01735430583,0.4473470449
2021-03-11 04:00:00,0.6644685864,0.3466441035,0.01851157099,0.5603818297
2021-03-11 05:00:00,0.7090898156,0.3745806515,0.03726997226,0.5471942425
2021-03-11 06:00:00,1.469350457,0.6176842451,0.1008189768,1.472200036
2021-03-11 07:00:00,2.375459671,0.8434814811,0.009255348705,2.712855101
2021-03-11 08:00:00,1.975752115,0.9443213344,0.08420867473,2.1182127
2021-03-11 09:00:00,1.062163234,0.4689559639,0.0430117622,0.9826315641
2021-03-11 10:00:00,0.5879592299,0.253079474,0.01396880299,0.5424995422
2021-03-11 11:00:00,0.6293008327,0.2792313099,0.01347065624,0.5639805794
2021-03-11 12:00:00,0.8448505998,0.4465330839,0.01897204481,0.6977325678
2021-03-11 13:00:00,1.00117898,0.4162301719,0.03029949591,1.173555136
2021-03-11 14:00:00,1.136737108,0.3093910813,0.0124186771,1.101908088
2021-03-11 15:00:00,0.6365606785,2.736730337,0.133140862,0.5121183991
2021-03-11 16:00:00,1.182086706,3.279958305e-09,4.954798793e-10,0.8728983998
2021-03-11 17:00:00,1.993094325,6.479165648e-09,5.880628207e-10,1.800217032
2021-03-11 18:00:00,1.818238616,0.3072436452,0.008887981065,1.768565059
2021-03-11 19:00:00,1.723595381,0.440043807,0.056191504,1.540069342
2021-03-11 20:00:00,1.844853878,0.7790133953,0.056816753,1.65715754
2021-03-11 21:00:00,1.96116662,0.7858555317,0.04266443476,1.806808233
2021-03-11 22:00:00,1.317247629,0.6834633946,0.04023891315,1.129657626
2021-03-11 23:00:00,1.05024302,0.5406727791,0.02347948402,1.099906325
2021-03-12 00:00:00,0.8360906243,0.3679907024,0.01885329559,0.8968369961
2021-03-12 01:00:00,0.5857819915,0.3337901831,0.01612707041,0.4654280245
2021-03-12 02:00:00,0.8821478486,0.3262094855,0.01649450138,0.7320082784
2021-03-12 03:00:00,0.625082612,0.3464113474,0.01665440947,0.4654374123
2021-03-12 04:00:00,0.653640449,0.3475289941,0.01642324589,0.4892780781
2021-03-12 05:00:00,0.8717862368,0.9611840248,0.07474586368,0.6489136219
2021-03-12 06:00:00,1.264258385,0.2891212702,0.006555217318,1.262992024
2021-03-12 07:00:00,2.215109587,0.5356603265,0.05345563591,2.725335598
2021-03-12 08:00:00,1.460014343,0.6081455946,0.06573212147,1.513315201
2021-03-12 09:00:00,0.8522320986,0.4389062226,0.03324728087,0.8061682582
2021-03-12 10:00:00,0.8445104957,0.3840446174,0.02327550948,0.8069863915
2021-03-12 11:00:00,0.7555493116,0.3879241049,0.02141289227,0.6407208443
2021-03-12 12:00:00,0.645639956,0.3501923978,0.01258104574,0.4397375286
2021-03-12 13:00:00,0.8650916815,0.3636907637,0.02231596038,0.888220489
2021-03-12 14:00:00,0.7937085032,0.3819698393,0.0062013641,0.743724525
2021-03-12 15:00:00,0.3180060983,3.637957811,0.1974974424,0.2913017571
2021-03-12 16:00:00,0.8128692508,7.471171237e-09,4.176193835e-10,0.5377722979
2021-03-12 17:00:00,1.55214107,4.471147452e-09,2.676220079e-10,1.388834
2021-03-12 18:00:00,1.630190611,3.265933302e-09,3.474834587e-10,1.481774807
2021-03-12 19:00:00,1.441029787,0.02885551564,0.004893460311,1.224708557
2021-03-12 20:00:00,1.584756255,0.2959289551,0.008128609508,1.410742998
2021-03-12 21:00:00,1.639310956,0.3019956946,0.02508286759,1.431417823
2021-03-12 22:00:00,1.006495118,0.5289840102,0.02617547847,0.843321681
2021-03-12 23:00:00,0.9733954668,0.4730402231,0.0188919045,1.064702153
2021-03-13 00:00:00,0.7533000112,0.3383100629,0.03001343273,0.8010480404
2021-03-13 01:00:00,0.5493625402,0.2977145612,0.01962586679,0.4412421584
2021-03-13 02:00:00,0.4898044765,0.3915602267,0.01846049353,0.3631182611
2021-03-13 03:00:00,0.6160025001,0.2523068786,0.01826487854,0.48355937
2021-03-13 04:00:00,0.6679313183,0.3945367932,0.02115327865,0.4751819372
2021-03-13 05:00:00,0.7500674129,0.4412263334,0.05940216407,0.5504969954
2021-03-13 06:00:00,0.8927177787,0.3801779747,0.00358332484,0.8119899631
2021-03-13 07:00:00,1.631005645,0.5118892789,0.03912951425,2.113230705
2021-03-13 08:00:00,1.734198689,0.7762243152,0.03286665678,1.562553525
2021-03-13 09:00:00,1.040800333,0.3324771225,0.03424241021,1.073960185
2021-03-13 10:00:00,0.6858811975,0.2394690365,0.0354385972,0.6752812266
2021-03-13 11:00:00,0.7184971571,0.2104284465,0.01952918619,0.7626835108
2021-03-13 12:00:00,0.4371093214,0.1625871211,0.01569602266,0.3967421353
2021-03-13 13:00:00,0.4126960933,0.2871330678,0.01373830903,0.3026578128
2021-03-13 14:00:00,0.5497595072,1.937680721,0.06217768788,0.5673590302
2021-03-13 15:00:00,0.6425780654,3.992798328,0.2792710662,0.6814684868
2021-03-13 16:00:00,0.6708174348,3.755367128e-09,1.715096815e-10,0.5864457488
2021-03-13 17:00:00,1.468123317,1.597665444e-09,1.148570128e-10,1.131103158
2021-03-13 18:00:00,1.704257727,1.705508956e-09,1.254823745e-10,1.617525816
2021-03-13 19:00:00,1.615481496,2.372355201e-09,1.513272979e-10,1.575141191
2021-03-13 20:00:00,1.551200271,5.116911339e-09,1.815396444e-10,1.410943508
2021-03-13 21:00:00,1.70049119,0.09449995309,2.033749003e-10,1.505977511
2021-03-13 22:00:00,1.401709557,0.2523374557,0.005287908949,1.152831197
2021-03-13 23:00:00,1.111017704,0.2319736928,0.004723262973,0.9582087398
2021-03-14 00:00:00,0.8237217665,0.2569966018,0.007147429045,0.8213150501
2021-03-14 01:00:00,0.6355757713,0.2893423736,0.008151452057,0.5415597558
2021-03-14 02:00:00,0.568441689,0.3052081466,0.01879272424,0.4691236019
2021-03-14 03:00:00,0.5090833306,0.3093628585,0.01350349002,0.3616477847
2021-03-14 04:00:00,0.5394800901,0.3242450058,0.01956096664,0.4098706841
2021-03-14 05:00:00,0.5505201221,0.3278884888,0.0153629696,0.4242577851
2021-03-14 06:00:00,0.9161946774,1.51189971,0.1172262356,0.7767267823
2021-03-14 07:00:00,1.916397691,7.948688818e-09,6.542702491e-10,2.171606779
2021-03-14 08:00:00,2.094040394,0.5103513002,0.007727761753,1.906588793
2021-03-14 09:00:00,1.328306317,0.4812083244,0.04147727787,1.293039083
2021-03-14 10:00:00,0.9959228039,0.3959600627,0.04539025947,1.069663882
2021-03-14 11:00:00,0.9592879415,0.3506594002,0.0205144994,0.7916826606
2021-03-14 12:00:00,0.6223412156,0.2887403667,0.01571596973,0.4145665169
2021-03-14 13:00:00,0.6677021384,0.3369687796,0.01844425127,0.4221846461
2021-03-14 14:00:00,0.8717915416,0.633233726,0.02820069715,0.8050485253
2021-03-14 15:00:00,1.286934495,3.304263353,0.2385698855,1.168212056
2021-03-14 16:00:00,1.182236552,3.137015758e-09,3.575513774e-10,1.075671911
2021-03-14 17:00:00,1.542873025,3.369647006e-09,4.195055692e-10,1.296194673
2021-03-14 18:00:00,1.900792122,0.007845266722,0.009314774536,1.952537179
2021-03-14 19:00:00,1.711990118,0.281034708,0.008203493431,1.692237616
2021-03-14 20:00:00,1.541270494,0.4905121624,0.01802356169,1.368114114
2021-03-14 21:00:00,1.522678971,0.6759453416,0.0449941121,1.391944647
2021-03-14 22:00:00,1.16128695,0.5003738403,0.03207307309,1.017871022
2021-03-14 23:00:00,0.897785604,0.4048714936,0.02118464001,0.7477353811
2021-03-15 00:00:00,0.8177909255,0.3307574689,0.01672747545,0.9058587551
2021-03-15 01:00:00,0.4933867157,0.2776466906,0.01339354366,0.390745908
2021-03-15 02:00:00,0.7709568739,0.282632947,0.01533551794,0.6316872835
2021-03-15 03:00:00,0.6154035926,0.347848922,0.01360327471,0.405112803
2021-03-15 04:00:00,0.5357211828,0.3077308834,0.01424365398,0.3606473207
2021-03-15 05:00:00,0.6677738428,0.3195982277,0.02994525991,0.51901263
2021-03-15 06:00:00,1.095311642,0.4699723423,0.03693886846,1.200060248
2021-03-15 07:00:00,2.184075594,0.7219414711,0.05331493169,2.521293879
2021-03-15 08:00:00,1.788386106,0.8888216615,0.1082416102,1.837982774
2021-03-15 09:00:00,0.9603234529,0.4502256811,0.005927097518,0.9175165296
2021-03-15 10:00:00,0.8067730665,0.3660718799,0.0233485233,0.7941179872
2021-03-15 11:00:00,0.562866509,0.2302232534,0.01939115301,0.5798431039
2021-03-15 12:00:00,0.5120835304,0.2632965147,0.01381793525,0.4144271016
2021-03-15 13:00:00,0.8775337934,0.3272624016,0.02485382371,1.051671147
2021-03-15 14:00:00,1.155878544,1.844019771,0.1127486601,1.063480735
2021-03-15 15:00:00,0.9455064535,0.5798482299,0.05324823409,0.8518795967
2021-03-15 16:00:00,1.247062206,5.103272027e-09,3.097636037e-10,0.9515545368
2021-03-15 17:00:00,1.794839263,0.3197884858,5.957286886e-10,1.603151202
2021-03-15 18:00:00,1.655975342,0.4928845167,0.007525790017,1.599879503
2021-03-15 19:00:00,1.473538041,0.4596726894,0.02570650168,1.306833863
2021-03-15 20:00:00,1.5558002,0.7039478421,0.04940493032,1.393285513
2021-03-15 21:00:00,1.605142117,0.6537316442,0.03321450949,1.425819039
2021-03-15 22:00:00,1.034217596,0.5345378518,0.0289545916,0.8372153044
2021-03-15 23:00:00,0.8112854958,0.3474017382,0.01560530066,0.9040032029
2021-03-16 00:00:00,0.7646819353,0.6709725261,0.04245899618,0.7161954641
2021-03-16 01:00:00,0.4874700308,8.966407172e-09,5.45016754e-10,0.3691442013
2021-03-16 02:00:00,0.7627515197,0.2410015911,0.002982115839,0.5907804966
2021-03-16 03:00:00,0.4526872635,0.2701587677,0.01115694176,0.2869627476
2021-03-16 04:00:00,0.6021502614,0.348988533,0.01492147241,0.4042883515
2021-03-16 05:00:00,0.6786020398,0.3550072908,0.03624768183,0.4924324751
2021-03-16 06:00:00,0.7486196756,1.454090714,0.129116863,0.7930088043
2021-03-16 07:00:00,2.314459324,1.017199747e-08,5.19506993e-10,2.460474014
2021-03-16 08:00:00,1.52193141,0.5037451982,0.0048915972,1.502156496
2021-03-16 09:00:00,0.7978228927,0.3756793141,0.03012885898,0.8665288091
2021-03-16 10:00:00,0.4394844472,0.1741506308,0.01137784962,0.4690905809
2021-03-16 11:00:00,0.4470390379,0.1799630076,0.009522989392,0.3734309971
2021-03-16 12:00:00,0.3727325797,0.1762679517,0.008381452411,0.3329516947
2021-03-16 13:00:00,0.7603722215,0.2853283882,0.02324002236,0.8844595551
2021-03-16 14:00:00,0.9472186565,0.2726181746,0.01174532436,0.8856796026
2021-03-16 15:00:00,0.5022768378,2.376733065,0.1641065478,0.3899832368
2021-03-16 16:00:00,1.028745174,0.2949134111,1.139190298e-09,0.7037324309
2021-03-16 17:00:00,1.435681462,9.276053703e-09,0.006189810112,1.361679792
2021-03-16 18:00:00,1.561616659,0.348466903,0.006769867148,1.371146202
2021-03-16 19:00:00,1.426059127,0.1539210528,0.004269603174,1.277983665
2021-03-16 20:00:00,1.475022078,0.3921233118,0.01421774179,1.212793708
2021-03-16 21:00:00,1.52738297,0.6228696108,0.02697785757,1.350022078
2021-03-16 22:00:00,0.998709619,0.5137968063,0.02615758963,0.805912137
2021-03-16 23:00:00,0.7661520839,0.3553789854,0.01589441486,0.8637153506
2021-03-17 00:00:00,0.596731782,0.2690834701,0.01347051095,0.5790399313
2021-03-17 01:00:00,0.3960562944,0.2519662678,0.01108741574,0.277932018
2021-03-17 02:00:00,0.6985590458,0.2634472549,0.01331588067,0.5738094449
2021-03-17 03:00:00,0.4383414984,0.259645313,0.01121029258,0.2815003097
2021-03-17 04:00:00,0.4499475658,0.2690494359,0.01136278734,0.2854169607
2021-03-17 05:00:00,0.490152657,1.284023881,0.1631212085,0.3539179862
2021-03-17 06:00:00,0.8425506949,0.6734749675,0.0126418639,0.9137667418
2021-03-17 07:00:00,2.190496206,0.01336784009,1.328227972e-09,2.373687744
2021-03-17 08:00:00,1.687378526,0.400069952,0.008843933232,1.771257877
2021-03-17 09:00:00,1.132145882,0.5437578559,0.03888513148,1.004562497
2021-03-17 10:00:00,0.9118644595,0.4002170563,0.0262154527,0.9179341197
2021-03-17 11:00:00,0.8829737902,0.4133837819,0.03061861545,0.8026296496
2021-03-17 12:00:00,0.7690680623,0.4016930461,0.02332383581,0.7145896554
2021-03-17 13:00:00,1.271852851,0.4717415571,0.04332620651,1.515975952
2021-03-17 14:00:00,1.479331732,0.4956328869,0.02730692923,1.407580733
2021-03-17 15:00:00,1.068361163,1.438244104,0.1893684417,0.9761562943
2021-03-17 16:00:00,1.498786807,0.3553776741,9.833480696e-10,1.296961904
2021-03-17 17:00:00,1.88441658,0.4026471674,0.007817912847,1.841420412
2021-03-17 18:00:00,1.889284849,1.004113674,0.04247840866,1.905051112
2021-03-17 19:00:00,1.758074522,0.4214505553,0.005764340982,1.661571383
2021-03-17 20:00:00,1.7936064,0.8103998899,0.06313498318,1.663263321
2021-03-17 21:00:00,1.868872404,0.7581570745,0.04225327075,1.69212234
2021-03-17 22:00:00,1.292370439,0.6207816005,0.04250897467,1.209193587
2021-03-17 23:00:00,1.016436696,0.4898075163,0.02645600028,1.160353303
2021-03-18 00:00:00,0.95226717,0.3947646022,0.02713486739,1.107216001
2021-03-18 01:00:00,0.7009633183,0.3891011775,0.02018683217,0.6022538543
2021-03-18 02:00:00,1.093789697,0.4278787673,0.02337099425,0.9567861557
2021-03-18 03:00:00,0.8137691617,0.423471123,0.02242185548,0.6740294099
2021-03-18 04:00:00,0.8133074045,0.4203591645,0.02369938977,0.687384665
2021-03-18 05:00:00,1.182892919,0.6002392769,0.0528485328,0.989787221
2021-03-18 06:00:00,1.481247783,0.6445419192,0.1098363549,1.500783563
2021-03-18 07:00:00,2.386856318,0.7711111307,0.009439138696,2.909526587
2021-03-18 08:00:00,1.682860255,0.682181716,0.07959354669,1.894408941
2021-03-18 09:00:00,0.9607444406,0.4673961103,0.03868213296,1.005441308
2021-03-18 10:00:00,0.7093256712,0.3105143607,0.01875169389,0.7087593675
2021-03-18 11:00:00,0.6229618192,0.3299830556,0.02096375637,0.5396217108
2021-03-18 12:00:00,0.7418537736,0.401067853,0.02152608149,0.6739798188
2021-03-18 13:00:00,0.8953410983,0.3757510781,0.03805463016,1.043070912
2021-03-18 14:00:00,1.283696771,0.4501969814,0.02205231972,1.233269572
2021-03-18 15:00:00,0.8608541489,2.57707715,0.1708160639,0.7843796611
2021-03-18 16:00:00,1.244582653,4.974169965e-09,4.824459165e-10,1.106079936
2021-03-18 17:00:00,1.882083416,6.914874895e-09,5.860363861e-10,1.86012125
2021-03-18 18:00:00,1.979983091,0.4719719291,0.009615590796,1.880410671
2021-03-18 19:00:00,1.970623493,0.5846818089,0.06346365809,1.833024263
2021-03-18 20:00:00,1.920658588,0.8431822062,0.06738777459,1.840299845
2021-03-18 21:00:00,1.903559446,0.7789887786,0.04620341584,1.808804274
2021-03-18 22:00:00,1.417818189,0.6912216544,0.05519346893,1.457956314
2021-03-18 23:00:00,1.319852829,0.5914670229,0.03429258242,1.527658105
2021-03-19 00:00:00,1.09994936,0.5423743725,0.03011372313,1.174371839
2021-03-19 01:00:00,0.8970745206,0.4852978587,0.031017147,0.8336171508
2021-03-19 02:00:00,1.274529815,0.4839885533,0.03426055983,1.202853203
2021-03-19 03:00:00,1.103652239,0.4963085353,0.03412694484,1.014981389
2021-03-19 04:00:00,1.081963301,0.5174511075,0.03658793494,1.061732173
2021-03-19 05:00:00,1.034006953,0.6274428964,0.13162148,0.9489968419
2021-03-19 06:00:00,1.626428604,0.6014913917,0.008243344724,1.810922146
2021-03-19 07:00:00,2.672534227,0.8888494372,0.06630958617,3.278404236
2021-03-19 08:00:00,1.690966368,0.6806425452,0.08135655522,1.927683473
2021-03-19 09:00:00,0.9506461024,0.4578799307,0.03704342991,0.9257194996
2021-03-19 10:00:00,0.6808107495,0.2849089801,0.02106744982,0.8280061483
2021-03-19 11:00:00,0.6541919708,0.3013587892,0.01764947362,0.582986176
2021-03-19 12:00:00,0.7780444622,0.4179873168,0.01925431937,0.6456253529
2021-03-19 13:00:00,1.123175621,0.4559868574,0.04239283502,1.32016027
2021-03-19 14:00:00,1.406183004,0.8135143518,0.03242065012,1.377871752
2021-03-19 15:00:00,0.8891552091,3.402774811,0.3150461018,0.7257127762
2021-03-19 16:00:00,1.187829852,7.340683617e-09,6.140706277e-10,1.04480207
2021-03-19 17:00:00,2.107367992,3.880714861e-09,3.046880248e-10,2.030884266
2021-03-19 18:00:00,2.070806026,0.01723891683,0.001498233294,2.11153841
2021-03-19 19:00:00,1.992023587,0.4308018684,0.006702899933,1.776430845
2021-03-19 20:00:00,1.970751762,0.6182292104,0.02751328424,1.843085051
2021-03-19 21:00:00,2.068635702,0.7979437709,0.04417315125,2.00914526
2021-03-19 22:00:00,1.431658864,0.6559157968,0.05276691169,1.476303101
2021-03-19 23:00:00,1.308320999,0.5955811143,0.0327103138,1.42020905
2021-03-20 00:00:00,1.057529688,0.5081331134,0.04435987398,1.194530129
2021-03-20 01:00:00,0.8534912467,0.4312015176,0.02964600548,0.7634286284
2021-03-20 02:00:00,0.8402682543,0.4047742188,0.03165568039,0.7707075477
2021-03-20 03:00:00,1.060601115,0.4568808973,0.03036547452,0.9924350381
2021-03-20 04:00:00,1.058417201,0.5141971111,0.04122726619,1.061367631
2021-03-20 05:00:00,1.122853875,1.102219343,0.105564408,0.9798636436
2021-03-20 06:00:00,1.309984207,0.0349827446,0.005552295595,1.292457104
2021-03-20 07:00:00,2.478188753,0.6720427275,0.05662800744,3.1771698
2021-03-20 08:00:00,1.71161139,0.6861279011,0.04818969965,1.863055706
2021-03-20 09:00:00,0.9781143665,0.3311185241,0.04611949995,1.054897904
2021-03-20 10:00:00,0.9297611117,0.3786520362,0.04528620839,0.8981808424
2021-03-20 11:00:00,0.8900885582,0.3088778853,0.02250332944,0.8453228474
2021-03-20 12:00:00,0.5435609221,0.2448934317,0.01909440383,0.4873533845
2021-03-20 13:00:00,0.7106711864,0.7718226314,0.03704896197,0.5444167256
2021-03-20 14:00:00,0.8237003088,2.854925871,0.2053093016,0.8401258588
2021-03-20 15:00:00,0.9496716261,3.758863449,0.3370327353,0.9465689063
2021-03-20 16:00:00,0.9202681184,0.3952754438,2.013086364e-10,0.8577306867
2021-03-20 17:00:00,1.439808726,2.548327771e-09,1.265324651e-10,1.158379316
2021-03-20 18:00:00,2.044258595,4.120988883e-09,1.385682125e-10,1.967115521
2021-03-20 19:00:00,2.002355099,0.04384478182,1.676949135e-10,2.093947172
2021-03-20 20:00:00,2.012009859,1.647949688e-08,2.005252631e-10,1.886890173
2021-03-20 21:00:00,2.068105221,0.1492342502,2.206664573e-10,2.067102671
2021-03-20 22:00:00,1.775612831,0.3523962796,0.008096165024,1.752766371
2021-03-20 23:00:00,1.527859569,0.3064118922,0.008332932368,1.448061228
2021-03-21 00:00:00,0.9264775515,0.286469698,0.01712548174,1.046507239
2021-03-21 01:00:00,0.9933837652,0.4025580287,0.02825011499,0.9583807588
2021-03-21 02:00:00,1.024738908,0.5176032782,0.03766939789,0.8470447659
2021-03-21 03:00:00,1.065956831,0.5577011108,0.03131046891,0.8737803698
2021-03-21 04:00:00,0.984900713,0.5270969868,0.04004523903,0.8684611917
2021-03-21 05:00:00,1.010236025,0.5262505412,0.03024813905,0.8362601995
2021-03-21 06:00:00,1.243525982,1.320704579,0.1808950007,1.146469951
2021-03-21 07:00:00,2.354603291,0.06731772423,6.547168918e-10,2.793705702
2021-03-21 08:00:00,2.054593801,0.8992848992,0.009868226014,2.080188274
2021-03-21 09:00:00,1.484717965,0.5041083097,0.05826333165,1.593281627
2021-03-21 10:00:00,1.270169735,0.5213769078,0.06386440247,1.344478488
2021-03-21 11:00:00,0.97502321,0.3515884578,0.02522713505,0.8164851069
2021-03-21 12:00:00,0.8191930652,0.6069925427,0.02693317458,0.6912982464
2021-03-21 13:00:00,0.9332319498,0.1850050688,0.03370314837,0.7335245013
2021-03-21 14:00:00,1.347388744,0.5847663283,0.04773212224,1.216571808
2021-03-21 15:00:00,1.592839837,2.039573431,0.2611845434,1.490314841
2021-03-21 16:00:00,1.340656638,6.624077287e-09,3.763548917e-10,1.248616815
2021-03-21 17:00:00,1.668748379,0.4731598496,4.474531301e-10,1.410827398
2021-03-21 18:00:00,1.935634255,0.488391906,0.01076321397,2.031073809
2021-03-21 19:00:00,1.618339062,0.6003767252,0.009150182828,1.621007681
2021-03-21 20:00:00,1.515429854,0.687995851,0.01980556175,1.333229661
2021-03-21 21:00:00,1.602011681,0.6910281777,0.05016692728,1.549198389
2021-03-21 22:00:00,1.281521916,0.5332781672,0.03350991011,1.068997383
2021-03-21 23:00:00,0.8368139863,0.3589605391,0.0193106588,0.730178833
2021-03-22 00:00:00,0.8807338476,0.37968117,0.01808434539,0.8979281187
2021-03-22 01:00:00,0.5393838882,0.3016244471,0.01442274824,0.3947612643
2021-03-22 02:00:00,0.7898421884,0.311788559,0.01579943486,0.6459630132
2021-03-22 03:00:00,0.5586298108,0.3237825036,0.01541296113,0.3933854997
2021-03-22 04:00:00,0.6702937484,0.3959088027,0.01849721186,0.485804677
2021-03-22 05:00:00,0.7268338203,1.126478434,0.03935208917,0.5811802745
2021-03-22 06:00:00,1.43049252,0.008200266398,0.039731659,1.405625105
2021-03-22 07:00:00,2.376930952,0.730342567,0.06328438222,2.819358587
2021-03-22 08:00:00,1.505895615,1.113409519,0.09580756724,1.612125158
2021-03-22 09:00:00,0.9888486862,1.118874238e-08,0.004991756286,0.9565623403
2021-03-22 10:00:00,0.5924283266,0.2282600254,0.01505830884,0.662109971
2021-03-22 11:00:00,0.4563003778,0.1737278551,0.01340901386,0.5067813993
2021-03-22 12:00:00,0.4427461922,0.2141975611,0.01138633676,0.4046446085
2021-03-22 13:00:00,0.6183238029,0.1909258217,0.02297510765,0.8289220333
2021-03-22 14:00:00,0.8249816895,1.293622255,0.1067766026,0.879142046
2021-03-22 15:00:00,0.4403024614,3.828607082,0.04697689414,0.4107094407
2021-03-22 16:00:00,0.9055666327,2.435190272e-09,2.90413249e-10,0.8519920707
2021-03-22 17:00:00,1.594971895,7.296213411e-09,5.813021176e-10,1.546312571
2021-03-22 18:00:00,2.280926943,3.675252325e-09,0.0106130233,2.166245699
2021-03-22 19:00:00,1.972689509,0.06001583859,0.0367613472,1.742034435
2021-03-22 20:00:00,2.054736853,0.387652874,0.06917428225,1.877640963
2021-03-22 21:00:00,2.105675936,0.3824478686,0.04711503163,1.922155619
2021-03-22 22:00:00,1.611362934,0.675190866,0.04679934308,1.381220698
2021-03-22 23:00:00,1.271184683,0.5992141366,0.03178509697,1.400470257
2021-03-23 00:00:00,1.025041223,1.160217524,0.08326503634,1.147708654
2021-03-23 01:00:00,0.8295478225,6.478873882e-09,6.52223664e-10,0.7147353888
2021-03-23 02:00:00,1.355256081,0.3407219946,0.005160041153,1.18076551
2021-03-23 03:00:00,0.9573644996,0.4924384356,0.0273006577,0.8158812523
2021-03-23 04:00:00,1.120588541,0.5766972303,0.02920056134,0.8581364751
2021-03-23 05:00:00,1.353753209,0.6177207232,0.08076462895,1.201118827
2021-03-23 06:00:00,1.439053178,2.190201283,0.1976360381,1.610117912
2021-03-23 07:00:00,2.582726717,3.385214775e-09,5.232524414e-10,3.138016462
2021-03-23 08:00:00,1.991625667,0.2357289493,0.00623479858,2.135651827
2021-03-23 09:00:00,1.062806249,0.5410990715,0.04472508654,1.023277521
2021-03-23 10:00:00,0.8045346141,0.3425855637,0.0250637345,0.8105112314
2021-03-23 11:00:00,0.5629016757,0.2746901512,0.01876172051,0.5385154486
2021-03-23 12:00:00,0.6640480757,0.328882724,0.01998421922,0.5585013628
2021-03-23 13:00:00,0.9256598353,0.2639420629,0.03342729062,1.240347385
2021-03-23 14:00:00,1.016045928,2.110511541,0.01575069316,0.9939303994
2021-03-23 15:00:00,0.9040843248,1.724458098,0.2733348012,0.7608277202
2021-03-23 16:00:00,1.358893871,0.009334852919,0.01175702922,1.074654341
2021-03-23 17:00:00,1.916877627,1.144904613,0.007806228939,1.830024719
2021-03-23 18:00:00,2.446475983,0.05373183265,0.01356883068,2.51419735
2021-03-23 19:00:00,2.03819108,0.1463095546,0.007861107588,1.994878411
2021-03-23 20:00:00,2.238809824,0.4671630263,0.0398875922,2.126883745
2021-03-23 21:00:00,2.368156433,0.767367959,0.06327456981,2.261421442
2021-03-23 22:00:00,1.917437553,0.9187140465,0.06492117792,1.782988191
2021-03-23 23:00:00,1.587649107,1.189040661,0.04311494157,1.798775196
2021-03-24 00:00:00,1.538220525,0.2136841863,0.04330655932,1.63268888
2021-03-24 01:00:00,1.187313199,0.6317415833,0.03740802035,1.028947711
2021-03-24 02:00:00,1.637972713,0.7202302217,0.04095867276,1.461643219
2021-03-24 03:00:00,1.385589719,0.5910594463,0.04480707645,1.214336038
2021-03-24 04:00:00,1.139907479,0.5780984163,0.03854220733,0.9914508462
2021-03-24 05:00:00,1.299538016,0.6335906982,0.3165790439,1.165607929
2021-03-24 06:00:00,2.039591789,0.7722442746,0.05318977684,2.088084698
2021-03-24 07:00:00,3.069843292,1.079180479,1.480630951e-09,3.734501123
2021-03-24 08:00:00,2.472651958,1.031490326,0.009330042638,2.745109558
2021-03-24 09:00:00,1.52933085,0.7570926547,0.06372629106,1.613934159
2021-03-24 10:00:00,1.295654774,0.5491078496,0.04869043827,1.561372757
2021-03-24 11:00:00,1.140337706,0.5641530752,0.03853286058,1.086358309
2021-03-24 12:00:00,1.126540661,0.5252868533,0.03584926575,1.059584618
2021-03-24 13:00:00,0.858401835,0.3113625944,0.04462025315,1.195973396
2021-03-24 14:00:00,1.210051894,0.7359461188,0.02011965029,1.26030457
2021-03-24 15:00:00,0.7999823689,1.629241347,0.1972907335,0.7220405936
2021-03-24 16:00:00,1.326642871,0.277318716,9.648429833e-10,1.123528719
2021-03-24 17:00:00,2.081507444,0.2929480076,0.0088701481,1.949749231
2021-03-24 18:00:00,2.545847416,1.665757537,0.06399416924,2.444432259
2021-03-24 19:00:00,2.395964622,1.032841457e-08,0.009952973574,2.345828295
2021-03-24 20:00:00,2.343811274,0.8526776433,0.08131434768,2.216127634
2021-03-24 21:00:00,2.550850868,1.043157697,0.06605093926,2.43253541
2021-03-24 22:00:00,1.71257019,0.8448089957,0.0623456575,1.614305258
2021-03-24 23:00:00,1.593000531,0.7154883146,0.04089637101,1.74301672
2021-03-25 00:00:00,1.587930202,0.6685612202,0.03901926801,1.598936915
2021-03-25 01:00:00,1.153937817,0.604567349,0.03471285105,0.9678358436
2021-03-25 02:00:00,1.454848647,0.5815563202,0.03809577599,1.300000072
2021-03-25 03:00:00,1.122904658,0.5623630881,0.03854310885,0.9739932418
2021-03-25 04:00:00,1.121150136,0.5664089322,0.04244593903,1.082664847
2021-03-25 05:00:00,1.40846777,0.7476116419,0.07153078169,1.135541558
2021-03-25 06:00:00,1.705932021,0.7661904097,0.1506506205,1.92435801
2021-03-25 07:00:00,2.605454922,0.7745721936,0.01082214341,3.29392314
2021-03-25 08:00:00,1.788447261,0.6700648665,0.08779253066,2.016712904
2021-03-25 09:00:00,1.019026875,0.4583829343,0.05134527758,1.060422778
2021-03-25 10:00:00,0.8597471118,0.3431943059,0.03281871974,1.020433307
2021-03-25 11:00:00,0.8193727136,0.3077715039,0.02804512717,0.9136217833
2021-03-25 12:00:00,0.8001297116,0.4016491175,0.02668956481,0.8150891066
2021-03-25 13:00:00,1.132359028,0.4106085002,0.04646576941,1.45515573
2021-03-25 14:00:00,1.499238968,0.4438669384,0.02690876462,1.559171557
2021-03-25 15:00:00,0.9391106963,2.205030441,0.1813201755,0.8090142012
2021-03-25 16:00:00,1.150312901,6.174088796e-09,4.849777246e-10,0.9373746514
2021-03-25 17:00:00,2.17299509,0.3029457033,5.881126697e-10,1.945092559
2021-03-25 18:00:00,2.492297173,0.7173668742,0.01289883256,2.561843157
2021-03-25 19:00:00,2.157391787,1.066888094,0.07924731076,2.051705122
2021-03-25 20:00:00,2.264672279,0.7254400849,0.08853403479,2.169020891
2021-03-25 21:00:00,2.466893196,0.9535417557,0.06315582991,2.392097235
2021-03-25 22:00:00,1.81594944,0.8800110817,0.06121639535,1.643524408
2021-03-25 23:00:00,1.415067792,0.6629565358,0.03916741163,1.622821093
2021-03-26 00:00:00,1.245349646,0.5883302689,0.03357994929,1.23433888
2021-03-26 01:00:00,1.080457807,0.5419210792,0.032418672,0.9130997658
2021-03-26 02:00:00,1.374002934,0.519518435,0.03333553672,1.231959105
2021-03-26 03:00:00,1.319325805,0.6115188003,0.03565112874,1.094424248
2021-03-26 04:00:00,1.190157175,0.5874206424,0.03769767657,0.9898682237
2021-03-26 05:00:00,1.228539944,1.057275414,0.1389483362,1.098308802
2021-03-26 06:00:00,1.636250615,0.2947539091,0.008599411696,1.855606556
2021-03-26 07:00:00,2.529218912,0.7704541683,0.07244575024,3.43192935
2021-03-26 08:00:00,1.757364631,0.7257557511,0.08484485,1.890009046
2021-03-26 09:00:00,1.151954889,0.4764451683,0.047582075,1.214222074
2021-03-26 10:00:00,0.9867661595,0.3596068919,0.02736690268,0.9901077747
2021-03-26 11:00:00,0.7116766572,0.3026778698,0.02115357853,0.6972024441
2021-03-26 12:00:00,0.9104195833,0.5300812721,0.02228249051,0.7229555845
2021-03-26 13:00:00,1.155781507,0.4891585112,0.0442372784,1.36316061
2021-03-26 14:00:00,1.417970181,0.7003104091,0.0323039256,1.436742187
2021-03-26 15:00:00,1.289080977,2.684641361,0.2782455087,1.061805129
2021-03-26 16:00:00,1.250204325,0.02674354613,6.095333682e-10,0.9968627691
2021-03-26 17:00:00,1.925363541,0.002414238872,3.03194525e-10,1.836185336
2021-03-26 18:00:00,2.118957043,0.5217332244,0.0007935843896,1.946817994
2021-03-26 19:00:00,1.752391696,0.5553256273,0.00608355552,1.5201056
2021-03-26 20:00:00,1.872769475,0.9105417728,0.02451841347,1.690618753
2021-03-26 21:00:00,2.248736143,0.6107084751,0.03765295073,2.117717981
2021-03-26 22:00:00,1.49358201,0.7543117404,0.04609359056,1.297760963
2021-03-26 23:00:00,1.244073629,0.5621511936,0.02857632749,1.351880074
2021-03-27 00:00:00,1.036986232,0.4134994149,0.04344611987,1.265914202
2021-03-27 01:00:00,0.9039118886,0.452655077,0.03096403182,0.7698472738
2021-03-27 02:00:00,0.7509406805,0.5605528951,0.02561450563,0.5556954741
2021-03-27 03:00:00,0.8360597491,0.3168442249,0.02646156028,0.7060680389
2021-03-27 04:00:00,0.7987843156,0.4296496212,0.03060707822,0.6752726436
2021-03-27 05:00:00,0.7745976448,0.929710269,0.09301861376,0.6243989468
2021-03-27 06:00:00,1.12160635,1.356785795e-08,0.004775523208,1.123079538
2021-03-27 07:00:00,2.323275328,0.7762159109,0.04641223699,2.677319288
2021-03-27 08:00:00,2.075164557,0.9095447063,0.04958810285,2.003780842
2021-03-27 09:00:00,1.273191929,0.4800257385,0.04620655626,1.238893747
2021-03-27 10:00:00,1.089749932,0.4165330827,0.05325197801,1.054088116
2021-03-27 11:00:00,0.9495766759,0.3508214355,0.02256144024,0.789085865
2021-03-27 12:00:00,0.5555641055,0.4543582499,0.01826618798,0.4108697474
2021-03-27 13:00:00,0.6127140522,0.2190310806,0.03201752901,0.4530214369
2021-03-27 14:00:00,0.7552032471,2.644832134,0.1571490169,0.7603865266
2021-03-27 15:00:00,1.057299376,4.094115734,0.329444319,0.9359983206
2021-03-27 16:00:00,1.31477797,2.505405883e-09,1.989951398e-10,1.098632455
2021-03-27 17:00:00,1.504452109,1.655347304e-09,1.203557809e-10,1.165041924
2021-03-27 18:00:00,2.132211924,1.867300536e-09,1.346065065e-10,2.178363085
2021-03-27 19:00:00,1.823334217,3.002617932e-09,1.547031531e-10,1.862217546
2021-03-27 20:00:00,1.75662446,0.1834518611,1.93041888e-10,1.54901278
2021-03-27 21:00:00,1.950743794,0.1588101089,2.13906004e-10,1.791442037
2021-03-27 22:00:00,1.72369194,0.3153388798,0.006556134671,1.557095051
2021-03-27 23:00:00,1.370408297,0.3274457157,0.005255850032,1.343870759
2021-03-28 00:00:00,0.8935885429,0.3447572291,0.01446396858,0.9330547452
2021-03-28 01:00:00,0.9056723714,0.3865108788,0.02307758108,0.8977295756
2021-03-28 02:00:00,0.8169717193,0.3911184967,0.02833366022,0.6996876001
2021-03-28 03:00:00,0.9026373625,0.504545033,0.02534743398,0.7642186284
2021-03-28 04:00:00,1.101220727,0.4439526498,0.03712702915,1.022571445
2021-03-28 05:00:00,1.060859799,0.5174926519,0.03188170493,0.9009053111
2021-03-28 06:00:00,1.377036095,1.127739549,0.1687772274,1.41821456
2021-03-28 07:00:00,2.108115911,0.1447207779,6.535323394e-10,2.70273757
2021-03-28 08:00:00,1.8357234,0.7814877629,0.009513423778,1.882126927
2021-03-28 09:00:00,1.276202798,0.469519943,0.04053699598,1.198246241
2021-03-28 10:00:00,0.9362391233,0.3686436415,0.04508888349,0.8878609538
2021-03-28 11:00:00,1.081097722,0.3594359457,0.0230488684,0.9306640029
2021-03-28 12:00:00,0.4917981327,0.1893525422,0.01417675242,0.4219724536
2021-03-28 13:00:00,0.4965155423,0.2190405577,0.01538214087,0.3577404022
2021-03-28 14:00:00,0.6040073037,0.6586025953,0.0158853922,0.5749793053
2021-03-28 15:00:00,0.8948447704,2.977862835,0.188514635,0.7334151268
2021-03-28 16:00:00,0.7422651052,7.694044513e-09,3.213798949e-10,0.6629530787
2021-03-28 17:00:00,1.218273997,3.309114049e-08,3.969564955e-10,0.9571210742
2021-03-28 18:00:00,1.837186456,1.190133214,0.008386842906,1.688611984
2021-03-28 19:00:00,1.816210508,4.353984728e-09,0.007430919912,1.781931162
2021-03-28 20:00:00,1.728341818,8.680299146e-09,0.01825558022,1.554984808
2021-03-28 21:00:00,1.947384834,0.3193003535,0.0553813614,1.773818612
2021-03-28 22:00:00,1.57589519,0.68785882,0.04495202377,1.370709538
2021-03-28 23:00:00,1.394872785,0.6410135627,0.03481926396,1.16727829
2021-03-29 00:00:00,1.32566452,0.5473588109,0.02689905837,1.385791183
2021-03-29 01:00:00,0.8008445501,0.448350966,0.02151725814,0.5840519667
2021-03-29 02:00:00,1.05010426,0.4137681723,0.02234259434,0.8578848243
2021-03-29 03:00:00,0.8034435511,0.4562042952,0.02012833022,0.5438280106
2021-03-29 04:00:00,0.7997989058,0.4181650281,0.02050910704,0.6317173839
2021-03-29 05:00:00,0.8396918178,0.434489429,0.03725425154,0.6531656981
2021-03-29 06:00:00,1.273506522,0.5221659541,0.04064560309,1.4376477
2021-03-29 07:00:00,2.651587486,0.8869700432,0.06515278667,2.956207991
2021-03-29 08:00:00,2.12152791,1.178617597,0.1269308776,2.175627708
2021-03-29 09:00:00,1.334840894,0.4701242745,0.00730240671,1.166026711
2021-03-29 10:00:00,1.031135201,0.4337183535,0.02942810766,0.9489972591
2021-03-29 11:00:00,0.9293610454,0.4079811275,0.02637647279,0.7927134037
2021-03-29 12:00:00,0.9236004353,0.4452550113,0.02092022635,0.718672812
2021-03-29 13:00:00,1.171911001,0.4681611359,0.0359280929,1.327329278
2021-03-29 14:00:00,1.010602713,0.8283447623,0.0950563103,0.9257095456
2021-03-29 15:00:00,0.438492775,3.410831928,0.03939228505,0.3128241003
2021-03-29 16:00:00,0.756310761,3.578369823e-09,3.036474128e-10,0.5536521673
2021-03-29 17:00:00,1.485464096,3.964505169e-09,5.776699119e-10,1.28006804
2021-03-29 18:00:00,1.967086911,0.01247714926,0.008391419426,1.854311466
2021-03-29 19:00:00,1.625785708,0.2887816429,0.0310989283,1.41129899
2021-03-29 20:00:00,1.6597085,0.3230543733,0.05225205049,1.416045547
2021-03-29 21:00:00,1.809481263,0.4413662255,0.04070156813,1.605176806
2021-03-29 22:00:00,1.355217695,0.4997056425,0.03962882608,1.068292022
2021-03-29 23:00:00,1.17101419,0.5749741793,0.02442790568,1.113922477
2021-03-30 00:00:00,0.9272408485,0.8838680387,0.06484012306,0.9817300439
2021-03-30 01:00:00,0.7274906635,1.085497647e-08,6.049281076e-10,0.5938635468
2021-03-30 02:00:00,1.050774217,0.3341169953,0.004549643025,0.9210538864
2021-03-30 03:00:00,0.8195413351,0.4123097062,0.02245739847,0.6613053679
2021-03-30 04:00:00,0.8078817725,0.4274178147,0.023252571,0.6304098964
2021-03-30 05:00:00,0.8954285979,0.4984667301,0.05257689208,0.7055351734
2021-03-30 06:00:00,1.282595277,0.5947232842,0.1428517699,1.285376191
2021-03-30 07:00:00,1.952902436,0.5026436448,5.164911276e-10,2.3975811
2021-03-30 08:00:00,1.479454994,0.6823227406,0.003555008676,1.433443904
2021-03-30 09:00:00,0.7072390914,0.357396692,0.02552590147,0.7209826112
2021-03-30 10:00:00,0.6768221259,0.3039198518,0.01665621065,0.6291055679
2021-03-30 11:00:00,0.5950945616,0.2847595513,0.0117728794,0.4367428124
2021-03-30 12:00:00,0.4342612624,0.2245915234,0.008612591773,0.3314251006
2021-03-30 13:00:00,0.6060357094,0.6246013641,0.022720946,0.8246425986
2021-03-30 14:00:00,1.09248507,1.34761855e-08,0.01936578751,1.131961465
2021-03-30 15:00:00,0.8687802553,2.248986959,0.208942607,0.669555068
2021-03-30 16:00:00,1.185602903,0.02195387147,0.0004871333658,0.9286540151
2021-03-30 17:00:00,1.878560662,0.3119620979,0.007651636377,1.647472978
2021-03-30 18:00:00,1.844998956,0.436278522,0.008326211013,1.671102166
2021-03-30 19:00:00,1.528492808,0.405775547,0.004788093735,1.329664469
2021-03-30 20:00:00,1.619641781,0.6778988838,0.02071379498,1.340532541
2021-03-30 21:00:00,1.696900845,0.6995403767,0.03513556346,1.4180969
2021-03-30 22:00:00,1.196568251,0.6212744117,0.03292259574,0.9493689537
2021-03-30 23:00:00,0.8607523441,0.3724943995,0.01802997664,0.9311364889
2021-03-31 00:00:00,0.8016029596,0.3341431022,0.01500671078,0.7250908613
2021-03-31 01:00:00,0.6110352278,0.2946138978,0.01117020287,0.4573727548
2021-03-31 02:00:00,0.872176528,0.3150823116,0.01414645836,0.6887096167
2021-03-31 03:00:00,0.5938943624,0.3186825216,0.01365332492,0.4027676582
2021-03-31 04:00:00,0.5434890389,0.3212783635,0.01278785709,0.3365574479
2021-03-31 05:00:00,0.730609417,1.626965046,0.1542312503,0.5160599947
2021-03-31 06:00:00,1.19516778,0.01411490142,0.01474171691,1.146673322
2021-03-31 07:00:00,2.029762983,0.3226414919,1.333315014e-09,2.236228943
2021-03-31 08:00:00,1.359370351,0.3476889133,0.003369438462,1.462567806
2021-03-31 09:00:00,0.7008616924,0.3938148916,0.02232920378,0.5549962521
2021-03-31 10:00:00,0.4467636645,0.190538764,0.007461316418,0.394189775
2021-03-31 11:00:00,0.3793163896,0.1595177203,0.006149485707,0.2858023047
2021-03-31 12:00:00,0.388920784,0.2007222176,0.005466251634,0.2375706285
2021-03-31 13:00:00,0.5342960358,0.1505963653,0.01708938554,0.6727882028
2021-03-31 14:00:00,0.6506514549,0.1623776704,0.004602044821,0.6119175553
2021-03-31 15:00:00,0.3199017644,3.551872492,0.0748641938,0.2571201622
2021-03-31 16:00:00,0.5760655403,0.3250567615,8.876743229e-10,0.3414575458
2021-03-31 17:00:00,1.157735825,0.2476998717,0.004370737821,1.072692871
2021-03-31 18:00:00,1.655771613,3.784188518e-09,0.02723837085,1.461386442
2021-03-31 19:00:00,1.550364733,2.727784887e-09,0.005503607448,1.304161906
2021-03-31 20:00:00,1.638805509,0.09505399317,0.04416365176,1.433215499
2021-03-31 21:00:00,1.873160481,0.341391921,0.03414312005,1.612731814
2021-03-31 22:00:00,1.402811646,0.7071190476,0.03259505704,1.160514593
2021-03-31 23:00:00,1.229011774,2.088128328,0.1305494308,1.198638916
2021-04-01 00:00:00,0.8103303313,1.68742742e-09,1.75902598e-10,0.7617269754
2021-04-01 01:00:00,0.7588247657,2.75880363e-09,2.484098482e-10,0.5997680426
2021-04-01 02:00:00,0.8274297714,0.02878362685,4.964245126e-10,0.737657845
2021-04-01 03:00:00,0.8325528502,0.2806368172,0.004426618572,0.6448485255
2021-04-01 04:00:00,0.8358855844,0.3831134439,0.006214912049,0.6320517659
2021-04-01 05:00:00,0.8147192597,0.4563124776,0.04003518075,0.6352927685
2021-04-01 06:00:00,0.8672944307,0.3201618195,0.02950116806,0.9470561743
2021-04-01 07:00:00,1.432803392,0.455231607,0.0338694565,1.570088983
2021-04-01 08:00:00,0.9690588713,0.5306697488,0.04874249175,0.8523013592
2021-04-01 09:00:00,0.5480885506,0.2823663652,0.02067894489,0.4472732246
2021-04-01 10:00:00,0.2156275958,0.1010273471,0.005051935557,0.1649969518
2021-04-01 11:00:00,0.1785577536,0.07565051317,0.00342515274,0.1319278479
2021-04-01 12:00:00,0.1201488301,0.06540173292,0.002304423135,0.09164665639
2021-04-01 13:00:00,0.2729095221,0.06790200621,0.006805819925,0.3504399359
2021-04-01 14:00:00,0.1547082663,0.04123228043,0.001744805719,0.182832554
2021-04-01 15:00:00,0.1138987541,0.05389010534,0.001813521259,0.08844984323
2021-04-01 16:00:00,0.3882835507,1.146613479,0.007092301734,0.2157899886
2021-04-01 17:00:00,0.6824778318,4.18553257,0.1335072219,0.5362496376
2021-04-01 18:00:00,1.062256932,0.08938027173,3.842681173e-10,0.8742778301
2021-04-01 19:00:00,0.9479878545,5.334612307e-09,5.098512168e-10,0.7347439528
2021-04-01 20:00:00,1.051449537,3.115460778e-09,8.923815575e-10,0.7946001887
2021-04-01 21:00:00,1.03089118,3.260948844e-09,0.003559855744,0.7602738738
2021-04-01 22:00:00,1.060359836,0.003184810514,0.004463623278,0.8336577415
2021-04-01 23:00:00,1.063495755,0.0137414271,0.01584483869,0.8772845268
2021-04-02 00:00:00,0.7667391896,0.1939809769,0.0131295938,0.6436780691
2021-04-02 01:00:00,0.7799466848,0.2478566915,0.01896288246,0.5482967496
2021-04-02 02:00:00,0.8784356117,0.3019472957,0.02248471789,0.6576379538
2021-04-02 03:00:00,0.8240279555,0.3018441498,0.02088657022,0.5892688632
2021-04-02 04:00:00,0.800886035,0.3786447346,0.01838477142,0.5510325432
2021-04-02 05:00:00,0.8184414506,0.3697776496,0.03971331939,0.663470149
2021-04-02 06:00:00,0.9080111384,0.4211704433,0.02371051535,0.7926155925
2021-04-02 07:00:00,1.545482874,0.5058742762,0.03405611962,1.679272175
2021-04-02 08:00:00,1.293132424,0.676987648,0.05882513523,1.078656077
2021-04-02 09:00:00,0.7994598746,1.014636636,0.03142813966,0.6556505561
2021-04-02 10:00:00,0.7569929361,0.005138956476,0.02488026209,0.6880517602
2021-04-02 11:00:00,0.7577364445,0.2585126162,0.02273621783,0.6128512025
2021-04-02 12:00:00,0.705509901,0.3706275225,0.01886765845,0.5335688591
2021-04-02 13:00:00,0.6623247266,0.2607787848,0.03301616758,0.6993268728
2021-04-02 14:00:00,0.3305681646,1.495699167,0.004418086726,0.2965189517
2021-04-02 15:00:00,0.4234356582,1.476835898e-08,0.1505413949,0.397477448
2021-04-02 16:00:00,0.7023072243,3.329136133,0.03197060898,0.4885987937
2021-04-02 17:00:00,1.081308842,0.02912453935,3.828504458e-10,0.8195373416
2021-04-02 18:00:00,1.479192853,4.770973838e-09,5.09817577e-10,1.266564131
2021-04-02 19:00:00,1.377646089,4.382095131e-09,0.005734270904,1.211576462
2021-04-02 20:00:00,1.367539167,0.288112402,0.01485470682,1.21046102
2021-04-02 21:00:00,1.261953712,0.3083920181,0.0350365527,1.030486345
2021-04-02 22:00:00,1.181247354,0.2928622961,0.03804909438,0.9995304346
2021-04-02 23:00:00,1.180549979,0.3127928674,0.02710855193,1.048286915
2021-04-03 00:00:00,1.199943423,0.3789560795,0.04399883747,1.035271883
2021-04-03 01:00:00,1.063222289,0.525370419,0.03319902718,0.8004612327
2021-04-03 02:00:00,0.9774546623,0.6343584657,0.03398195654,0.7811132073
2021-04-03 03:00:00,1.165256977,0.4245204031,0.03744067624,1.082132697
2021-04-03 04:00:00,1.162521482,1.149927974,0.09552079439,1.018914819
2021-04-03 05:00:00,1.175186634,1.090984458e-08,8.291501929e-10,1.033094883
2021-04-03 06:00:00,1.10424161,0.4228369594,0.04821825773,1.135596871
2021-04-03 07:00:00,1.081268549,0.4318697751,0.03285043314,1.309145451
2021-04-03 08:00:00,1.486641049,0.7214903831,0.03622136265,1.320372701
2021-04-03 09:00:00,0.6993396282,0.3050437272,0.03670361266,0.5764776468
2021-04-03 10:00:00,0.6756652594,0.2931698561,0.04493495449,0.7258646488
2021-04-03 11:00:00,0.6170608997,0.2459703237,0.01580510847,0.4796194434
2021-04-03 12:00:00,0.2900621593,0.1232337505,0.01202792954,0.2335928231
2021-04-03 13:00:00,0.3970078826,0.1889888942,0.01699812151,0.2886321843
2021-04-03 14:00:00,0.4801082611,0.1668647528,0.02058978193,0.5163651705
2021-04-03 15:00:00,0.4963249862,1.832675099,0.01622148417,0.3014017344
2021-04-03 16:00:00,0.537528038,2.575387478,0.03760637343,0.3956286013
2021-04-03 17:00:00,1.211536169,5.057102292e-09,0.00562624028,0.8190820217
2021-04-03 18:00:00,1.537459493,0.09611955285,0.05384616554,1.395166636
2021-04-03 19:00:00,1.472143292,1.245174885,0.1751500666,1.394612312
2021-04-03 20:00:00,1.431968093,3.847543617e-09,4.516087504e-10,1.192345619
2021-04-03 21:00:00,1.547894478,0.001556279021,6.4027178e-10,1.312878966
2021-04-03 22:00:00,1.498079538,0.1552369446,0.006169464905,1.249083042
2021-04-03 23:00:00,1.358677149,0.3283504546,0.03341898322,1.106771111
2021-04-04 00:00:00,1.041769862,0.4312067032,0.03169114515,0.8447079062
2021-04-04 01:00:00,0.9047722816,0.4160760939,0.02935690433,0.7116858959
2021-04-04 02:00:00,0.884997189,0.4579061866,0.03056681715,0.7013094425
2021-04-04 03:00:00,1.052956343,0.4789871871,0.02645758912,0.8589377403
2021-04-04 04:00:00,0.898006022,0.4703818858,0.05239424855,0.7481287718
2021-04-04 05:00:00,0.8548099399,0.4522496164,0.005350537598,0.6629676819
2021-04-04 06:00:00,0.8864198923,0.3966852725,0.05148016289,0.8324261904
2021-04-04 07:00:00,1.336548805,0.5291517973,0.03377718106,1.367321014
2021-04-04 08:00:00,1.546553135,0.7387670279,0.03988332301,1.398807526
2021-04-04 09:00:00,0.715154469,0.3178509772,0.03814505413,0.6192681193
2021-04-04 10:00:00,0.7363705635,0.3070731163,0.04866921529,0.8351593018
2021-04-04 11:00:00,0.7959733605,0.3676311076,0.02434816584,0.6473392248
2021-04-04 12:00:00,0.6532475352,0.2939090431,0.02185594663,0.4326725304
2021-04-04 13:00:00,0.6773615479,0.3508803546,0.02872495912,0.4986367524
2021-04-04 14:00:00,0.8826138377,0.3500686586,0.03305439651,0.815010488
2021-04-04 15:00:00,0.7681233287,0.3918527365,0.02946300432,0.4738405645
2021-04-04 16:00:00,0.8757600784,0.4873584509,0.03320262954,0.7055835128
2021-04-04 17:00:00,1.143293381,1.076683402,0.0302939713,0.825809598
2021-04-04 18:00:00,1.505584478,0.2950607538,0.05687209219,1.451669812
2021-04-04 19:00:00,1.338701487,0.5654681921,0.03899199143,1.288566113
2021-04-04 20:00:00,1.055307627,0.5545122623,0.02928751893,0.867246747
2021-04-04 21:00:00,1.255022883,0.6158054471,0.04982310161,1.076009154
2021-04-04 22:00:00,1.062689781,0.4742155373,0.03368011117,0.8452198505
2021-04-04 23:00:00,0.9418610334,0.4859401286,0.02434276976,0.7023516297
2021-04-05 00:00:00,0.9754994512,0.4401995242,0.02182251401,0.9534451365
2021-04-05 01:00:00,0.7768220901,0.3997406065,0.01696540602,0.5316445827
2021-04-05 02:00:00,0.7775357962,0.3812642097,0.01834342442,0.5404340625
2021-04-05 03:00:00,0.8148557544,0.3881540895,0.02041852288,0.6006114483
2021-04-05 04:00:00,0.6925875545,0.3663103282,0.01689043641,0.4453882277
2021-04-05 05:00:00,0.8468418717,0.4300970733,0.03700647131,0.5661458373
2021-04-05 06:00:00,0.9784306884,0.4171971977,0.0292204842,1.005086422
2021-04-05 07:00:00,1.698870063,0.6093989015,0.03669124469,1.675474286
2021-04-05 08:00:00,1.351438046,0.7140244246,0.06109748036,1.155831099
2021-04-05 09:00:00,0.8252385259,0.470013231,0.03561759368,0.7012302876
2021-04-05 10:00:00,0.5240432024,0.2717355192,0.01413156558,0.4488880634
2021-04-05 11:00:00,0.5604113936,0.2815771103,0.01401878428,0.3709446788
2021-04-05 12:00:00,0.4774684906,0.2476371974,0.01027654205,0.3019919693
2021-04-05 13:00:00,0.5112346411,0.1827025115,0.01729772426,0.5718901753
2021-04-05 14:00:00,0.3387048244,0.1153035089,0.005508336239,0.3205571771
2021-04-05 15:00:00,0.4672212899,0.2894906402,0.0101755606,0.2785362303
2021-04-05 16:00:00,0.8423733711,0.4395273328,0.01832616329,0.5730954409
2021-04-05 17:00:00,1.003388405,0.4865921736,0.02073452994,0.801338017
2021-04-05 18:00:00,1.298461199,0.7377488017,0.0318697691,1.22116673
2021-04-05 19:00:00,1.220793128,0.4536212981,0.03653746471,0.9919806123
2021-04-05 20:00:00,1.171836615,0.5918699503,0.04206584021,0.9508336186
2021-04-05 21:00:00,1.094280839,0.5820324421,0.02657166496,0.8242849708
2021-04-05 22:00:00,0.9539071321,0.5460466743,0.02713372186,0.693220377
2021-04-05 23:00:00,0.7888606191,0.4167241752,0.01637097262,0.6522561908
2021-04-06 00:00:00,0.7699750066,0.3330124319,0.01670175232,0.655406177
2021-04-06 01:00:00,0.6861700416,0.379815042,0.01697484776,0.4784756005
2021-04-06 02:00:00,0.7433444262,0.3930113614,0.01856126636,0.5086789727
2021-04-06 03:00:00,0.7423586249,0.3915216029,0.01860933751,0.5078951716
2021-04-06 04:00:00,0.9831088185,0.4972769022,0.02260558121,0.7001937628
2021-04-06 05:00:00,0.9453750849,0.4646414518,0.04279225692,0.7120609879
2021-04-06 06:00:00,0.8889905214,0.3498187363,0.0200579688,0.807653904
2021-04-06 07:00:00,1.57928884,0.5717102885,0.03268758953,1.616616488
2021-04-06 08:00:00,1.110856533,0.5701944828,0.05419163033,1.017183065
2021-04-06 09:00:00,0.6863306761,0.3996508718,0.02796900459,0.53604424
2021-04-06 10:00:00,0.3623323739,0.2041699141,0.01033954322,0.2624831498
2021-04-06 11:00:00,0.2737243772,0.1249221787,0.006835366599,0.215160951
2021-04-06 12:00:00,0.3209530115,0.1452298015,0.007657974958,0.2812558413
2021-04-06 13:00:00,0.4939962029,0.1794792712,0.02109937556,0.5375588536
2021-04-06 14:00:00,0.6096771359,0.2555707991,0.009626058862,0.4949525297
2021-04-06 15:00:00,0.5643987656,0.3991230428,0.009555000812,0.3784003258
2021-04-06 16:00:00,0.8417659402,1.961271167,0.1142005026,0.5903940797
2021-04-06 17:00:00,1.20310235,3.823929548,0.3023802936,0.8919388652
2021-04-06 18:00:00,1.35543561,5.050249108e-09,2.406193023e-10,1.196251869
2021-04-06 19:00:00,1.13852489,1.500672586e-09,1.164622565e-10,0.9067275524
2021-04-06 20:00:00,1.218331218,1.490733315e-09,1.169778718e-10,0.9584222436
2021-04-06 21:00:00,1.209527373,1.645416248e-09,1.25746788e-10,0.9175212383
2021-04-06 22:00:00,1.003529787,0.003768138587,1.767322955e-10,0.7559639812
2021-04-06 23:00:00,0.8284193277,0.1500396281,0.003501622239,0.641050756
2021-04-07 00:00:00,0.8899579644,0.200519532,0.00272996421,0.7339661717
2021-04-07 01:00:00,0.745295167,0.2452207208,0.002808117308,0.5040046573
2021-04-07 02:00:00,0.6659139991,0.5030664206,0.004790803418,0.4259513021
2021-04-07 03:00:00,0.7133272886,0.4982699454,0.006605216768,0.4875899255
2021-04-07 04:00:00,0.8047888875,1.084013324e-08,3.664930026e-10,0.5121287704
2021-04-07 05:00:00,0.7467626333,0.3032388091,0.00345200696,0.5770394802
2021-04-07 06:00:00,0.6855559945,0.2761731744,0.00420774892,0.6849160194
2021-04-07 07:00:00,1.4768852,0.4695778191,0.02116567269,1.425183415
2021-04-07 08:00:00,1.130456448,0.5417146087,0.05219779909,1.037706137
2021-04-07 09:00:00,0.6057608128,0.3502841294,0.02428386733,0.506485939
2021-04-07 10:00:00,0.3652346134,0.1877335161,0.01108733471,0.3159974515
2021-04-07 11:00:00,0.3994069993,0.2023743242,0.009370811284,0.3221480548
2021-04-07 12:00:00,0.4002305567,0.2262721509,0.008528837003,0.3032345772
2021-04-07 13:00:00,0.5394562483,0.2066550255,0.02102181129,0.5323216915
2021-04-07 14:00:00,0.4522894323,0.1913964748,0.00604379084,0.405847311
2021-04-07 15:00:00,0.4899494052,0.3737535477,0.0210019052,0.3224900365
2021-04-07 16:00:00,0.8387884498,0.3305583298,0.003814196447,0.5605097413
2021-04-07 17:00:00,1.069671869,0.5048727989,0.01592973433,0.827588737
2021-04-07 18:00:00,1.136393428,0.4978491068,0.02619389817,0.9668080807
2021-04-07 19:00:00,1.038824677,0.5618939996,0.02995810099,0.8168144226
2021-04-07 20:00:00,1.079062819,0.8686830997,0.0500215143,0.8251990676
2021-04-07 21:00:00,0.9778753519,0.2521659434,0.002942404943,0.6850059628
2021-04-07 22:00:00,0.8180726767,0.4691202343,0.02328078635,0.5792150497
2021-04-07 23:00:00,0.7032524943,0.3738332391,0.01070796512,0.5379438996
2021-04-08 00:00:00,0.6376306415,0.3100748956,0.009674648754,0.4760170281
2021-04-08 01:00:00,0.4990460575,0.2906673253,0.009539520368,0.2942169309
2021-04-08 02:00:00,0.5456265807,0.2907930017,0.01131321304,0.3283530772
2021-04-08 03:00:00,0.5687683821,0.3143535852,0.01136674173,0.3282553554
2021-04-08 04:00:00,0.6016613841,0.3293468654,0.01260876656,0.3703332841
2021-04-08 05:00:00,0.6203921437,0.3322502673,0.02904584259,0.4151915014
2021-04-08 06:00:00,0.7175604701,0.3515326977,0.01892725751,0.6413277388
2021-04-08 07:00:00,1.734351277,0.6502253413,0.04007408023,1.813271999
2021-04-08 08:00:00,1.401452422,0.6861748099,0.05512052402,1.172988772
2021-04-08 09:00:00,0.7529599667,0.4390513301,0.02655899897,0.5722891092
2021-04-08 10:00:00,0.5455344915,0.2637469471,0.01663267612,0.4117112458
2021-04-08 11:00:00,0.4599851966,0.2060460448,0.01132445782,0.3734854162
2021-04-08 12:00:00,0.4404175282,0.2635725439,0.009832490236,0.2919259369
2021-04-08 13:00:00,0.6428931355,0.2669366002,0.02235251851,0.5962539315
2021-04-08 14:00:00,0.4267961383,0.183723703,0.005638293456,0.3341584802
2021-04-08 15:00:00,0.3412430584,0.1518494189,0.006451930851,0.2357467413
2021-04-08 16:00:00,0.6333653927,0.604598701,0.01295704208,0.4487717152
2021-04-08 17:00:00,0.8952214122,3.356319189,0.1599608362,0.6903956532
2021-04-08 18:00:00,1.09308064,6.817775677e-09,4.019743149e-10,0.9244890213
2021-04-08 19:00:00,1.032064438,3.810289417e-09,5.093444555e-10,0.8335011005
2021-04-08 20:00:00,1.115270495,3.388402003e-09,8.899603277e-10,0.8733947277
2021-04-08 21:00:00,1.002158999,0.005906913895,0.002970225643,0.7103859782
2021-04-08 22:00:00,0.8161923289,0.1970045716,0.003337295027,0.5481749177
2021-04-08 23:00:00,0.80259341,0.170037657,0.01420789398,0.6256833673
2021-04-09 00:00:00,0.7453887463,0.3017495275,0.01356109884,0.54850173
2021-04-09 01:00:00,0.5120286345,0.3148800433,0.009490869008,0.2738814652
2021-04-09 02:00:00,0.525211215,0.2992405295,0.009978526272,0.2848118842
2021-04-09 03:00:00,0.5339375734,0.2791416049,0.01030160859,0.3128454983
2021-04-09 04:00:00,0.5125201344,0.2772013545,0.01016443223,0.2989387214
2021-04-09 05:00:00,0.6048284769,0.3411890268,0.02886908129,0.4523524046
2021-04-09 06:00:00,0.6652362347,0.463921994,0.01537056919,0.5938520432
2021-04-09 07:00:00,1.40210247,0.3460110128,0.03356535733,1.514075518
2021-04-09 08:00:00,1.245776296,0.6544822454,0.05088597909,1.037191033
2021-04-09 09:00:00,0.9030460119,0.4643601179,0.03132266924,0.7343982458
2021-04-09 10:00:00,0.6485520601,0.2949602902,0.01749029011,0.5350664854
2021-04-09 11:00:00,0.6760355234,0.2900243104,0.01909508184,0.5486344099
2021-04-09 12:00:00,0.6043551564,0.2987837791,0.01648104377,0.4655198157
2021-04-09 13:00:00,0.8093364835,0.329431802,0.03335363418,0.7704035044
2021-04-09 14:00:00,0.7570968866,0.3721981049,0.01649829186,0.6423044205
2021-04-09 15:00:00,0.6668128371,0.4677170217,0.1353150606,0.503539741
2021-04-09 16:00:00,0.8382509947,1.855613589,0.03122862056,0.5929523706
2021-04-09 17:00:00,1.12693274,1.404553096e-08,3.743567123e-10,0.9071987867
2021-04-09 18:00:00,1.175756335,0.2937732935,5.150086468e-10,1.017585754
2021-04-09 19:00:00,1.184960842,0.3309304714,0.003620621283,1.002551913
2021-04-09 20:00:00,1.130118728,0.389983654,0.01208546106,0.9468135238
2021-04-09 21:00:00,1.147066832,0.4545451105,0.02761083655,0.8557372093
2021-04-09 22:00:00,1.015967727,0.4851741791,0.03048468381,0.7956498861
2021-04-09 23:00:00,0.941101253,0.4585891068,0.01825511642,0.7808187008
2021-04-10 00:00:00,0.7526271939,0.349927485,0.03087128885,0.6807014346
2021-04-10 01:00:00,0.6559990048,0.3398150206,0.02006283961,0.5028693676
2021-04-10 02:00:00,0.6059280634,0.3220237195,0.01952985115,0.4466435611
2021-04-10 03:00:00,0.645310998,0.3473095894,0.01634378359,0.478466928
2021-04-10 04:00:00,0.6648237705,0.7736261487,0.04645410925,0.5446757078
2021-04-10 05:00:00,0.7316563725,1.084178614e-08,7.66335162e-10,0.5734200478
2021-04-10 06:00:00,0.7010239959,0.2921170592,0.02652310394,0.6199501753
2021-04-10 07:00:00,0.7449328899,0.2951870859,0.022963278,0.8750641346
2021-04-10 08:00:00,1.156472206,0.5389143825,0.02853360213,1.090200663
2021-04-10 09:00:00,0.509955585,0.2192950398,0.02228726447,0.4440313876
2021-04-10 10:00:00,0.4959319532,0.2133319527,0.02785107493,0.4693573415
2021-04-10 11:00:00,0.4153673351,0.1525505036,0.01006733812,0.3171868622
2021-04-10 12:00:00,0.2576642931,0.09041261673,0.007846449502,0.1882874817
2021-04-10 13:00:00,0.1837894469,0.0810611397,0.008106268942,0.1358791888
2021-04-10 14:00:00,0.272041142,0.07225082815,0.005647959188,0.3094598353
2021-04-10 15:00:00,0.2959803343,1.077005863,0.008417503908,0.1974883229
2021-04-10 16:00:00,0.2610350549,2.873627901,0.01847361028,0.1971101761
2021-04-10 17:00:00,0.6145715714,0.09528169781,0.00241640606,0.3904716671
2021-04-10 18:00:00,0.9528885484,0.197953701,0.02844103798,0.7522631884
2021-04-10 19:00:00,1.029903531,1.521855831,0.1204909906,0.8932110071
2021-04-10 20:00:00,1.119115233,3.099239754e-09,3.653364555e-10,0.867158711
2021-04-10 21:00:00,1.356945634,2.012915168e-09,5.204400244e-10,1.129490972
2021-04-10 22:00:00,1.228653431,3.109527302e-09,0.004705855157,0.9575132132
2021-04-10 23:00:00,1.070245862,0.0006179900374,0.01858115755,0.8217357993
2021-04-11 00:00:00,0.8691909909,0.1675940752,0.02534335293,0.730394423
2021-04-11 01:00:00,0.8512800932,0.2538330555,0.02550239861,0.6861438751
2021-04-11 02:00:00,0.8995309472,0.3066068888,0.02820391953,0.7393557429
2021-04-11 03:00:00,1.11465323,0.3517801464,0.02737924643,0.9626660347
2021-04-11 04:00:00,0.9931898117,0.4398116469,0.05652927235,0.86486727
2021-04-11 05:00:00,1.003547549,0.4418172538,0.006324508227,0.8434148431
2021-04-11 06:00:00,0.9567429423,0.2970481515,0.04651654512,1.012236834
2021-04-11 07:00:00,1.045075893,0.4143062532,0.0276178997,1.164034367
2021-04-11 08:00:00,1.079506636,0.529368639,0.03044779226,1.074286103
2021-04-11 09:00:00,0.4819147289,0.2156620026,0.03067484498,0.3958910406
2021-04-11 10:00:00,0.4124826193,0.1791843623,0.02611291967,0.3750344813
2021-04-11 11:00:00,0.4275799394,0.1622959822,0.01105517428,0.3113180101
2021-04-11 12:00:00,0.261272341,0.1086420119,0.006996595766,0.1715968996
2021-04-11 13:00:00,0.212737307,0.1009795293,0.009458599612,0.1612270325
2021-04-11 14:00:00,0.3264494538,0.09110555798,0.009487203322,0.3634852171
2021-04-11 15:00:00,0.2922698259,0.1583313793,0.009328514338,0.1768472493
2021-04-11 16:00:00,0.3158480227,0.2442165613,0.01068369579,0.1986647248
2021-04-11 17:00:00,0.7100051045,0.4552667141,0.01587460749,0.4483074546
2021-04-11 18:00:00,0.8677293658,0.7341675162,0.02493902855,0.7378100753
2021-04-11 19:00:00,0.9141606688,1.426460624,0.02030067518,0.8335769773
2021-04-11 20:00:00,1.004495263,0.5238093734,0.02273626626,0.7833513021
2021-04-11 21:00:00,1.213611364,1.475921518e-08,0.03121940047,0.9992280006
2021-04-11 22:00:00,1.121058822,0.2790181339,0.03011318855,0.9030495882
2021-04-11 23:00:00,1.113757491,0.3269543648,0.02370495349,0.851775527
2021-04-12 00:00:00,1.007288456,0.3587649167,0.0191501081,0.9741888046
2021-04-12 01:00:00,0.8271200061,0.3998581171,0.01847878471,0.6154594421
2021-04-12 02:00:00,0.9019105434,0.4602821469,0.02133003622,0.6714807749
2021-04-12 03:00:00,0.9872978926,0.4888430536,0.02389873937,0.7523783445
2021-04-12 04:00:00,0.9948282838,0.4949072599,0.02372116596,0.7513641715
2021-04-12 05:00:00,1.367565632,0.5779784322,0.04813980684,1.155183673
2021-04-12 06:00:00,1.080524325,0.5185565352,0.02411719598,0.9370222092
2021-04-12 07:00:00,1.499397039,0.462657094,0.03959974274,1.714929223
2021-04-12 08:00:00,0.9015303254,0.4503237605,0.04628458247,0.8056848645
2021-04-12 09:00:00,0.4149942398,0.2449303865,0.01899644546,0.368332386
2021-04-12 10:00:00,0.3049664795,0.1512330472,0.007958656177,0.2472681701
2021-04-12 11:00:00,0.3276816308,0.2040484101,0.008014298044,0.2057407647
2021-04-12 12:00:00,0.32530123,0.188463062,0.00822584983,0.2462303936
2021-04-12 13:00:00,0.508007288,0.1974303275,0.02168197371,0.5392519832
2021-04-12 14:00:00,0.4290876091,0.1896777451,0.006839202251,0.3689242303
2021-04-12 15:00:00,0.4706216753,0.2432420999,0.009074916132,0.2709827721
2021-04-12 16:00:00,0.7158973813,0.4045838714,0.01567150466,0.4843820035
2021-04-12 17:00:00,1.139529467,0.5044056773,0.02099839598,0.8744129539
2021-04-12 18:00:00,1.291909337,0.6156644225,0.03070073575,1.082122087
2021-04-12 19:00:00,1.145608664,0.5940839052,0.03922283277,0.9067464471
2021-04-12 20:00:00,1.242517948,0.6328843236,0.0392805934,0.9943647385
2021-04-12 21:00:00,1.1467489,1.094017625,0.02368236333,0.8278120756
2021-04-12 22:00:00,1.130014777,0.253210783,0.02874240093,0.8787600994
2021-04-12 23:00:00,1.050365806,0.3849783838,0.01675166562,0.8455622792
2021-04-13 00:00:00,0.914755106,0.4667896032,0.01776467636,0.7947912216
2021-04-13 01:00:00,0.8268236518,0.3641059995,0.02056592517,0.6312802434
2021-04-13 02:00:00,0.916282773,0.4582732916,0.0227548182,0.7269309759
2021-04-13 03:00:00,0.9689296484,0.4832737446,0.02475503273,0.7503432035
2021-04-13 04:00:00,1.058475733,0.5150288939,0.02646720782,0.8294417262
2021-04-13 05:00:00,1.147773147,0.5558542013,0.04960403591,0.954166472
2021-04-13 06:00:00,0.9557824135,0.382335484,0.03578730673,1.191450238
2021-04-13 07:00:00,1.458764791,0.4092729986,0.03263298795,1.654296994
2021-04-13 08:00:00,0.8552699089,0.4228340089,0.0479526706,0.7439116836
2021-04-13 09:00:00,0.4377394021,0.2624085844,0.02276531234,0.3698180318
2021-04-13 10:00:00,0.3692387938,0.1826329529,0.008420844562,0.2673003674
2021-04-13 11:00:00,0.5061905384,0.283319205,0.01083958708,0.3182497919
2021-04-13 12:00:00,0.2632383108,0.1587939858,0.006296559237,0.1646692157
2021-04-13 13:00:00,0.4785381854,0.1511874199,0.01654135063,0.4941726029
2021-04-13 14:00:00,0.285492599,0.1006256714,0.005977675319,0.2675992846
2021-04-13 15:00:00,0.290530175,3.315867186,0.02490329184,0.1772006154
2021-04-13 16:00:00,0.6671327949,0.6119997501,0.2199898958,0.379301399
2021-04-13 17:00:00,1.001913428,3.706007242,0.3150544763,0.7358186245
2021-04-13 18:00:00,1.340270877,0.7545013428,2.585850978e-10,1.118189931
2021-04-13 19:00:00,1.252271891,1.995541066e-09,1.220608198e-10,0.9771580696
2021-04-13 20:00:00,1.398819327,1.78350823e-09,1.266067112e-10,1.07523036
2021-04-13 21:00:00,1.448420644,1.571854757e-09,1.377496728e-10,1.198406816
2021-04-13 22:00:00,1.283076644,2.504363605e-09,1.967534469e-10,0.9940718412
2021-04-13 23:00:00,1.151583433,0.02711730823,0.005111400504,1.06546402
2021-04-14 00:00:00,1.112071872,0.5233051777,0.00372649543,0.9911719561
2021-04-14 01:00:00,1.072802424,1.46427536,0.004751998466,0.821726203
2021-04-14 02:00:00,1.397292137,5.567956318e-09,0.01517542638,1.173873305
2021-04-14 03:00:00,1.398122191,0.03591747582,0.01334355772,1.163400173
2021-04-14 04:00:00,1.402342319,3.582373509e-09,3.969125029e-10,1.197687984
2021-04-14 05:00:00,1.483778834,0.3709126115,0.007077124901,1.328814864
2021-04-14 06:00:00,1.407616496,0.3779516816,0.02638599277,1.517987847
2021-04-14 07:00:00,1.665230989,0.4758570194,0.03269508481,1.775893807
2021-04-14 08:00:00,1.044002771,0.4973117113,0.05680565909,1.003901124
2021-04-14 09:00:00,0.4260492027,0.271743834,0.02558442578,0.4463024735
2021-04-14 10:00:00,0.3185998797,0.1728813201,0.009726266377,0.2423935384
2021-04-14 11:00:00,0.3324131072,0.1753206253,0.009685127065,0.2378034294
2021-04-14 12:00:00,0.4313903451,0.2132600695,0.009468098171,0.3111765385
2021-04-14 13:00:00,0.5011161566,0.1956418306,0.02273199894,0.5334961414
2021-04-14 14:00:00,0.4454920888,0.3479032815,0.007617474534,0.3390557468
2021-04-14 15:00:00,0.4739821255,0.234283492,0.01835723594,0.3143099844
2021-04-14 16:00:00,0.5699260831,0.2786485851,0.003092100378,0.3867999911
2021-04-14 17:00:00,1.045161366,0.4371235073,0.01867912337,0.8344759941
2021-04-14 18:00:00,1.242421865,1.359418154,0.03529193997,1.057667851
2021-04-14 19:00:00,1.266839623,0.7618836164,0.04802858457,1.078258395
2021-04-14 20:00:00,1.435627699,0.3698620498,0.07870908827,1.192768455
2021-04-14 21:00:00,1.314964056,0.29708606,0.004391403403,1.000994086
2021-04-14 22:00:00,1.122198582,0.4034623802,0.03259488568,0.860111177
2021-04-14 23:00:00,1.007102489,0.5124352574,0.02104986273,0.8470258713
2021-04-15 00:00:00,0.9815018177,0.4253665805,0.02425158769,0.8931298256
2021-04-15 01:00:00,0.8586506844,0.4622484148,0.02051305957,0.6226361394
2021-04-15 02:00:00,0.8647952676,0.4382545352,0.02089915238,0.6215574741
2021-04-15 03:00:00,0.8128884435,0.4168350101,0.01952951588,0.572888732
2021-04-15 04:00:00,0.8655098081,0.4326717854,0.02387491614,0.7329870462
2021-04-15 05:00:00,0.8577907085,0.417359978,0.0410149768,0.6725070477
2021-04-15 06:00:00,0.6836358905,0.2981429696,0.02536295354,0.7363419533
2021-04-15 07:00:00,1.541006327,0.5313544273,0.02977619693,1.47587657
2021-04-15 08:00:00,0.8097826838,0.4099621773,0.04209651425,0.7545028925
2021-04-15 09:00:00,0.3782584965,0.2333013117,0.01511911489,0.3040365577
2021-04-15 10:00:00,0.212594077,0.1057897732,0.005164311267,0.1589051783
2021-04-15 11:00:00,0.150248453,0.07362702489,0.002362988656,0.09653624892
2021-04-15 12:00:00,0.1880453229,0.09831425548,0.003399894107,0.1306988895
2021-04-15 13:00:00,0.2587020099,0.07118596882,0.01047940738,0.3178974688
2021-04-15 14:00:00,0.1667887568,0.04156704247,0.002315511229,0.1769856513
2021-04-15 15:00:00,0.1136245579,0.05380293727,0.002458107192,0.07589484751
2021-04-15 16:00:00,0.2410023659,0.3856424689,0.005547843874,0.1431536227
2021-04-15 17:00:00,0.6053981781,3.400243044,0.121976994,0.4826076031
2021-04-15 18:00:00,0.8917034268,4.300386713e-09,3.976362017e-10,0.6989076138
2021-04-15 19:00:00,0.8802384734,3.453178188e-09,5.066181363e-10,0.6040925384
2021-04-15 20:00:00,0.9334121943,3.160512518e-09,8.861844591e-10,0.6653543115
2021-04-15 21:00:00,0.9105786085,5.481626708e-09,0.003001001896,0.6097671986
2021-04-15 22:00:00,0.8885955215,0.02424706332,0.003940362483,0.567102015
2021-04-15 23:00:00,0.7162761688,0.1623551399,0.01055005006,0.5038032532
2021-04-16 00:00:00,0.5497087836,0.2003020644,0.007919097319,0.3963335156
2021-04-16 01:00:00,0.5213125944,0.2394625247,0.007826634683,0.276791811
2021-04-16 02:00:00,0.562564373,0.2861033678,0.0100114746,0.3020864725
2021-04-16 03:00:00,0.619487524,0.4240947664,0.009185416624,0.320551008
2021-04-16 04:00:00,0.6864576936,0.2811056077,0.01282543689,0.4107476175
2021-04-16 05:00:00,0.7466282845,0.3774548769,0.03011195548,0.5190728903
2021-04-16 06:00:00,0.790841043,0.3798388243,0.01366033126,0.6464420557
2021-04-16 07:00:00,1.350165725,0.4675993919,0.02707567438,1.317401052
2021-04-16 08:00:00,0.8709003925,0.4967780709,0.04130566865,0.682718277
2021-04-16 09:00:00,0.4423822761,0.27292189,0.01597086154,0.3285229504
2021-04-16 10:00:00,0.352037847,0.1431172788,0.006352442317,0.2661483884
2021-04-16 11:00:00,0.2534410059,0.1221157312,0.004961830098,0.1628793925
2021-04-16 12:00:00,0.263454169,0.1551296562,0.004868065938,0.1449939758
2021-04-16 13:00:00,0.4756292403,0.216602847,0.01374231093,0.4202589393
2021-04-16 14:00:00,0.3596345186,0.1594609618,0.005062357057,0.2755072117
2021-04-16 15:00:00,0.2044739276,0.4262045026,0.05480453745,0.1201162338
2021-04-16 16:00:00,0.413510114,1.423977613,0.01584710553,0.2429420352
2021-04-16 17:00:00,0.6350122094,6.421787102e-09,3.872800414e-10,0.478420347
2021-04-16 18:00:00,0.8762260675,0.05579102039,4.852225288e-10,0.6453180313
2021-04-16 19:00:00,0.7206034064,0.2333741635,0.002306018025,0.4793354273
2021-04-16 20:00:00,0.7873347998,0.6652092934,0.008853531443,0.6066936255
2021-04-16 21:00:00,0.9761251807,5.643571832e-09,0.01868714765,0.6834151745
2021-04-16 22:00:00,0.657071352,0.4797797203,0.01427737996,0.4284750223
2021-04-16 23:00:00,0.6431245208,0.1557347178,0.007743700407,0.4547990859
2021-04-17 00:00:00,0.4967664182,0.2653931975,0.0158513952,0.3437758684
2021-04-17 01:00:00,0.5164095759,0.2747850716,0.01165378373,0.2912505567
2021-04-17 02:00:00,0.647115767,0.3430123329,0.01518120058,0.3949511349
2021-04-17 03:00:00,0.6044148207,0.339358151,0.01039381418,0.3590394557
2021-04-17 04:00:00,0.6822658181,0.4661145508,0.03585312515,0.467877537
2021-04-17 05:00:00,0.6237892509,0.253414005,7.931972856e-10,0.387188077
2021-04-17 06:00:00,0.6224484444,0.3054971099,0.02155401558,0.4533232152
2021-04-17 07:00:00,0.8143838644,0.3145143092,0.01762493886,0.8435627818
2021-04-17 08:00:00,0.8782613277,0.4558219612,0.01916555688,0.7368708253
2021-04-17 09:00:00,0.3018449545,0.1353420466,0.01931574009,0.2960567176
2021-04-17 10:00:00,0.2078391463,0.08568417281,0.01498985197,0.1861936152
2021-04-17 11:00:00,0.1789821535,0.07064899057,0.005325312261,0.1291892231
2021-04-17 12:00:00,0.138907373,0.07845065743,0.00507548498,0.07800438255
2021-04-17 13:00:00,0.09788840264,0.05175258964,0.003809751477,0.07132725418
2021-04-17 14:00:00,0.1802098304,0.04760959744,0.005346583668,0.2254340053
2021-04-17 15:00:00,0.2103793621,0.1234774813,0.005297820549,0.09105431288
2021-04-17 16:00:00,0.1537017375,0.252237618,0.00917007681,0.09385587275
2021-04-17 17:00:00,0.3477405906,0.134723261,0.001361981267,0.2054165304
2021-04-17 18:00:00,0.5083235502,0.3209629357,0.0119455196,0.3929393888
2021-04-17 19:00:00,0.570315063,1.687666297,0.05453829095,0.511166811
2021-04-17 20:00:00,0.6026576161,3.663748194e-09,3.846188368e-10,0.4214861393
2021-04-17 21:00:00,0.6664776802,3.870622933e-09,5.267353775e-10,0.4510063529
2021-04-17 22:00:00,0.6320060492,5.388012703e-09,0.002942282706,0.3928955197
2021-04-17 23:00:00,0.4937684536,0.1487322897,0.006742768921,0.2515718043
2021-04-18 00:00:00,0.412504226,0.165845409,0.006586642936,0.2012553364
2021-04-18 01:00:00,0.3982919157,0.200314343,0.007049630396,0.175283581
2021-04-18 02:00:00,0.3715057075,0.2034065574,0.008166913874,0.1603132337
2021-04-18 03:00:00,0.3752960861,0.2290402353,0.00411605835,0.151687175
2021-04-18 04:00:00,0.4590218663,0.2731866241,0.009557549842,0.1895455718
2021-04-18 05:00:00,0.4115396142,0.2536888421,0.002040690742,0.1566537768
2021-04-18 06:00:00,0.4155163765,0.1467833519,0.0149432309,0.3250109851
2021-04-18 07:00:00,0.6167916059,0.3331415057,0.01198310498,0.533894062
2021-04-18 08:00:00,0.7587993145,0.406499207,0.01436032914,0.6076054573
2021-04-18 09:00:00,0.2206236273,0.09142482281,0.01270442642,0.2192523628
2021-04-18 10:00:00,0.1216170639,0.05778005347,0.008985826746,0.1106446162
2021-04-18 11:00:00,0.1624034792,0.06677819788,0.003410532372,0.1141942143
2021-04-18 12:00:00,0.05388548225,0.02408707701,0.001295893337,0.03202164546
2021-04-18 13:00:00,0.05189569667,0.0289777685,0.001845350955,0.03832430393
2021-04-18 14:00:00,0.1364080012,0.02992535196,0.001004213351,0.1556854993
2021-04-18 15:00:00,0.06803632528,0.04455462471,0.0009677195339,0.03535981849
2021-04-18 16:00:00,0.1173019856,0.109920904,0.002153407084,0.06305132061
2021-04-18 17:00:00,0.2680036426,0.2050422877,0.003374332795,0.1588179469
2021-04-18 18:00:00,0.3170917928,0.1842972934,0.006135508418,0.2372293174
2021-04-18 19:00:00,0.4251898825,0.2303695232,0.007499738131,0.3639300764
2021-04-18 20:00:00,0.393979609,0.2530071437,0.007088172249,0.2612565756
2021-04-18 21:00:00,0.4269631207,0.2733846903,0.007092783228,0.2758646309
2021-04-18 22:00:00,0.3965313435,0.1845884174,0.007975623943,0.2318255752
2021-04-18 23:00:00,0.260346204,0.5511834621,0.004057341255,0.1788351536
2021-04-19 00:00:00,0.5518546104,7.379233669e-09,0.005693389103,0.3797453344
2021-04-19 01:00:00,0.3091112673,0.1305046678,0.003748989664,0.1069416553
2021-04-19 02:00:00,0.2731840611,0.1687676758,0.00305604632,0.07336501777
2021-04-19 03:00:00,0.3175308704,0.1988196969,0.002888432005,0.0892027095
2021-04-19 04:00:00,0.416567266,0.2455251217,0.004202322103,0.1393401325
2021-04-19 05:00:00,0.4297718108,0.2527088821,0.01303813327,0.1700972766
2021-04-19 06:00:00,0.204621464,0.07270847261,0.005349807441,0.2016921341
2021-04-19 07:00:00,0.8475577235,0.3037140369,0.01526975445,0.8102938533
2021-04-19 08:00:00,0.3736329079,0.2518416643,0.009046901949,0.2653265595
2021-04-19 09:00:00,0.1431556195,0.1281462461,0.002395994496,0.08820164204
2021-04-19 10:00:00,0.0408051163,0.03071938083,0.0009290352464,0.03195718676
2021-04-19 11:00:00,0.02506400086,0.01359979808,0.0005168882199,0.02021726221
2021-04-19 12:00:00,0.05917436257,0.03806194663,0.0008082995191,0.03121679462
2021-04-19 13:00:00,0.1117679402,0.02687567659,0.0006762782577,0.1269709319
2021-04-19 14:00:00,0.05049095675,0.008343100548,0.0004093594325,0.05630213767
2021-04-19 15:00:00,0.01625958644,0.007413079496,0.0003638738126,0.008861063048
2021-04-19 16:00:00,0.02364953235,0.007220115047,0.0008706271765,0.02137809619
2021-04-19 17:00:00,0.1337974668,0.1080300882,0.00161766354,0.09228524566
2021-04-19 18:00:00,0.3322827518,0.181425944,0.003374763764,0.2494287044
2021-04-19 19:00:00,0.3368295133,0.2214841098,0.003090987215,0.2314271629
2021-04-19 20:00:00,0.410250783,0.4653959274,0.003980003297,0.2775433362
2021-04-19 21:00:00,0.4878746867,0.08358909935,0.004821534734,0.3353962004
2021-04-19 22:00:00,0.3480792344,0.2344798893,0.004140161444,0.2395690829
2021-04-19 23:00:00,0.268925935,0.1823078394,0.004202280659,0.2158239335
2021-04-20 00:00:00,0.242989257,0.1045672297,0.002853368409,0.186390236
2021-04-20 01:00:00,0.1907912195,0.1446182877,0.002281470224,0.05717711896
2021-04-20 02:00:00,0.2040290534,0.1356478631,0.002245041076,0.05078935996
2021-04-20 03:00:00,0.2343700975,0.3954494596,0.002298978157,0.05637324601
2021-04-20 04:00:00,0.3454329371,0.001434579957,0.002923211083,0.09291295707
2021-04-20 05:00:00,0.2715678215,0.1679397225,0.005972888321,0.09053374082
2021-04-20 06:00:00,0.2073661089,0.06715770811,0.003797643352,0.1477402747
2021-04-20 07:00:00,0.7011103034,0.2150557786,0.01250243187,0.701032877
2021-04-20 08:00:00,0.3900196552,0.2887529433,0.004682223778,0.2305302173
2021-04-20 09:00:00,0.1228894442,0.116190657,0.001225879649,0.06254765391
2021-04-20 10:00:00,0.02740449086,0.01979761198,0.0006241404917,0.02187642083
2021-04-20 11:00:00,0.01586160436,0.00682708621,0.0004528177669,0.01463652123
2021-04-20 12:00:00,0.02049493045,0.01680702157,0.0004679420381,0.01483558025
2021-04-20 13:00:00,0.06990073621,0.01362984814,0.0004418906174,0.08226355165
2021-04-20 14:00:00,0.03694095835,0.002775090281,0.0003685049596,0.04910740256
2021-04-20 15:00:00,0.01183751877,0.004431636538,0.0003083669289,0.006564716808
2021-04-20 16:00:00,0.01602601632,0.1075402722,0.0005471085897,0.01421283185
2021-04-20 17:00:00,0.07912544906,2.471954346,0.05367407575,0.05753051117
2021-04-20 18:00:00,0.2172083706,2.507078767e-09,1.504730923e-10,0.1807366163
2021-04-20 19:00:00,0.2274836749,1.310444753e-09,8.372556121e-11,0.1596419811
2021-04-20 20:00:00,0.2979527712,1.453103526e-09,8.645686944e-11,0.2050255984
2021-04-20 21:00:00,0.3075503409,1.721940812e-09,9.267277223e-11,0.2162548602
2021-04-20 22:00:00,0.3556392789,1.717860743e-09,1.215478967e-10,0.251665473
2021-04-20 23:00:00,0.3263454139,2.048994086e-09,2.203892346e-10,0.2398611456
2021-04-21 00:00:00,0.2414223403,7.419982406e-09,0.0007804863853,0.1791300476
2021-04-21 01:00:00,0.1673345566,0.01911051385,0.000886189111,0.05044206977
2021-04-21 02:00:00,0.2294361591,0.24853912,0.001208053087,0.06617086381
2021-04-21 03:00:00,0.3279030621,0.008698408492,0.002751048421,0.08264622837
2021-04-21 04:00:00,0.2824139595,3.719596187e-09,2.169342206e-10,0.08606319129
2021-04-21 05:00:00,0.2978096604,0.1263420284,0.001481997664,0.1044908315
2021-04-21 06:00:00,0.1791813225,0.07684194297,0.0002442069817,0.09239835292
2021-04-21 07:00:00,0.6217142344,0.1216630787,0.005633056164,0.6152168512
2021-04-21 08:00:00,0.2940059006,0.2156306356,0.002687339205,0.1738376766
2021-04-21 09:00:00,0.1138267517,0.09892737865,0.001260032877,0.06437308341
2021-04-21 10:00:00,0.01702002622,0.01216892339,0.000544716313,0.01439854782
2021-04-21 11:00:00,0.02968705259,0.01256766915,0.0004930697614,0.01534096524
2021-04-21 12:00:00,0.02046304196,0.01556656603,0.0004335813574,0.01154027507
2021-04-21 13:00:00,0.07941708714,0.01435276493,0.0004951574374,0.09660702944
2021-04-21 14:00:00,0.02604138106,0.0007160484092,4.26763836e-05,0.03470136225
2021-04-21 15:00:00,0,0.001284729457,0.0005489601754,0
2021-04-21 16:00:00,0.01140747499,0.0021321245,5.230886018e-05,0.01236441638
2021-04-21 17:00:00,0.06204914302,0.06895808131,0.0008220190066,0.03584355116
2021-04-21 18:00:00,0.0973027572,0.05460202321,0.001153828576,0.09191220254
2021-04-21 19:00:00,0.2101841867,0.1687247604,0.002198426984,0.1454790533
2021-04-21 20:00:00,0.2621851563,0.2965581119,0.004668416455,0.1836709678
2021-04-21 21:00:00,0.2591550052,0.05133952573,0.0004805704521,0.1803462952
2021-04-21 22:00:00,0.2433725893,0.1557314694,0.002751115244,0.1794927716
2021-04-21 23:00:00,0.2320978194,0.1527339369,0.002847305499,0.1628656238
2021-04-22 00:00:00,0.1483300775,0.3740032911,0.001811593771,0.138137266
2021-04-22 01:00:00,0.1046576723,5.26815036e-09,0.00180034223,0.04806421325
2021-04-22 02:00:00,0.1725131869,5.940465009e-09,0.001928171143,0.05349398404
2021-04-22 03:00:00,0.2029571086,0.06966020912,0.002217748202,0.05048440769
2021-04-22 04:00:00,0.2386629134,0.1484262645,0.002449539956,0.06625349075
2021-04-22 05:00:00,0.3320110142,0.2509767115,0.003358440008,0.08559589833
2021-04-22 06:00:00,0.1951106042,0.09008466452,0.002215663437,0.08542281389
2021-04-22 07:00:00,0.5232492685,0.1865194589,0.008100337349,0.4896346331
2021-04-22 08:00:00,0.2801518738,0.2156658769,0.002498903777,0.1679890603
2021-04-22 09:00:00,0.1089507118,0.1111090779,0.0009049656801,0.05241261795
2021-04-22 10:00:00,0.03900720552,0.02302391268,0.000887675269,0.02487820946
2021-04-22 11:00:00,0.02199224569,0.008907510899,0.0004513994791,0.0129440967
2021-04-22 12:00:00,0.008626262657,0.005631048232,0.000321874104,0.00770549709
2021-04-22 13:00:00,0.06648618728,0.005981211551,0.000380649697,0.09036215395
2021-04-22 14:00:00,0.0313493982,0.002004656941,0.0003252620809,0.04177705944
2021-04-22 15:00:00,0.0006141644553,6.045461123e-05,6.593173111e-06,0.0006200499483
2021-04-22 16:00:00,0.00845053792,0.002238146728,0.0005445891293,0.01151796337
2021-04-22 17:00:00,0.06814125925,0.635702908,0.01092912722,0.04360855371
2021-04-22 18:00:00,0.1232177392,5.159664251e-09,2.4374186e-10,0.1165717021
2021-04-22 19:00:00,0.1883515567,0.002125968458,3.135779136e-10,0.1473236829
2021-04-22 20:00:00,0.2240016758,0.04770020768,6.84817314e-10,0.1533399522
2021-04-22 21:00:00,0.2096572369,0.05544067547,0.0004017012834,0.1405942589
2021-04-22 22:00:00,0.1929071397,0.0554827936,0.000421729259,0.1397848278
2021-04-22 23:00:00,0.1738114655,0.2431452125,0.00224479707,0.1381413788
2021-04-23 00:00:00,0.1505584419,0.0009425233584,0.001546031795,0.1370443106
2021-04-23 01:00:00,0.08213709295,0.02373479493,0.001420903835,0.0436922051
2021-04-23 02:00:00,0.1032434851,0.05750739574,0.001179986517,0.04005527869
2021-04-23 03:00:00,0.07377305627,0.04883774742,0.0007502385415,0.02623201162
2021-04-23 04:00:00,0.09471600503,0.08961474895,0.0008495345828,0.03109061159
2021-04-23 05:00:00,0.1454412043,0.08026111871,0.001515615731,0.04601788521
2021-04-23 06:00:00,0.09995371848,0.0326882042,0.001719502266,0.0665152669
2021-04-23 07:00:00,0.4527231157,0.1796431839,0.005504550412,0.3766753078
2021-04-23 08:00:00,0.2531021535,0.224846676,0.002121283207,0.1328323036
2021-04-23 09:00:00,0.08648428321,0.089623712,0.00103392778,0.04700296
2021-04-23 10:00:00,0.02940677851,0.01947139576,0.0004854455474,0.01747376099
2021-04-23 11:00:00,0.01390513498,0.005654761568,0.0003951793769,0.01046065055
2021-04-23 12:00:00,0.01469199546,0.01251537167,0.0003903916222,0.01061122492
2021-04-23 13:00:00,0.06337044388,0.010178064,0.0004100793449,0.08310157061
2021-04-23 14:00:00,0.03114421479,0.002273546299,0.0003304930287,0.04127017781
2021-04-23 15:00:00,0.008534409106,0.1509436071,0.006500881165,0.005987175275
2021-04-23 16:00:00,0.0173989851,0.2552357018,0.001327502076,0.01255220454
2021-04-23 17:00:00,0.108749792,6.15571194e-09,2.711870728e-10,0.06451563537
2021-04-23 18:00:00,0.1945909262,0.006337793078,3.648369939e-10,0.1491499543
2021-04-23 19:00:00,0.2420699596,0.05121032894,0.0006262351526,0.1708311141
2021-04-23 20:00:00,0.2665350437,0.1294616163,0.001454413519,0.1952660233
2021-04-23 21:00:00,0.2589709759,0.2127934694,0.00269906316,0.1734887809
2021-04-23 22:00:00,0.2289378941,0.1108807698,0.002594136167,0.1678858846
2021-04-23 23:00:00,0.234037444,0.16449292,0.0026340927,0.1531166583
2021-04-24 00:00:00,0.08152541518,0.03879263625,0.0009831871139,0.05264832452
2021-04-24 01:00:00,0.07156854123,0.0663908422,0.0006694096373,0.02965702862
2021-04-24 02:00:00,0.04329308495,0.04811187088,0.0004619652464,0.01086905785
2021-04-24 03:00:00,0.0405671075,0.03937784955,0.0005337127368,0.01255554054
2021-04-24 04:00:00,0.05640110001,0.05069818348,0.001967251301,0.01452562865
2021-04-24 05:00:00,0.04976489767,0.03782012686,4.129618869e-10,0.01685564965
2021-04-24 06:00:00,0.06128218397,0.009927724488,0.0004456224851,0.07052449137
2021-04-24 07:00:00,0.2507807612,0.1806889921,0.00354433828,0.1929221898
2021-04-24 08:00:00,0.3283744752,0.2151382565,0.003190241987,0.2015399188
2021-04-24 09:00:00,0.04012864828,0.02803520858,0.0009896008996,0.03049056418
2021-04-24 10:00:00,0.03633441031,0.02450884879,0.0007269849884,0.02454582416
2021-04-24 11:00:00,0.06499325484,0.04159661755,0.0007849170361,0.04674008489
2021-04-24 12:00:00,0.1008245498,0.04810838401,0.0009132347768,0.05437172577
2021-04-24 13:00:00,0.06452077627,0.03484546766,0.001608014572,0.04509790614
2021-04-24 14:00:00,0.1241540685,0.03047335707,0.001084483345,0.1362137347
2021-04-24 15:00:00,0.06941345334,0.03855382279,0.0008636865532,0.03914500773
2021-04-24 16:00:00,0.102847971,0.1990197301,0.003234702628,0.05879256129
2021-04-24 17:00:00,0.1920683682,0.06055676937,0.0003142055939,0.1159805208
2021-04-24 18:00:00,0.1755169183,0.4713156223,0.002892765682,0.1152644083
2021-04-24 19:00:00,0.3452078402,0.6212192178,0.01435330417,0.2695418
2021-04-24 20:00:00,0.2492951006,4.197064918e-09,3.16478177e-10,0.1483816653
2021-04-24 21:00:00,0.3311979771,3.192436093e-09,4.257658393e-10,0.2033498883
2021-04-24 22:00:00,0.2694730759,5.035924122e-09,0.001446127309,0.1351964176
2021-04-24 23:00:00,0.1610037535,0.01856967807,0.001134127262,0.06907390058
2021-04-25 00:00:00,0.1229451895,0.07686562836,0.001471186522,0.05437128246
2021-04-25 01:00:00,0.1106411666,0.08046224713,0.001175194513,0.04183281958
2021-04-25 02:00:00,0.07149661332,0.05105873942,0.0007513832534,0.02617579512
2021-04-25 03:00:00,0.08726628125,0.06261692941,0.001644498669,0.03252631798
2021-04-25 04:00:00,0.07916297019,0.05843192339,0.002144215629,0.02687368169
2021-04-25 05:00:00,0.08474002779,0.06057831272,0.0006744017592,0.0271894075
2021-04-25 06:00:00,0.06318770349,0.009331392124,0.00175330101,0.08759050071
2021-04-25 07:00:00,0.2340942919,0.1468676478,0.003500322811,0.1961492151
2021-04-25 08:00:00,0.4078634083,0.2859717607,0.003647833131,0.2387434989
2021-04-25 09:00:00,0.1258529723,0.06858564168,0.001721536275,0.07214803249
2021-04-25 10:00:00,0.07809838653,0.04870881513,0.001205618144,0.04683560133
2021-04-25 11:00:00,0.06638041884,0.0427152738,0.0008763116202,0.03571863472
2021-04-25 12:00:00,0.02039528824,0.01007070392,0.0004064260575,0.01532860845
2021-04-25 13:00:00,0.04816166684,0.0294596497,0.001205276232,0.02723985724
2021-04-25 14:00:00,0.1300041378,0.02994562685,0.0008527673199,0.1586748213
2021-04-25 15:00:00,0.05082303658,0.03212310374,0.0006938548177,0.02914498933
2021-04-25 16:00:00,0.08773973584,0.08813503385,0.001276375842,0.04607116431
2021-04-25 17:00:00,0.2005404383,0.1689356416,0.002174182795,0.1069959477
2021-04-25 18:00:00,0.1790611595,0.2237901688,0.002740281634,0.1172003075
2021-04-25 19:00:00,0.434402585,0.1527814567,0.00327797723,0.3510575294
2021-04-25 20:00:00,0.2976634204,0.364374727,0.004134656396,0.1804945171
2021-04-25 21:00:00,0.3580684066,0.09202118963,0.005771586671,0.2321226895
2021-04-25 22:00:00,0.2823015749,0.1476456523,0.00309172878,0.1405275166
2021-04-25 23:00:00,0.214240998,0.1156849265,0.00250496855,0.09984899312
2021-04-26 00:00:00,0.2838225961,0.1373108178,0.00342751015,0.2971237898
2021-04-26 01:00:00,0.1619399339,0.1330206543,0.002043268643,0.04854878411
2021-04-26 02:00:00,0.1706525534,0.1179063022,0.001905585872,0.0415578112
2021-04-26 03:00:00,0.1875030249,0.1333975643,0.002232317813,0.04522210732
2021-04-26 04:00:00,0.16538544,0.1200412512,0.002006540773,0.03938547149
2021-04-26 05:00:00,0.2256626189,0.1521852165,0.003807706293,0.06821265817
2021-04-26 06:00:00,0.2148564011,0.1388270259,0.002450471045,0.09914504737
2021-04-26 07:00:00,0.5573787689,0.2073610574,0.009547291324,0.512004137
2021-04-26 08:00:00,0.3187299073,0.2312123775,0.002894707024,0.2059604824
2021-04-26 09:00:00,0.1259078085,0.1122968495,0.001306077931,0.06826789677
2021-04-26 10:00:00,0.06298661977,0.03734592721,0.0007473262958,0.03790041059
2021-04-26 11:00:00,0.04699186236,0.0185587015,0.0005477233208,0.03643975407
2021-04-26 12:00:00,0.03880412504,0.02775771543,0.0002090235648,0.0252154544
2021-04-26 13:00:00,0.138091132,0.04482772574,0.0002680695616,0.1612932831
2021-04-26 14:00:00,0.09253989905,0.02418394573,0.0006542034098,0.1141250432
2021-04-26 15:00:00,0.03520501778,0.01723591238,0.0004944107495,0.02254047431
2021-04-26 16:00:00,0.1315158159,0.07758163661,0.002379678423,0.05253360793
2021-04-26 17:00:00,0.2189842761,0.2709664404,0.003616375849,0.1573552489
2021-04-26 18:00:00,0.3312022388,0.1273302734,0.004441624507,0.2911353707
2021-04-26 19:00:00,0.4051561952,0.1925082505,0.005876473617,0.3040883243
2021-04-26 20:00:00,0.4098790884,0.1973541826,0.005813263357,0.2977913618
2021-04-26 21:00:00,0.4294332266,0.3173834383,0.004007300828,0.2522781193
2021-04-26 22:00:00,0.3548588157,0.2453158647,0.004192003049,0.2355851233
2021-04-26 23:00:00,0.2979507148,0.1831646115,0.003713358194,0.1990137249
2021-04-27 00:00:00,0.2061387748,0.1121808216,0.00254798145,0.1688201278
2021-04-27 01:00:00,0.1490169913,0.1180456355,0.002277415246,0.05133952945
2021-04-27 02:00:00,0.1643865108,0.1070800051,0.002193207853,0.04822660983
2021-04-27 03:00:00,0.1763408333,0.1169659942,0.002908482682,0.05250684172
2021-04-27 04:00:00,0.1675928086,0.1184032187,0.002441603225,0.04584278911
2021-04-27 05:00:00,0.18440786,0.1306037456,0.004513232503,0.0497132428
2021-04-27 06:00:00,0.2955611944,0.1787936538,0.003172131721,0.1410767734
2021-04-27 07:00:00,0.6715627909,0.2505562603,0.01204504445,0.6432362199
2021-04-27 08:00:00,0.4201655984,0.2823420465,0.004055069294,0.27520594
2021-04-27 09:00:00,0.1803527325,0.1364115179,0.001805430977,0.1033577099
2021-04-27 10:00:00,0.09027717263,0.04611054808,0.001017370261,0.05976432189
2021-04-27 11:00:00,0.06653367728,0.0258436799,0.001252259477,0.04554354027
2021-04-27 12:00:00,0.05954223126,0.03652225807,0.001224013278,0.03785662726
2021-04-27 13:00:00,0.172312513,0.0633366257,0.001049940358,0.1932826787
2021-04-27 14:00:00,0.08849333227,0.02181117982,0.001001140918,0.1003519818
2021-04-27 15:00:00,0.05684319511,0.02823491767,0.0008345476235,0.03259498253
2021-04-27 16:00:00,0.1497434378,0.273383975,0.00251604896,0.0682053268
2021-04-27 17:00:00,0.2679094374,2.653812885,0.06716841459,0.1811487824
2021-04-27 18:00:00,0.3638204634,2.159090018e-09,1.800909977e-10,0.2722817957
2021-04-27 19:00:00,0.5058046579,1.06276199e-09,9.539101453e-11,0.331156522
2021-04-27 20:00:00,0.4876751304,1.036630448e-09,9.77562753e-11,0.3238457143
2021-04-27 21:00:00,0.4459671676,1.135600058e-09,9.140747881e-11,0.276858896
2021-04-27 22:00:00,0.4376918972,1.461293642e-09,1.247314335e-10,0.2690381408
2021-04-27 23:00:00,0.3904670775,2.253898179e-09,2.200331306e-10,0.2475002557
2021-04-28 00:00:00,0.245842129,0.004136323929,0.001031764667,0.1711513102
2021-04-28 01:00:00,0.1780222952,0.06035273895,0.001103116316,0.04868057743
2021-04-28 02:00:00,0.1635994017,0.09981930256,0.001060065464,0.03662632778
2021-04-28 03:00:00,0.1657550931,0.227476716,0.002501029521,0.0371218957
2021-04-28 04:00:00,0.1797977537,6.537018038e-09,2.019564932e-10,0.03650929779
2021-04-28 05:00:00,0.1877560616,0.1215358898,0.001219794387,0.04719202593
2021-04-28 06:00:00,0.1966673881,0.08761546016,0.001110172714,0.1240428314
2021-04-28 07:00:00,0.7768053412,0.2218316942,0.005950793624,0.6676047444
2021-04-28 08:00:00,0.5173208714,0.2745139003,0.006395496428,0.3317744732
2021-04-28 09:00:00,0.2019093633,0.1486935169,0.003967316356,0.1341599375
2021-04-28 10:00:00,0.114613235,0.05550701916,0.002567541087,0.0886489749
2021-04-28 11:00:00,0.1147052124,0.04877667874,0.002494820859,0.08152982593
2021-04-28 12:00:00,0.09680008143,0.05263795704,0.001414825325,0.06375021487
2021-04-28 13:00:00,0.2063570917,0.05945149809,0.003082201583,0.2263967395
2021-04-28 14:00:00,0.1341506541,0.03736124933,0.001116409665,0.1296134442
2021-04-28 15:00:00,0.04844031855,0.03140724823,0.002187151695,0.03822735697
2021-04-28 16:00:00,0.1327764988,0.07015825063,0.001239328878,0.05977052078
2021-04-28 17:00:00,0.2470395118,0.1518445611,0.002933487296,0.1948478222
2021-04-28 18:00:00,0.3584195375,0.1748268455,0.003094797954,0.2803889215
2021-04-28 19:00:00,0.4091687799,1.168120146,0.004249839112,0.2678573132
2021-04-28 20:00:00,0.4090422988,0.2265142202,0.008921502158,0.2858038545
2021-04-28 21:00:00,0.4928560853,2.283489398e-09,0.002216337482,0.3213037252
2021-04-28 22:00:00,0.3398874402,0.03434203193,0.004031624645,0.2211761922
2021-04-28 23:00:00,0.3676911592,0.3178983331,0.004181924276,0.2167773694
2021-04-29 00:00:00,0.3402965069,0.00367947924,0.004777277354,0.2161545455
2021-04-29 01:00:00,0.2255139351,0.1337494552,0.002701591933,0.06266983598
2021-04-29 02:00:00,0.2627554536,0.1681540906,0.003015115391,0.07157046348
2021-04-29 03:00:00,0.2911381423,0.1886983216,0.004336600192,0.1268526912
2021-04-29 04:00:00,0.276307404,0.1845096946,0.002971328096,0.09737084806
2021-04-29 05:00:00,0.1510589719,0.09615111351,0.01204385795,0.06737644225
2021-04-29 06:00:00,0.2490814626,0.1014480963,0.00381274079,0.1821285486
2021-04-29 07:00:00,0.7426021695,0.3017190695,0.01341387443,0.6407275796
2021-04-29 08:00:00,0.3723097146,0.2659979463,0.00579274632,0.2560864389
2021-04-29 09:00:00,0.183284089,0.1463193595,0.003028154839,0.1171561182
2021-04-29 10:00:00,0.07460924238,0.04504924268,0.001082586707,0.05502685159
2021-04-29 11:00:00,0.06339284778,0.03327826411,0.001215318218,0.04645076394
2021-04-29 12:00:00,0.06469414383,0.04300052673,0.001197804697,0.04675716162
2021-04-29 13:00:00,0.2114780396,0.06544086337,0.002535236068,0.2179904729
2021-04-29 14:00:00,0.1467438489,0.04553653672,0.001280649565,0.1402803361
2021-04-29 15:00:00,0.09716566652,0.04718523845,0.001363330288,0.0592850931
2021-04-29 16:00:00,0.197842747,0.1533718556,0.00357417902,0.08561266214
2021-04-29 17:00:00,0.2886051536,1.817961574,0.03426321596,0.2069465369
2021-04-29 18:00:00,0.4533057213,6.392163687e-09,3.59621527e-10,0.3338160217
2021-04-29 19:00:00,0.4188885093,0.04578111693,4.460353198e-10,0.2956056595
2021-04-29 20:00:00,0.5602648854,3.307090379e-09,8.11035461e-10,0.3867748678
2021-04-29 21:00:00,0.562810421,3.002650573e-09,0.002236005384,0.3780345023
2021-04-29 22:00:00,0.4256590903,0.1224628016,0.002218866954,0.2515355349
2021-04-29 23:00:00,0.3454152942,0.2676986158,0.003955563065,0.2145910859
2021-04-30 00:00:00,0.2863347232,0.006357343867,0.004047858529,0.207071349
2021-04-30 01:00:00,0.1998147964,0.1212033033,0.002457811031,0.05775214359
2021-04-30 02:00:00,0.2334570289,0.1492658854,0.002430832013,0.0546579957
2021-04-30 03:00:00,0.2601363659,0.1796750277,0.002643631771,0.05778770521
2021-04-30 04:00:00,0.302754581,0.2086421847,0.003122554161,0.09199608117
2021-04-30 05:00:00,0.2316166312,0.1361178011,0.01308512967,0.09501928836
2021-04-30 06:00:00,0.1931949258,0.09503563493,0.004165724386,0.1481253207
2021-04-30 07:00:00,0.8161087036,0.2796702683,0.01739106886,0.8142683506
2021-04-30 08:00:00,0.5182251334,0.3617449105,0.007521030493,0.3153187931
2021-04-30 09:00:00,0.2148538232,0.1594079435,0.003363996511,0.127633661
2021-04-30 10:00:00,0.05677185953,0.03539154306,0.0006606898969,0.04378793389
2021-04-30 11:00:00,0.0550535433,0.02767518908,0.0008172130329,0.04194699228
2021-04-30 12:00:00,0.04177310318,0.0271177832,0.0002233853302,0.03048575297
2021-04-30 13:00:00,0.1660468429,0.03866587952,0.001207614318,0.1894615293
2021-04-30 14:00:00,0.09578347951,0.01771731116,0.0007342577446,0.1040849611
2021-04-30 15:00:00,0.03336985037,0.3162434995,0.01359972078,0.03054096177
2021-04-30 16:00:00,0.08165587485,0.9882932305,0.00499983551,0.03204961866
2021-04-30 17:00:00,0.2221016884,6.321256407e-09,3.279091998e-10,0.145603925
2021-04-30 18:00:00,0.3572900891,0.02036021836,4.491859662e-10,0.2834304571
2021-04-30 19:00:00,0.3934361637,0.02939587086,0.001569671906,0.2610998154
2021-04-30 20:00:00,0.507296443,0.1321047992,0.003832518123,0.3281543255
2021-04-30 21:00:00,0.4601840377,0.136346072,0.004689550493,0.2844873071
2021-04-30 22:00:00,0.3958086073,0.1516853422,0.005852578674,0.246960938
2021-04-30 23:00:00,0.2970777154,0.1257471293,0.004663509782,0.2408148646
2021-05-01 00:00:00,0.1460798979,0.1026588231,0.003007330932,0.04080656916
2021-05-01 01:00:00,0.148377046,0.1077985764,0.003034244757,0.03856055439
2021-05-01 02:00:00,0.1275935173,0.1013209969,0.003034637775,0.02189716697
2021-05-01 03:00:00,0.1375565529,0.1076097861,0.001315701753,0.02018946409
2021-05-01 04:00:00,0.1319510937,0.1065119132,0.001422706526,0.01832439378
2021-05-01 05:00:00,0.009930071421,0.01031519193,2.422761158e-10,0.003102240153
2021-05-01 06:00:00,0.004105208907,0.004574948456,6.577882596e-05,0.001658373978
2021-05-01 07:00:00,0.194812879,0.1195118204,0.002173223067,0.1609458923
2021-05-01 08:00:00,0.1784192473,0.1437611431,0.001147053088,0.06285451353
2021-05-01 09:00:00,0.04687270522,0.03034056909,0.000834964565,0.03506598249
2021-05-01 10:00:00,0.0428632237,0.02352837287,0.00058404624,0.03072419763
2021-05-01 11:00:00,0.0457062237,0.02609005012,0.0006504532066,0.0342984274
2021-05-01 12:00:00,0.01949284971,0.006690159906,0.0004434622533,0.01707085222
2021-05-01 13:00:00,0.02098579705,0.01027453132,0.0004131647001,0.01894048601
2021-05-01 14:00:00,0.01508563757,0.007634209935,0.0003572053101,0.01346029527
2021-05-01 15:00:00,0.03322326019,0.02190702036,0.0003988357785,0.01533156075
2021-05-01 16:00:00,0.03042890131,0.1369325817,0.001927554025,0.02004992217
2021-05-01 17:00:00,0.1122104377,0.02245248109,0.00012437228,0.05292024463
2021-05-01 18:00:00,0.09974843264,0.0950698778,0.001398050459,0.06477244198
2021-05-01 19:00:00,0.1194314808,0.3978997469,0.005180440843,0.07197389752
2021-05-01 20:00:00,0.1329214573,4.367406881e-09,2.275604427e-10,0.0768243745
2021-05-01 21:00:00,0.1426986903,0.0004563875555,2.936471066e-10,0.08321015537
2021-05-01 22:00:00,0.09616835415,0.0215502046,0.0003004401224,0.06115334108
2021-05-01 23:00:00,0.06467174739,0.05006506667,0.0004203570716,0.01355975028
2021-05-02 00:00:00,0.10264045,0.07289331406,0.001075214939,0.02697862126
2021-05-02 01:00:00,0.09555953741,0.07128039747,0.0009842377622,0.02366397344
2021-05-02 02:00:00,0.09093844891,0.2061055601,0.001213149983,0.02080425248
2021-05-02 03:00:00,0.1580081731,1.159056495e-08,0.001799813705,0.03145635873
2021-05-02 04:00:00,0.1631377488,0.1278264672,0.001611544052,0.02460191958
2021-05-02 05:00:00,0.06837876886,0.053509444,0.0003982662456,0.01959381253
2021-05-02 06:00:00,0.04343764484,0.03511572257,0.0002882821718,0.01247467566
2021-05-02 07:00:00,0.2112672478,0.1250930429,0.001783101121,0.1770606786
2021-05-02 08:00:00,0.2380759418,0.1883288026,0.0009574762662,0.07620957494
2021-05-02 09:00:00,0.07603538781,0.04354707897,0.001622706885,0.05974875018
2021-05-02 10:00:00,0.04905268922,0.02629041858,0.0007118720096,0.03743778169
2021-05-02 11:00:00,0.04918035865,0.02615012415,0.000656899123,0.03892292827
2021-05-02 12:00:00,0.02657636255,0.01056134887,0.0004034758022,0.02216157317
2021-05-02 13:00:00,0.03200218081,0.02516162768,0.0004099168,0.02142469026
2021-05-02 14:00:00,0.02391275391,0.01822079904,0.0003706070129,0.01566763036
2021-05-02 15:00:00,0.07486313581,0.04747667164,0.0005367611884,0.02986323275
2021-05-02 16:00:00,0.04246200994,0.05384501442,0.0007285659667,0.02625278011
2021-05-02 17:00:00,0.1126679555,0.1114419848,0.001426116098,0.05567102507
2021-05-02 18:00:00,0.07805229723,0.07772119343,0.001056758338,0.04724284634
2021-05-02 19:00:00,0.1083533689,0.09910786897,0.001135090133,0.06324326247
2021-05-02 20:00:00,0.1370712519,0.2157623172,0.001272556023,0.07611117512
2021-05-02 21:00:00,0.1700092554,0.05671558157,0.00150131085,0.08603452146
2021-05-02 22:00:00,0.1173983961,0.07038568705,0.000489305181,0.0466148071
2021-05-02 23:00:00,0.120818384,0.08905574679,0.0005712535349,0.02649579011
2021-05-03 00:00:00,0.1002119482,0.1063922942,0.001411117846,0.02409835719
2021-05-03 01:00:00,0.10530141,0.1053610742,0.001175993355,0.01976835728
2021-05-03 02:00:00,0.1146217734,0.09376014024,0.0009988740785,0.01791285165
2021-05-03 03:00:00,0.1267826408,0.1022158489,0.001186671201,0.01898175105
2021-05-03 04:00:00,0.1369014084,0.1103959456,0.001294973306,0.02088643238
2021-05-03 05:00:00,0.0415822044,0.03725537285,0.003056601854,0.01077142637
2021-05-03 06:00:00,0.05635780841,0.02644388564,0.001525739441,0.04304048419
2021-05-03 07:00:00,0.3114267886,0.1722436845,0.001776097808,0.1575537473
2021-05-03 08:00:00,0.134856984,0.1345653981,0.001758866245,0.07742435485
2021-05-03 09:00:00,0.1117028594,0.10850811,0.0007776679704,0.06476125121
2021-05-03 10:00:00,0.03741525486,0.0234429054,0.0002547867771,0.0283108633
2021-05-03 11:00:00,0.04379609972,0.0152078364,0.0007274853997,0.0389707163
2021-05-03 12:00:00,0.04461253062,0.02866366878,0.0005958940019,0.03485992551
2021-05-03 13:00:00,0.03339323774,0.02151742205,0.0005423913826,0.02706616744
2021-05-03 14:00:00,0.03853577375,0.01556256041,0.0004718083364,0.03297547996
2021-05-03 15:00:00,0.02958707325,0.01356476638,5.430486635e-05,0.02441403829
2021-05-03 16:00:00,0.04182085767,0.01766596362,0.001050381572,0.03474333137
2021-05-03 17:00:00,0.1044828966,0.09758627415,0.001167468959,0.06149997562
2021-05-03 18:00:00,0.1510398686,0.7509967685,0.001118491404,0.0523304455
2021-05-03 19:00:00,0.1870471537,0.1279415786,0.001513738651,0.08609973639
2021-05-03 20:00:00,0.2133037597,0.1419196576,0.001869782107,0.09512353688
2021-05-03 21:00:00,0.252635926,1.658289506e-08,0.002406059531,0.119571723
2021-05-03 22:00:00,0.23794052,0.09482508898,0.002593064914,0.09151361138
2021-05-03 23:00:00,0.2036185414,0.1208116189,0.002302346053,0.0702033788
2021-05-04 00:00:00,0.2427725941,0.1692784131,0.003277265467,0.07331809402
2021-05-04 01:00:00,0.2356366068,0.1671588421,0.00327152852,0.06177600101
2021-05-04 02:00:00,0.246069774,0.1893709451,0.002437613439,0.04437649623
2021-05-04 03:00:00,0.2862181962,0.2161193937,0.002840325469,0.05417979881
2021-05-04 04:00:00,0.2739453316,0.2026417553,0.003474670928,0.06531092525
2021-05-04 05:00:00,0.1623246968,0.1180553436,0.009549608454,0.061157763
2021-05-04 06:00:00,0.1198857427,0.05167074502,0.002548337681,0.09054345638
2021-05-04 07:00:00,0.3508511186,0.1926893443,0.002585682319,0.1877400577
2021-05-04 08:00:00,0.1674687266,0.1473339051,0.002610751428,0.1374729872
2021-05-04 09:00:00,0.1280927062,0.1110164896,0.001932401676,0.08420310915
2021-05-04 10:00:00,0.06669860333,0.03768052906,0.0009201908833,0.05221477896
2021-05-04 11:00:00,0.05475889891,0.02928728983,0.0002251542755,0.03936897963
2021-05-04 12:00:00,0.05577888712,0.03985105455,0.0003061813477,0.03884842992
2021-05-04 13:00:00,0.05337923393,0.03074725345,0.0003054836125,0.04144047201
2021-05-04 14:00:00,0.04984053224,0.01512848493,0.0008236367721,0.04817206413
2021-05-04 15:00:00,0.07160131633,0.03510710597,0.0006894335966,0.05256924033
2021-05-04 16:00:00,0.1086557731,0.07770736516,0.001831442118,0.0683888644
2021-05-04 17:00:00,0.1909522712,1.532739639,0.02986138687,0.1159098446
2021-05-04 18:00:00,0.2621819377,2.239815222e-09,1.388748144e-10,0.1029594615
2021-05-04 19:00:00,0.2549976707,1.106468694e-09,7.211034547e-11,0.1175709665
2021-05-04 20:00:00,0.2706292272,1.183007248e-09,7.396970536e-11,0.1224291027
2021-05-04 21:00:00,0.2459335625,1.308305464e-09,7.878955821e-11,0.1224394441
2021-05-04 22:00:00,0.2006601691,2.04433559e-09,9.745026314e-11,0.07925648987
2021-05-04 23:00:00,0.1501376331,0.008466016501,1.876403199e-10,0.04701819643
2021-05-05 00:00:00,0.1226208508,0.08289539069,0.0009351593326,0.03826085851
2021-05-05 01:00:00,0.1121634319,0.0836429894,0.000978530501,0.02495726198
2021-05-05 02:00:00,0.1009995043,0.08282735944,0.0009109881357,0.01657427661
2021-05-05 03:00:00,0.1037069857,0.1801246256,0.002013363643,0.01558573637
2021-05-05 04:00:00,0.1108274385,7.095217303e-09,1.498560998e-10,0.01640337147
2021-05-05 05:00:00,0.02276148833,0.009835578501,8.459608944e-05,0.02319824696
2021-05-05 06:00:00,0.03898948804,0.01275071222,0.0001628434984,0.03058434278
2021-05-05 07:00:00,0.3009325564,0.1663487107,9.63983548e-05,0.163017869
2021-05-05 08:00:00,0.139573589,0.1376915276,0.001893629087,0.0846073553
2021-05-05 09:00:00,0.1262108535,0.1123326942,0.0009679333889,0.07799292356
2021-05-05 10:00:00,0.05117381364,0.02946729213,0.0003807882313,0.0408333838
2021-05-05 11:00:00,0.03134638444,0.01338023786,0.0001365279459,0.02658239007
2021-05-05 12:00:00,0.03052802943,0.02223664522,0.0001803710766,0.02265739627
2021-05-05 13:00:00,0.02587874234,0.01890116557,0.0001604161807,0.01900012046
2021-05-05 14:00:00,0.0136569161,0.005828279071,4.214577348e-05,0.01229484193
2021-05-05 15:00:00,0.0270639956,0.01216129865,0.0008052888443,0.02634331584
2021-05-05 16:00:00,0.01956187189,0.00541752018,0.0001224667212,0.01422558352
2021-05-05 17:00:00,0.08732350916,0.08262751251,0.001094070147,0.05694872141
2021-05-05 18:00:00,0.1125564501,0.09441351891,0.001024728059,0.04454160482
2021-05-05 19:00:00,0.1444957852,0.1327364147,0.001413811115,0.06980068982
2021-05-05 20:00:00,0.187793538,0.347912401,0.003268064698,0.09505932033
2021-05-05 21:00:00,0.1759150475,0.008979986422,0.0001957715285,0.09265401214
2021-05-05 22:00:00,0.1403730214,0.1075651795,0.0016151421,0.06129908934
2021-05-05 23:00:00,0.1204905063,0.1070942581,0.001421677065,0.04793993011
2021-05-06 00:00:00,0.0637056455,0.06735135615,0.0008074942743,0.01475554146
2021-05-06 01:00:00,0.06871066988,0.07342263311,0.0007291397778,0.01470984891
2021-05-06 02:00:00,0.06812096387,0.05993317068,0.0005002611433,0.007869917899
2021-05-06 03:00:00,0.07822230458,0.06646052003,0.0006345325965,0.01119785476
2021-05-06 04:00:00,0.08414991945,0.07082940638,0.0006940066814,0.01238090452
2021-05-06 05:00:00,0.07192708552,0.0575215295,0.001889632316,0.01818502881
2021-05-06 06:00:00,0.08618096262,0.04733277112,0.0008782991208,0.04180362448
2021-05-06 07:00:00,0.2746989131,0.1593305469,0.001910620136,0.1278466433
2021-05-06 08:00:00,0.1179675758,0.1272310615,0.001740695327,0.06885718554
2021-05-06 09:00:00,0.1053069159,0.09828034043,0.001253325376,0.06615403295
2021-05-06 10:00:00,0.03579097614,0.02136025205,0.0007276260876,0.03083600104
2021-05-06 11:00:00,0.0192788858,0.009655540809,0.0001193103017,0.01690117642
2021-05-06 12:00:00,0.02981698327,0.0199578777,0.0001626919984,0.02329727076
2021-05-06 13:00:00,0.02033881657,0.0122642098,8.56857805e-05,0.01612266712
2021-05-06 14:00:00,0.005018661264,0.0008010959136,9.764086826e-06,0.004462010693
2021-05-06 15:00:00,0.01252340432,0.002880924614,2.126453001e-05,0.0117083434
2021-05-06 16:00:00,0.03747384623,0.01028426923,0.0009899309371,0.03486476466
2021-05-06 17:00:00,0.1007290334,0.7486823201,0.008185406215,0.06336825341
2021-05-06 18:00:00,0.1372723132,5.11046494e-09,2.196271776e-10,0.05098996311
2021-05-06 19:00:00,0.148451969,0.002596104983,2.834062984e-10,0.0703156814
2021-05-06 20:00:00,0.1419579685,0.02321171761,6.55790644e-10,0.07009699196
2021-05-06 21:00:00,0.1210751683,0.01248317957,0.0001924815588,0.0733852461
2021-05-06 22:00:00,0.1271110773,0.05203788728,0.0001741222804,0.06348824501
2021-05-06 23:00:00,0.09406019747,0.04835584387,0.0009642177611,0.03279920667
2021-05-07 00:00:00,0.08526819199,0.06721960008,0.001538633718,0.02840519324
2021-05-07 01:00:00,0.1042062417,0.1037740484,0.001501888037,0.03054466471
2021-05-07 02:00:00,0.1332462132,0.0984030962,0.001633020351,0.0301064644
2021-05-07 03:00:00,0.1278806776,0.09935472161,0.001607161481,0.02862383425
2021-05-07 04:00:00,0.1345432103,0.1038102731,0.001703797374,0.02925160527
2021-05-07 05:00:00,0.06407091767,0.04370317236,0.004431907088,0.03402912989
2021-05-07 06:00:00,0.05182607472,0.02186850458,0.001238299767,0.03516660631
2021-05-07 07:00:00,0.294447422,0.1715167463,0.001450494863,0.1332293749
2021-05-07 08:00:00,0.1625484973,0.154098317,0.001568710664,0.08786183596
2021-05-07 09:00:00,0.1585467458,0.1442456692,0.001227155444,0.08452405781
2021-05-07 10:00:00,0.0433627516,0.02814728022,0.0004141920072,0.03605869785
2021-05-07 11:00:00,0.0221925173,0.01159850881,0.0001335372217,0.02004293166
2021-05-07 12:00:00,0.04385415092,0.03326591477,0.0002063122811,0.02920659073
2021-05-07 13:00:00,0.04846021906,0.03037802875,0.0009815494996,0.03960782662
2021-05-07 14:00:00,0.04197846726,0.01719429903,0.00053184852,0.03620934114
2021-05-07 15:00:00,0.03496778756,0.2066275328,0.006392785348,0.03371943161
2021-05-07 16:00:00,0.05875103548,0.3781116307,0.001039557043,0.05021231249
2021-05-07 17:00:00,0.1359737813,4.266570652e-09,2.261554971e-10,0.086370565
2021-05-07 18:00:00,0.1859106272,0.003056863789,3.450996711e-10,0.07023639232
2021-05-07 19:00:00,0.181014061,0.03623856604,0.0004631298943,0.0902377367
2021-05-07 20:00:00,0.1953797787,0.07335415483,0.0006557775196,0.09307327121
2021-05-07 21:00:00,0.2008701414,0.1279070526,0.001659531728,0.1060491428
2021-05-07 22:00:00,0.1814222783,0.167724818,0.001805962063,0.07831651717
2021-05-07 23:00:00,0.1385234147,0.1319246292,0.001209837617,0.04501446337
2021-05-08 00:00:00,0.1938484609,0.1365466118,0.001802913379,0.05953700095
2021-05-08 01:00:00,0.1520862728,0.1187752634,0.002014141995,0.03339013085
2021-05-08 02:00:00,0.1522455662,0.1147497967,0.003194749821,0.04235729948
2021-05-08 03:00:00,0.1225087941,0.0935517773,0.001469079638,0.03136865795
2021-05-08 04:00:00,0.1637578458,0.1590649635,0.001617220696,0.02984042093
2021-05-08 05:00:00,0.03558365628,0.001595823327,2.464066728e-10,0.01128733996
2021-05-08 06:00:00,0.01774023473,0.01262758486,6.110187678e-05,0.007694015279
2021-05-08 07:00:00,0.2504188716,0.1691548377,0.002998197684,0.1840237081
2021-05-08 08:00:00,0.3717726469,0.272215873,0.004141281825,0.1639137417
2021-05-08 09:00:00,0.1349583417,0.08005270362,0.005327269901,0.1049631909
2021-05-08 10:00:00,0.08975051343,0.0461701043,0.002453023801,0.06945818663
2021-05-08 11:00:00,0.05209334567,0.03042808548,0.000797030516,0.04109425843
2021-05-08 12:00:00,0.02621629648,0.005826686509,0.0001147939183,0.02433710732
2021-05-08 13:00:00,0.02889690921,0.01290424541,0.00067118078,0.02578192018
2021-05-08 14:00:00,0.02049577981,0.009546139278,4.573261685e-05,0.01654014364
2021-05-08 15:00:00,0.04936397448,0.03205806389,0.0001470594871,0.02542925999
2021-05-08 16:00:00,0.05607800186,0.1625567675,0.002297760453,0.03860246018
2021-05-08 17:00:00,0.1090062186,0.01653754897,0.0001763376931,0.05556774512
2021-05-08 18:00:00,0.08047477901,0.08562894911,0.00119895651,0.05244229734
2021-05-08 19:00:00,0.1361196339,0.8867448568,0.008753797039,0.08723340929
2021-05-08 20:00:00,0.1568048894,3.276644511e-09,2.512341724e-10,0.09531814605
2021-05-08 21:00:00,0.2215065807,2.734820814e-09,3.447432895e-10,0.1154066771
2021-05-08 22:00:00,0.2524483502,2.808101973e-09,0.001211885246,0.1154903248
2021-05-08 23:00:00,0.1883972585,0.002862921217,0.004102814011,0.05318132788
2021-05-09 00:00:00,0.1942935437,0.1260506809,0.00314589683,0.03783721849
2021-05-09 01:00:00,0.2064166963,0.1348084807,0.00352661917,0.0409995541
2021-05-09 02:00:00,0.1784937233,0.1385456771,0.003578390926,0.03149735555
2021-05-09 03:00:00,0.1951187551,0.1501296312,0.001862445381,0.03213740885
2021-05-09 04:00:00,0.2449066639,0.1810813397,0.003895860631,0.05702860653
2021-05-09 05:00:00,0.1514011621,0.1134147793,0.00122405705,0.03545876592
2021-05-09 06:00:00,0.06142473593,0.04600804299,0.001163432724,0.02014407516
2021-05-09 07:00:00,0.2422749251,0.1337016523,0.003097158391,0.2266331017
2021-05-09 08:00:00,0.2475672513,0.1975512505,0.00244590966,0.09232894331
2021-05-09 09:00:00,0.07570111006,0.05260047317,0.003498411505,0.0593713671
2021-05-09 10:00:00,0.06147867441,0.04160713032,0.001395945088,0.04434293136
2021-05-09 11:00:00,0.05853390694,0.03691341728,0.000813652412,0.04456334189
2021-05-09 12:00:00,0.03028068878,0.008791241795,0.0003930480452,0.02664278075
2021-05-09 13:00:00,0.02335312404,0.01428487431,0.0004573714104,0.01826019958
2021-05-09 14:00:00,0.0165172182,0.009444322437,0.0003956562141,0.01292518061
2021-05-09 15:00:00,0.06541023403,0.03897444159,0.0005234489217,0.02844380401
2021-05-09 16:00:00,0.0577554293,0.06492300332,0.0008998704143,0.03866056725
2021-05-09 17:00:00,0.1336332709,0.1254911423,0.001507376553,0.06631980836
2021-05-09 18:00:00,0.09750169516,0.08968813717,0.001247050473,0.06101499125
2021-05-09 19:00:00,0.1039971709,0.3195315897,0.0009166121017,0.05972841382
2021-05-09 20:00:00,0.1608410627,0.02736040391,0.001342951087,0.08956363797
2021-05-09 21:00:00,0.1830297112,0.06927380711,0.001341125811,0.09287986159
2021-05-09 22:00:00,0.1706873477,0.2511350513,0.001077824272,0.07534458488
2021-05-09 23:00:00,0.2098449618,0.1012974828,0.004043840803,0.06497052312
2021-05-10 00:00:00,0.2344997674,0.1522255093,0.003538356163,0.06369867921
2021-05-10 01:00:00,0.2354751676,0.1653510332,0.003045627847,0.05659750849
2021-05-10 02:00:00,0.2594887912,0.1901541352,0.002993248403,0.05551726371
2021-05-10 03:00:00,0.2575201094,0.1883188039,0.003150947392,0.0811913982
2021-05-10 04:00:00,0.2534022629,0.194865346,0.00245804945,0.04570010304
2021-05-10 05:00:00,0.08502270281,0.05971488357,0.00992792286,0.04513331503
2021-05-10 06:00:00,0.06247812137,0.02622398175,0.001279174932,0.04339225218
2021-05-10 07:00:00,0.2707731128,0.1468772441,0.002945224987,0.1580586582
2021-05-10 08:00:00,0.1080061421,0.1174516752,0.001126761781,0.05775334314
2021-05-10 09:00:00,0.07332021743,0.07902184129,0.001046333578,0.0439180769
2021-05-10 10:00:00,0.02464862354,0.01607466117,0.0006226086989,0.02111171745
2021-05-10 11:00:00,0.01723783277,0.01182878111,0.0001108568904,0.0121402517
2021-05-10 12:00:00,0.02473491244,0.0169141572,0.0006348168245,0.02045440301
2021-05-10 13:00:00,0.006127586123,0.005678795278,4.737992276e-05,0.00456358958
2021-05-10 14:00:00,0.009285114706,0.003758088686,3.165020098e-05,0.008358132094
2021-05-10 15:00:00,0.007554086391,0.003713641549,1.308780247e-05,0.006026787683
2021-05-10 16:00:00,0.01690182649,0.005218053702,0.0003157263272,0.01402552705
2021-05-10 17:00:00,0.07627806067,0.07505182177,0.001146583585,0.04849211872
2021-05-10 18:00:00,0.1254676282,0.1018208712,0.0009690209408,0.04248388484
2021-05-10 19:00:00,0.129398793,0.1247594804,0.001225355081,0.05656737462
2021-05-10 20:00:00,0.1533919275,0.1264193654,0.001160856336,0.07118049264
2021-05-10 21:00:00,0.1545048952,0.1270253211,0.001314387424,0.09167143703
2021-05-10 22:00:00,0.1241354942,0.126268968,0.001408905955,0.06014749035
2021-05-10 23:00:00,0.09949681908,0.09982988238,0.001456048805,0.0427880697
2021-05-11 00:00:00,0.07509625703,0.0819863081,0.0009423217271,0.01570751891
2021-05-11 01:00:00,0.1004761979,0.09954530001,0.001076984685,0.01841379702
2021-05-11 02:00:00,0.1106925458,0.09320299327,0.0009967121296,0.01381705143
2021-05-11 03:00:00,0.1374756992,0.1120150387,0.0013929368,0.02084906027
2021-05-11 04:00:00,0.1585693955,0.1254998296,0.001530449255,0.0248237364
2021-05-11 05:00:00,0.05314356834,0.0308843907,0.005235356744,0.03734828532
2021-05-11 06:00:00,0.03627946228,0.01041567978,0.001255919575,0.03342321888
2021-05-11 07:00:00,0.2542873025,0.1355440319,0.001355636166,0.1288329363
2021-05-11 08:00:00,0.1145179123,0.1242638826,0.001670941012,0.06427653879
2021-05-11 09:00:00,0.08006079495,0.0843603909,0.001016776194,0.04732278734
2021-05-11 10:00:00,0.02807569131,0.01879153959,0.000639887352,0.02268303372
2021-05-11 11:00:00,0.02265062742,0.01238133293,0.0004908187548,0.01849268191
2021-05-11 12:00:00,0.009496992454,0.01151398849,0.0001024854428,0.005665397272
2021-05-11 13:00:00,0.006642689463,0.008946130984,4.328450086e-05,0.003186026588
2021-05-11 14:00:00,6.685347034e-05,1.82157637e-05,3.775070354e-06,0.0001810126414
2021-05-11 15:00:00,0.009835196659,0.002645395929,0.0005011755275,0.010162374
2021-05-11 16:00:00,0.01005460788,0.09490280598,0.0005348824197,0.009592082351
2021-05-11 17:00:00,0.06181048974,1.875413179,0.02587362006,0.03529625013
2021-05-11 18:00:00,0.09322798997,2.053078818e-09,1.245272496e-10,0.0441173315
2021-05-11 19:00:00,0.1741082817,1.131339022e-09,7.173105165e-11,0.0838631317
2021-05-11 20:00:00,0.1721114516,1.073625411e-09,7.400900726e-11,0.09013776481
2021-05-11 21:00:00,0.1674056947,1.012278816e-09,7.85306889e-11,0.1000314876
2021-05-11 22:00:00,0.1738343388,1.182901666e-09,9.741162044e-11,0.07686234266
2021-05-11 23:00:00,0.1581206322,1.80183235e-09,1.91954147e-10,0.05715211108
2021-05-12 00:00:00,0.1546194702,2.549942923e-09,0.001089621685,0.03990862891
2021-05-12 01:00:00,0.1643149555,0.01051730197,0.00111502083,0.04109330848
2021-05-12 02:00:00,0.1626588851,0.06575542688,0.001367314486,0.02594228089
2021-05-12 03:00:00,0.1646662503,0.2034612894,0.002900870051,0.02648957819
2021-05-12 04:00:00,0.1666030586,8.843422883e-09,1.691133067e-10,0.02706968598
2021-05-12 05:00:00,0.05438505858,0.0325428769,0.0004282386799,0.02798324451
2021-05-12 06:00:00,0.04275119305,0.01272391248,0.0003237429482,0.02981911227
2021-05-12 07:00:00,0.2998867631,0.09130264074,0.0001370794489,0.1514043808
2021-05-12 08:00:00,0.1237855256,0.02221421339,0.001721914858,0.07340287417
2021-05-12 09:00:00,0.1052097455,0.09900381416,0.0006778240786,0.0588122718
2021-05-12 10:00:00,0.03248881549,0.02039030008,0.0002845857816,0.02532441728
2021-05-12 11:00:00,0.01001778804,0.006529213395,9.157693421e-05,0.00819439441
2021-05-12 12:00:00,0.008682176471,0.01033010613,0.000116285577,0.006330380216
2021-05-12 13:00:00,0.003452344099,0.004992379807,6.772657798e-05,0.002786611207
2021-05-12 14:00:00,0.001841198653,0.002115154173,2.815696644e-05,0.001857951167
2021-05-12 15:00:00,0.01394840889,0.01267280988,0.001131354249,0.01369621884
2021-05-12 16:00:00,0.02325580269,0.004251184408,0.0001333572291,0.01859114692
2021-05-12 17:00:00,0.08656976372,0.08305998892,0.001016176306,0.05112386867
2021-05-12 18:00:00,0.1431631595,0.1102925092,0.000981753692,0.04813708737
2021-05-12 19:00:00,0.133762911,0.1236638725,0.001194929238,0.05930115283
2021-05-12 20:00:00,0.1338664889,0.2173153013,0.002394519746,0.06311003119
2021-05-12 21:00:00,0.1143547818,0.009726192802,0.0001067700141,0.06935283542
2021-05-12 22:00:00,0.105038844,0.107158646,0.001428900519,0.0570573844
2021-05-12 23:00:00,0.08043695986,0.07877415419,0.00125913322,0.03654097766
2021-05-13 00:00:00,0.06458636373,0.06533332914,0.0007200982654,0.02203870751
2021-05-13 01:00:00,0.06412159652,0.07051908225,0.000746670994,0.01464887522
2021-05-13 02:00:00,0.06456340104,0.05733383447,0.000556377985,0.009247512557
2021-05-13 03:00:00,0.08330136538,0.06882058084,0.0006026423071,0.01706579886
2021-05-13 04:00:00,0.1000894904,0.08246901631,0.0008682167972,0.0211591702
2021-05-13 05:00:00,0.1076176688,0.08211062849,0.001565579558,0.02860844135
2021-05-13 06:00:00,0.118741706,0.08008611202,0.001872392371,0.0406241864
2021-05-13 07:00:00,0.3465964794,0.2068799436,0.00127429259,0.1392567754
2021-05-13 08:00:00,0.1967374384,0.1796249896,0.002349924063,0.1030872241
2021-05-13 09:00:00,0.1577466577,0.1376536041,0.001613523113,0.08935321867
2021-05-13 10:00:00,0.07021184266,0.04325811565,0.0008658640436,0.05239747465
2021-05-13 11:00:00,0.03352821618,0.01269596815,0.0005956551759,0.03200792521
2021-05-13 12:00:00,0.03563609347,0.02256008796,0.0006075017154,0.02943368442
2021-05-13 13:00:00,0.03072636016,0.01864071749,0.00067096157,0.02715906687
2021-05-13 14:00:00,0.03052918427,0.01128974278,0.0004552267201,0.02814344876
2021-05-13 15:00:00,0.04110573232,0.01975872926,0.0004471905413,0.03145489469
2021-05-13 16:00:00,0.05843189359,0.02989906445,0.001001442899,0.04513916746
2021-05-13 17:00:00,0.1194445342,0.8777065873,0.009123455733,0.07381808758
2021-05-13 18:00:00,0.1832341552,5.245925028e-09,2.575544777e-10,0.06231330708
2021-05-13 19:00:00,0.1927183717,0.005765435752,3.299263918e-10,0.07755069435
2021-05-13 20:00:00,0.1984909624,0.05443185195,6.610534897e-10,0.08150326461
2021-05-13 21:00:00,0.1902342439,0.05767557397,0.0001936979825,0.08851994574
2021-05-13 22:00:00,0.1715221554,0.06348708272,0.0003389069752,0.07064051181
2021-05-13 23:00:00,0.1247197837,0.07253926992,0.001532532042,0.04533518106
2021-05-14 00:00:00,0.09375075251,0.0781981796,0.001241445541,0.02282542735
2021-05-14 01:00:00,0.1181001589,0.1083696559,0.001262924401,0.03130359575
2021-05-14 02:00:00,0.08921213448,0.0749033317,0.0009678291972,0.0164441634
2021-05-14 03:00:00,0.09599666297,0.08034361899,0.0009530451498,0.01513653062
2021-05-14 04:00:00,0.1103161424,0.08522111923,0.001634668675,0.02846243605
2021-05-14 05:00:00,0.0384083651,0.03039504774,0.003565670457,0.01840706915
2021-05-14 06:00:00,0.05110208318,0.01895237155,0.00107883499,0.03710201383
2021-05-14 07:00:00,0.2664083838,0.1523532122,0.00159070408,0.1327910274
2021-05-14 08:00:00,0.1084916741,0.1171324626,0.001803356921,0.06587069482
2021-05-14 09:00:00,0.09348940849,0.0952424705,0.0007371903048,0.05264586955
2021-05-14 10:00:00,0.0272938665,0.01988345757,0.0003200080246,0.02240058593
2021-05-14 11:00:00,0.0184960179,0.008878365159,0.0001266487961,0.0166339837
2021-05-14 12:00:00,0.02643932402,0.02129638754,0.0001599104289,0.01649276353
2021-05-14 13:00:00,0.01384206209,0.01315941289,0.000130322107,0.009625335224
2021-05-14 14:00:00,0.01146202162,0.008059437387,3.029236723e-05,0.008688274771
2021-05-14 15:00:00,0.01060068328,0.1356449276,0.004518126138,0.007506834809
2021-05-14 16:00:00,0.03838248178,0.2745441198,0.0007634552894,0.02745938487
2021-05-14 17:00:00,0.1092019826,3.928986025e-09,2.159839807e-10,0.06918908656
2021-05-14 18:00:00,0.1954230517,0.01047720946,3.176485464e-10,0.0737054944
2021-05-14 19:00:00,0.1467555165,0.02307706326,0.0001557437936,0.07666843385
2021-05-14 20:00:00,0.1525454074,0.08773370832,0.000520686619,0.07754087448
2021-05-14 21:00:00,0.1317430139,0.1084174588,0.001329289167,0.07947553694
2021-05-14 22:00:00,0.09922331572,0.09826406837,0.001227486646,0.05210709944
2021-05-14 23:00:00,0.06265677512,0.06207860634,0.001042616204,0.03145033494
2021-05-15 00:00:00,0.0723895058,0.05581024289,0.001896850881,0.01528062578
2021-05-15 01:00:00,0.07617848366,0.05791287869,0.001540753525,0.02517357469
2021-05-15 02:00:00,0.05821288377,0.04629900679,0.001520520309,0.01853584684
2021-05-15 03:00:00,0.05897369608,0.05149165913,0.0006578782923,0.01025402453
2021-05-15 04:00:00,0.06867233664,0.09802889824,0.00137348962,0.01163808163
2021-05-15 05:00:00,0.05309614167,1.103371972e-08,3.161906015e-10,0.02053413354
2021-05-15 06:00:00,0.003651815467,0.003073743312,0.0001211284398,0.001822943916
2021-05-15 07:00:00,0.1483233422,0.1082415134,0.001402650028,0.1160240546
2021-05-15 08:00:00,0.1915984452,0.1568694264,0.001348973135,0.05973514542
2021-05-15 09:00:00,0.05397327617,0.03587319702,0.0009862831794,0.03998531029
2021-05-15 10:00:00,0.04526065663,0.02525196783,0.0007792530814,0.03586648405
2021-05-15 11:00:00,0.04004774988,0.02024353482,0.0007556204218,0.03489019722
2021-05-15 12:00:00,0.02791512758,0.007104768418,0.0005858206423,0.02758060209
2021-05-15 13:00:00,0.02497561835,0.01242384315,0.0006857682019,0.02405093797
2021-05-15 14:00:00,0.02472374216,0.01082222443,0.0005296504823,0.0229092557
2021-05-15 15:00:00,0.06121297926,0.1977296919,0.0001951320883,0.0243374221
2021-05-15 16:00:00,0.0676349625,0.01284878701,0.002867293777,0.05039729923
2021-05-15 17:00:00,0.1479584575,0.03486087918,0.0002194931149,0.07528057694
2021-05-15 18:00:00,0.1248442978,0.2185307741,0.001505638356,0.08247938007
2021-05-15 19:00:00,0.1483106911,0.6027595401,0.007394877262,0.09940691292
2021-05-15 20:00:00,0.1724733561,4.536140796e-09,2.415039835e-10,0.0945597589
2021-05-15 21:00:00,0.2327092439,5.801759517e-09,3.496934409e-10,0.1130080521
2021-05-15 22:00:00,0.2424070835,0.002570453333,0.001103575923,0.1098589599
2021-05-15 23:00:00,0.1934638917,0.1170060262,0.00307266484,0.0561750792
2021-05-16 00:00:00,0.1856368631,0.1369521469,0.003357740585,0.03967653587
2021-05-16 01:00:00,0.1719018817,0.1331269145,0.003105330281,0.03338116407
2021-05-16 02:00:00,0.1283596605,0.1037322208,0.002801374532,0.02170629054
2021-05-16 03:00:00,0.1144765243,0.09389895946,0.001124597737,0.01647575386
2021-05-16 04:00:00,0.1358525753,0.1103677452,0.00138825085,0.0204557851
2021-05-16 05:00:00,0.06849014014,0.05865796655,0.0006873624516,0.009204851463
2021-05-16 06:00:00,0.04831743985,0.03145381063,0.001017653383,0.02750724927
2021-05-16 07:00:00,0.1882939786,0.1104448512,0.002062154934,0.1711032838
2021-05-16 08:00:00,0.1898340732,0.1552135348,0.001769038383,0.06103458628
2021-05-16 09:00:00,0.06045001373,0.03585604578,0.001080344315,0.04859169945
2021-05-16 10:00:00,0.06191128865,0.03301379085,0.0007644768339,0.04685197398
2021-05-16 11:00:00,0.05455164611,0.02898866683,0.0006591482088,0.0426399
2021-05-16 12:00:00,0.04215022549,0.01492614578,0.0005026322324,0.03505826741
2021-05-16 13:00:00,0.03023972549,0.01450656354,0.0003973967396,0.02520740218
2021-05-16 14:00:00,0.03033585288,0.01576652378,0.0004181028053,0.02462659776
2021-05-16 15:00:00,0.08068648726,0.04715180025,0.0005474635982,0.03530054539
2021-05-16 16:00:00,0.05941216648,0.0612831004,0.0008594070678,0.04193891585
2021-05-16 17:00:00,0.1522438079,0.1304277182,0.00154842122,0.07993014157
2021-05-16 18:00:00,0.1051643416,0.08794445544,0.001187270856,0.06675047427
2021-05-16 19:00:00,0.1275734454,0.1039510518,0.001344097545,0.08252871782
2021-05-16 20:00:00,0.171581164,0.2721607387,0.001823249157,0.09619534016
2021-05-16 21:00:00,0.2369938791,0.07409689575,0.002297014464,0.1166515648
2021-05-16 22:00:00,0.2140187621,0.1316214651,0.002125529107,0.0967580229
2021-05-16 23:00:00,0.1595842987,0.1254811883,0.002402091864,0.0311418362
2021-05-17 00:00:00,0.1802904457,0.1474538893,0.002740436234,0.06420600414
2021-05-17 01:00:00,0.1738696843,0.1532103121,0.00185460248,0.03305199742
2021-05-17 02:00:00,0.1620914936,0.1292103231,0.001516026794,0.02412246168
2021-05-17 03:00:00,0.1658694595,0.1315295398,0.001574822236,0.02550406195
2021-05-17 04:00:00,0.1499967426,0.1201498359,0.001425782684,0.02207818441
2021-05-17 05:00:00,0.1017880067,0.08054933697,0.006667895243,0.03073763847
2021-05-17 06:00:00,0.05811868235,0.02078132704,0.001474973047,0.05385734886
2021-05-17 07:00:00,0.2569960952,0.142374292,0.001695148414,0.1262461841
2021-05-17 08:00:00,0.1328140646,0.2310334444,0.002106000204,0.08158402145
2021-05-17 09:00:00,0.1598136425,0.03199123219,0.001668701414,0.1007140651
2021-05-17 10:00:00,0.0581192039,0.0364546515,0.0005115175154,0.04440195486
2021-05-17 11:00:00,0.0370044075,0.01810215414,0.0001302410092,0.02883863822
2021-05-17 12:00:00,0.02933812886,0.05687612668,0.0001430691773,0.01867034845
2021-05-17 13:00:00,0.04885740951,0.0004216063535,0.0003649545833,0.03785339743
2021-05-17 14:00:00,0.03802365065,0.0178390909,7.704559539e-05,0.02979564294
2021-05-17 15:00:00,0.04916643351,0.01928800717,0.0007660999545,0.04258848727
2021-05-17 16:00:00,0.03684920073,0.01864515059,0.0009732926846,0.0288798511
2021-05-17 17:00:00,0.1101100668,0.1016139612,0.001184631605,0.06651972234
2021-05-17 18:00:00,0.1840631664,0.1340070963,0.001222438994,0.06259087473
2021-05-17 19:00:00,0.1886889488,0.1603714228,0.001687068841,0.08901960403
2021-05-17 20:00:00,0.2107268721,0.1783927381,0.001980589237,0.09207466245
2021-05-17 21:00:00,0.2000689656,0.1740593314,0.002023763955,0.09913014621
2021-05-17 22:00:00,0.1707006991,0.1649518758,0.001831856323,0.06840096414
2021-05-17 23:00:00,0.1237203851,0.1176958382,0.001185767469,0.04110330343
2021-05-18 00:00:00,0.09988923371,0.09659187496,0.001131226774,0.02187839523
2021-05-18 01:00:00,0.1150322855,0.1082083285,0.001247304142,0.02311062254
2021-05-18 02:00:00,0.1240508929,0.1026988029,0.001253008842,0.01912232675
2021-05-18 03:00:00,0.1269136816,0.1044005007,0.001299400697,0.0198877994
2021-05-18 04:00:00,0.1313126832,0.1061173454,0.001265530824,0.01914703101
2021-05-18 05:00:00,0.02232943289,0.02111578733,0.004035273101,0.009851920418
2021-05-18 06:00:00,0.04655873403,0.01811979525,0.0008401148953,0.04769431055
2021-05-18 07:00:00,0.2455907464,0.1347154379,0.001725965063,0.1247411147
2021-05-18 08:00:00,0.1097135022,0.1122923791,0.001486243098,0.06599342078
2021-05-18 09:00:00,0.09421095997,0.08456349373,0.0009716789937,0.05891523138
2021-05-18 10:00:00,0.04209410399,0.02041279525,0.0006218872149,0.0368665047
2021-05-18 11:00:00,0.0311659053,0.01171737537,0.0004694493837,0.02931386419
2021-05-18 12:00:00,0.040492028,0.02063380182,0.0004953856114,0.03399024904
2021-05-18 13:00:00,0.02930811048,0.01468750555,0.0003786335583,0.02432927303
2021-05-18 14:00:00,0.02315838262,0.008539750241,0.0004377606092,0.02201087773
2021-05-18 15:00:00,0.01746828668,0.008907072246,0.0004561761161,0.01584821753
2021-05-18 16:00:00,0.04178580269,0.04049892724,0.0007701523136,0.03261731938
2021-05-18 17:00:00,0.09361141175,1.364890814,0.02321401238,0.05389976129
2021-05-18 18:00:00,0.1303638816,2.121317122e-09,1.244818693e-10,0.05123112351
2021-05-18 19:00:00,0.1719710827,1.112583026e-09,7.172681199e-11,0.08331015706
2021-05-18 20:00:00,0.1846925467,1.044089037e-09,7.40836073e-11,0.09257235378
2021-05-18 21:00:00,0.1732415557,1.067911315e-09,7.860070234e-11,0.0993205905
2021-05-18 22:00:00,0.1755722463,1.454702359e-09,9.747502805e-11,0.07473979145
2021-05-18 23:00:00,0.150193125,2.305809987e-09,1.864133847e-10,0.04721555486
2021-05-19 00:00:00,0.1140045747,0.02041508816,0.0007160763489,0.03019551188
2021-05-19 01:00:00,0.1254845411,0.08684936911,0.0009508234798,0.03346360102
2021-05-19 02:00:00,0.1082623228,0.07880248874,0.0009213933954,0.03015492298
2021-05-19 03:00:00,0.1213541105,0.1809741855,0.002101597376,0.02763818204
2021-05-19 04:00:00,0.1210489497,0.002509517595,1.751653128e-10,0.02620172873
2021-05-19 05:00:00,0.07314734906,0.05253142864,0.0005838735378,0.02046095766
2021-05-19 06:00:00,0.05238386244,0.01952446811,0.0001560057281,0.03674927726
2021-05-19 07:00:00,0.2400478125,0.08022734523,4.709034692e-05,0.1146805361
2021-05-19 08:00:00,0.1022853628,0.1118581519,0.001443666406,0.05366865546
2021-05-19 09:00:00,0.07003873587,0.07667966187,0.0005490534822,0.03814004734
2021-05-19 10:00:00,0.03175881505,0.01626985148,0.0002566405747,0.02808757871
2021-05-19 11:00:00,0.01578271762,0.005160904955,0.0001016354581,0.01501693204
2021-05-19 12:00:00,0.03592554107,0.01842273958,0.0001529447763,0.027810473
2021-05-19 13:00:00,0.01792419329,0.0107922852,0.000105393905,0.01530417241
2021-05-19 14:00:00,0.005835530348,0.005685082637,1.244933173e-05,0.003156098537
2021-05-19 15:00:00,0.002758464776,0.006649624556,0.0007414376014,0.00110106857
2021-05-19 16:00:00,0.0292641446,0.003962064162,0.0001546368148,0.0268471092
2021-05-19 17:00:00,0.07232978195,0.07609466463,0.000896231737,0.04399425164
2021-05-19 18:00:00,0.1108011082,0.09414449334,0.0008988726768,0.03759751841
2021-05-19 19:00:00,0.1401078999,0.5537254214,0.001292901463,0.06408405304
2021-05-19 20:00:00,0.1619088203,0.06961793453,0.003054347122,0.07961868495
2021-05-19 21:00:00,0.1754917204,4.604588266e-09,0.0002813189349,0.09372080117
2021-05-19 22:00:00,0.1549752355,0.04972492903,0.001803558203,0.06813456863
2021-05-19 23:00:00,0.1440931857,0.08974203467,0.001828407752,0.04527229816
2021-05-20 00:00:00,0.1253029555,0.09848040342,0.001426011324,0.02371122688
2021-05-20 01:00:00,0.145691663,0.1339302212,0.001539367833,0.02784307674
2021-05-20 02:00:00,0.1079693437,0.08942819387,0.00103274174,0.01498878375
2021-05-20 03:00:00,0.1318636686,0.1071342155,0.001292371075,0.02077239938
2021-05-20 04:00:00,0.1499157846,0.1189426333,0.001406700118,0.02274416201
2021-05-20 05:00:00,0.0223250594,0.0105850473,0.003534187563,0.02119204774
2021-05-20 06:00:00,0.03379511833,0.009807008319,0.001133264857,0.02955936082
2021-05-20 07:00:00,0.2689221501,0.1427869201,0.001413716469,0.1313928515
2021-05-20 08:00:00,0.111830093,0.108852081,0.001539464458,0.06755965203
2021-05-20 09:00:00,0.09267581999,0.08270812035,0.001014309586,0.05757026747
2021-05-20 10:00:00,0.03744474798,0.01691470481,0.0006718258373,0.03384379297
2021-05-20 11:00:00,0.02534347214,0.0112066092,0.000492119696,0.02017034031
2021-05-20 12:00:00,0.01808195561,0.01279717125,0.0004617169616,0.01449942682
2021-05-20 13:00:00,0.0102018062,0.007618792355,0.0003265596461,0.008973405696
2021-05-20 14:00:00,0.01045245584,0.006436794531,0.0003672907187,0.009723675437
2021-05-20 15:00:00,0.01325628906,0.007746457122,0.0003801418061,0.01107552368
2021-05-20 16:00:00,0.02181691676,0.007849724963,0.000644676853,0.01846332662
2021-05-20 17:00:00,0.05557272583,0.6951501966,0.00697824778,0.03242477775
2021-05-20 18:00:00,0.06415630877,4.992926073e-09,2.253500858e-10,0.02912725322
2021-05-20 19:00:00,0.1300171763,0.002707736567,2.892414641e-10,0.05340423062
2021-05-20 20:00:00,0.1432181895,0.03682790697,6.558725785e-10,0.06878174096
2021-05-20 21:00:00,0.1425605863,0.001874006237,0.0002506667806,0.08513382077
2021-05-20 22:00:00,0.1240302771,0.02779273689,0.0004047100374,0.06202751398
2021-05-20 23:00:00,0.09158477932,0.05379499495,0.001022056676,0.02887161076
2021-05-21 00:00:00,0.090452075,0.0734270066,0.00108321046,0.01660011709
2021-05-21 01:00:00,0.1181957945,0.0929640159,0.0013256456,0.02330294065
2021-05-21 02:00:00,0.1337378323,0.1079980433,0.001355175045,0.02302874625
2021-05-21 03:00:00,0.1588809341,0.1251756102,0.001433189027,0.03383465484
2021-05-21 04:00:00,0.1374780089,0.1095984504,0.00145061675,0.02298022434
2021-05-21 05:00:00,0.05471416563,0.04430455714,0.004733391572,0.0240728762
2021-05-21 06:00:00,0.04997058585,0.01976824179,0.001223347615,0.03404113278
2021-05-21 07:00:00,0.2725974917,0.1381792873,0.001353875967,0.1378851086
2021-05-21 08:00:00,0.1050290912,0.1045982912,0.001441451255,0.06278321892
2021-05-21 09:00:00,0.08212451637,0.07269384712,0.0009480714798,0.0532928668
2021-05-21 10:00:00,0.02533867583,0.01119208802,0.0005207764334,0.02311488986
2021-05-21 11:00:00,0.0266089607,0.01026046369,0.0004107645364,0.02291713469
2021-05-21 12:00:00,0.02595022134,0.0139963869,0.0004006905947,0.02083223127
2021-05-21 13:00:00,0.01389034931,0.007949712686,0.0002645702916,0.01107600983
2021-05-21 14:00:00,0.01187875401,0.004378017969,0.0002655149146,0.01033315342
2021-05-21 15:00:00,0.0118265152,0.2198724896,0.00382116111,0.01105354633
2021-05-21 16:00:00,0.008883491158,0.1545543969,0.0003267714055,0.007551794872
2021-05-21 17:00:00,0.05476623774,3.880787247e-09,2.154682682e-10,0.03048856184
2021-05-21 18:00:00,0.07053818554,0.002468929626,3.081480904e-10,0.02755168453
2021-05-21 19:00:00,0.1183529794,0.03078425117,4.966490815e-05,0.04540545866
2021-05-21 20:00:00,0.1297019422,0.2159591317,0.0003060041345,0.05966749787
2021-05-21 21:00:00,0.1274968833,0.0348579213,0.001325300313,0.07681874186
2021-05-21 22:00:00,0.1171644181,0.02714497223,0.001438003965,0.06129739806
2021-05-21 23:00:00,0.07230646163,0.02992432937,0.001519203652,0.03427454829
2021-05-22 00:00:00,0.09134575725,0.09094211459,0.0005680231261,0.01544213016
2021-05-22 01:00:00,0.1452011615,0.1046450883,0.001133721904,0.02557398751
2021-05-22 02:00:00,0.1085707769,0.09261669219,0.001187415095,0.01701666787
2021-05-22 03:00:00,0.1480818093,0.1205303892,0.001345335739,0.02265859768
2021-05-22 04:00:00,0.170400098,0.135460183,0.001900216914,0.02649203129
2021-05-22 05:00:00,0.005083198659,0.003397688968,2.362330331e-10,0.002831079764
2021-05-22 06:00:00,0.01727050729,0.01113811787,3.37627057e-06,0.007729267702
2021-05-22 07:00:00,0.1372940689,0.0933290273,0.001054044231,0.1078047752
2021-05-22 08:00:00,0.1398119628,0.1227857172,0.0006189410342,0.0345842056
2021-05-22 09:00:00,0.03271590546,0.02192331478,0.000968462904,0.0274401214
2021-05-22 10:00:00,0.0355630368,0.0211194437,0.0006047975039,0.02763587236
2021-05-22 11:00:00,0.03388211876,0.01912583597,0.0005798257189,0.02755593881
2021-05-22 12:00:00,0.01858468726,0.003019834869,0.000364863954,0.01884769648
2021-05-22 13:00:00,0.01609006524,0.004699434154,0.0003012265661,0.01552136708
2021-05-22 14:00:00,0.01300509926,0.004374502227,0.0002929602051,0.0122568924
2021-05-22 15:00:00,0.04624955356,0.02697966062,0.0004186811566,0.02079928853
2021-05-22 16:00:00,0.03924008086,0.1199915633,0.001678155037,0.02850356698
2021-05-22 17:00:00,0.09402014315,0.01561743673,9.725068958e-05,0.04948193952
2021-05-22 18:00:00,0.06010433659,0.06246372312,0.0007994701155,0.03789000586
2021-05-22 19:00:00,0.06434353441,0.3420417607,0.003784561995,0.0389919132
2021-05-22 20:00:00,0.07732243091,4.913886187e-09,2.164084606e-10,0.04573894292
2021-05-22 21:00:00,0.09734005481,0.001407960663,2.791318288e-10,0.05605163053
2021-05-22 22:00:00,0.07657278329,0.01553508826,0.0002465533616,0.04878297821
2021-05-22 23:00:00,0.07238040119,0.1129835248,0.0004350015661,0.01885249466
2021-05-23 00:00:00,0.1147081181,2.122550136e-08,0.0005958300317,0.02791132592
2021-05-23 01:00:00,0.1156336069,0.08342488855,0.0007288483321,0.02152116224
2021-05-23 02:00:00,0.1604061574,0.1240847856,0.003359572496,0.03207621723
2021-05-23 03:00:00,0.155569911,0.1236393079,0.001503804931,0.02337011322
2021-05-23 04:00:00,0.1399929076,0.1149612218,0.001407206757,0.02014805935
2021-05-23 05:00:00,0.003192261793,0.00110240886,0.0001006171151,0.001799058751
2021-05-23 06:00:00,0.02268098108,0.009837900288,7.142278435e-11,0.01406251546
2021-05-23 07:00:00,0.1186290607,0.08586007357,0.0008380792569,0.08898955584
2021-05-23 08:00:00,0.1088151857,0.09718109667,0.0008991063223,0.03236081824
2021-05-23 09:00:00,0.01603275537,0.01332790405,0.0006365238223,0.01277444046
2021-05-23 10:00:00,0.01134875044,0.008684918284,0.000347531226,0.008641133085
2021-05-23 11:00:00,0.0122595178,0.009468035772,0.000374042429,0.01003976353
2021-05-23 12:00:00,0.005533703137,0.001237214543,0.0002559440909,0.006002011243
2021-05-23 13:00:00,0.005769527517,0.003524237778,0.0002387053974,0.005080529954
2021-05-23 14:00:00,0.008431113325,0.005147352349,0.0003301062388,0.007436646149
2021-05-23 15:00:00,0.01208514441,0.007605905179,0.0004125808482,0.01086580195
2021-05-23 16:00:00,0.01803272404,0.02852691151,0.0004862851056,0.01162968762
2021-05-23 17:00:00,0.05468769744,0.06607095897,0.0008556860266,0.02844714932
2021-05-23 18:00:00,0.03847260401,0.04964607209,0.0006958228769,0.02349531278
2021-05-23 19:00:00,0.04938071221,0.06384136528,0.0008334629238,0.02782296948
2021-05-23 20:00:00,0.05508620292,0.06549327075,0.0009456044645,0.03125800192
2021-05-23 21:00:00,0.07368489355,0.07320713997,0.0009046876221,0.04389293119
2021-05-23 22:00:00,0.04531929642,0.09630678594,0.0005716099986,0.03240022063
2021-05-23 23:00:00,0.03744208068,0.03764225915,0.000796175329,0.01725726016
2021-05-24 00:00:00,0.07174672931,0.01121820416,0.001067983918,0.02628299594
2021-05-24 01:00:00,0.06960017979,0.05510554463,0.001064580167,0.01572423801
2021-05-24 02:00:00,0.05098954588,0.1641958505,0.0005777363549,0.006378042512
2021-05-24 03:00:00,0.1236812472,9.709312465e-09,0.001049989951,0.01543095987
2021-05-24 04:00:00,0.09301071614,0.07072076946,0.000851583085,0.02108210512
2021-05-24 05:00:00,0.003784127301,0.0002263276547,9.6936521e-05,0.004978997633
2021-05-24 06:00:00,0.04447962344,0.01857866533,0.0009759839159,0.03057982028
2021-05-24 07:00:00,0.1576678902,0.09235665202,0.0008757263422,0.06582918763
2021-05-24 08:00:00,0.05718884617,0.07827027142,0.000964623061,0.03114004619
2021-05-24 09:00:00,0.04483104497,0.05447497964,0.0005924099823,0.02453435771
2021-05-24 10:00:00,0.007002887782,0.004446257837,0.0002745656238,0.006012624595
2021-05-24 11:00:00,0.005058554467,0.001503641019,0.0002398432553,0.005059474614
2021-05-24 12:00:00,0.005531332456,0.001920726965,0.0002753688605,0.005551331677
2021-05-24 13:00:00,0.004426643718,0.001148874289,0.000224677322,0.004504485521
2021-05-24 14:00:00,0.003447268158,0.0008886051364,0.0001737781567,0.003484023968
2021-05-24 15:00:00,0.00339768338,0.0008758272743,0.0001712792437,0.003433923936
2021-05-24 16:00:00,0.003812247887,0.0009796221275,0.0001915775938,0.00384087977
2021-05-24 17:00:00,0.033545468,0.0418738164,0.0003988338285,0.01807400584
2021-05-24 18:00:00,0.02987175249,0.03566562384,0.0003975857981,0.01674982719
2021-05-24 19:00:00,0.0597189106,0.06856302172,0.0006799219991,0.02552243881
2021-05-24 20:00:00,0.0709534958,0.07231260836,0.0007045937818,0.02723318525
2021-05-24 21:00:00,0.0529933311,0.06231587008,0.0007877858588,0.0288977772
2021-05-24 22:00:00,0.06299234182,0.06644067168,0.000807837001,0.0331704244
2021-05-24 23:00:00,0.0297793299,0.03262748197,0.0003271217865,0.01464348659
2021-05-25 00:00:00,0.008561275899,0.01562855206,0.0002570103679,0.006337478291
2021-05-25 01:00:00,0.01147836447,0.01886870526,0.0003600154014,0.007820468396
2021-05-25 02:00:00,0.002086280612,0.001396590611,4.826826626e-05,0.000996856601
2021-05-25 03:00:00,0.004003732465,0.002705944935,0.0001223298605,0.001875624293
2021-05-25 04:00:00,0.006548895966,0.005144426599,0.0002356485638,0.003039070638
2021-05-25 05:00:00,0,2.087692463e-09,2.229105234e-10,0
2021-05-25 06:00:00,0.01203177683,0.003908405546,0.0001045122626,0.005037751049
2021-05-25 07:00:00,0.1551443338,0.1002555415,0.0009961455362,0.05248098448
2021-05-25 08:00:00,0.07227746397,0.088193506,0.001118488261,0.0388292484
2021-05-25 09:00:00,0.06704036146,0.07079729438,0.0009060777375,0.03998307139
2021-05-25 10:00:00,0.01390036754,0.00944281742,0.0005017773365,0.01235980075
2021-05-25 11:00:00,0.009578691795,0.004045311827,0.0003837681725,0.009310711175
2021-05-25 12:00:00,0.008802921511,0.005584884435,0.0003301943652,0.007589952089
2021-05-25 13:00:00,0.004696240183,0.001784650842,0.0002306536771,0.004624302965
2021-05-25 14:00:00,0.00419130642,0.00108789152,0.0002127512853,0.004265383352
2021-05-25 15:00:00,0.003334343433,0.0008600828587,0.0001682001312,0.003372190753
2021-05-25 16:00:00,0.00383802643,0.0009895024123,0.0001935095788,0.003879610915
2021-05-25 17:00:00,0.03671586886,0.5024096966,0.007616954856,0.02013904974
2021-05-25 18:00:00,0.0313401185,1.667774585e-09,9.464709572e-11,0.01848399453
2021-05-25 19:00:00,0.04920167103,9.592079353e-10,5.416193188e-11,0.02525548451
2021-05-25 20:00:00,0.05587704852,1.085465717e-09,5.460468883e-11,0.02361146174
2021-05-25 21:00:00,0.04429100826,1.054678567e-09,5.714964266e-11,0.0238030944
2021-05-25 22:00:00,0.04486711696,2.018789802e-09,6.961527188e-11,0.02493239008
2021-05-25 23:00:00,0.01925187744,0.002680965932,9.353165464e-11,0.01348581072
2021-05-26 00:00:00,0.01329059526,0.0002733136062,1.125467011e-10,0.01200345252
2021-05-26 01:00:00,0.006974851713,0.000327734364,1.31157446e-10,0.005347473547
2021-05-26 02:00:00,0.0004101136874,0.006736959796,4.962767889e-06,0.0003480369633
2021-05-26 03:00:00,0.002088263631,0.006195229013,0.0002061855484,0.001171566779
2021-05-26 04:00:00,0.01535377558,3.686734917e-09,1.331179889e-10,0.007214358076
2021-05-26 05:00:00,0.003390300786,0.001939019072,0.0001110834419,0.001890643267
2021-05-26 06:00:00,0.01766635291,0.006282504648,8.489009633e-05,0.007831745781
2021-05-26 07:00:00,0.1814017147,0.1463528425,0.0001201839768,0.06550321728
2021-05-26 08:00:00,0.1104508638,0.02142038569,0.001395454397,0.06396377087
2021-05-26 09:00:00,0.08761797845,0.07807257771,0.001028756727,0.05724521354
2021-05-26 10:00:00,0.02786668949,0.01266825479,0.0005713384598,0.023509074
2021-05-26 11:00:00,0.01245034952,0.003008689499,0.0003987126111,0.01136574242
2021-05-26 12:00:00,0.01120261382,0.005154290702,0.0003863537277,0.009537695907
2021-05-26 13:00:00,0.007190116681,0.003615614492,0.0003157096799,0.006643489469
2021-05-26 14:00:00,0.005884199869,0.001538926619,0.0003009570646,0.006033794023
2021-05-26 15:00:00,0.006237995811,0.001756082987,0.0003194062156,0.006403669249
2021-05-26 16:00:00,0.001809938112,0.0008842088864,2.199055937e-10,0
2021-05-26 17:00:00,0.05018784851,0.05677780882,0.0007326671621,0.02889791876
2021-05-26 18:00:00,0.05539561063,0.05487015843,0.0005981022259,0.02403637208
2021-05-26 19:00:00,0.09706976265,0.09694732726,0.0008941306151,0.03458458558
2021-05-26 20:00:00,0.1039271578,0.3221122622,0.002035589889,0.04468297958
2021-05-26 21:00:00,0.08900743723,8.58762661e-09,0.0001732785022,0.05371634662
2021-05-26 22:00:00,0.07237932086,0.006148349028,0.001251908368,0.04038602486
2021-05-26 23:00:00,0.04209371656,0.009606733918,0.001150888158,0.02635928988
2021-05-27 00:00:00,0.03264284879,0.01467378996,0.001240173122,0.02265217528
2021-05-27 01:00:00,0.04830412194,0.05261402205,0.001305007609,0.02383476868
2021-05-27 02:00:00,0.05933915451,0.05243806168,0.00102353096,0.02077840641
2021-05-27 03:00:00,0.06591940671,0.05491837114,0.001027141116,0.01996429823
2021-05-27 04:00:00,0.06926611811,0.05639684945,0.001053536544,0.02113145776
2021-05-27 05:00:00,0.02685570903,0.02602840401,0.0003597617324,0.005310044624
2021-05-27 06:00:00,0.05107817799,0.02908675373,0.001096979948,0.02583020367
2021-05-27 07:00:00,0.2506036162,0.1511918455,0.001267691492,0.09685000032
2021-05-27 08:00:00,0.113297902,0.1228794977,0.001099927002,0.05816294998
2021-05-27 09:00:00,0.0918437764,0.0892418623,0.0006757512456,0.05221385509
2021-05-27 10:00:00,0.04392177612,0.02687941864,0.0004082135274,0.03221277893
2021-05-27 11:00:00,0.05125239864,0.03555364907,0.0004543119867,0.03104315884
2021-05-27 12:00:00,0.04426538199,0.03299374878,0.0005236904253,0.02821796387
2021-05-27 13:00:00,0.04102294147,0.02466277778,0.0003107853408,0.03104076907
2021-05-27 14:00:00,0.05919274688,0.03831732646,0.0003812509822,0.03591137379
2021-05-27 15:00:00,0.05367391184,0.0243088305,0.0008447124856,0.04250804335
2021-05-27 16:00:00,0.03983251005,0.01718654856,0.0007220279076,0.02962807938
2021-05-27 17:00:00,0.07853896171,0.5251797438,0.006071988493,0.04871428385
2021-05-27 18:00:00,0.1605921388,5.155542659e-09,2.054239417e-10,0.04526584223
2021-05-27 19:00:00,0.1058145761,0.002417990472,2.693952283e-10,0.05391965061
2021-05-27 20:00:00,0.1101879105,0.02205458842,1.58188615e-10,0.05527885258
2021-05-27 21:00:00,0.09238107502,0.008902856149,2.257957848e-10,0.05775675178
2021-05-27 22:00:00,0.06658869237,0.01461380627,5.105020295e-10,0.03562697396
2021-05-27 23:00:00,0.03556190804,0.03225317597,0.000754021632,0.02282854728
2021-05-28 00:00:00,0.02935907803,0.0292984806,0.0006884449976,0.02020229399
2021-05-28 01:00:00,0.02731574886,0.02855505049,0.0006829207414,0.01916152611
2021-05-28 02:00:00,0.03138064966,0.02329217084,0.0005527031026,0.01696093008
2021-05-28 03:00:00,0.0394362174,0.03432639688,0.0001655285014,0.01060315967
2021-05-28 04:00:00,0.02546575107,0.02380603179,0.0001687568583,0.004988194909
2021-05-28 05:00:00,0.01280577853,0.00634461455,4.242972864e-06,0.007301034871
2021-05-28 06:00:00,0.02048538066,0.008485209197,0.0001828618406,0.009329386055
2021-05-28 07:00:00,0.1608344316,0.0961278975,0.0009296472417,0.06152374297
2021-05-28 08:00:00,0.06576366723,0.08170308918,0.001019560965,0.03561586142
2021-05-28 09:00:00,0.06591425091,0.06484796107,0.0008533339133,0.04118302464
2021-05-28 10:00:00,0.01921178959,0.008600461297,0.00049499335,0.01734418422
2021-05-28 11:00:00,0.01154776011,0.003845283529,0.0003490723029,0.01063534431
2021-05-28 12:00:00,0.009279685095,0.00315809832,0.0003099870519,0.00830322504
2021-05-28 13:00:00,0.005367625505,0.002192748711,0.0002562160662,0.005136796273
2021-05-28 14:00:00,0.0057875528,0.001943306066,0.0002833155741,0.005680104252
2021-05-28 15:00:00,0.00577196246,0.08071357757,0.002564937808,0.005587354302
2021-05-28 16:00:00,0.005939120427,0.1024679393,0.0002332385047,0.004677969962
2021-05-28 17:00:00,0.04196533561,2.758549833e-09,1.96938757e-10,0.02347938158
2021-05-28 18:00:00,0.04085800797,0.001093416708,1.527860893e-10,0.01703363657
2021-05-28 19:00:00,0.05337557569,0.01056009065,2.179787878e-10,0.02157406695
2021-05-28 20:00:00,0.05721145123,0.04152878374,0.0001871273562,0.02369829454
2021-05-28 21:00:00,0.05038794503,0.05850324407,0.0007659096154,0.02765711956
2021-05-28 22:00:00,0.05070802942,0.0566286929,0.0008087847964,0.02861887775
2021-05-28 23:00:00,0.02980486862,0.02592577413,0.0007023700746,0.01909782365
2021-05-29 00:00:00,0.01120897755,0.006026674528,0.0001484765962,0.002895090263
2021-05-29 01:00:00,0.01178926509,0.008019378409,0.0001852870919,0.004714118317
2021-05-29 02:00:00,0.01042207144,0.01007317193,0.0003922749602,0.004735234194
2021-05-29 03:00:00,0.003148896154,0.04618062824,0.0001163226552,0.0018111713
2021-05-29 04:00:00,0.03681031615,5.285031079e-09,0.000459201925,0.005822110921
2021-05-29 05:00:00,0.0001892390137,2.885668437e-05,1.192689697e-10,0.0001427170937
2021-05-29 06:00:00,0.01077236887,0.006986597553,1.4233608e-06,0.004837373737
2021-05-29 07:00:00,0.08747446537,0.07277829945,0.0006800294505,0.06204032153
2021-05-29 08:00:00,0.0697600916,0.06304235756,0.0005648626247,0.01863102987
2021-05-29 09:00:00,0.006722087972,0.005768727046,0.0003593356232,0.006126120221
2021-05-29 10:00:00,0.006664077286,0.005106291734,0.0002264027135,0.005307149142
2021-05-29 11:00:00,0.008250555024,0.006141711026,0.0002578102867,0.006812048145
2021-05-29 12:00:00,0.003627658123,0.000861420529,0.0001734221296,0.003788747825
2021-05-29 13:00:00,0.003411981277,0.0008812380256,0.000172337488,0.003455140395
2021-05-29 14:00:00,0.003914190456,0.00101516617,0.0001985288982,0.003980243113
2021-05-29 15:00:00,0.003297509858,0.0007854652358,0.0001599566167,0.003521928797
2021-05-29 16:00:00,0.008336180821,0.06093418971,0.0006610879791,0.005457688123
2021-05-29 17:00:00,0.03407084569,1.254341129e-07,7.289887027e-10,0.01764658466
2021-05-29 18:00:00,0.02504896373,0.03292379156,0.000333354983,0.01369238272
2021-05-29 19:00:00,0.03917850181,0.1816448718,0.002271950478,0.01922880672
2021-05-29 20:00:00,0.05183352903,3.283011196e-09,1.310245384e-10,0.02534301765
2021-05-29 21:00:00,0.06761413813,0.001642449992,1.502824531e-10,0.03675535694
2021-05-29 22:00:00,0.02989909984,0.007233684417,2.574760127e-10,0.01857535914
2021-05-29 23:00:00,0.02838963084,0.01215720735,0.0004539968795,0.01437127683
2021-05-30 00:00:00,0.02323670126,0.01016198471,0.0005633716937,0.01228397712
2021-05-30 01:00:00,0.01278886199,0.007624693215,0.0002616410202,0.005300908815
2021-05-30 02:00:00,0.008180689998,0.005194242112,0.0003551278205,0.003970564809
2021-05-30 03:00:00,0.0101582706,0.009461075999,0.0003939120506,0.004437255673
2021-05-30 04:00:00,0.0113515323,0.01259281114,0.0003856558469,0.004410596564
2021-05-30 05:00:00,0,6.364703209e-10,4.58436622e-11,0
2021-05-30 06:00:00,0,1.11305587e-09,5.689309787e-11,0
2021-05-30 07:00:00,0.06532970071,0.06671613455,0.0005875963834,0.04119911417
2021-05-30 08:00:00,0.05768510327,0.05704628676,0.0006147302338,0.01949907281
2021-05-30 09:00:00,0.008746457286,0.00760294823,0.0002542736765,0.00651129242
2021-05-30 10:00:00,0.007482237648,0.006714932621,0.0002034341742,0.005383101758
2021-05-30 11:00:00,0.008360703476,0.006777654402,0.000222021743,0.006600988563
2021-05-30 12:00:00,0.003065897617,0.0006402378203,0.0001361241157,0.003382361028
2021-05-30 13:00:00,0.003499616869,0.0009063695325,0.000177252281,0.003553675953
2021-05-30 14:00:00,0.002729421714,0.0007016789168,0.0001372223778,0.002751127584
2021-05-30 15:00:00,0.003330294508,0.0007942089578,0.0001619674294,0.003577167634
2021-05-30 16:00:00,0.006960571744,0.009093190543,0.0002332370495,0.005054277368
2021-05-30 17:00:00,0.03522725403,0.04584556818,0.0004684270243,0.01898673177
2021-05-30 18:00:00,0.03016880713,0.03799242154,0.0004293630482,0.01728603803
2021-05-30 19:00:00,0.04038300738,0.05379477888,0.0005549748312,0.02179063112
2021-05-30 20:00:00,0.04718693346,0.06051434204,0.000637463876,0.02422678471
2021-05-30 21:00:00,0.05637369677,0.0703722015,0.0007578753284,0.02869053744
2021-05-30 22:00:00,0.01601705328,0.006449522916,0.0004245237506,0.009670800529
2021-05-30 23:00:00,0.01202842221,0.006331155542,0.0001587657607,0.004181885626
2021-05-31 00:00:00,0.02650051191,0.02795449086,0.0009303017869,0.02120078728
2021-05-31 01:00:00,0.01840646751,0.02005109005,0.0007724745665,0.01546024624
2021-05-31 02:00:00,0.01048958488,0.004025531467,0.0005333190784,0.009508337826
2021-05-31 03:00:00,0.01148821227,0.008728254586,0.0005873768241,0.01021654904
2021-05-31 04:00:00,0.0159079507,0.005205742083,0.000784375472,0.01260055136
2021-05-31 05:00:00,0.007166528143,0.001882027369,0.0003680549853,0.007379020564
2021-05-31 06:00:00,0.01435263641,0.004078229424,0.0003967929806,0.01008222159
2021-05-31 07:00:00,0.0764747262,0.06099092588,0.0006203056546,0.01940703206
2021-05-31 08:00:00,0.04519379884,0.06143866479,0.0006324872375,0.02390361577
2021-05-31 09:00:00,0.02623915672,0.0356185548,0.000197525078,0.01251782943
2021-05-31 10:00:00,0.0003188850533,1.08066156e-09,1.812365736e-05,0.0004253447987
2021-05-31 11:00:00,0.0004152103502,4.731130684e-05,1.931814404e-05,0.0005115851527
2021-05-31 12:00:00,0.005667616613,0.001446390292,0.0002837356878,0.00582653936
2021-05-31 13:00:00,0.002400655067,0.0006157880416,0.0001204253203,0.002414369723
2021-05-31 14:00:00,0.002545096911,0.0006545748329,0.0001280105498,0.002566443523
2021-05-31 15:00:00,0.002793780761,0.0007211063639,0.0001410215918,0.002827299293
2021-05-31 16:00:00,0,1.806971683e-09,1.793532822e-10,0
2021-05-31 17:00:00,0.0270672366,0.03284589574,0.0003433901002,0.01487207785
2021-05-31 18:00:00,0.0229832679,0.02819363028,0.0002708674292,0.01245692186
2021-05-31 19:00:00,0.03150421754,0.04005656391,0.0004936715122,0.0185939353
2021-05-31 20:00:00,0.03493841365,0.04238831252,0.0005302592181,0.01959051378
2021-05-31 21:00:00,0.04058334604,0.0478823483,0.0006317953812,0.02285220288
2021-05-31 22:00:00,0.04210445285,0.04885756969,0.0006711730384,0.02364675514
2021-05-31 23:00:00,0.01846583374,0.01755587757,0.0005323890946,0.01285566017
2021-06-01 00:00:00,9.415763998e-06,9.005819979e-10,1.018458373e-10,0
2021-06-01 01:00:00,0.0001224961452,1.734263969e-05,3.176863856e-06,8.577334665e-05
2021-06-01 02:00:00,0.0003187864204,5.945991506e-05,9.376455637e-06,0.0002531620848
2021-06-01 03:00:00,0.0003535880242,0.0001618693641,3.795043085e-05,0.0003921305179
2021-06-01 04:00:00,0.0002757763432,6.317129009e-05,1.771925417e-05,0.0002561842848
2021-06-01 05:00:00,0,1.228350643e-09,1.000401151e-10,0
2021-06-01 06:00:00,0.0005939383991,8.363282541e-05,1.201448524e-10,0
2021-06-01 07:00:00,0.01536788419,0.009631487541,0.0002153779205,0.01195562631
2021-06-01 08:00:00,0.00142626348,0.002442572964,8.894866369e-06,0.000563697773
2021-06-01 09:00:00,0.0002119568671,0.0008039387176,7.245979511e-11,0
2021-06-01 10:00:00,0,7.854929485e-10,8.960314435e-11,0
2021-06-01 11:00:00,0,7.987037143e-10,9.392495809e-11,0
2021-06-01 12:00:00,0.0001230745984,8.515471661e-10,7.144295068e-06,0.0001676713
2021-06-01 13:00:00,0,9.113877986e-10,8.084702352e-11,0
2021-06-01 14:00:00,0,1.07253606e-09,9.798532818e-11,0
2021-06-01 15:00:00,0,1.333294808e-09,1.148621059e-10,0
2021-06-01 16:00:00,0,2.140998934e-09,1.998821664e-10,0
2021-06-01 17:00:00,0.001331271487,0.01310606953,0.0005312483991,0.0005072862841
2021-06-01 18:00:00,9.554868302e-05,7.570770122e-10,4.983563909e-11,0
2021-06-01 19:00:00,0.0003524354543,4.705603684e-10,3.22892442e-11,8.689109382e-05
2021-06-01 20:00:00,0.002027219394,5.722189944e-10,3.587476149e-11,0.001533924253
2021-06-01 21:00:00,0.002323408145,5.966977468e-10,3.71286335e-11,0.001628513797
2021-06-01 22:00:00,0.001418059925,7.040215633e-10,4.350216715e-11,0.001244688756
2021-06-01 23:00:00,0.001610234496,0.0005056238151,5.560179747e-11,0.001578018768
2021-06-02 00:00:00,0,8.88426932e-09,5.622812632e-11,0
2021-06-02 01:00:00,0.0002453493071,4.35418624e-05,8.604068152e-11,0.0001842813217
2021-06-02 02:00:00,0.001108292723,0.0007807408692,9.090858657e-05,0.0009511118405
2021-06-02 03:00:00,0.001665016403,0.004811679013,0.0004821579205,0.001212412841
2021-06-02 04:00:00,0.005033819005,9.497558295e-10,1.239556513e-10,0.003524230327
2021-06-02 05:00:00,0,3.343563759e-10,4.111952098e-11,0
2021-06-02 06:00:00,0.0004180175019,5.88611947e-05,6.667290331e-11,0
2021-06-02 07:00:00,0.01041924767,0.004904805683,6.158712429e-10,0.008274948224
2021-06-02 08:00:00,0.003073619446,0.004394476302,2.758765186e-05,0.001485394896
2021-06-02 09:00:00,0.002524873707,0.003771397518,2.013509948e-05,0.001166766626
2021-06-02 10:00:00,9.191124991e-05,5.094936695e-10,5.335374226e-06,0.0001252157381
2021-06-02 11:00:00,7.561220991e-05,5.690392046e-10,4.389180503e-06,0.000103010665
2021-06-02 12:00:00,0,5.54654267e-10,3.882116156e-11,0
2021-06-02 13:00:00,0,6.161600119e-10,4.139737858e-11,0
2021-06-02 14:00:00,0,7.250299805e-10,3.971042592e-11,0
2021-06-02 15:00:00,0,2.012804368e-09,4.524227173e-11,0
2021-06-02 16:00:00,0,8.872038104e-10,3.794758952e-11,0
2021-06-02 17:00:00,3.310275861e-05,0.0001255547249,3.942914051e-11,0
2021-06-02 18:00:00,0,6.732840951e-10,4.190563521e-11,0
2021-06-02 19:00:00,0,1.545769623e-09,7.277598663e-11,0
2021-06-02 20:00:00,0.0003080585157,0.002766133985,8.361020264e-06,0.0002005146816
2021-06-02 21:00:00,0.001984776696,0.0003670685401,1.43293738e-10,0.0009656400653
2021-06-02 22:00:00,0.002495729132,0.0006992834387,5.618984505e-05,0.002108035842
2021-06-02 23:00:00,0.001762402011,0.0005505053559,4.66332931e-05,0.001771750976
2021-06-03 00:00:00,2.769798357e-06,4.411756516e-10,4.181969354e-11,0
2021-06-03 01:00:00,9.31521754e-06,5.527320823e-10,5.430567801e-11,0
2021-06-03 02:00:00,0,7.823899306e-10,8.519668304e-11,0
2021-06-03 03:00:00,0.0001541586098,2.240002686e-05,4.410573638e-06,0.0001120192828
2021-06-03 04:00:00,0.0003569218679,0.0001025071979,6.282443792e-05,0.0004897609469
2021-06-03 05:00:00,0,5.142722914e-10,4.50320059e-11,0
2021-06-03 06:00:00,0.0002736391325,3.853144153e-05,4.627037989e-11,0
2021-06-03 07:00:00,0.004972826689,0.003473170334,0.000103834027,0.004218751565
2021-06-03 08:00:00,0.0006348669995,0.001391533064,3.039544936e-06,0.0001926259574
2021-06-03 09:00:00,0.002364166081,0.003492789576,2.09348309e-05,0.001126283198
2021-06-03 10:00:00,0.0001327909267,6.790673579e-10,7.708416888e-06,0.0001809083624
2021-06-03 11:00:00,9.557969315e-05,7.381349421e-10,5.548270565e-06,0.000130213477
2021-06-03 12:00:00,0,7.182964779e-10,5.565882824e-11,0
2021-06-03 13:00:00,0,8.123961504e-10,6.14352319e-11,0
2021-06-03 14:00:00,0,9.055504124e-10,6.320295676e-11,0
2021-06-03 15:00:00,0,1.138423578e-09,7.539228963e-11,0
2021-06-03 16:00:00,0,1.604301914e-09,9.358486902e-11,0
2021-06-03 17:00:00,0.0002411794267,0.01318044681,0.0003055948473,0
2021-06-03 18:00:00,0.001991062891,1.211686085e-09,6.929654767e-11,0.001715171151
2021-06-03 19:00:00,0.002614622004,2.058756277e-09,7.240042593e-11,0.002161204815
2021-06-03 20:00:00,0.004434562288,0.0007641910342,6.913741801e-11,0.00315357768
2021-06-03 21:00:00,0.005326058716,0.000624814711,8.447675892e-11,0.003467184957
2021-06-03 22:00:00,0.001794759883,0.0005115576205,1.426330165e-10,0.001394519
2021-06-03 23:00:00,0.002321489621,0.001772993011,6.558209134e-05,0.002377725206
2021-06-04 00:00:00,0.0001905975369,2.835365922e-05,3.19866158e-05,0.0002473994682
2021-06-04 01:00:00,0.0008912738413,0.0005713753053,0.0001190833282,0.0009377813549
2021-06-04 02:00:00,0.002716297517,0.001812834525,0.0001958053181,0.001974432729
2021-06-04 03:00:00,0.004491398111,0.003449941985,0.0003086679208,0.003258922137
2021-06-04 04:00:00,0.007792672608,0.004714352544,0.0004317062267,0.004577350803
2021-06-04 05:00:00,0,4.30288194e-10,6.880514908e-11,0
2021-06-04 06:00:00,0.0007141760434,0.0001005627128,1.942955519e-10,0
2021-06-04 07:00:00,0.01348777302,0.01080769114,0.0002238065645,0.00988939032
2021-06-04 08:00:00,0.004631921649,0.005506352521,6.078640217e-05,0.002647075802
2021-06-04 09:00:00,0.005383137148,0.006493826862,6.996838056e-05,0.003143743845
2021-06-04 10:00:00,0.0008570117643,0.0001571070025,3.386046956e-05,0.000987970503
2021-06-04 11:00:00,0.0009562958148,0.0002191248495,3.3352022e-05,0.001052339911
2021-06-04 12:00:00,0.0001330205851,8.642243587e-10,7.721677321e-06,0.0001812212286
2021-06-04 13:00:00,0,1.087171242e-09,6.92020885e-11,0
2021-06-04 14:00:00,0,1.443004827e-09,1.108557135e-10,0
2021-06-04 15:00:00,0,0.0116450144,0.0001603404526,0
2021-06-04 16:00:00,0,0.004728011321,6.798820951e-10,0
2021-06-04 17:00:00,0.0002933491487,1.268139704e-09,6.557054899e-11,2.470387926e-06
2021-06-04 18:00:00,0.001880289987,1.931124816e-09,7.003697622e-11,0.001611797023
2021-06-04 19:00:00,0.004765080288,0.000342135696,8.670776597e-11,0.002532125218
2021-06-04 20:00:00,0.005488882307,0.004202017095,2.272687816e-09,0.003289220855
2021-06-04 21:00:00,0.00859597791,0.00580665376,9.635337483e-05,0.004876120482
2021-06-04 22:00:00,0.002327107824,0.001043962315,0.0001307620259,0.002169320127
2021-06-04 23:00:00,0.003026195569,0.0007120401133,0.0001412421698,0.0028275433
2021-06-05 00:00:00,0.0005537486868,0.0001164709902,8.955496742e-05,0.0008068408933
2021-06-05 01:00:00,0.001623739256,0.0008296332671,0.0001637457026,0.001635810593
2021-06-05 02:00:00,0.001132072532,0.0005236809957,0.0001017363757,0.001181851025
2021-06-05 03:00:00,0.001171976444,0.0006336460356,9.658974159e-05,0.00122972962
2021-06-05 04:00:00,0.001482437248,0.001218677266,0.000101067264,0.001298043062
2021-06-05 05:00:00,3.320672931e-06,4.518379282e-10,4.606194939e-11,0
2021-06-05 06:00:00,1.668094046e-05,5.13324494e-10,5.408717571e-11,0
2021-06-05 07:00:00,0.008543878794,0.002821243601,0.0002106523461,0.0084149139
2021-06-05 08:00:00,0.004002070054,0.001304958714,5.721467824e-05,0.003139007371
2021-06-05 09:00:00,0.01158204488,0.01393886935,0.0001114457482,0.00597954914
2021-06-05 10:00:00,0.00959640462,0.01113423519,0.0001112938407,0.005565257277
2021-06-05 11:00:00,0.00781704206,0.01060221065,5.880169556e-05,0.003726462834
2021-06-05 12:00:00,0,1.046617126e-09,6.574348704e-11,0
2021-06-05 13:00:00,0,1.471842537e-09,7.385281969e-11,0
2021-06-05 14:00:00,5.811732626e-05,0.000220435948,8.240831628e-11,0
2021-06-05 15:00:00,9.735600906e-05,0.0003692671598,1.373329228e-10,0
2021-06-05 16:00:00,0.01009612251,0.02502684481,0.0002771700674,0.004818340763
2021-06-05 17:00:00,0.01378767285,0.00193130807,2.317949721e-10,0.009388915263
2021-06-05 18:00:00,0.006374145392,0.008757582866,4.759752119e-05,0.003016409464
2021-06-05 19:00:00,0.008815092966,0.04234841093,0.000245947158,0.004048675764
2021-06-05 20:00:00,0.01198137179,2.015301259e-09,9.580360116e-11,0.006489243358
2021-06-05 21:00:00,0.0109234238,5.296942884e-09,9.954553848e-11,0.004852540791
2021-06-05 22:00:00,0.001936286339,0.001781416591,1.221697188e-10,0.0004229692277
2021-06-05 23:00:00,0.006169515662,0.006589651108,6.310859317e-05,0.002842705464
2021-06-06 00:00:00,0.006137731951,0.005501978099,0.0001405631192,0.004597082268
2021-06-06 01:00:00,0.01084680296,0.01154833008,0.0001844087819,0.005734882317
2021-06-06 02:00:00,0.01595763676,0.01736314408,0.0001964019903,0.006479582284
2021-06-06 03:00:00,0.01649258472,0.01726535149,0.0001857428288,0.006116543896
2021-06-06 04:00:00,0.01632133499,0.01680479012,0.0002515845699,0.007310678717
2021-06-06 05:00:00,0.0002038964012,3.154439764e-05,4.77405282e-10,0.0001560196688
2021-06-06 06:00:00,0.0003824980813,5.868354856e-05,1.075005275e-05,0.0003172323923
2021-06-06 07:00:00,0.02616330981,0.003572755028,0.0002460812102,0.02246399596
2021-06-06 08:00:00,0.005185137969,0.0006405366585,7.451557758e-05,0.004471558612
2021-06-06 09:00:00,0.01140186377,0.01186682656,0.0001814992575,0.007055211347
2021-06-06 10:00:00,0.007435261738,0.009093809873,0.0001058260168,0.004296204075
2021-06-06 11:00:00,0.004205181263,0.005955904722,6.735018542e-05,0.002215811983
2021-06-06 12:00:00,7.213021308e-05,1.250235073e-06,1.107414299e-10,3.371910134e-05
2021-06-06 13:00:00,0.001515885582,0.002652323106,9.57715929e-06,0.0006069320953
2021-06-06 14:00:00,0.0004124707484,0.001074737869,1.514376549e-06,9.596538439e-05
2021-06-06 15:00:00,0.0004853161226,0.001162431086,2.09757286e-06,0.0001329232764
2021-06-06 16:00:00,0.008073760197,0.01157755684,5.889016757e-05,0.003732062876
2021-06-06 17:00:00,0.01155658532,0.009345214814,0.0002543323499,0.009098347276
2021-06-06 18:00:00,0.002933342475,0.004368527327,3.661970914e-05,0.001414714847
2021-06-06 19:00:00,0.006890866905,0.006378784776,7.578968507e-05,0.004081194289
2021-06-06 20:00:00,0.01067182701,0.01250443235,0.0001914213353,0.005906435661
2021-06-06 21:00:00,0.01152101997,0.01411372423,0.0001031141728,0.005321039818
2021-06-06 22:00:00,0.01468868274,0.006436934229,9.169944678e-05,0.008554207161
2021-06-06 23:00:00,0.003478302388,0.003546752734,9.231059812e-05,0.002896080725
2021-06-07 00:00:00,0.005156797823,0.006740686018,0.0001400515612,0.003725948976
2021-06-07 01:00:00,0.01337204408,0.01379663963,0.0001751652017,0.006568383891
2021-06-07 02:00:00,0.01709553413,0.01788504794,0.0002578338608,0.007479386404
2021-06-07 03:00:00,0.01986956596,0.02017636225,0.000296375656,0.007980381139
2021-06-07 04:00:00,0.02709889971,0.029383827,0.0004051236028,0.01003676932
2021-06-07 05:00:00,0.02137622982,0.02071993612,0.000372806564,0.007017982192
2021-06-07 06:00:00,0.002459877869,0.001355814165,5.686839722e-05,0.001066333498
2021-06-07 07:00:00,0.07026635855,0.02178587951,0.000438450923,0.05916679278
2021-06-07 08:00:00,0.01136694476,0.01130186394,0.0002812826424,0.007460281253
2021-06-07 09:00:00,0.008516925387,0.01105126645,0.0001405585208,0.004867215641
2021-06-07 10:00:00,0.001163668232,0.001541371108,6.367581227e-05,0.001360939699
2021-06-07 11:00:00,0.002195021836,2.745152328e-09,6.383620348e-05,0.002034410369
2021-06-07 12:00:00,0.0009353032801,0.0001858332398,3.550017937e-05,0.001061795745
2021-06-07 13:00:00,0,1.10996734e-09,9.206505697e-11,0
2021-06-07 14:00:00,0,1.21980448e-09,1.074705464e-10,0
2021-06-07 15:00:00,0,1.508848269e-09,1.193606464e-10,0
2021-06-07 16:00:00,3.696189742e-05,2.084385775e-09,1.721155024e-10,0
2021-06-07 17:00:00,0.006832845043,0.008948594332,4.650248593e-05,0.002947013127
2021-06-07 18:00:00,0.01023916248,0.008821550757,0.0001670100173,0.007372019812
2021-06-07 19:00:00,0.005979605019,0.006028524134,0.0001041060168,0.004019172397
2021-06-07 20:00:00,0.007914356887,0.06371019036,9.155274165e-05,0.004528277088
2021-06-07 21:00:00,0.02338521183,5.589071225e-05,0.0002159129217,0.01260244194
2021-06-07 22:00:00,0.02278986014,0.001140083419,0.0003847644839,0.01038330141
2021-06-07 23:00:00,0.02977992035,0.02366581373,0.000477894122,0.01039118879
2021-06-08 00:00:00,0.02809933759,0.02927574888,0.0004029977717,0.00786886178
2021-06-08 01:00:00,0.04073840752,0.04512640834,0.0004723136663,0.01156828552
2021-06-08 02:00:00,0.07616264373,0.07034085691,0.0007959556533,0.01648147777
2021-06-08 03:00:00,0.09709234536,0.08647790551,0.001004153164,0.01702951267
2021-06-08 04:00:00,0.1058272794,0.0903801322,0.001209800481,0.0187284369
2021-06-08 05:00:00,0.006249369122,0.007055398077,0.0002905396686,0.002836120315
2021-06-08 06:00:00,0.001703744871,0.0005099180853,1.639835318e-05,0.0004427500826
2021-06-08 07:00:00,0.07680752128,0.02199197561,0.0004434332659,0.06515276432
2021-06-08 08:00:00,0.02073935419,0.009571742266,0.0003838490229,0.0171296075
2021-06-08 09:00:00,0.02293749712,0.01534154173,0.0002218854206,0.01749771833
2021-06-08 10:00:00,0.01275400631,0.005610291846,0.0001745711634,0.0108808605
2021-06-08 11:00:00,0.001502506784,0.0004508480779,4.628752868e-05,0.001560207689
2021-06-08 12:00:00,0.001690219622,0.001663767966,3.899507647e-05,0.001363782561
2021-06-08 13:00:00,0.0002584738832,0.0008623118629,1.089526733e-10,0
2021-06-08 14:00:00,7.310060755e-05,0.0001407612144,1.529080196e-10,0
2021-06-08 15:00:00,0.0001385964424,0.0002668777888,1.804500716e-10,0
2021-06-08 16:00:00,0.000386097061,0.0004776049464,8.267444355e-05,0.0006905295886
2021-06-08 17:00:00,0.007635639049,0.1343390346,0.002693634946,0.00352348364
2021-06-08 18:00:00,0.0131611973,1.283786855e-09,8.533446172e-11,0.009477963671
2021-06-08 19:00:00,0.0119233327,6.98723801e-10,5.382654739e-11,0.006731068715
2021-06-08 20:00:00,0.0134014152,7.49417306e-10,5.029003255e-11,0.00747718662
2021-06-08 21:00:00,0.0188718494,8.194733225e-10,5.378509443e-11,0.01249098685
2021-06-08 22:00:00,0.006633957382,1.357906898e-09,6.930025997e-11,0.005684645381
2021-06-08 23:00:00,0.008911202662,0.0001446050301,1.503605157e-10,0.006368470378
2021-06-09 00:00:00,0.01294654049,0.01004257426,0.0001762675965,0.005843857303
2021-06-09 01:00:00,0.02473164536,0.0248627197,0.0002172056702,0.008225949481
2021-06-09 02:00:00,0.03574426472,0.03371952102,0.0002309284027,0.008494741283
2021-06-09 03:00:00,0.03522859514,0.07199700177,0.0006477065617,0.007472388912
2021-06-09 04:00:00,0.04222870618,4.800653652e-09,1.297912611e-10,0.00912050344
2021-06-09 05:00:00,0.03816675395,0.03461283818,0.0003035408736,0.00758978026
2021-06-09 06:00:00,0.01046575513,0.01038854104,0.0001232128707,0.002635208191
2021-06-09 07:00:00,0.08031062037,0.01060058363,6.649642455e-05,0.06541380286
2021-06-09 08:00:00,0.02048259228,0.006515298504,0.000394636998,0.01514192391
2021-06-09 09:00:00,0.02477276884,0.01957830973,0.0001958186476,0.01698837988
2021-06-09 10:00:00,0.01976918243,0.007899724878,0.000175454421,0.01685411669
2021-06-09 11:00:00,0.01691283844,0.004366479348,8.26793912e-05,0.0151123181
2021-06-09 12:00:00,0.005485150032,0.001291911583,4.910086136e-05,0.004155315459
2021-06-09 13:00:00,3.429571007e-05,0.0001813910931,8.936701379e-11,0
2021-06-09 14:00:00,0,1.551986428e-09,1.662965876e-10,0
2021-06-09 15:00:00,0.0005506162997,0.000632719195,8.337727195e-05,0.0001198883256
2021-06-09 16:00:00,0.003917539492,0.00034057218,0.0001375043357,0.003431910183
2021-06-09 17:00:00,0.01174271759,0.0104503436,0.0001330257073,0.006296265405
2021-06-09 18:00:00,0.009444251657,0.008350560442,0.0001854304137,0.006878308021
2021-06-09 19:00:00,0.005170550197,0.005550114438,0.000108033506,0.003296742449
2021-06-09 20:00:00,0.01204514131,0.01873519272,0.0002508603211,0.006973398849
2021-06-09 21:00:00,0.01785005443,0.0008544021402,4.240205687e-10,0.01380777825
2021-06-09 22:00:00,0.005662648473,0.001494289842,0.000171009262,0.005467201583
2021-06-09 23:00:00,0.01042760443,0.008737295866,0.0003070423263,0.008514809422
2021-06-10 00:00:00,0.01970651746,0.01872527413,0.0004068760609,0.01100891922
2021-06-10 01:00:00,0.02765865251,0.02878931537,0.0003918348812,0.00976748392
2021-06-10 02:00:00,0.06836595386,0.06256762892,0.0006193926092,0.01412315108
2021-06-10 03:00:00,0.07508681715,0.06583143026,0.0006674000178,0.01322182827
2021-06-10 04:00:00,0.08021392673,0.06859943271,0.0008079010295,0.0144307306
2021-06-10 05:00:00,0.0006434152601,0.0001309205254,1.922243973e-05,0.0005190033116
2021-06-10 06:00:00,0.001052304753,0.0004649686161,3.129772495e-06,8.450372843e-05
2021-06-10 07:00:00,0.06239235029,0.0148460865,0.0003267088614,0.05441291258
2021-06-10 08:00:00,0.01656570472,0.0083161043,0.0003779777617,0.01419841498
2021-06-10 09:00:00,0.01657332852,0.01347647421,0.0002254607243,0.01200280339
2021-06-10 10:00:00,0.004319888074,0.003003579332,0.0001509024005,0.003818866564
2021-06-10 11:00:00,0.00153167767,0.0004164075945,4.755318514e-05,0.001658675843
2021-06-10 12:00:00,0.003058844712,0.00282589253,6.432177906e-05,0.002468375023
2021-06-10 13:00:00,0.0001788910886,0.000678522978,8.972092513e-11,0
2021-06-10 14:00:00,0,1.44742851e-09,1.245979014e-10,0
2021-06-10 15:00:00,0.003320245771,5.749755292e-05,1.397780919e-10,0.001552133122
2021-06-10 16:00:00,0.006740602665,0.0003880987933,0.0001791212999,0.006190818269
2021-06-10 17:00:00,0.01394256577,0.05623034015,0.001104345778,0.009655772708
2021-06-10 18:00:00,0.01850636303,2.36467157e-09,1.442661962e-10,0.01605117321
2021-06-10 19:00:00,0.01381218899,5.756222166e-09,2.31855507e-10,0.01098980475
2021-06-10 20:00:00,0.02030403726,0.001151452307,1.353386708e-10,0.01453467552
2021-06-10 21:00:00,0.02793152072,0.001507755602,1.464942125e-05,0.0206892956
2021-06-10 22:00:00,0.006388469134,0.001563353464,3.258151992e-05,0.005063379649
2021-06-10 23:00:00,0.007809739094,0.004925012589,0.0001918696507,0.005210076924
2021-06-11 00:00:00,0.005281531252,0.007059072144,0.0001627403544,0.002822687849
2021-06-11 01:00:00,0.01582485624,0.01673401333,0.0002055820369,0.004585575778
2021-06-11 02:00:00,0.02126761712,0.02176782303,0.0002057365782,0.004419769626
2021-06-11 03:00:00,0.03833840787,0.03601389751,0.0002788552956,0.007638763636
2021-06-11 04:00:00,0.05608620122,0.05085004866,0.0003498796432,0.009939990938
2021-06-11 05:00:00,0.0001655720553,2.472294364e-05,4.528882073e-06,0.0001222780556
2021-06-11 06:00:00,0.001049487502,0.0004385797074,2.63357424e-06,7.110283332e-05
2021-06-11 07:00:00,0.05748197809,0.01533633843,0.0003339209652,0.04923835769
2021-06-11 08:00:00,0.005408216733,0.006045629736,0.0002237997251,0.004166857805
2021-06-11 09:00:00,0.004546944518,0.005952768028,7.201590051e-05,0.002585843205
2021-06-11 10:00:00,0.0006634925958,0.0001442928042,4.900020213e-05,0.000902634114
2021-06-11 11:00:00,0.001081686234,0.0002884524583,3.361980635e-05,0.001143920003
2021-06-11 12:00:00,0.001155109843,0.0003114806314,3.555313378e-05,0.001217626268
2021-06-11 13:00:00,0,1.292010721e-09,1.180352899e-10,0
2021-06-11 14:00:00,0,1.755117274e-09,2.171302027e-10,0
2021-06-11 15:00:00,0,0.01187827345,0.0002197666035,0
2021-06-11 16:00:00,0.0001646650344,0.004511999898,3.9833747e-05,0.0005283880164
2021-06-11 17:00:00,0.002400140744,1.476298639e-09,8.391634609e-11,0.001020576106
2021-06-11 18:00:00,0.003307442181,2.446453706e-09,9.115860844e-11,0.002469096333
2021-06-11 19:00:00,0.001817565993,0.0003765679721,1.143429795e-10,0.001397309592
2021-06-11 20:00:00,0.01307527814,0.0102411937,1.044932674e-06,0.008506083861
2021-06-11 21:00:00,0.0341289714,0.0009319165256,0.0001576442446,0.02989462204
2021-06-11 22:00:00,0.006918336265,0.002052877098,0.0002184393816,0.005467428826
2021-06-11 23:00:00,0.006909761112,0.005816334859,0.0002990433713,0.00536065083
2021-06-12 00:00:00,0.007305013482,0.03448772058,0.0002703500795,0.003446041839
2021-06-12 01:00:00,0.0282455422,4.681294907e-09,0.0006111438852,0.009984805249
2021-06-12 02:00:00,0.04579206184,0.04715496302,0.0005356677575,0.008783644065
2021-06-12 03:00:00,0.08143544942,0.07241106778,0.0006651648437,0.01165388618
2021-06-12 04:00:00,0.0954567194,0.08098229766,0.00088511582,0.01531764586
2021-06-12 05:00:00,0.0007904813392,7.521161471e-10,2.043182568e-10,0.00067458587
2021-06-12 06:00:00,0.0002883365378,4.488820923e-05,8.222591532e-06,0.0002220176102
2021-06-12 07:00:00,0.05495715141,0.003744403133,0.0002520977578,0.05247884989
2021-06-12 08:00:00,0.008984153159,0.000840444467,7.65945515e-05,0.007238077931
2021-06-12 09:00:00,0.010239386,0.0114275869,0.0003267719294,0.00712732086
2021-06-12 10:00:00,0.01150824316,0.007849387825,9.975446301e-05,0.007402731106
2021-06-12 11:00:00,0.00953326188,0.007237554993,8.391890151e-05,0.006207154598
2021-06-12 12:00:00,0.0007143972907,1.237185279e-05,7.568857346e-11,0.0003339631949
2021-06-12 13:00:00,0,1.093713564e-09,9.862530237e-11,0
2021-06-12 14:00:00,0,1.268378735e-09,9.889401797e-11,0
2021-06-12 15:00:00,0,2.353149231e-09,2.211872074e-10,0
2021-06-12 16:00:00,0.005101933144,0.01241924334,0.0001382214105,0.002336707897
2021-06-12 17:00:00,0.006276737433,0.001082141534,2.026793118e-05,0.004512180574
2021-06-12 18:00:00,0.002097472083,0.003269111272,2.562535155e-05,0.0009902705206
2021-06-12 19:00:00,0.003389975987,0.01817301288,0.0001633576612,0.001693987404
2021-06-12 20:00:00,0.004420498852,1.726627286e-09,1.422162665e-10,0.002130610868
2021-06-12 21:00:00,0.007316068746,4.669608256e-09,9.680880403e-11,0.003311997512
2021-06-12 22:00:00,0.005695119034,0.0003679804795,1.078412637e-10,0.00291804201
2021-06-12 23:00:00,0.001301335404,0.0006085736095,2.209598824e-05,0.0007662957069
2021-06-13 00:00:00,0.0009988698876,0.000481753319,3.4378907e-05,0.0007340831799
2021-06-13 01:00:00,0.001156666549,0.0006392713985,6.355524965e-05,0.0009915463161
2021-06-13 02:00:00,0.00113527826,0.000543961185,4.837084271e-05,0.0009317483054
2021-06-13 03:00:00,0.001406869851,0.0009485156043,5.728553879e-05,0.001076690853
2021-06-13 04:00:00,0.002194619272,0.001877675764,9.711641178e-05,0.00155039574
2021-06-13 05:00:00,0.0004061905493,6.620169734e-05,4.822502953e-10,0.0003274367773
2021-06-13 06:00:00,1.079875437e-05,2.659055838e-07,4.862466341e-08,1.313142775e-06
2021-06-13 07:00:00,0.03451662883,0.003603910562,0.0001993650803,0.03173822165
2021-06-13 08:00:00,0.004174625501,0.000693435315,5.030214015e-05,0.003725216724
2021-06-13 09:00:00,0.004682315048,0.005515619647,0.0001881177013,0.003626078134
2021-06-13 10:00:00,0.005240888335,0.00575011922,8.600954607e-05,0.003396773245
2021-06-13 11:00:00,0.003284335835,0.004787174985,2.354601384e-05,0.001492189709
2021-06-13 12:00:00,0,8.591692358e-10,6.623653015e-11,0
2021-06-13 13:00:00,0,1.042555486e-09,7.0207333e-11,0
2021-06-13 14:00:00,0,1.126074123e-09,7.242127037e-11,0
2021-06-13 15:00:00,0,1.863210253e-09,1.124255897e-10,0
2021-06-13 16:00:00,0.001547967899,0.002733966568,9.70086603e-06,0.0006147780805
2021-06-13 17:00:00,0.003254446201,0.00322644366,5.101467832e-05,0.00226100185
2021-06-13 18:00:00,0.0001056462497,0.0003762159031,9.372104481e-11,0
2021-06-13 19:00:00,0.0003251616436,0.001078310655,3.278883867e-07,2.077807949e-05
2021-06-13 20:00:00,0.001756758895,0.002615639241,1.018459807e-05,0.000645427499
2021-06-13 21:00:00,0.00317481393,0.004268477205,2.005360329e-05,0.001270862063
2021-06-13 22:00:00,0.0005126658943,7.282564911e-05,1.862731892e-06,5.029424574e-05
2021-06-13 23:00:00,0.0002812966704,4.555875785e-05,8.34572802e-06,0.0002253329003
2021-06-14 00:00:00,0.0008926468436,0.0001483010419,2.716685231e-05,0.0007335032569
2021-06-14 01:00:00,0.0008630256634,0.0001468777773,4.879817425e-05,0.0008000002126
2021-06-14 02:00:00,0.0008995804237,0.0002057114034,6.273719191e-05,0.0008816989721
2021-06-14 03:00:00,0.0009322909755,0.000203674208,5.982972652e-05,0.0009717165958
2021-06-14 04:00:00,0.001015313785,0.000376146083,5.73892903e-05,0.0009803299326
2021-06-14 05:00:00,0,1.37476841e-09,8.746575686e-11,0
2021-06-14 06:00:00,0.0003908745421,7.452470163e-05,1.171404501e-10,0
2021-06-14 07:00:00,0.01089337096,0.006895618979,0.000172116459,0.008213762194
2021-06-14 08:00:00,0.00158789556,0.002327081515,8.950332995e-05,0.001311063301
2021-06-14 09:00:00,0.001799647231,0.002451791661,2.889914867e-05,0.001055616071
2021-06-14 10:00:00,0.0006865895703,0.0001352817781,2.548967313e-05,0.0007646622253
2021-06-14 11:00:00,0.0006763346028,0.0001787743677,2.11812312e-05,0.000717056857
2021-06-14 12:00:00,0.000780702976,0.0001919025235,2.591200064e-05,0.0008442371618
2021-06-14 13:00:00,0,8.445787403e-10,6.157142157e-11,0
2021-06-14 14:00:00,0,9.18451537e-10,7.026591808e-11,0
2021-06-14 15:00:00,0,1.140728734e-09,7.159162152e-11,0
2021-06-14 16:00:00,1.921936928e-05,1.577252329e-09,1.107655356e-10,0
2021-06-14 17:00:00,0.0009622078505,0.001941800234,5.222311756e-06,0.0003309573513
2021-06-14 18:00:00,0.0009756881045,0.001144882524,1.082963536e-05,0.0006558228051
2021-06-14 19:00:00,0.0008671344258,0.0008382986416,9.247843082e-06,0.0006161626661
2021-06-14 20:00:00,0.001780383056,0.00172141986,2.410937486e-05,0.001298959134
2021-06-14 21:00:00,0.004455557559,0.004515121691,6.356610538e-05,0.002947805915
2021-06-14 22:00:00,0.002640184248,0.0007251274073,6.168845721e-05,0.002267794451
2021-06-14 23:00:00,0.002711307257,0.001442002249,0.000140858232,0.002781047951
2021-06-15 00:00:00,0.0004820275353,7.894105511e-05,3.755931175e-05,0.0004828369711
2021-06-15 01:00:00,0.000315104844,5.125746247e-05,9.389597835e-06,0.0002535174135
2021-06-15 02:00:00,0.0006883490714,0.0001130631208,5.244828208e-05,0.00070017908
2021-06-15 03:00:00,0.0008714683354,0.0002591267694,7.79096008e-05,0.001035454683
2021-06-15 04:00:00,0.0009507839568,0.0003468123323,0.0001035944297,0.00120925263
2021-06-15 05:00:00,0.0005325418315,9.107116784e-05,1.504566899e-05,0.0004741342564
2021-06-15 06:00:00,0.0006811977364,0.0001396759908,2.640127548e-07,7.127389381e-06
2021-06-15 07:00:00,0.02157390304,0.009642653167,0.0002058343234,0.01520056836
2021-06-15 08:00:00,0.005719419103,0.006500895601,0.0001279811113,0.003590028966
2021-06-15 09:00:00,0.004682173021,0.005593703594,5.833408068e-05,0.002739069983
2021-06-15 10:00:00,0.0005063891294,0.0001068422353,1.813496601e-05,0.0005570626818
2021-06-15 11:00:00,0.0005626248312,0.0001382809423,1.867555693e-05,0.0006084307679
2021-06-15 12:00:00,0,8.849206368e-10,7.372539385e-11,0
2021-06-15 13:00:00,0,1.017541829e-09,7.996519419e-11,0
2021-06-15 14:00:00,0,1.13669929e-09,9.107601479e-11,0
2021-06-15 15:00:00,0,1.470402022e-09,1.150609191e-10,0
2021-06-15 16:00:00,0,2.21027352e-09,2.077060607e-10,0
2021-06-15 17:00:00,8.977255493e-05,0.01584172249,0.0007425516378,0
2021-06-15 18:00:00,0.001003217767,8.294764875e-10,5.515907869e-11,0.0006915303529
2021-06-15 19:00:00,0.0008033807972,5.044354379e-10,3.575060734e-11,0.000617207319
2021-06-15 20:00:00,0.002865588292,5.823992955e-10,3.555277253e-11,0.002275282983
2021-06-15 21:00:00,0.004083695356,6.685332288e-10,4.136408577e-11,0.002666376997
2021-06-15 22:00:00,0.00229606824,8.22201307e-10,4.907257239e-11,0.001931603067
2021-06-15 23:00:00,0.002269221237,0.0006381210405,6.563448396e-11,0.002124414779
2021-06-16 00:00:00,0.0003532727715,0.0003635638277,7.679528541e-11,0.0002820398367
2021-06-16 01:00:00,0.001061389805,3.269772675e-09,8.667746442e-05,0.001222105348
2021-06-16 02:00:00,0.001011593617,0.003423766699,8.738244651e-05,0.001148532843
2021-06-16 03:00:00,0.002098723548,0.0002715568698,0.0003495890996,0.001787288929
2021-06-16 04:00:00,0.003541842569,2.069447058e-09,1.197561217e-10,0.00268133916
2021-06-16 05:00:00,0,4.435836976e-10,4.453880667e-11,0
2021-06-16 06:00:00,0.000571772689,8.051098848e-05,7.065009688e-11,0
2021-06-16 07:00:00,0.009951420128,0.005168673582,1.767816449e-10,0.007702149451
2021-06-16 08:00:00,0.002574762562,0.003703618888,6.224265235e-05,0.001501277671
2021-06-16 09:00:00,0.001698548789,0.002373821801,2.445016253e-05,0.0009553552372
2021-06-16 10:00:00,0.000365277112,7.655243826e-05,1.302045985e-05,0.000399762881
2021-06-16 11:00:00,0.0008390939329,0.0002433913178,2.409454464e-05,0.0008649309166
2021-06-16 12:00:00,0.0005584976752,0.0001544705156,1.679872184e-05,0.0005843019462
2021-06-16 13:00:00,0,6.266773767e-10,4.79529437e-11,0
2021-06-16 14:00:00,0,7.241954258e-10,6.594399332e-11,0
2021-06-16 15:00:00,0,9.880281038e-10,7.243926292e-11,0
2021-06-16 16:00:00,6.203572411e-06,7.673055524e-10,5.793423727e-11,0
2021-06-16 17:00:00,0,9.759949515e-10,6.674113345e-11,0
2021-06-16 18:00:00,0.001186034409,0.0005334994057,2.418943041e-05,0.001090858597
2021-06-16 19:00:00,0.0005816787016,0.001027137623,3.302512368e-06,0.0002888614545
2021-06-16 20:00:00,0.00375993643,0.01454772986,0.0001581344113,0.002505751094
2021-06-16 21:00:00,0.009886182845,0.0006154527655,2.822842515e-10,0.005590252113
2021-06-16 22:00:00,0.002040997846,0.0005869091256,4.612447083e-05,0.001741308719
2021-06-16 23:00:00,0.002583484631,0.0007170541212,7.198136154e-05,0.002527763369
2021-06-17 00:00:00,0.0007553991163,0.0001253526716,2.296298953e-05,0.0006199995405
2021-06-17 01:00:00,0.0008772126748,0.0001579130476,8.933368372e-05,0.0009717579815
2021-06-17 02:00:00,0.0008354458841,0.0002471180051,9.65699146e-05,0.0009539995808
2021-06-17 03:00:00,0.00136592763,0.0007810481475,0.0001408384414,0.001418966334
2021-06-17 04:00:00,0.002245559823,0.001633538632,0.0001652392093,0.001821838319
2021-06-17 05:00:00,6.605880117e-06,5.624042898e-10,5.57743296e-11,0
2021-06-17 06:00:00,0.0005138365668,7.235343219e-05,6.092751303e-11,0
2021-06-17 07:00:00,0.01140227169,0.009029876441,0.0001924916578,0.008579744026
2021-06-17 08:00:00,0.0002053315693,0.0003645354591,4.655423982e-05,0.0003888409119
2021-06-17 09:00:00,0.0004346047353,0.0005820873776,1.589626481e-05,0.0003730720491
2021-06-17 10:00:00,0.0001952054154,7.482952591e-10,1.100112604e-05,0.0002581856388
2021-06-17 11:00:00,0.0002327088878,4.442457794e-05,9.015910109e-06,0.0002662523184
2021-06-17 12:00:00,0,7.290774651e-10,5.818544258e-11,0
2021-06-17 13:00:00,0,8.121261441e-10,6.201645447e-11,0
2021-06-17 14:00:00,0,8.854829092e-10,6.674337472e-11,0
2021-06-17 15:00:00,0,1.119353277e-09,8.093462706e-11,0
2021-06-17 16:00:00,2.410698289e-05,1.581756059e-09,1.192875521e-10,0
2021-06-17 17:00:00,0.002863810398,0.02486802079,0.0004735439725,0.00126594631
2021-06-17 18:00:00,0.009971283376,1.410424444e-09,7.126908785e-11,0.007582332939
2021-06-17 19:00:00,0.005244652741,2.073744065e-09,7.627039278e-11,0.003414571285
2021-06-17 20:00:00,0.003847651649,0.0006705654669,7.226368809e-11,0.002896701451
2021-06-17 21:00:00,0.004203859717,0.000562480709,1.198590532e-10,0.002821816597
2021-06-17 22:00:00,0.002145154402,0.0006103418418,3.043224006e-10,0.001808276866
2021-06-17 23:00:00,0.00221132976,0.000636345183,5.896343646e-05,0.002219407586
2021-06-18 00:00:00,0.0004444553633,0.0001142868859,1.284614973e-05,0.0003808028123
2021-06-18 01:00:00,0.0009036761476,0.0001390951511,6.561357441e-05,0.001040884526
2021-06-18 02:00:00,0.001954278443,0.001391439582,0.0001170256583,0.001332805259
2021-06-18 03:00:00,0.002449965104,0.003778972197,0.0001450207637,0.001665492426
2021-06-18 04:00:00,0.005922164302,0.002982225735,0.0002751494176,0.003637592541
2021-06-18 05:00:00,0,5.678469361e-10,6.056015411e-11,0
2021-06-18 06:00:00,0.0003261922975,4.593167978e-05,1.174534497e-10,0
2021-06-18 07:00:00,0.008528910577,0.005794219673,0.000182585849,0.007208296098
2021-06-18 08:00:00,0.00280288863,0.004091375507,4.3661581e-05,0.001429283526
2021-06-18 09:00:00,0.004000894725,0.00516024651,4.501391231e-05,0.002170610707
2021-06-18 10:00:00,0.000905484485,0.0002477758389,2.697735363e-05,0.0009379819967
2021-06-18 11:00:00,0.0008292427519,0.000213385516,2.655716708e-05,0.0008858090732
2021-06-18 12:00:00,0.001173722325,0.0003183987574,3.593390284e-05,0.001235075062
2021-06-18 13:00:00,0,1.069519362e-09,6.578947803e-11,0
2021-06-18 14:00:00,0,1.431752938e-09,1.094481797e-10,0
2021-06-18 15:00:00,0,0.004832490813,0.0002359861683,0
2021-06-18 16:00:00,2.989196764e-05,0.00386284804,7.167858529e-10,0
2021-06-18 17:00:00,0.002475821413,1.243672831e-09,6.346956294e-11,0.001077751396
2021-06-18 18:00:00,0.004084299318,1.860725352e-09,6.776642442e-11,0.003747285111
2021-06-18 19:00:00,0.002161098877,0.0006487907958,8.37579589e-11,0.001872150926
2021-06-18 20:00:00,0.003783425782,0.001910476945,2.232561025e-09,0.002543216571
2021-06-18 21:00:00,0.004963450134,0.004375525285,7.293128874e-05,0.003196320031
2021-06-18 22:00:00,0.002905410714,0.001234002993,6.542669871e-05,0.002375100739
2021-06-18 23:00:00,0.002717310097,0.0007199707907,8.568524208e-05,0.00260290294
2021-06-19 00:00:00,0.0008189990767,0.0003633344313,6.607402611e-05,0.000792565872
2021-06-19 01:00:00,0.00182910997,0.0009303603438,0.0001003090147,0.001456647995
2021-06-19 02:00:00,0.002320209518,0.001668981742,0.0001081597366,0.001659773989
2021-06-19 03:00:00,0.00393121643,0.003497926518,0.0001505530963,0.002838040702
2021-06-19 04:00:00,0.005542002153,0.004879723769,0.0002447323932,0.004205634817
2021-06-19 05:00:00,0,4.16952417e-10,4.086119637e-11,0
2021-06-19 06:00:00,0,5.421270655e-10,4.74844955e-11,0
2021-06-19 07:00:00,0.007737202104,0.001736206003,0.0001498502534,0.00663336087
2021-06-19 08:00:00,0.0001185180881,7.765971199e-10,6.879843568e-06,0.0001614636858
2021-06-19 09:00:00,0.001497032819,0.002284904476,2.199093797e-05,0.0007983046235
2021-06-19 10:00:00,0.001526708249,0.001526402077,3.445734183e-05,0.00119924359
2021-06-19 11:00:00,0.0001576637296,0.0005798079656,5.24568583e-11,0
2021-06-19 12:00:00,0,8.209841695e-10,5.94478633e-11,0
2021-06-19 13:00:00,0,8.889495806e-10,6.034363287e-11,0
2021-06-19 14:00:00,0,1.019899054e-09,7.31357544e-11,0
2021-06-19 15:00:00,0,1.493521418e-09,9.311483529e-11,0
2021-06-19 16:00:00,0.0002733659057,0.001568396227,0.0001316447597,0
2021-06-19 17:00:00,0.005068835337,0.001559966709,2.188451781e-10,0.004916508682
2021-06-19 18:00:00,2.671604761e-06,1.773869163e-09,1.076012682e-10,0
2021-06-19 19:00:00,0.0002623602632,0.012227186,5.84997324e-05,0
2021-06-19 20:00:00,0.003815270029,1.376711078e-09,7.131804175e-11,0.001586054335
2021-06-19 21:00:00,0.004654372577,1.811665484e-09,7.941858282e-11,0.001950313337
2021-06-19 22:00:00,0.0006965816137,0.0004520664224,7.768696797e-11,0
2021-06-19 23:00:00,0.0008744359948,5.436903052e-07,3.317457958e-05,0.0006246982375
2021-06-20 00:00:00,0.0008705105865,0.0002069617622,0.0001601916883,0.001237777527
2021-06-20 01:00:00,0.002165644895,0.001068592304,0.0002100248967,0.001952151768
2021-06-20 02:00:00,0.002120320452,0.001168956282,0.0001835559669,0.001809759066
2021-06-20 03:00:00,0.002566728042,0.001780599123,0.0001883951045,0.001980185276
2021-06-20 04:00:00,0.002340709325,0.001946330769,0.0001599374664,0.002003194066
2021-06-20 05:00:00,0.0001488687412,2.252940976e-05,4.756562366e-10,0.0001114357001
2021-06-20 06:00:00,8.450048335e-05,1.231580609e-05,2.256043672e-06,6.091283285e-05
2021-06-20 07:00:00,0.02444436401,0.003550852183,0.0002317824983,0.02022226155
2021-06-20 08:00:00,0.001328928513,0.0002569645003,2.994583338e-05,0.000935080112
2021-06-20 09:00:00,0.005859497469,0.007557838224,0.0001775409619,0.003850900801
2021-06-20 10:00:00,0.002466724953,0.003005051753,5.044890713e-05,0.001608468592
2021-06-20 11:00:00,0.00225656759,0.003403049661,5.477156083e-05,0.001285741571
2021-06-20 12:00:00,0,9.468698048e-10,6.30443614e-11,0
2021-06-20 13:00:00,0,1.125960436e-09,7.356118492e-11,0
2021-06-20 14:00:00,0,1.244732428e-09,7.007102537e-11,0
2021-06-20 15:00:00,0,1.960217766e-09,1.094520446e-10,0
2021-06-20 16:00:00,0.003597575938,0.005321493372,2.573773963e-05,0.001631089719
2021-06-20 17:00:00,0.004933588672,0.00385986967,8.956879901e-05,0.003857192118
2021-06-20 18:00:00,0.0001205546432,0.0004392770934,7.148475561e-11,0
2021-06-20 19:00:00,0.0001955250918,0.0007115688059,9.321694805e-11,0
2021-06-20 20:00:00,0.002067148685,0.003124502953,1.345949113e-05,0.0008529692423
2021-06-20 21:00:00,0.009465992451,0.00592583511,3.673175888e-05,0.00436594151
2021-06-20 22:00:00,0.005827735178,0.0002681763435,1.326979964e-05,0.003427196294
2021-06-20 23:00:00,0.001521958387,0.0007330323569,2.463404962e-05,0.0008754872833
2021-06-21 00:00:00,0.0009821824497,0.0007510141004,0.0001302761229,0.001211059047
2021-06-21 01:00:00,0.003253306495,0.001649240381,0.0002854467602,0.002755229594
2021-06-21 02:00:00,0.004539766815,0.003291857429,0.000253060949,0.002969922498
2021-06-21 03:00:00,0.001772380667,0.001324437093,0.0001086989359,0.001544387429
2021-06-21 04:00:00,0.003527544206,0.003894821275,0.0001120829256,0.002725213766
2021-06-21 05:00:00,0,1.005066697e-09,8.914134708e-11,0
2021-06-21 06:00:00,0.0004841572372,6.817489339e-05,1.167660135e-10,0
2021-06-21 07:00:00,0.02088557556,0.010415419,0.0002395079937,0.01395574305
2021-06-21 08:00:00,0.003190219402,0.003378807101,0.0001683994196,0.002923258115
2021-06-21 09:00:00,0.005000290461,0.005914958194,0.0001015883172,0.003211063566
2021-06-21 10:00:00,0.001060573151,0.0003374634252,6.789106556e-05,0.001334302127
2021-06-21 11:00:00,0.0006295647472,0.0001890662679,1.74255365e-05,0.0006415754324
2021-06-21 12:00:00,0.0002951198549,0.0001033418448,6.680601473e-06,0.0002839317895
2021-06-21 13:00:00,0,9.456191385e-10,8.126316287e-11,0
2021-06-21 14:00:00,0,1.053026555e-09,1.104694669e-10,0
2021-06-21 15:00:00,0,1.323457344e-09,1.245120118e-10,0
2021-06-21 16:00:00,5.541521386e-05,1.613502718e-05,1.034561319e-05,8.641155e-05
2021-06-21 17:00:00,0.001410579891,0.002497558948,8.675788195e-06,0.000549814431
2021-06-21 18:00:00,0.004759960342,0.003497911151,8.042951231e-05,0.003779309802
2021-06-21 19:00:00,0.0006951059331,0.000730551139,8.208642612e-06,0.0004881482455
2021-06-21 20:00:00,0.004004935268,0.001740787528,3.232715608e-05,0.002420615172
2021-06-21 21:00:00,0.01525219996,0.005230713636,6.900477456e-05,0.01061284263
2021-06-21 22:00:00,0.003182100831,0.0008214573609,7.336110139e-05,0.002612317912
2021-06-21 23:00:00,0.001844308805,0.0005599968135,4.858289685e-05,0.001813856768
2021-06-22 00:00:00,0.0005305611412,8.788968262e-05,1.609998617e-05,0.0004346977512
2021-06-22 01:00:00,0.0006924931076,0.008722855709,2.050586409e-05,0.0006037490093
2021-06-22 02:00:00,0.00270407903,4.323633007e-09,0.000197345973,0.00228252029
2021-06-22 03:00:00,0.007769189309,0.001447134418,0.0003373918007,0.005054147448
2021-06-22 04:00:00,0.004921942484,0.004386036191,0.0002133139642,0.003833562601
2021-06-22 05:00:00,4.906741378e-05,6.804321856e-06,1.246361307e-06,3.3651384e-05
2021-06-22 06:00:00,0.0007005340303,0.0001047756232,1.197770355e-10,0
2021-06-22 07:00:00,0.02219105884,0.007304829545,0.0001981392998,0.01629628241
2021-06-22 08:00:00,0.003581187455,0.004124246538,0.0001368052326,0.002734594047
2021-06-22 09:00:00,0.003287375672,0.004158383701,4.043018271e-05,0.001853905618
2021-06-22 10:00:00,0.000572145218,0.0001497016783,1.735720252e-05,0.0005915404763
2021-06-22 11:00:00,0.0007651625201,0.000245515228,1.958819303e-05,0.0007617824012
2021-06-22 12:00:00,0.0008675278514,0.0002593793324,2.412825233e-05,0.0008853925974
2021-06-22 13:00:00,0,8.361299986e-10,8.51758386e-11,0
2021-06-22 14:00:00,0,9.211759688e-10,9.69324343e-11,0
2021-06-22 15:00:00,0,1.149302098e-09,1.233042557e-10,0
2021-06-22 16:00:00,2.0057445e-05,1.731857102e-09,1.949366085e-10,0
2021-06-22 17:00:00,0.002960154554,0.02265206166,0.0006643586676,0.001317648217
2021-06-22 18:00:00,0.00437901821,7.781558176e-10,5.658946922e-11,0.003576606046
2021-06-22 19:00:00,0.0009721826646,4.892301564e-10,3.578447261e-11,0.0006182501093
2021-06-22 20:00:00,0.002818353474,4.965293732e-10,3.595011441e-11,0.001881271834
2021-06-22 21:00:00,0.005156093743,5.214373378e-10,3.710136712e-11,0.003175519872
2021-06-22 22:00:00,0.001566244522,6.505397887e-10,4.992132055e-11,0.001256793039
2021-06-22 23:00:00,0.001546447631,0.000502763025,6.690135251e-11,0.001504643355
2021-06-23 00:00:00,0.0001441838249,2.327293441e-05,7.454287188e-11,0.0001151066535
2021-06-23 01:00:00,0.0005533908261,9.171325655e-05,6.200493226e-05,0.0007016371237
2021-06-23 02:00:00,0.000606290414,9.723293624e-05,7.069893036e-05,0.0008163480088
2021-06-23 03:00:00,0.0005747224204,0.0001773350959,0.000125773804,0.0007906768005
2021-06-23 04:00:00,0.0005832345341,9.310263671e-10,1.155955887e-10,0.0008520385018
2021-06-23 05:00:00,1.442873838e-07,5.773099221e-10,4.437857026e-11,0
2021-06-23 06:00:00,0.000329288654,4.636728772e-05,6.936074631e-11,0
2021-06-23 07:00:00,0.009842636995,0.005216396879,1.749640155e-10,0.007619922981
2021-06-23 08:00:00,0.0005641418975,0.001068469952,2.517956818e-05,0.0003746635921
2021-06-23 09:00:00,0.0005872208276,0.0006183662917,1.975513806e-05,0.0005291816778
2021-06-23 10:00:00,0.0002554173698,6.888625194e-06,1.383331892e-05,0.000333130447
2021-06-23 11:00:00,0.0004589466844,0.0001086474294,1.565395723e-05,0.0005010571331
2021-06-23 12:00:00,0.0001473584853,1.52797802e-05,7.008781722e-06,0.0001832891139
2021-06-23 13:00:00,0,5.217809518e-10,4.149676436e-11,0
2021-06-23 14:00:00,0,5.556719529e-10,4.878365767e-11,0
2021-06-23 15:00:00,0,6.161983146e-10,4.672841628e-11,0
2021-06-23 16:00:00,4.738141797e-06,5.290634042e-10,4.25986503e-11,0
2021-06-23 17:00:00,1.770707286e-06,5.704359207e-10,4.284851987e-11,0
2021-06-23 18:00:00,0,6.396324581e-10,4.815868884e-11,0
2021-06-23 19:00:00,4.08698952e-07,1.268017247e-09,7.173457661e-11,0
2021-06-23 20:00:00,0.001048812177,0.003772735829,4.760842421e-05,0.0007497579209
2021-06-23 21:00:00,0.003352674888,0.0004837587476,1.581746678e-10,0.002052129479
2021-06-23 22:00:00,0.001945108525,0.000567956944,3.9713148e-05,0.001568484236
2021-06-23 23:00:00,0.002058226848,0.0006210666616,7.810084207e-05,0.002159998054
2021-06-24 00:00:00,0.0003654467291,5.953280561e-05,1.937873458e-05,0.0003283438855
2021-06-24 01:00:00,0.0005854742485,9.711366147e-05,5.516232704e-05,0.0006298185908
2021-06-24 02:00:00,0.0005054672947,8.367948612e-05,3.990170808e-05,0.0005121732247
2021-06-24 03:00:00,0.0005773755838,9.578871686e-05,5.016941577e-05,0.0006042635068
2021-06-24 04:00:00,0.0007143775583,0.00012858829,7.273212395e-05,0.0008460498066
2021-06-24 05:00:00,0,5.432728156e-10,4.478342697e-11,0
2021-06-24 06:00:00,0.0001350112871,1.901149517e-05,4.596795514e-11,0
2021-06-24 07:00:00,0.006848494988,0.00512156263,0.0001344390475,0.005540441722
2021-06-24 08:00:00,0.0001216164746,3.372778168e-10,5.359896022e-06,0.0001257924887
2021-06-24 09:00:00,0.0001640427799,0.0005128405755,1.339214919e-06,3.142946662e-05
2021-06-24 10:00:00,2.067428613e-05,5.366958544e-10,1.005834974e-06,2.360409417e-05
2021-06-24 11:00:00,0.0002336355246,6.358226168e-10,1.356224311e-05,0.0003182945075
2021-06-24 12:00:00,0.000296759943,6.762881821e-05,1.038734081e-05,0.0003269881709
2021-06-24 13:00:00,0,5.085462051e-10,5.046739068e-11,0
2021-06-24 14:00:00,0,5.190570751e-10,5.993253116e-11,0
2021-06-24 15:00:00,0,5.320453522e-10,5.921933777e-11,0
2021-06-24 16:00:00,0,5.964490568e-10,9.159337178e-11,0
2021-06-24 17:00:00,0,1.134383032e-09,7.183228445e-05,0
2021-06-24 18:00:00,0,4.741408377e-10,4.529457365e-11,0
2021-06-24 19:00:00,0,5.571698658e-10,4.628439992e-11,0
2021-06-24 20:00:00,0.001171605196,0.0005870864843,5.613621026e-11,0.0009250600706
2021-06-24 21:00:00,0.001091543585,0.0004266139877,6.911105022e-11,0.0009994201828
2021-06-24 22:00:00,0.001425725641,0.000482447067,1.208983746e-10,0.001390873571
2021-06-24 23:00:00,0.001679221867,0.0005349414423,4.337868813e-05,0.00167622033
2021-06-25 00:00:00,0,4.304386847e-10,4.082050323e-11,0
2021-06-25 01:00:00,0,4.542760612e-10,4.598157272e-11,0
2021-06-25 02:00:00,0,4.846912316e-10,5.124517477e-11,0
2021-06-25 03:00:00,2.907671387e-06,5.3902105e-10,7.426402548e-11,0
2021-06-25 04:00:00,1.374264684e-05,8.699137766e-07,1.59165495e-07,4.301205536e-06
2021-06-25 05:00:00,0,7.252001222e-10,4.488796834e-11,0
2021-06-25 06:00:00,0.0001007485771,1.418786087e-05,8.525288808e-11,0
2021-06-25 07:00:00,0.007408424746,0.004982251208,0.0001483055094,0.006175176706
2021-06-25 08:00:00,0.0001013799847,0.0003152996069,3.087276923e-07,7.246096175e-06
2021-06-25 09:00:00,2.814646905e-05,0.0001067580815,4.059629716e-11,0
2021-06-25 10:00:00,0,4.295325762e-10,4.536411177e-11,0
2021-06-25 11:00:00,0,4.463505121e-10,4.030270562e-11,0
2021-06-25 12:00:00,0,4.216584859e-10,4.338086834e-11,0
2021-06-25 13:00:00,0,4.377003759e-10,4.253887173e-11,0
2021-06-25 14:00:00,0,4.355981686e-10,4.906946377e-11,0
2021-06-25 15:00:00,0,4.675943521e-10,5.475835757e-11,0
2021-06-25 16:00:00,0,4.406605636e-10,5.123293109e-11,0
2021-06-25 17:00:00,0,3.633532086e-10,3.377274502e-11,0
2021-06-25 18:00:00,0,3.549073258e-10,3.30712055e-11,0
2021-06-25 19:00:00,0,3.908247059e-10,3.404359433e-11,0
2021-06-25 20:00:00,6.020404544e-05,3.455776096e-05,3.905832949e-11,4.251742575e-05
2021-06-25 21:00:00,0.000587506569,0.0003372342326,5.125078834e-11,0.0004149101442
2021-06-25 22:00:00,0.000708173553,0.0004064981767,9.471024659e-11,0.0005001278478
2021-06-25 23:00:00,0.001040200121,0.0004077059275,1.915135181e-05,0.0009510852979
2021-06-26 00:00:00,0,3.345880795e-10,2.950853104e-11,0
2021-06-26 01:00:00,0,3.499575352e-10,3.203674132e-11,0
2021-06-26 02:00:00,0,3.777171631e-10,3.421816996e-11,0
2021-06-26 03:00:00,0,4.239231743e-10,4.578878596e-11,0
2021-06-26 04:00:00,0,4.508715623e-10,5.380353107e-11,0
2021-06-26 05:00:00,0,4.002561338e-10,3.735460899e-11,0
2021-06-26 06:00:00,0,4.291940137e-10,4.328028907e-11,0
2021-06-26 07:00:00,0.004950585775,0.001756189624,0.0001097739005,0.004737005569
2021-06-26 08:00:00,0.001091737184,0.0003498423903,2.799489266e-05,0.001087439479
2021-06-26 09:00:00,0.001300484175,0.0009411544306,2.699688412e-05,0.00111884845
2021-06-26 10:00:00,0.003096393775,0.003569953609,3.860180732e-05,0.001906014048
2021-06-26 11:00:00,0.001003804966,0.001785701956,6.221262538e-06,0.0003942635958
2021-06-26 12:00:00,0,4.460757042e-10,4.774627915e-11,0
2021-06-26 13:00:00,0,4.487172023e-10,5.462359384e-11,0
2021-06-26 14:00:00,0,4.406562337e-10,5.723874499e-11,0
2021-06-26 15:00:00,0,4.669843956e-10,9.95510549e-11,0
2021-06-26 16:00:00,0,8.638370019e-10,2.737914656e-05,0
2021-06-26 17:00:00,0.001704039285,0.0007154885097,2.092354484e-10,0.001503651845
2021-06-26 18:00:00,0,3.686899674e-10,4.027917236e-11,0
2021-06-26 19:00:00,0,3.79011128e-10,4.208226129e-11,0
2021-06-26 20:00:00,0,3.155117556e-10,3.212368566e-11,0
2021-06-26 21:00:00,0,3.144750016e-10,3.166956281e-11,0
2021-06-26 22:00:00,0,3.109651703e-10,3.180197772e-11,0
2021-06-26 23:00:00,0,3.210625377e-10,3.28978407e-11,0
2021-06-27 00:00:00,0,3.249372993e-10,3.29731277e-11,0
2021-06-27 01:00:00,0,3.292962569e-10,3.432709325e-11,0
2021-06-27 02:00:00,0,3.526615111e-10,3.639133439e-11,0
2021-06-27 03:00:00,3.448413054e-06,3.686428385e-10,3.936173956e-11,0
2021-06-27 04:00:00,7.149546946e-06,6.057778705e-07,1.108893812e-07,2.996144985e-06
2021-06-27 05:00:00,0,3.116714387e-10,3.097611403e-11,0
2021-06-27 06:00:00,0,3.291887318e-10,3.35015661e-11,0
2021-06-27 07:00:00,0.00603718264,0.002164811594,0.0001315260743,0.005750252865
2021-06-27 08:00:00,0,4.076846916e-10,3.585267846e-11,0
2021-06-27 09:00:00,5.773637167e-05,0.0001866092352,4.573098497e-11,0
2021-06-27 10:00:00,0,4.226638761e-10,4.209800911e-11,0
2021-06-27 11:00:00,0,4.363631956e-10,4.307730561e-11,0
2021-06-27 12:00:00,0,4.13397705e-10,4.299653689e-11,0
2021-06-27 13:00:00,0,4.187641067e-10,4.290954397e-11,0
2021-06-27 14:00:00,0,4.086991856e-10,4.145426363e-11,0
2021-06-27 15:00:00,0,4.145965515e-10,4.19074879e-11,0
2021-06-27 16:00:00,0,4.052183866e-10,4.229406408e-11,0
2021-06-27 17:00:00,0,4.078113125e-10,4.307266002e-11,0
2021-06-27 18:00:00,0,4.05769196e-10,4.39359521e-11,0
2021-06-27 19:00:00,0,4.125460806e-10,4.448823948e-11,0
2021-06-27 20:00:00,0,4.237634132e-10,4.772688494e-11,0
2021-06-27 21:00:00,0,4.316606517e-10,4.8646559e-11,0
2021-06-27 22:00:00,0,4.301460299e-10,5.017757043e-11,0
2021-06-27 23:00:00,0,4.426277123e-10,5.207860879e-11,0
2021-06-28 00:00:00,0,4.372695817e-10,5.378446646e-11,0
2021-06-28 01:00:00,0,4.57691135e-10,5.860840285e-11,0
2021-06-28 02:00:00,0,4.76867823e-10,6.772757355e-11,0
2021-06-28 03:00:00,7.513869491e-07,5.67895897e-10,8.699709009e-11,0
2021-06-28 04:00:00,0.0001308528444,2.005034003e-05,3.672877028e-06,9.917092393e-05
2021-06-28 05:00:00,0,4.088824279e-10,6.037934042e-11,0
2021-06-28 06:00:00,0,4.876283821e-10,7.458898083e-11,0
2021-06-28 07:00:00,0.003664653748,0.001386202639,7.254343654e-05,0.003408031072
2021-06-28 08:00:00,0,4.103689888e-10,4.49056313e-11,0
2021-06-28 09:00:00,0,4.08118539e-10,4.392562356e-11,0
2021-06-28 10:00:00,0,4.043794466e-10,4.24919995e-11,0
2021-06-28 11:00:00,0,4.198911774e-10,4.325880973e-11,0
2021-06-28 12:00:00,0,3.980158703e-10,4.242370691e-11,0
2021-06-28 13:00:00,0,4.17847007e-10,4.339909682e-11,0
2021-06-28 14:00:00,0,4.138102916e-10,4.305968429e-11,0
2021-06-28 15:00:00,0,4.231421602e-10,4.447192614e-11,0
2021-06-28 16:00:00,0,4.205967241e-10,4.480581184e-11,0
2021-06-28 17:00:00,0,4.365942052e-10,4.733922629e-11,0
2021-06-28 18:00:00,0,4.429906997e-10,4.8982568e-11,0
2021-06-28 19:00:00,0,5.214191856e-10,5.325960506e-11,0
2021-06-28 20:00:00,0.0006787716411,0.0003896209819,5.965351824e-11,0.0004793635453
2021-06-28 21:00:00,0.0006656582118,0.0003820940328,8.803535678e-11,0.0004701025609
2021-06-28 22:00:00,0.0009145586519,0.0003771352931,1.494970456e-05,0.0008148615016
2021-06-28 23:00:00,0.001011846936,0.0003835371463,1.994982449e-05,0.0009400848066
2021-06-29 00:00:00,0,4.135083942e-10,4.609315013e-11,0
2021-06-29 01:00:00,0,4.329915315e-10,5.198633884e-11,0
2021-06-29 02:00:00,0,4.166240686e-10,4.816800431e-11,0
2021-06-29 03:00:00,0,4.328615799e-10,5.351792273e-11,0
2021-06-29 04:00:00,0,4.204885329e-10,5.381114304e-11,0
2021-06-29 05:00:00,0,4.64766392e-10,6.658892188e-11,0
2021-06-29 06:00:00,0,4.813183185e-10,7.733828855e-11,0
2021-06-29 07:00:00,0.00107869436,0.0005640003365,5.580152902e-06,0.0008248723461
2021-06-29 08:00:00,0,4.161869183e-10,4.597133785e-11,0
2021-06-29 09:00:00,0,4.356273953e-10,4.667888992e-11,0
2021-06-29 10:00:00,0,4.201722303e-10,4.487822267e-11,0
2021-06-29 11:00:00,0,4.377436469e-10,4.744592566e-11,0
2021-06-29 12:00:00,0,4.166613443e-10,4.80790581e-11,0
2021-06-29 13:00:00,0,4.477326565e-10,5.026453906e-11,0
2021-06-29 14:00:00,0,4.456160163e-10,5.35283623e-11,0
2021-06-29 15:00:00,0,4.756809391e-10,6.978519845e-11,0
2021-06-29 16:00:00,0,5.01250208e-10,9.74368225e-11,0
2021-06-29 17:00:00,0,4.954986199e-09,1.09569628e-05,0
2021-06-29 18:00:00,0,3.469526333e-10,3.521988604e-11,0
2021-06-29 19:00:00,0,2.765353779e-10,2.601357497e-11,0
2021-06-29 20:00:00,0,2.686615375e-10,2.560099181e-11,0
2021-06-29 21:00:00,0,2.6860697e-10,2.562161074e-11,0
2021-06-29 22:00:00,0,3.017440742e-10,2.772237995e-11,0
2021-06-29 23:00:00,0.0006127589731,0.0003517257865,3.097344603e-11,0.0004327439528
2021-06-30 00:00:00,0,2.927068865e-10,3.134857651e-11,0
2021-06-30 01:00:00,0,3.132923365e-10,3.408220234e-11,0
2021-06-30 02:00:00,0,2.938525534e-10,3.658880837e-11,0
2021-06-30 03:00:00,0,2.807569455e-10,3.266819454e-11,0
2021-06-30 04:00:00,0,2.45331977e-10,2.707700036e-11,0
2021-06-30 05:00:00,0,2.76346418e-10,2.959334167e-11,0
2021-06-30 06:00:00,0,3.022481709e-10,4.151295974e-11,0
2021-06-30 07:00:00,0.001182766282,0.000608077331,1.624988755e-10,0.0009162719944
2021-06-30 08:00:00,0,2.551999723e-10,2.421105677e-11,0
2021-06-30 09:00:00,0,2.612544348e-10,2.396163302e-11,0
2021-06-30 10:00:00,0,2.714248271e-10,2.452404946e-11,0
2021-06-30 11:00:00,0,2.858787651e-10,2.48714209e-11,0
2021-06-30 12:00:00,0,2.780466413e-10,2.43695359e-11,0
2021-06-30 13:00:00,0,2.875206739e-10,2.438714161e-11,0
2021-06-30 14:00:00,0,2.7817465e-10,2.400664043e-11,0
2021-06-30 15:00:00,0,2.888551898e-10,2.404515129e-11,0
2021-06-30 16:00:00,0,2.660267007e-10,2.283343306e-11,0
2021-06-30 17:00:00,0,2.7226707e-10,2.293644441e-11,0
2021-06-30 18:00:00,0,2.652850994e-10,2.257793605e-11,0
2021-06-30 19:00:00,0,2.916646091e-10,2.315849769e-11,0
2021-06-30 20:00:00,0,3.111592928e-10,2.270513985e-11,0
2021-06-30 21:00:00,0,3.175734953e-10,2.167330898e-11,0
2021-06-30 22:00:00,0.0002030584728,0.000116557414,2.139203398e-11,0.0001434043952
2021-06-30 23:00:00,0.0008781474316,0.0005040646065,2.171432305e-11,0.0006201671786
2021-07-01 00:00:00,0,2.342411543e-10,2.087117631e-11,0
2021-07-01 01:00:00,0,2.30397243e-10,2.13093692e-11,0
2021-07-01 02:00:00,0,2.215212874e-10,2.120764155e-11,0
2021-07-01 03:00:00,0,2.266440785e-10,2.15290754e-11,0
2021-07-01 04:00:00,0,2.330874382e-10,2.128735382e-11,0
2021-07-01 05:00:00,0,2.481519712e-10,2.122688136e-11,0
2021-07-01 06:00:00,0,2.36899611e-10,2.112194274e-11,0
2021-07-01 07:00:00,0,2.446435277e-10,2.174261292e-11,0
2021-07-01 08:00:00,0,2.501373275e-10,2.258880062e-11,0
2021-07-01 09:00:00,0,3.106336854e-10,2.70127809e-11,0
2021-07-01 10:00:00,0,3.524107672e-10,3.169012275e-11,0
2021-07-01 11:00:00,0,3.569398666e-10,3.198576126e-11,0
2021-07-01 12:00:00,0,3.492954537e-10,3.213793467e-11,0
2021-07-01 13:00:00,0,3.430001561e-10,3.220108555e-11,0
2021-07-01 14:00:00,0,3.468162979e-10,3.102935964e-11,0
2021-07-01 15:00:00,0,3.560813311e-10,3.146447339e-11,0
2021-07-01 16:00:00,0,3.453536901e-10,3.170692181e-11,0
2021-07-01 17:00:00,0,3.515221725e-10,3.203715765e-11,0
2021-07-01 18:00:00,0,3.016030758e-10,2.779267094e-11,0
2021-07-01 19:00:00,0,3.009450467e-10,2.716117782e-11,0
2021-07-01 20:00:00,0,2.835569834e-10,2.579195017e-11,0
2021-07-01 21:00:00,0,2.775850938e-10,2.56557102e-11,0
2021-07-01 22:00:00,0,2.759922291e-10,2.532073509e-11,0
2021-07-01 23:00:00,0,2.854665115e-10,2.550761338e-11,0
2021-07-02 00:00:00,0,2.785116859e-10,2.440438823e-11,0
2021-07-02 01:00:00,0,2.767554241e-10,2.439286099e-11,0
2021-07-02 02:00:00,0,2.748441474e-10,2.431747685e-11,0
2021-07-02 03:00:00,0,2.720423609e-10,2.435949185e-11,0
2021-07-02 04:00:00,0,2.696627366e-10,2.433547461e-11,0
2021-07-02 05:00:00,0,2.883884798e-10,2.499394268e-11,0
2021-07-02 06:00:00,0,2.852628134e-10,2.575802939e-11,0
2021-07-02 07:00:00,0,2.872293792e-10,2.578148459e-11,0
2021-07-02 08:00:00,0,2.852030001e-10,2.614958944e-11,0
2021-07-02 09:00:00,0,3.487548583e-10,3.03667716e-11,0
2021-07-02 10:00:00,0,3.389178105e-10,3.062802095e-11,0
2021-07-02 11:00:00,0,3.470242982e-10,3.059314607e-11,0
2021-07-02 12:00:00,0,3.384380831e-10,3.059287546e-11,0
2021-07-02 13:00:00,0,3.448909769e-10,3.059590081e-11,0
2021-07-02 14:00:00,0,3.393819115e-10,3.054186071e-11,0
2021-07-02 15:00:00,0,3.445264907e-10,3.058278977e-11,0
2021-07-02 16:00:00,0,3.242028035e-10,2.95130205e-11,0
2021-07-02 17:00:00,0,2.911681174e-10,2.62880516e-11,0
2021-07-02 18:00:00,0,2.790822295e-10,2.552715504e-11,0
2021-07-02 19:00:00,0,2.830780055e-10,2.546245506e-11,0
2021-07-02 20:00:00,0,2.804060317e-10,2.547486874e-11,0
2021-07-02 21:00:00,0,2.776355534e-10,2.562007897e-11,0
2021-07-02 22:00:00,0,2.749516725e-10,2.511342523e-11,0
2021-07-02 23:00:00,0,2.795763621e-10,2.485123392e-11,0
2021-07-03 00:00:00,0,2.697927437e-10,2.388649521e-11,0
2021-07-03 01:00:00,0,2.787748088e-10,2.420781978e-11,0
2021-07-03 02:00:00,0,2.848305758e-10,2.582680771e-11,0
2021-07-03 03:00:00,0,3.049019093e-10,2.676870531e-11,0
2021-07-03 04:00:00,0,3.031772888e-10,2.72342305e-11,0
2021-07-03 05:00:00,0,2.792958642e-10,2.504175686e-11,0
2021-07-03 06:00:00,0,2.764179718e-10,2.541161032e-11,0
2021-07-03 07:00:00,0,2.963058965e-10,2.666210829e-11,0
2021-07-03 08:00:00,0,3.134263959e-10,2.889153847e-11,0
2021-07-03 09:00:00,0,3.354009293e-10,3.142898788e-11,0
2021-07-03 10:00:00,0,3.370558832e-10,3.040356855e-11,0
2021-07-03 11:00:00,0,3.461178566e-10,3.112345798e-11,0
2021-07-03 12:00:00,0,3.37881334e-10,3.123684644e-11,0
2021-07-03 13:00:00,0,3.428385631e-10,3.130984708e-11,0
2021-07-03 14:00:00,0,3.385759173e-10,3.011984065e-11,0
2021-07-03 15:00:00,0,3.434782458e-10,3.052898906e-11,0
2021-07-03 16:00:00,0,3.3374703e-10,3.053233014e-11,0
2021-07-03 17:00:00,0,3.220773093e-10,2.930896151e-11,0
2021-07-03 18:00:00,0,3.157795969e-10,2.918534858e-11,0
2021-07-03 19:00:00,0,3.242236479e-10,2.930656065e-11,0
2021-07-03 20:00:00,0,2.783339947e-10,2.540204852e-11,0
2021-07-03 21:00:00,0,2.716139258e-10,2.496665895e-11,0
2021-07-03 22:00:00,0,2.711988689e-10,2.470134167e-11,0
2021-07-03 23:00:00,0,2.802365839e-10,2.489930311e-11,0
2021-07-04 00:00:00,0,2.740897509e-10,2.399400123e-11,0
2021-07-04 01:00:00,0,2.736713078e-10,2.415586654e-11,0
2021-07-04 02:00:00,0,2.662789711e-10,2.418130626e-11,0
2021-07-04 03:00:00,0,2.669114374e-10,2.375656442e-11,0
2021-07-04 04:00:00,0,2.679242106e-10,2.460893642e-11,0
2021-07-04 05:00:00,0,2.700510093e-10,2.351576572e-11,0
2021-07-04 06:00:00,0,2.742855665e-10,2.461217168e-11,0
2021-07-04 07:00:00,0,3.10051762e-10,2.821507437e-11,0
2021-07-04 08:00:00,0,3.303460006e-10,3.05524564e-11,0
2021-07-04 09:00:00,0,3.979213625e-10,3.667395554e-11,0
2021-07-04 10:00:00,0,3.898222301e-10,3.526338596e-11,0
2021-07-04 11:00:00,0,3.981819874e-10,3.635178963e-11,0
2021-07-04 12:00:00,0,3.90048438e-10,3.650062891e-11,0
2021-07-04 13:00:00,0,3.935988757e-10,3.648692459e-11,0
2021-07-04 14:00:00,0,3.885690103e-10,3.518256866e-11,0
2021-07-04 15:00:00,0,3.913661062e-10,3.539657109e-11,0
2021-07-04 16:00:00,0,3.831071016e-10,3.565482631e-11,0
2021-07-04 17:00:00,0,3.884305932e-10,3.605190452e-11,0
2021-07-04 18:00:00,0,3.840788521e-10,3.62409408e-11,0
2021-07-04 19:00:00,0,3.927733139e-10,3.627460138e-11,0
2021-07-04 20:00:00,0,3.97661043e-10,3.727970016e-11,0
2021-07-04 21:00:00,0,4.05541295e-10,3.730157502e-11,0
2021-07-04 22:00:00,0,3.949118255e-10,3.714645952e-11,0
2021-07-04 23:00:00,0,4.037621348e-10,3.719500749e-11,0
2021-07-05 00:00:00,0,3.950314797e-10,3.588537106e-11,0
2021-07-05 01:00:00,0,3.96985167e-10,3.635302476e-11,0
2021-07-05 02:00:00,0,3.833126316e-10,3.603915083e-11,0
2021-07-05 03:00:00,0,3.859798869e-10,3.632791984e-11,0
2021-07-05 04:00:00,0,3.885159694e-10,3.60355773e-11,0
2021-07-05 05:00:00,0,4.01233019e-10,3.635204984e-11,0
2021-07-05 06:00:00,0,3.930371584e-10,3.653161107e-11,0
2021-07-05 07:00:00,0,3.996142861e-10,3.712314137e-11,0
2021-07-05 08:00:00,0,3.809681459e-10,3.696534745e-11,0
2021-07-05 09:00:00,0,3.98592187e-10,3.590756859e-11,0
2021-07-05 10:00:00,0,3.941293403e-10,3.638192178e-11,0
2021-07-05 11:00:00,0,3.997609466e-10,3.672936955e-11,0
2021-07-05 12:00:00,0,3.919522484e-10,3.698132425e-11,0
2021-07-05 13:00:00,0,3.970648255e-10,3.707341378e-11,0
2021-07-05 14:00:00,0,3.93750893e-10,3.586299313e-11,0
2021-07-05 15:00:00,0,4.000668963e-10,3.639750654e-11,0
2021-07-05 16:00:00,0,3.941217908e-10,3.673082671e-11,0
2021-07-05 17:00:00,0,3.984155228e-10,3.722811989e-11,0
2021-07-05 18:00:00,0,3.950363647e-10,3.722110467e-11,0
2021-07-05 19:00:00,0,4.011059818e-10,3.73926376e-11,0
2021-07-05 20:00:00,0,3.85300708e-10,3.714049901e-11,0
2021-07-05 21:00:00,0,4.00795841e-10,3.729022646e-11,0
2021-07-05 22:00:00,0,3.970568596e-10,3.718902963e-11,0
2021-07-05 23:00:00,0,4.028237743e-10,3.740967952e-11,0
2021-07-06 00:00:00,0,3.906878709e-10,3.610143434e-11,0
2021-07-06 01:00:00,0,3.937392079e-10,3.652049496e-11,0
2021-07-06 02:00:00,0,3.802862192e-10,3.659471684e-11,0
2021-07-06 03:00:00,0,4.007449927e-10,3.629482132e-11,0
2021-07-06 04:00:00,0,3.87448823e-10,3.660818523e-11,0
2021-07-06 05:00:00,0,4.048821001e-10,3.693674533e-11,0
2021-07-06 06:00:00,0,4.018102517e-10,3.72187281e-11,0
2021-07-06 07:00:00,0,4.088293037e-10,3.783765315e-11,0
2021-07-06 08:00:00,2.174084102e-06,4.019204691e-10,3.778985111e-11,0
2021-07-06 09:00:00,0,3.999883758e-10,3.674863538e-11,0
2021-07-06 10:00:00,0,4.024766909e-10,3.721033204e-11,0
2021-07-06 11:00:00,0,4.148493216e-10,3.731994574e-11,0
2021-07-06 12:00:00,0,4.07178069e-10,3.743020477e-11,0
2021-07-06 13:00:00,0,4.163756007e-10,3.76062792e-11,0
2021-07-06 14:00:00,0,4.125139674e-10,3.769028492e-11,0
2021-07-06 15:00:00,0,4.208043081e-10,3.787622646e-11,0
2021-07-06 16:00:00,0,4.158098033e-10,3.826832601e-11,0
2021-07-06 17:00:00,0,4.224914585e-10,3.89357574e-11,0
2021-07-06 18:00:00,0,3.208360244e-10,2.954731251e-11,0
2021-07-06 19:00:00,0,2.645914321e-10,2.383218622e-11,0
2021-07-06 20:00:00,0,2.561683921e-10,2.315912392e-11,0
2021-07-06 21:00:00,0,2.595040849e-10,2.315951077e-11,0
2021-07-06 22:00:00,0,2.659711618e-10,2.399660678e-11,0
2021-07-06 23:00:00,0,2.825022161e-10,2.540718851e-11,0
2021-07-07 00:00:00,0,2.798985488e-10,2.422931994e-11,0
2021-07-07 01:00:00,0,2.840592206e-10,2.439812762e-11,0
2021-07-07 02:00:00,0,2.763967111e-10,2.418570899e-11,0
2021-07-07 03:00:00,0,2.643902042e-10,2.291562426e-11,0
2021-07-07 04:00:00,0,2.353022777e-10,2.069026894e-11,0
2021-07-07 05:00:00,0,2.432191115e-10,2.123291126e-11,0
2021-07-07 06:00:00,0,2.491156725e-10,2.200370268e-11,0
2021-07-07 07:00:00,0,2.557805356e-10,2.26314037e-11,0
2021-07-07 08:00:00,0,2.479312033e-10,2.233153419e-11,0
2021-07-07 09:00:00,0,2.593479043e-10,2.19753174e-11,0
2021-07-07 10:00:00,0,2.644716945e-10,2.331569486e-11,0
2021-07-07 11:00:00,0,2.748297978e-10,2.357404202e-11,0
2021-07-07 12:00:00,0,2.6762903e-10,2.387393061e-11,0
2021-07-07 13:00:00,0,2.631869445e-10,2.413786011e-11,0
2021-07-07 14:00:00,0,2.655724252e-10,2.325150142e-11,0
2021-07-07 15:00:00,0,2.735825455e-10,2.353289091e-11,0
2021-07-07 16:00:00,0,2.525243903e-10,2.261313359e-11,0
2021-07-07 17:00:00,0,2.550977485e-10,2.263953608e-11,0
2021-07-07 18:00:00,0,2.468395766e-10,2.233315095e-11,0
2021-07-07 19:00:00,0,2.58906202e-10,2.295351062e-11,0
2021-07-07 20:00:00,0,2.522744791e-10,2.255527362e-11,0
2021-07-07 21:00:00,0,2.375986075e-10,2.151871042e-11,0
2021-07-07 22:00:00,0,2.365118934e-10,2.126727613e-11,0
2021-07-07 23:00:00,0,2.467915872e-10,2.160859859e-11,0
2021-07-08 00:00:00,0,2.417396006e-10,2.077184084e-11,0
2021-07-08 01:00:00,0,2.410231459e-10,2.11787983e-11,0
2021-07-08 02:00:00,0,2.337730842e-10,2.107505316e-11,0
2021-07-08 03:00:00,0,2.461351123e-10,2.121838642e-11,0
2021-07-08 04:00:00,0,2.378901243e-10,2.124591475e-11,0
2021-07-08 05:00:00,0,2.501343299e-10,2.123685255e-11,0
2021-07-08 06:00:00,0,2.37601383e-10,2.104167708e-11,0
2021-07-08 07:00:00,0,2.450470937e-10,2.162725728e-11,0
2021-07-08 08:00:00,1.198521431e-06,2.494474349e-10,2.251203737e-11,0
2021-07-08 09:00:00,0,3.017429084e-10,2.693170513e-11,0
2021-07-08 10:00:00,0,3.490847611e-10,3.155326694e-11,0
2021-07-08 11:00:00,0,3.580900299e-10,3.150233893e-11,0
2021-07-08 12:00:00,0,3.488853928e-10,3.151640754e-11,0
2021-07-08 13:00:00,0,3.581946961e-10,3.150781372e-11,0
2021-07-08 14:00:00,0,3.486221589e-10,3.150482999e-11,0
2021-07-08 15:00:00,0,3.573086826e-10,3.153281802e-11,0
2021-07-08 16:00:00,0,3.47076784e-10,3.178667399e-11,0
2021-07-08 17:00:00,0,3.528243253e-10,3.214783648e-11,0
2021-07-08 18:00:00,0,3.023968576e-10,2.792067098e-11,0
2021-07-08 19:00:00,0,3.022802564e-10,2.732946335e-11,0
2021-07-08 20:00:00,0,2.844578739e-10,2.592240485e-11,0
2021-07-08 21:00:00,0,2.883570049e-10,2.581049437e-11,0
2021-07-08 22:00:00,0,2.788117515e-10,2.549879058e-11,0
2021-07-08 23:00:00,0,2.870095828e-10,2.561176271e-11,0
2021-07-09 00:00:00,0,2.812332311e-10,2.456585803e-11,0
2021-07-09 01:00:00,0,2.843895952e-10,2.469748191e-11,0
2021-07-09 02:00:00,0,2.696570744e-10,2.47437279e-11,0
2021-07-09 03:00:00,0,2.7306854e-10,2.455711329e-11,0
2021-07-09 04:00:00,0,2.633813168e-10,2.444809806e-11,0
2021-07-09 05:00:00,0,2.85384355e-10,2.517750418e-11,0
2021-07-09 06:00:00,0,2.894368356e-10,2.610692565e-11,0
2021-07-09 07:00:00,0,2.906004326e-10,2.616541879e-11,0
2021-07-09 08:00:00,0,2.890074291e-10,2.652992409e-11,0
2021-07-09 09:00:00,0,3.542172111e-10,3.109975819e-11,0
2021-07-09 10:00:00,0,3.45141915e-10,3.140653709e-11,0
2021-07-09 11:00:00,0,3.539618876e-10,3.141127983e-11,0
2021-07-09 12:00:00,0,3.450850161e-10,3.145294095e-11,0
2021-07-09 13:00:00,0,3.538679905e-10,3.150943742e-11,0
2021-07-09 14:00:00,0,3.450340291e-10,3.15247238e-11,0
2021-07-09 15:00:00,0,3.538337401e-10,3.163967352e-11,0
2021-07-09 16:00:00,0,3.298583073e-10,3.051634639e-11,0
2021-07-09 17:00:00,0,2.970090562e-10,2.705315659e-11,0
2021-07-09 18:00:00,0,2.841002711e-10,2.628505399e-11,0
2021-07-09 19:00:00,0,2.888176365e-10,2.622810996e-11,0
2021-07-09 20:00:00,0,2.865513937e-10,2.633038232e-11,0
2021-07-09 21:00:00,0,2.937850241e-10,2.653561572e-11,0
2021-07-09 22:00:00,0,2.826517909e-10,2.604802658e-11,0
2021-07-09 23:00:00,0,2.860945369e-10,2.584179919e-11,0
2021-07-10 00:00:00,0,2.708501201e-10,2.489407985e-11,0
2021-07-10 01:00:00,0,2.789768971e-10,2.532124163e-11,0
2021-07-10 02:00:00,0,2.812940714e-10,2.699480049e-11,0
2021-07-10 03:00:00,0,3.081505051e-10,2.869147975e-11,0
2021-07-10 04:00:00,0,3.042824603e-10,2.919278014e-11,0
2021-07-10 05:00:00,0,2.915753472e-10,2.641254923e-11,0
2021-07-10 06:00:00,0,2.941688004e-10,2.717526378e-11,0
2021-07-10 07:00:00,0,3.07617154e-10,2.875523951e-11,0
2021-07-10 08:00:00,0,3.290963058e-10,3.188370748e-11,0
2021-07-10 09:00:00,1.801962571e-05,3.656147884e-10,3.57309668e-11,0
2021-07-10 10:00:00,4.523662028e-06,3.599943676e-10,3.575491639e-11,0
2021-07-10 11:00:00,2.874675602e-06,3.677720073e-10,3.676556976e-11,0
2021-07-10 12:00:00,0,3.624614775e-10,3.757070349e-11,0
2021-07-10 13:00:00,0,3.719634878e-10,3.847839408e-11,0
2021-07-10 14:00:00,0,3.666121018e-10,3.890177069e-11,0
2021-07-10 15:00:00,0,3.770611046e-10,4.115912819e-11,0
2021-07-10 16:00:00,0,3.697534778e-10,4.397196496e-11,0
2021-07-10 17:00:00,0,3.558795481e-10,4.018845326e-11,0
2021-07-10 18:00:00,0,3.573426277e-10,4.440811607e-11,0
2021-07-10 19:00:00,0,3.714843155e-10,5.17854197e-11,0
2021-07-10 20:00:00,0,3.149048244e-10,3.385293088e-11,0
2021-07-10 21:00:00,0,3.163032614e-10,3.401590121e-11,0
2021-07-10 22:00:00,0,3.210438304e-10,3.68214105e-11,0
2021-07-10 23:00:00,0,3.212226041e-10,4.359466607e-11,0
2021-07-11 00:00:00,0,4.751363747e-10,7.073133745e-11,0
2021-07-11 01:00:00,8.136507859e-06,1.390244051e-06,2.545527877e-07,6.876034604e-06
2021-07-11 02:00:00,0.0002168920764,3.684901458e-05,6.750247849e-06,0.0001822568302
2021-07-11 03:00:00,0.0003967292141,6.627033144e-05,1.213992618e-05,0.0003393373918
2021-07-11 04:00:00,0.0003982326598,5.805955152e-05,1.063574291e-05,0.000424864993
2021-07-11 05:00:00,0,2.711411651e-10,2.575438647e-11,0
2021-07-11 06:00:00,0,2.949033517e-10,2.71552416e-11,0
2021-07-11 07:00:00,0,3.526343662e-10,3.060706896e-11,0
2021-07-11 08:00:00,0,3.88154564e-10,3.393038628e-11,0
2021-07-11 09:00:00,1.021767366e-05,4.967769529e-10,4.22511956e-11,0
2021-07-11 10:00:00,3.003598522e-06,5.084659915e-10,4.162904743e-11,0
2021-07-11 11:00:00,6.915563517e-07,5.328195107e-10,4.296425715e-11,0
2021-07-11 12:00:00,0,5.500006006e-10,4.352615143e-11,0
2021-07-11 13:00:00,0,5.73448955e-10,4.404741155e-11,0
2021-07-11 14:00:00,0,6.114711515e-10,4.491946051e-11,0
2021-07-11 15:00:00,0,6.500950334e-10,4.412586616e-11,0
2021-07-11 16:00:00,0,7.342622621e-10,4.613390225e-11,0
2021-07-11 17:00:00,2.258020913e-06,9.297760339e-10,4.899324349e-11,0
2021-07-11 18:00:00,6.691164162e-05,0.0002537910186,5.407641696e-11,0
2021-07-11 19:00:00,0.0002031674376,0.0007691775099,6.288636972e-11,0
2021-07-11 20:00:00,0.0002687852539,0.0009047155036,2.832008192e-07,1.795031676e-05
2021-07-11 21:00:00,0.0007011759444,0.001434587874,3.787496325e-06,0.0002400280209
2021-07-11 22:00:00,0,5.050010965e-10,4.154217595e-11,0
2021-07-11 23:00:00,0,5.260393232e-10,4.17416969e-11,0
2021-07-12 00:00:00,0,4.822385269e-10,3.896803019e-11,0
2021-07-12 01:00:00,0,5.050164731e-10,3.976841079e-11,0
2021-07-12 02:00:00,0,5.013284787e-10,3.904845544e-11,0
2021-07-12 03:00:00,0,5.273685932e-10,3.910617316e-11,0
2021-07-12 04:00:00,0,5.531493041e-10,3.879807586e-11,0
2021-07-12 05:00:00,0,6.441791545e-10,3.893286735e-11,0
2021-07-12 06:00:00,0,8.227354908e-10,3.897632217e-11,0
2021-07-12 07:00:00,6.67929562e-05,0.0002533400839,3.963512157e-11,0
2021-07-12 08:00:00,1.541007987e-05,4.119081742e-10,3.953546171e-11,0
2021-07-12 09:00:00,1.112803602e-06,4.307117163e-10,3.85318305e-11,0
2021-07-12 10:00:00,0,4.149760258e-10,3.913664184e-11,0
2021-07-12 11:00:00,0,4.213365767e-10,3.95972248e-11,0
2021-07-12 12:00:00,0,3.963119832e-10,4.000751119e-11,0
2021-07-12 13:00:00,0,4.144402321e-10,4.029015663e-11,0
2021-07-12 14:00:00,0,4.091979533e-10,3.931133891e-11,0
2021-07-12 15:00:00,0,4.161741507e-10,4.008170879e-11,0
2021-07-12 16:00:00,0,4.084945437e-10,4.070971685e-11,0
2021-07-12 17:00:00,0,4.144193877e-10,4.150235711e-11,0
2021-07-12 18:00:00,0,4.107998386e-10,4.194718184e-11,0
2021-07-12 19:00:00,0,4.173442703e-10,4.258561559e-11,0
2021-07-12 20:00:00,0,4.139394383e-10,4.306399334e-11,0
2021-07-12 21:00:00,0,4.226055617e-10,4.383460608e-11,0
2021-07-12 22:00:00,0,4.202786452e-10,4.495972691e-11,0
2021-07-12 23:00:00,0,4.326144165e-10,4.548912289e-11,0
2021-07-13 00:00:00,0,4.35202735e-10,4.88750776e-11,0
2021-07-13 01:00:00,0,4.579504553e-10,5.282082757e-11,0
2021-07-13 02:00:00,0,5.18342147e-10,6.998939622e-11,0
2021-07-13 03:00:00,3.385882155e-05,6.429840596e-06,1.177868057e-06,3.18019629e-05
2021-07-13 04:00:00,7.125738921e-05,1.249912202e-05,2.289528538e-06,6.182002835e-05
2021-07-13 05:00:00,0,4.191673952e-10,4.030307338e-11,0
2021-07-13 06:00:00,0,4.118017871e-10,4.12284859e-11,0
2021-07-13 07:00:00,0,4.159972644e-10,4.012420951e-11,0
2021-07-13 08:00:00,1.662183786e-05,4.079859783e-10,4.019700892e-11,0
2021-07-13 09:00:00,2.047916723e-06,4.044826696e-10,3.839207424e-11,0
2021-07-13 10:00:00,0,4.068381465e-10,3.898018019e-11,0
2021-07-13 11:00:00,0,4.183426106e-10,3.865669937e-11,0
2021-07-13 12:00:00,0,4.105505935e-10,3.887211386e-11,0
2021-07-13 13:00:00,0,4.193422831e-10,3.875608515e-11,0
2021-07-13 14:00:00,0,4.15059348e-10,3.896374889e-11,0
2021-07-13 15:00:00,0,4.230561179e-10,3.897078493e-11,0
2021-07-13 16:00:00,0,4.181833768e-10,3.946529215e-11,0
2021-07-13 17:00:00,0,4.244561924e-10,4.000493339e-11,0
2021-07-13 18:00:00,0,3.214095934e-10,3.007044266e-11,0
2021-07-13 19:00:00,0,2.653695319e-10,2.410450138e-11,0
2021-07-13 20:00:00,0,2.571145796e-10,2.34166124e-11,0
2021-07-13 21:00:00,0,2.598177229e-10,2.341022688e-11,0
2021-07-13 22:00:00,0,2.670286769e-10,2.431020663e-11,0
2021-07-13 23:00:00,0,2.842684976e-10,2.571149196e-11,0
2021-07-14 00:00:00,0,2.80166973e-10,2.474721816e-11,0
2021-07-14 01:00:00,0,2.75177825e-10,2.498370955e-11,0
2021-07-14 02:00:00,0,2.673749e-10,2.442780526e-11,0
2021-07-14 03:00:00,0,2.564325974e-10,2.325223e-11,0
2021-07-14 04:00:00,0,2.326479287e-10,2.11833398e-11,0
2021-07-14 05:00:00,0,2.458962756e-10,2.133576475e-11,0
2021-07-14 06:00:00,0,2.499858931e-10,2.216939826e-11,0
2021-07-14 07:00:00,0,2.55342969e-10,2.29177094e-11,0
2021-07-14 08:00:00,4.267265922e-06,2.49322174e-10,2.256968917e-11,0
2021-07-14 09:00:00,0,2.574945535e-10,2.223101911e-11,0
2021-07-14 10:00:00,0,2.664844734e-10,2.360914762e-11,0
2021-07-14 11:00:00,0,2.728760828e-10,2.382631592e-11,0
2021-07-14 12:00:00,0,2.696332324e-10,2.393393816e-11,0
2021-07-14 13:00:00,0,2.730523307e-10,2.390491624e-11,0
2021-07-14 14:00:00,0,2.68294692e-10,2.387406245e-11,0
2021-07-14 15:00:00,0,2.715173641e-10,2.388324261e-11,0
2021-07-14 16:00:00,0,2.533600274e-10,2.291679346e-11,0
2021-07-14 17:00:00,0,2.54417265e-10,2.296289721e-11,0
2021-07-14 18:00:00,0,2.466371551e-10,2.276274134e-11,0
2021-07-14 19:00:00,0,2.585297254e-10,2.333790973e-11,0
2021-07-14 20:00:00,0,2.513987629e-10,2.296340375e-11,0
2021-07-14 21:00:00,0,2.464906612e-10,2.192087831e-11,0
2021-07-14 22:00:00,0,2.377616715e-10,2.169136225e-11,0
2021-07-14 23:00:00,0,2.46372478e-10,2.204709505e-11,0
2021-07-15 00:00:00,0,2.421332301e-10,2.136316297e-11,0
2021-07-15 01:00:00,0,2.452624492e-10,2.18915823e-11,0
2021-07-15 02:00:00,0,2.390913301e-10,2.175130041e-11,0
2021-07-15 03:00:00,0,2.462789139e-10,2.19244848e-11,0
2021-07-15 04:00:00,0,2.280401562e-10,2.185078334e-11,0
2021-07-15 05:00:00,0,2.455809722e-10,2.185579842e-11,0
2021-07-15 06:00:00,0,2.385738274e-10,2.166320422e-11,0
2021-07-15 07:00:00,0,2.456291004e-10,2.227454332e-11,0
2021-07-15 08:00:00,0,2.500998852e-10,2.327948945e-11,0
2021-07-15 09:00:00,0,3.145444738e-10,2.833967262e-11,0
2021-07-15 10:00:00,0,3.541640037e-10,3.416410557e-11,0
2021-07-15 11:00:00,0,3.622681599e-10,3.427222048e-11,0
2021-07-15 12:00:00,0,3.545127525e-10,3.477685848e-11,0
2021-07-15 13:00:00,0,3.615761857e-10,3.509774069e-11,0
2021-07-15 14:00:00,0,3.569474716e-10,3.591213785e-11,0
2021-07-15 15:00:00,0,3.635806656e-10,3.663403955e-11,0
2021-07-15 16:00:00,0,3.584223751e-10,3.853999411e-11,0
2021-07-15 17:00:00,0,3.660022008e-10,4.044899832e-11,0
2021-07-15 18:00:00,0,3.114754565e-10,3.179313757e-11,0
2021-07-15 19:00:00,0,3.136908788e-10,3.12717352e-11,0
2021-07-15 20:00:00,0,2.947932454e-10,2.966514881e-11,0
2021-07-15 21:00:00,0,3.03196912e-10,3.003553656e-11,0
2021-07-15 22:00:00,0,2.962835532e-10,3.074886526e-11,0
2021-07-15 23:00:00,0,3.125308623e-10,3.262594708e-11,0
2021-07-16 00:00:00,0,3.177633989e-10,3.524260744e-11,0
2021-07-16 01:00:00,0,3.593345899e-10,4.041094889e-11,0
2021-07-16 02:00:00,0,4.251632657e-10,6.336535463e-11,0
2021-07-16 03:00:00,0.0001167302253,2.039286665e-05,3.735631253e-06,0.0001008648906
2021-07-16 04:00:00,0.0002726642124,4.661710409e-05,8.539659575e-06,0.0002305707749
2021-07-16 05:00:00,0,2.514496944e-10,2.606139957e-11,0
2021-07-16 06:00:00,0,2.90530433e-10,2.730794063e-11,0
2021-07-16 07:00:00,0,2.896536622e-10,2.636796684e-11,0
2021-07-16 08:00:00,3.189319386e-06,2.809489863e-10,2.684045174e-11,0
2021-07-16 09:00:00,0,3.482927557e-10,3.098082554e-11,0
2021-07-16 10:00:00,0,3.441031349e-10,3.131280304e-11,0
2021-07-16 11:00:00,0,3.479624366e-10,3.103035537e-11,0
2021-07-16 12:00:00,0,3.423236417e-10,3.106630925e-11,0
2021-07-16 13:00:00,0,3.497834522e-10,3.091949266e-11,0
2021-07-16 14:00:00,0,3.42825518e-10,3.091150252e-11,0
2021-07-16 15:00:00,0,3.473811516e-10,3.085616485e-11,0
2021-07-16 16:00:00,0,3.268844362e-10,2.980455466e-11,0
2021-07-16 17:00:00,0,2.939192778e-10,2.653766269e-11,0
2021-07-16 18:00:00,0,2.79049811e-10,2.579107067e-11,0
2021-07-16 19:00:00,0,2.827951762e-10,2.565217656e-11,0
2021-07-16 20:00:00,0,2.797795051e-10,2.565705981e-11,0
2021-07-16 21:00:00,0,2.774124541e-10,2.57440267e-11,0
2021-07-16 22:00:00,0,2.752867378e-10,2.52304861e-11,0
2021-07-16 23:00:00,0,2.800016885e-10,2.496540995e-11,0
2021-07-17 00:00:00,0,2.719797998e-10,2.394692084e-11,0
2021-07-17 01:00:00,0,2.815401245e-10,2.429839663e-11,0
2021-07-17 02:00:00,0,2.810637834e-10,2.602059887e-11,0
2021-07-17 03:00:00,0,3.011468852e-10,2.680425153e-11,0
2021-07-17 04:00:00,0,2.936701993e-10,2.711117962e-11,0
2021-07-17 05:00:00,0,2.87189994e-10,2.51498232e-11,0
2021-07-17 06:00:00,0,2.828358936e-10,2.557958012e-11,0
2021-07-17 07:00:00,0,2.963678192e-10,2.681339699e-11,0
2021-07-17 08:00:00,0,3.131987725e-10,2.90193182e-11,0
2021-07-17 09:00:00,0,3.351183775e-10,3.150144381e-11,0
2021-07-17 10:00:00,0,3.371485591e-10,3.049890202e-11,0
2021-07-17 11:00:00,0,3.482154842e-10,3.120662756e-11,0
2021-07-17 12:00:00,0,3.407729932e-10,3.138227525e-11,0
2021-07-17 13:00:00,0,3.485093047e-10,3.144879843e-11,0
2021-07-17 14:00:00,0,3.394353409e-10,3.018882713e-11,0
2021-07-17 15:00:00,0,3.477632904e-10,3.058796272e-11,0
2021-07-17 16:00:00,0,3.3458325e-10,3.059014847e-11,0
2021-07-17 17:00:00,0,3.243772195e-10,2.942814395e-11,0
2021-07-17 18:00:00,0,3.146078398e-10,2.927182455e-11,0
2021-07-17 19:00:00,0,3.213540545e-10,2.942613167e-11,0
2021-07-17 20:00:00,0,2.799527277e-10,2.549800301e-11,0
2021-07-17 21:00:00,0,2.696249057e-10,2.500101862e-11,0
2021-07-17 22:00:00,0,2.706634084e-10,2.475572525e-11,0
2021-07-17 23:00:00,0,2.801834875e-10,2.494670963e-11,0
2021-07-18 00:00:00,0,2.739309057e-10,2.410463842e-11,0
2021-07-18 01:00:00,0,2.795144116e-10,2.420228948e-11,0
2021-07-18 02:00:00,0,2.658605835e-10,2.419071887e-11,0
2021-07-18 03:00:00,0,2.738850535e-10,2.409704901e-11,0
2021-07-18 04:00:00,0,2.654748366e-10,2.46972217e-11,0
2021-07-18 05:00:00,0,2.712431668e-10,2.388025194e-11,0
2021-07-18 06:00:00,0,2.721999293e-10,2.473297261e-11,0
2021-07-18 07:00:00,0,3.112423375e-10,2.823852957e-11,0
2021-07-18 08:00:00,0,3.284095496e-10,3.057125733e-11,0
2021-07-18 09:00:00,0,3.862459796e-10,3.685722214e-11,0
2021-07-18 10:00:00,0,3.878082855e-10,3.587554559e-11,0
2021-07-18 11:00:00,0,4.001236009e-10,3.679629865e-11,0
2021-07-18 12:00:00,0,3.911451441e-10,3.664677242e-11,0
2021-07-18 13:00:00,0,3.851667041e-10,3.664615486e-11,0
2021-07-18 14:00:00,0,3.870058718e-10,3.523340994e-11,0
2021-07-18 15:00:00,0,3.949827132e-10,3.543098107e-11,0
2021-07-18 16:00:00,0,3.833442452e-10,3.569809726e-11,0
2021-07-18 17:00:00,0,3.903289358e-10,3.615112723e-11,0
2021-07-18 18:00:00,0,3.827667072e-10,3.630476475e-11,0
2021-07-18 19:00:00,0,3.895452017e-10,3.640578464e-11,0
2021-07-18 20:00:00,0,4.010484167e-10,3.734375309e-11,0
2021-07-18 21:00:00,0,3.905125667e-10,3.725695447e-11,0
2021-07-18 22:00:00,0,3.93091365e-10,3.709908075e-11,0
2021-07-18 23:00:00,0,4.032977841e-10,3.711089075e-11,0
2021-07-19 00:00:00,0,3.919439773e-10,3.575212695e-11,0
2021-07-19 01:00:00,0,4.007280618e-10,3.610480317e-11,0
2021-07-19 02:00:00,0,3.884862987e-10,3.624777561e-11,0
2021-07-19 03:00:00,0,3.936652393e-10,3.607733209e-11,0
2021-07-19 04:00:00,0,3.873024956e-10,3.605644949e-11,0
2021-07-19 05:00:00,0,3.94273475e-10,3.599412782e-11,0
2021-07-19 06:00:00,0,3.922704939e-10,3.645210175e-11,0
2021-07-19 07:00:00,0,3.997622233e-10,3.700730347e-11,0
2021-07-19 08:00:00,0,3.896526712e-10,3.693443815e-11,0
2021-07-19 09:00:00,0,4.02411382e-10,3.576535942e-11,0
2021-07-19 10:00:00,0,3.907437984e-10,3.615906879e-11,0
2021-07-19 11:00:00,0,4.005748788e-10,3.604394214e-11,0
2021-07-19 12:00:00,0,3.925182401e-10,3.618451372e-11,0
2021-07-19 13:00:00,0,4.000797194e-10,3.622277825e-11,0
2021-07-19 14:00:00,0,3.931538706e-10,3.62485493e-11,0
2021-07-19 15:00:00,0,3.994789222e-10,3.630054937e-11,0
2021-07-19 16:00:00,0,3.929168102e-10,3.659735709e-11,0
2021-07-19 17:00:00,0,3.999537368e-10,3.72130278e-11,0
2021-07-19 18:00:00,0,3.922162317e-10,3.719299521e-11,0
2021-07-19 19:00:00,0,4.00394301e-10,3.737264664e-11,0
2021-07-19 20:00:00,0,3.961277417e-10,3.712763083e-11,0
2021-07-19 21:00:00,0,3.887918321e-10,3.718290259e-11,0
2021-07-19 22:00:00,0,3.920999914e-10,3.707779223e-11,0
2021-07-19 23:00:00,0,4.03302558e-10,3.72377025e-11,0
2021-07-20 00:00:00,0,3.953854466e-10,3.584468833e-11,0
2021-07-20 01:00:00,0,4.022447653e-10,3.642123061e-11,0
2021-07-20 02:00:00,0,3.884756683e-10,3.626624348e-11,0
2021-07-20 03:00:00,0,4.035064227e-10,3.640074353e-11,0
2021-07-20 04:00:00,0,3.928783687e-10,3.642248309e-11,0
2021-07-20 05:00:00,0,4.079203642e-10,3.675660123e-11,0
2021-07-20 06:00:00,0,3.991388053e-10,3.710535351e-11,0
2021-07-20 07:00:00,0,4.07471723e-10,3.779257463e-11,0
2021-07-20 08:00:00,0,3.893010914e-10,3.770855503e-11,0
2021-07-20 09:00:00,0,4.10275286e-10,3.668181384e-11,0
2021-07-20 10:00:00,0,4.06492312e-10,3.715070612e-11,0
2021-07-20 11:00:00,0,4.1399012e-10,3.725139988e-11,0
2021-07-20 12:00:00,0,4.096905037e-10,3.738067841e-11,0
2021-07-20 13:00:00,0,4.181893165e-10,3.752525374e-11,0
2021-07-20 14:00:00,0,4.12335166e-10,3.76201327e-11,0
2021-07-20 15:00:00,0,4.200765569e-10,3.780237234e-11,0
2021-07-20 16:00:00,0,4.155316646e-10,3.819756317e-11,0
2021-07-20 17:00:00,0,4.232612039e-10,3.897141637e-11,0
2021-07-20 18:00:00,0,3.199113752e-10,2.95928039e-11,0
2021-07-20 19:00:00,0,2.637537966e-10,2.386191938e-11,0
2021-07-20 20:00:00,0,2.468260318e-10,2.314456092e-11,0
2021-07-20 21:00:00,0,2.57236038e-10,2.31119221e-11,0
2021-07-20 22:00:00,0,2.654052533e-10,2.394437947e-11,0
2021-07-20 23:00:00,0,2.822822531e-10,2.52986989e-11,0
2021-07-21 00:00:00,0,2.7923866e-10,2.431315219e-11,0
2021-07-21 01:00:00,0,2.833751012e-10,2.447235643e-11,0
2021-07-21 02:00:00,0,2.758476503e-10,2.412054063e-11,0
2021-07-21 03:00:00,0,2.678280375e-10,2.288737255e-11,0
2021-07-21 04:00:00,0,2.390741494e-10,2.081758724e-11,0
2021-07-21 05:00:00,0,2.475420979e-10,2.128403703e-11,0
2021-07-21 06:00:00,0,2.478460215e-10,2.204318846e-11,0
2021-07-21 07:00:00,0,2.542348276e-10,2.26430541e-11,0
2021-07-21 08:00:00,0,2.467383242e-10,2.23248104e-11,0
2021-07-21 09:00:00,0,2.596677873e-10,2.19813525e-11,0
2021-07-21 10:00:00,0,2.64002542e-10,2.339007633e-11,0
2021-07-21 11:00:00,0,2.746113337e-10,2.390897376e-11,0
2021-07-21 12:00:00,0,2.671125821e-10,2.419095826e-11,0
2021-07-21 13:00:00,0,2.639693741e-10,2.422120143e-11,0
2021-07-21 14:00:00,0,2.653741948e-10,2.321561866e-11,0
2021-07-21 15:00:00,0,2.737811644e-10,2.349341902e-11,0
2021-07-21 16:00:00,0,2.526394371e-10,2.258170734e-11,0
2021-07-21 17:00:00,0,2.554990663e-10,2.267275603e-11,0
2021-07-21 18:00:00,0,2.454319248e-10,2.232652951e-11,0
2021-07-21 19:00:00,0,2.559772116e-10,2.294127388e-11,0
2021-07-21 20:00:00,0,2.524754295e-10,2.25288347e-11,0
2021-07-21 21:00:00,0,2.441344904e-10,2.146792293e-11,0
2021-07-21 22:00:00,0,2.365641849e-10,2.120416689e-11,0
2021-07-21 23:00:00,0,2.455894654e-10,2.153561877e-11,0
2021-07-22 00:00:00,0,2.339655414e-10,2.075827357e-11,0
2021-07-22 01:00:00,0,2.515410658e-10,2.140795527e-11,0
2021-07-22 02:00:00,0,2.360808493e-10,2.120108776e-11,0
2021-07-22 03:00:00,0,2.438504398e-10,2.117261921e-11,0
2021-07-22 04:00:00,0,2.370812435e-10,2.102965718e-11,0
2021-07-22 05:00:00,0,2.490454509e-10,2.094744864e-11,0
2021-07-22 06:00:00,0,2.362875451e-10,2.09796451e-11,0
2021-07-22 07:00:00,0,2.43792958e-10,2.150668012e-11,0
2021-07-22 08:00:00,0,2.481505001e-10,2.240596771e-11,0
2021-07-22 09:00:00,0,2.994345327e-10,2.670136508e-11,0
2021-07-22 10:00:00,0,3.476159083e-10,3.125173037e-11,0
2021-07-22 11:00:00,0,3.568339513e-10,3.119679862e-11,0
2021-07-22 12:00:00,0,3.483880684e-10,3.120313383e-11,0
2021-07-22 13:00:00,0,3.447537533e-10,3.120224218e-11,0
2021-07-22 14:00:00,0,3.454576347e-10,3.115814551e-11,0
2021-07-22 15:00:00,0,3.556679673e-10,3.117687358e-11,0
2021-07-22 16:00:00,0,3.457424902e-10,3.141715013e-11,0
2021-07-22 17:00:00,0,3.522356018e-10,3.184449926e-11,0
2021-07-22 18:00:00,0,3.007208371e-10,2.766018317e-11,0
2021-07-22 19:00:00,0,2.992160131e-10,2.709423658e-11,0
2021-07-22 20:00:00,0,2.811396393e-10,2.565798268e-11,0
2021-07-22 21:00:00,0,2.761139928e-10,2.555399989e-11,0
2021-07-22 22:00:00,0,2.76057649e-10,2.52133852e-11,0
2021-07-22 23:00:00,0,2.852087455e-10,2.547631724e-11,0
2021-07-23 00:00:00,0,2.765551121e-10,2.427025074e-11,0
2021-07-23 01:00:00,0,2.81807494e-10,2.442952958e-11,0
2021-07-23 02:00:00,0,2.686575684e-10,2.424428887e-11,0
2021-07-23 03:00:00,0,2.786634257e-10,2.444496688e-11,0
2021-07-23 04:00:00,0,2.733952231e-10,2.430394427e-11,0
2021-07-23 05:00:00,0,2.849192549e-10,2.489455343e-11,0
2021-07-23 06:00:00,0,2.847496683e-10,2.570986479e-11,0
2021-07-23 07:00:00,0,2.8713254e-10,2.57587493e-11,0
2021-07-23 08:00:00,0,2.850225611e-10,2.610754321e-11,0
2021-07-23 09:00:00,0,3.477893251e-10,3.035819512e-11,0
2021-07-23 10:00:00,0,3.381168956e-10,3.062639031e-11,0
2021-07-23 11:00:00,0,3.460383091e-10,3.063630946e-11,0
2021-07-23 12:00:00,0,3.378385072e-10,3.085416297e-11,0
2021-07-23 13:00:00,0,3.425250361e-10,3.13158284e-11,0
2021-07-23 14:00:00,0,3.388913317e-10,3.017356504e-11,0
2021-07-23 15:00:00,0,3.440129293e-10,3.059361445e-11,0
2021-07-23 16:00:00,0,3.239779833e-10,2.957506462e-11,0
2021-07-23 17:00:00,0,2.909568697e-10,2.633086284e-11,0
2021-07-23 18:00:00,0,2.788358155e-10,2.557420248e-11,0
2021-07-23 19:00:00,0,2.832719614e-10,2.54887951e-11,0
2021-07-23 20:00:00,0,2.802336418e-10,2.548881765e-11,0
2021-07-23 21:00:00,0,2.780869146e-10,2.559519957e-11,0
2021-07-23 22:00:00,0,2.747188033e-10,2.50867209e-11,0
2021-07-23 23:00:00,0,2.789942444e-10,2.483641591e-11,0
2021-07-24 00:00:00,0,2.71493189e-10,2.373012377e-11,0
2021-07-24 01:00:00,0,2.812309274e-10,2.426454176e-11,0
2021-07-24 02:00:00,0,2.844950941e-10,2.535342422e-11,0
2021-07-24 03:00:00,0,3.042685548e-10,2.662446999e-11,0
2021-07-24 04:00:00,0,2.97173397e-10,2.704241345e-11,0
2021-07-24 05:00:00,0,2.86846269e-10,2.490856132e-11,0
2021-07-24 06:00:00,0,2.810547073e-10,2.54788031e-11,0
2021-07-24 07:00:00,0,2.864903037e-10,2.663202991e-11,0
2021-07-24 08:00:00,0,3.128363402e-10,2.887612718e-11,0
2021-07-24 09:00:00,0,3.351935951e-10,3.139430382e-11,0
2021-07-24 10:00:00,0,3.373278601e-10,3.037488316e-11,0
2021-07-24 11:00:00,0,3.464597498e-10,3.109140723e-11,0
2021-07-24 12:00:00,0,3.3759609e-10,3.121864225e-11,0
2021-07-24 13:00:00,0,3.429073137e-10,3.130251267e-11,0
2021-07-24 14:00:00,0,3.383736902e-10,3.009417368e-11,0
2021-07-24 15:00:00,0,3.431686046e-10,3.049382274e-11,0
2021-07-24 16:00:00,0,3.333049392e-10,3.050414782e-11,0
2021-07-24 17:00:00,0,3.217862365e-10,2.929395268e-11,0
2021-07-24 18:00:00,0,3.160123829e-10,2.918490796e-11,0
2021-07-24 19:00:00,0,3.23254451e-10,2.930791027e-11,0
2021-07-24 20:00:00,0,2.796446408e-10,2.543149892e-11,0
2021-07-24 21:00:00,0,2.707733482e-10,2.498814523e-11,0
2021-07-24 22:00:00,0,2.707928048e-10,2.473240189e-11,0
2021-07-24 23:00:00,0,2.805800314e-10,2.492649316e-11,0
2021-07-25 00:00:00,0,2.704148294e-10,2.408598668e-11,0
2021-07-25 01:00:00,0,2.730955184e-10,2.409248669e-11,0
2021-07-25 02:00:00,0,2.687062239e-10,2.41271482e-11,0
2021-07-25 03:00:00,0,2.722987114e-10,2.405110833e-11,0
2021-07-25 04:00:00,0,2.769747209e-10,2.506138005e-11,0
2021-07-25 05:00:00,0,2.700195068e-10,2.382000153e-11,0
2021-07-25 06:00:00,0,2.734036053e-10,2.470018114e-11,0
2021-07-25 07:00:00,0,3.113075908e-10,2.81908611e-11,0
2021-07-25 08:00:00,0,3.285303418e-10,3.054223541e-11,0
2021-07-25 09:00:00,0,3.986707631e-10,3.665121678e-11,0
2021-07-25 10:00:00,0,3.868398102e-10,3.525315456e-11,0
2021-07-25 11:00:00,0,3.987414288e-10,3.632998416e-11,0
2021-07-25 12:00:00,0,3.878418142e-10,3.647791097e-11,0
2021-07-25 13:00:00,0,3.95692229e-10,3.644978069e-11,0
2021-07-25 14:00:00,0,3.862269948e-10,3.516228281e-11,0
2021-07-25 15:00:00,0,3.935085868e-10,3.537867221e-11,0
2021-07-25 16:00:00,0,3.817169636e-10,3.563674009e-11,0
2021-07-25 17:00:00,0,3.884647881e-10,3.601257487e-11,0
2021-07-25 18:00:00,0,3.838970253e-10,3.619566452e-11,0
2021-07-25 19:00:00,0,3.904777335e-10,3.624624906e-11,0
2021-07-25 20:00:00,0,3.976501906e-10,3.725593445e-11,0
2021-07-25 21:00:00,0,4.020767885e-10,3.728295797e-11,0
2021-07-25 22:00:00,0,3.96287253e-10,3.711980723e-11,0
2021-07-25 23:00:00,0,4.000448584e-10,3.718460956e-11,0
2021-07-26 00:00:00,0,3.954408467e-10,3.587656561e-11,0
2021-07-26 01:00:00,0,4.0192219e-10,3.597787346e-11,0
2021-07-26 02:00:00,0,3.929131742e-10,3.607684637e-11,0
2021-07-26 03:00:00,0,3.952932981e-10,3.576847499e-11,0
2021-07-26 04:00:00,0,3.925348102e-10,3.623079614e-11,0
2021-07-26 05:00:00,0,3.970063445e-10,3.627286319e-11,0
2021-07-26 06:00:00,0,3.926101388e-10,3.651760491e-11,0
2021-07-26 07:00:00,0,4.003601617e-10,3.70891165e-11,0
2021-07-26 08:00:00,0,3.911233559e-10,3.685141081e-11,0
2021-07-26 09:00:00,0,3.87912813e-10,3.574782831e-11,0
2021-07-26 10:00:00,0,3.891170719e-10,3.61294536e-11,0
2021-07-26 11:00:00,0,3.995148934e-10,3.612153285e-11,0
2021-07-26 12:00:00,0,3.91160826e-10,3.616197966e-11,0
2021-07-26 13:00:00,0,3.98762523e-10,3.62020483e-11,0
2021-07-26 14:00:00,0,3.932434378e-10,3.620148625e-11,0
2021-07-26 15:00:00,0,3.992767506e-10,3.626672573e-11,0
2021-07-26 16:00:00,0,3.931133474e-10,3.654598152e-11,0
2021-07-26 17:00:00,0,3.976116658e-10,3.70618744e-11,0
2021-07-26 18:00:00,0,3.93304167e-10,3.704245244e-11,0
2021-07-26 19:00:00,0,3.993455289e-10,3.728070977e-11,0
2021-07-26 20:00:00,0,3.963079309e-10,3.706540283e-11,0
2021-07-26 21:00:00,0,4.016157962e-10,3.721925199e-11,0
2021-07-26 22:00:00,0,3.952633776e-10,3.709943464e-11,0
2021-07-26 23:00:00,0,4.001793619e-10,3.73849042e-11,0
2021-07-27 00:00:00,0,3.97158112e-10,3.579617852e-11,0
2021-07-27 01:00:00,0,3.983116059e-10,3.630034814e-11,0
2021-07-27 02:00:00,0,3.933056936e-10,3.624853542e-11,0
2021-07-27 03:00:00,0,3.842886287e-10,3.629085227e-11,0
2021-07-27 04:00:00,0,3.990396347e-10,3.667705376e-11,0
2021-07-27 05:00:00,0,4.069512227e-10,3.691645253e-11,0
2021-07-27 06:00:00,0,4.004367948e-10,3.716193672e-11,0
2021-07-27 07:00:00,0,4.073776594e-10,3.792145764e-11,0
2021-07-27 08:00:00,0,4.022935873e-10,3.777481453e-11,0
2021-07-27 09:00:00,0,4.098197059e-10,3.678966159e-11,0
2021-07-27 10:00:00,0,4.051916025e-10,3.734880807e-11,0
2021-07-27 11:00:00,0,4.124444952e-10,3.781194455e-11,0
2021-07-27 12:00:00,0,4.066062487e-10,3.814799171e-11,0
2021-07-27 13:00:00,0,4.132294784e-10,3.837618071e-11,0
2021-07-27 14:00:00,0,4.10902895e-10,3.71894078e-11,0
2021-07-27 15:00:00,0,4.192377834e-10,3.786479116e-11,0
2021-07-27 16:00:00,0,4.145125077e-10,3.830115045e-11,0
2021-07-27 17:00:00,0,4.211626325e-10,3.894489592e-11,0
2021-07-27 18:00:00,0,3.198175336e-10,2.955431039e-11,0
2021-07-27 19:00:00,0,2.642863151e-10,2.385722002e-11,0
2021-07-27 20:00:00,0,2.566639401e-10,2.316730488e-11,0
2021-07-27 21:00:00,0,2.589348735e-10,2.3166951e-11,0
2021-07-27 22:00:00,0,2.660753562e-10,2.400847576e-11,0
2021-07-27 23:00:00,0,2.831036794e-10,2.540982702e-11,0
2021-07-28 00:00:00,0,2.764788676e-10,2.439968366e-11,0
2021-07-28 01:00:00,0,2.784580344e-10,2.446701348e-11,0
2021-07-28 02:00:00,0,2.66148048e-10,2.402230151e-11,0
2021-07-28 03:00:00,0,2.652979225e-10,2.280159915e-11,0
2021-07-28 04:00:00,0,2.38552178e-10,2.075813826e-11,0
2021-07-28 05:00:00,0,2.483379613e-10,2.129584183e-11,0
2021-07-28 06:00:00,0,2.486235107e-10,2.206809388e-11,0
2021-07-28 07:00:00,0,2.554199352e-10,2.268511941e-11,0
2021-07-28 08:00:00,0,2.47394466e-10,2.228489789e-11,0
2021-07-28 09:00:00,0,2.498258544e-10,2.193826544e-11,0
2021-07-28 10:00:00,0,2.624656326e-10,2.332203354e-11,0
2021-07-28 11:00:00,0,2.730451143e-10,2.3839479e-11,0
2021-07-28 12:00:00,0,2.655317077e-10,2.400377466e-11,0
2021-07-28 13:00:00,0,2.743536787e-10,2.327175605e-11,0
2021-07-28 14:00:00,0,2.658870624e-10,2.345773402e-11,0
2021-07-28 15:00:00,0,2.733100968e-10,2.342623838e-11,0
2021-07-28 16:00:00,0,2.522924647e-10,2.250572645e-11,0
2021-07-28 17:00:00,0,2.542688282e-10,2.254343587e-11,0
2021-07-28 18:00:00,0,2.475237793e-10,2.224387168e-11,0
2021-07-28 19:00:00,0,2.569451318e-10,2.280858488e-11,0
2021-07-28 20:00:00,0,2.525421816e-10,2.245873799e-11,0
2021-07-28 21:00:00,0,2.41211856e-10,2.14512956e-11,0
2021-07-28 22:00:00,0,2.386706943e-10,2.118951195e-11,0
2021-07-28 23:00:00,0,2.428905965e-10,2.15178847e-11,0
2021-07-29 00:00:00,0,2.384451248e-10,2.073362142e-11,0
2021-07-29 01:00:00,0,2.383611919e-10,2.137760281e-11,0
2021-07-29 02:00:00,0,2.359403506e-10,2.099320891e-11,0
2021-07-29 03:00:00,0,2.3839411e-10,2.102204348e-11,0
2021-07-29 04:00:00,0,2.267511595e-10,2.097695975e-11,0
2021-07-29 05:00:00,0,2.456590209e-10,2.121785907e-11,0
2021-07-29 06:00:00,0,2.374723196e-10,2.097122302e-11,0
2021-07-29 07:00:00,0,2.436220115e-10,2.156593307e-11,0
2021-07-29 08:00:00,0,2.484965567e-10,2.245420863e-11,0
2021-07-29 09:00:00,0,3.111430835e-10,2.681754471e-11,0
2021-07-29 10:00:00,0,3.483059674e-10,3.143175997e-11,0
2021-07-29 11:00:00,0,3.557542039e-10,3.171227517e-11,0
2021-07-29 12:00:00,0,3.465659981e-10,3.190417375e-11,0
2021-07-29 13:00:00,0,3.513398739e-10,3.195778364e-11,0
2021-07-29 14:00:00,0,3.474659727e-10,3.082709088e-11,0
2021-07-29 15:00:00,0,3.522640513e-10,3.123869219e-11,0
2021-07-29 16:00:00,0,3.453855257e-10,3.151373607e-11,0
2021-07-29 17:00:00,0,3.499470991e-10,3.183268579e-11,0
2021-07-29 18:00:00,0,3.013457539e-10,2.766565969e-11,0
2021-07-29 19:00:00,0,3.00775127e-10,2.704681097e-11,0
2021-07-29 20:00:00,0,2.835450208e-10,2.566730856e-11,0
2021-07-29 21:00:00,0,2.773934693e-10,2.554171631e-11,0
2021-07-29 22:00:00,0,2.762471363e-10,2.520707948e-11,0
2021-07-29 23:00:00,0,2.850718828e-10,2.537644574e-11,0
2021-07-30 00:00:00,0,2.768899832e-10,2.433073014e-11,0
2021-07-30 01:00:00,0,2.841851476e-10,2.457796987e-11,0
2021-07-30 02:00:00,0,2.742156502e-10,2.434344046e-11,0
2021-07-30 03:00:00,0,2.758546169e-10,2.418240955e-11,0
2021-07-30 04:00:00,0,2.685473788e-10,2.421918222e-11,0
2021-07-30 05:00:00,0,2.788331233e-10,2.487756529e-11,0
2021-07-30 06:00:00,0,2.864601889e-10,2.570773455e-11,0
2021-07-30 07:00:00,0,2.883753236e-10,2.573854671e-11,0
2021-07-30 08:00:00,0,2.860888471e-10,2.609536372e-11,0
2021-07-30 09:00:00,0,3.373380741e-10,3.033180304e-11,0
2021-07-30 10:00:00,0,3.380933034e-10,3.060803694e-11,0
2021-07-30 11:00:00,0,3.473934196e-10,3.061169374e-11,0
2021-07-30 12:00:00,0,3.384477143e-10,3.082986644e-11,0
2021-07-30 13:00:00,0,3.463543896e-10,3.120178421e-11,0
2021-07-30 14:00:00,0,3.382150671e-10,3.015233896e-11,0
2021-07-30 15:00:00,0,3.476333943e-10,3.056744788e-11,0
2021-07-30 16:00:00,0,3.236375334e-10,2.954815212e-11,0
2021-07-30 17:00:00,0,2.921324571e-10,2.631679943e-11,0
2021-07-30 18:00:00,0,2.789556641e-10,2.552609166e-11,0
2021-07-30 19:00:00,0,2.837276247e-10,2.543026553e-11,0
2021-07-30 20:00:00,0,2.808923372e-10,2.544089418e-11,0
2021-07-30 21:00:00,0,2.782884478e-10,2.557748284e-11,0
2021-07-30 22:00:00,0,2.751826267e-10,2.50740817e-11,0
2021-07-30 23:00:00,0,2.795119969e-10,2.483317545e-11,0
2021-07-31 00:00:00,0,2.721962655e-10,2.375491297e-11,0
2021-07-31 01:00:00,0,2.742671923e-10,2.411886316e-11,0
2021-07-31 02:00:00,0,2.837082791e-10,2.555103525e-11,0
2021-07-31 03:00:00,0,2.982938341e-10,2.655490237e-11,0
2021-07-31 04:00:00,0,2.969118007e-10,2.706244603e-11,0
2021-07-31 05:00:00,0,2.764101725e-10,2.504935842e-11,0
2021-07-31 06:00:00,0,2.767389651e-10,2.544896932e-11,0
2021-07-31 07:00:00,0,2.967240897e-10,2.66497345e-11,0
2021-07-31 08:00:00,0,3.130700976e-10,2.886175673e-11,0
2021-07-31 09:00:00,0,3.471455901e-10,3.138151891e-11,0
2021-07-31 10:00:00,0,3.385544345e-10,3.036833979e-11,0
2021-07-31 11:00:00,0,3.464919462e-10,3.108727858e-11,0
2021-07-31 12:00:00,0,3.381333824e-10,3.12138683e-11,0
2021-07-31 13:00:00,0,3.43499118e-10,3.129462661e-11,0
2021-07-31 14:00:00,0,3.389445669e-10,3.009450328e-11,0
2021-07-31 15:00:00,0,3.437674867e-10,3.049586972e-11,0
2021-07-31 16:00:00,0,3.344190203e-10,3.051832051e-11,0
2021-07-31 17:00:00,0,3.224935874e-10,2.933335172e-11,0
2021-07-31 18:00:00,0,3.169626783e-10,2.918900885e-11,0
2021-07-31 19:00:00,0,3.249114866e-10,2.937349669e-11,0
2021-07-31 20:00:00,0,2.800056298e-10,2.545554566e-11,0
2021-07-31 21:00:00,0,2.713057834e-10,2.503808445e-11,0
2021-07-31 22:00:00,0,2.714663216e-10,2.477153378e-11,0
2021-07-31 23:00:00,0,2.792387432e-10,2.502073548e-11,0
2021-08-01 00:00:00,0,2.62228711e-10,2.489231044e-11,0
2021-08-01 01:00:00,0,2.646245445e-10,2.37695575e-11,0
2021-08-01 02:00:00,0,2.478541816e-10,2.392651875e-11,0
2021-08-01 03:00:00,0,2.583502301e-10,2.400106849e-11,0
2021-08-01 04:00:00,0,2.560496537e-10,2.469434726e-11,0
2021-08-01 05:00:00,0,2.716314118e-10,2.360498949e-11,0
2021-08-01 06:00:00,0,2.741971927e-10,2.457487686e-11,0
2021-08-01 07:00:00,0,3.117994196e-10,2.820947295e-11,0
2021-08-01 08:00:00,0,3.306711571e-10,3.05532509e-11,0
2021-08-01 09:00:00,0,3.878170285e-10,3.667887175e-11,0
2021-08-01 10:00:00,0,3.877345944e-10,3.526361494e-11,0
2021-08-01 11:00:00,0,4.008500198e-10,3.633118112e-11,0
2021-08-01 12:00:00,0,3.897096257e-10,3.652553954e-11,0
2021-08-01 13:00:00,0,3.833487416e-10,3.648038469e-11,0
2021-08-01 14:00:00,0,3.863787901e-10,3.517780164e-11,0
2021-08-01 15:00:00,0,3.947613902e-10,3.538837279e-11,0
2021-08-01 16:00:00,0,3.826297057e-10,3.564858825e-11,0
2021-08-01 17:00:00,0,3.895404832e-10,3.603940757e-11,0
2021-08-01 18:00:00,0,3.841046925e-10,3.619804456e-11,0
2021-08-01 19:00:00,0,3.931684422e-10,3.629201453e-11,0
2021-08-01 20:00:00,0,3.976116103e-10,3.727743808e-11,0
2021-08-01 21:00:00,0,3.919975178e-10,3.729082321e-11,0
2021-08-01 22:00:00,0,3.938410154e-10,3.709891769e-11,0
2021-08-01 23:00:00,0,4.038135937e-10,3.725934838e-11,0
2021-08-02 00:00:00,0,3.945910265e-10,3.552818456e-11,0
2021-08-02 01:00:00,0,4.024947875e-10,3.639781185e-11,0
2021-08-02 02:00:00,0,3.878272148e-10,3.610467827e-11,0
2021-08-02 03:00:00,0,3.95987354e-10,3.601932641e-11,0
2021-08-02 04:00:00,0,3.875302856e-10,3.622102271e-11,0
2021-08-02 05:00:00,0,4.01591399e-10,3.63552799e-11,0
2021-08-02 06:00:00,0,3.927763392e-10,3.647269986e-11,0
2021-08-02 07:00:00,0,3.992380315e-10,3.706375831e-11,0
2021-08-02 08:00:00,0,3.805966931e-10,3.687298036e-11,0
2021-08-02 09:00:00,0,3.981772134e-10,3.577167729e-11,0
2021-08-02 10:00:00,0,3.925552383e-10,3.61524248e-11,0
2021-08-02 11:00:00,0,4.000572096e-10,3.615910696e-11,0
2021-08-02 12:00:00,0,3.91530558e-10,3.620807126e-11,0
2021-08-02 13:00:00,0,3.881716615e-10,3.626137238e-11,0
2021-08-02 14:00:00,0,3.903193324e-10,3.624130857e-11,0
2021-08-02 15:00:00,0,4.021659117e-10,3.63098232e-11,0
2021-08-02 16:00:00,0,3.91064181e-10,3.659775261e-11,0
2021-08-02 17:00:00,0,3.994553022e-10,3.713239438e-11,0
2021-08-02 18:00:00,0,3.920004876e-10,3.713012189e-11,0
2021-08-02 19:00:00,0,4.024220956e-10,3.733804932e-11,0
2021-08-02 20:00:00,0,3.959780559e-10,3.70890714e-11,0
2021-08-02 21:00:00,0,3.904417623e-10,3.722543454e-11,0
2021-08-02 22:00:00,0,3.93019256e-10,3.713603036e-11,0
2021-08-02 23:00:00,0,4.034921286e-10,3.734116835e-11,0
2021-08-03 00:00:00,0,3.954491179e-10,3.595036421e-11,0
2021-08-03 01:00:00,0,4.061541103e-10,3.636094204e-11,0
2021-08-03 02:00:00,0,3.90053212e-10,3.657103093e-11,0
2021-08-03 03:00:00,0,4.058592906e-10,3.639259033e-11,0
2021-08-03 04:00:00,0,3.927911885e-10,3.658051292e-11,0
2021-08-03 05:00:00,0,4.009371724e-10,3.701630669e-11,0
2021-08-03 06:00:00,0,4.00477207e-10,3.723156852e-11,0
2021-08-03 07:00:00,0,4.08414691e-10,3.803228218e-11,0
2021-08-03 08:00:00,0,4.023503475e-10,3.785484079e-11,0
2021-08-03 09:00:00,0,4.10091322e-10,3.686191283e-11,0
2021-08-03 10:00:00,0,4.052550517e-10,3.74026643e-11,0
2021-08-03 11:00:00,0,4.12810397e-10,3.786997452e-11,0
2021-08-03 12:00:00,0,4.062609138e-10,3.813518945e-11,0
2021-08-03 13:00:00,0,4.152178879e-10,3.727110287e-11,0
2021-08-03 14:00:00,0,4.11131823e-10,3.779882657e-11,0
2021-08-03 15:00:00,0,4.19042967e-10,3.79470691e-11,0
2021-08-03 16:00:00,0,4.133625386e-10,3.838059731e-11,0
2021-08-03 17:00:00,0,4.2193532e-10,3.903101453e-11,0
2021-08-03 18:00:00,0,3.186753361e-10,2.959246043e-11,0
2021-08-03 19:00:00,0,2.657191134e-10,2.38943032e-11,0
2021-08-03 20:00:00,0,2.56367011e-10,2.319329104e-11,0
2021-08-03 21:00:00,0,2.525642473e-10,2.322048977e-11,0
2021-08-03 22:00:00,0,2.63129768e-10,2.407079917e-11,0
2021-08-03 23:00:00,0,2.844929292e-10,2.547620968e-11,0
2021-08-04 00:00:00,0,2.788216324e-10,2.414823549e-11,0
2021-08-04 01:00:00,0,2.78668838e-10,2.446357353e-11,0
2021-08-04 02:00:00,0,2.623083417e-10,2.426225193e-11,0
2021-08-04 03:00:00,0,2.569604252e-10,2.283965551e-11,0
2021-08-04 04:00:00,0,2.319377607e-10,2.085302764e-11,0
2021-08-04 05:00:00,0,2.468601157e-10,2.138663378e-11,0
2021-08-04 06:00:00,0,2.48316423e-10,2.208170972e-11,0
2021-08-04 07:00:00,0,2.546736433e-10,2.268243059e-11,0
2021-08-04 08:00:00,0,2.485873174e-10,2.230724633e-11,0
2021-08-04 09:00:00,0,2.570458013e-10,2.19289413e-11,0
2021-08-04 10:00:00,0,2.656121989e-10,2.326160445e-11,0
2021-08-04 11:00:00,0,2.717725212e-10,2.346806603e-11,0
2021-08-04 12:00:00,0,2.677979505e-10,2.354015941e-11,0
2021-08-04 13:00:00,0,2.716308845e-10,2.351393386e-11,0
2021-08-04 14:00:00,0,2.673466726e-10,2.347294061e-11,0
2021-08-04 15:00:00,0,2.708502311e-10,2.347162222e-11,0
2021-08-04 16:00:00,0,2.531273247e-10,2.252802805e-11,0
2021-08-04 17:00:00,0,2.540512245e-10,2.258582557e-11,0
2021-08-04 18:00:00,0,2.467338001e-10,2.229928742e-11,0
2021-08-04 19:00:00,0,2.584866765e-10,2.290321752e-11,0
2021-08-04 20:00:00,0,2.512221542e-10,2.253332243e-11,0
2021-08-04 21:00:00,0,2.373164165e-10,2.154019497e-11,0
2021-08-04 22:00:00,0,2.362363638e-10,2.127492453e-11,0
2021-08-04 23:00:00,0,2.461679194e-10,2.165761147e-11,0
2021-08-05 00:00:00,0,2.341423999e-10,2.070729178e-11,0
2021-08-05 01:00:00,0,2.487108575e-10,2.12112463e-11,0
2021-08-05 02:00:00,0,2.332737337e-10,2.09865389e-11,0
2021-08-05 03:00:00,0,2.432799795e-10,2.117206063e-11,0
2021-08-05 04:00:00,0,2.294116702e-10,2.114600335e-11,0
2021-08-05 05:00:00,0,2.460773529e-10,2.124250602e-11,0
2021-08-05 06:00:00,0,2.371066399e-10,2.091342724e-11,0
2021-08-05 07:00:00,0,2.443175939e-10,2.161870682e-11,0
2021-08-05 08:00:00,0,2.485344985e-10,2.251308688e-11,0
2021-08-05 09:00:00,0,3.00776154e-10,2.69121652e-11,0
2021-08-05 10:00:00,0,3.472032661e-10,3.15722691e-11,0
2021-08-05 11:00:00,0,3.555530037e-10,3.152414788e-11,0
2021-08-05 12:00:00,0,3.474158461e-10,3.152936939e-11,0
2021-08-05 13:00:00,0,3.533309201e-10,3.153599257e-11,0
2021-08-05 14:00:00,0,3.477757804e-10,3.153615216e-11,0
2021-08-05 15:00:00,0,3.526805237e-10,3.156658268e-11,0
2021-08-05 16:00:00,0,3.456653574e-10,3.183523931e-11,0
2021-08-05 17:00:00,0,3.499176782e-10,3.217550879e-11,0
2021-08-05 18:00:00,0,3.011232097e-10,2.795069905e-11,0
2021-08-05 19:00:00,0,3.007085692e-10,2.737673629e-11,0
2021-08-05 20:00:00,0,2.830239654e-10,2.597544922e-11,0
2021-08-05 21:00:00,0,2.775893404e-10,2.584388259e-11,0
2021-08-05 22:00:00,0,2.760926487e-10,2.55519772e-11,0
2021-08-05 23:00:00,0,2.854807224e-10,2.573444235e-11,0
2021-08-06 00:00:00,0,2.771573804e-10,2.483014488e-11,0
2021-08-06 01:00:00,0,2.82931234e-10,2.488553461e-11,0
2021-08-06 02:00:00,0,2.682027656e-10,2.482811005e-11,0
2021-08-06 03:00:00,0,2.738267668e-10,2.488590237e-11,0
2021-08-06 04:00:00,0,2.560476275e-10,2.47331218e-11,0
2021-08-06 05:00:00,0,2.860567339e-10,2.537114269e-11,0
2021-08-06 06:00:00,0,2.863325965e-10,2.618274521e-11,0
2021-08-06 07:00:00,0,2.872422578e-10,2.619989642e-11,0
2021-08-06 08:00:00,2.332621989e-06,2.867944771e-10,2.661668629e-11,0
2021-08-06 09:00:00,0,3.376164903e-10,3.120467426e-11,0
2021-08-06 10:00:00,0,3.391038561e-10,3.154275105e-11,0
2021-08-06 11:00:00,0,3.497798995e-10,3.152580974e-11,0
2021-08-06 12:00:00,0,3.400415782e-10,3.161347573e-11,0
2021-08-06 13:00:00,0,3.492302836e-10,3.15280059e-11,0
2021-08-06 14:00:00,0,3.392761627e-10,3.171444704e-11,0
2021-08-06 15:00:00,0,3.483146549e-10,3.173525331e-11,0
2021-08-06 16:00:00,0,3.243261215e-10,3.050588254e-11,0
2021-08-06 17:00:00,0,2.940183375e-10,2.694449872e-11,0
2021-08-06 18:00:00,0,2.794277865e-10,2.645248777e-11,0
2021-08-06 19:00:00,0,2.846239078e-10,2.637838559e-11,0
2021-08-06 20:00:00,0,2.816310518e-10,2.653973569e-11,0
2021-08-06 21:00:00,0,2.788288211e-10,2.673572128e-11,0
2021-08-06 22:00:00,0,2.764163343e-10,2.62649763e-11,0
2021-08-06 23:00:00,0,2.804653176e-10,2.605710266e-11,0
2021-08-07 00:00:00,0,2.730430326e-10,2.507268698e-11,0
2021-08-07 01:00:00,0,2.831347934e-10,2.541947555e-11,0
2021-08-07 02:00:00,0,2.873054017e-10,2.750385857e-11,0
2021-08-07 03:00:00,0,2.994078041e-10,2.880340758e-11,0
2021-08-07 04:00:00,0,2.962182999e-10,2.951018596e-11,0
2021-08-07 05:00:00,0,2.843082714e-10,2.686194323e-11,0
2021-08-07 06:00:00,0,2.849057379e-10,2.75861816e-11,0
2021-08-07 07:00:00,0,2.978273739e-10,2.932491056e-11,0
2021-08-07 08:00:00,0,3.089282441e-10,3.263061002e-11,0
2021-08-07 09:00:00,0,3.498281664e-10,3.662993867e-11,0
2021-08-07 10:00:00,0,3.472756527e-10,3.668039136e-11,0
2021-08-07 11:00:00,0,3.514755986e-10,3.767054724e-11,0
2021-08-07 12:00:00,0,3.355443146e-10,3.838412227e-11,0
2021-08-07 13:00:00,0,3.517925395e-10,3.91851239e-11,0
2021-08-07 14:00:00,0,3.490794875e-10,3.92134554e-11,0
2021-08-07 15:00:00,0,3.561613227e-10,4.070784682e-11,0
2021-08-07 16:00:00,0,3.474820154e-10,4.22385911e-11,0
2021-08-07 17:00:00,0,3.360533796e-10,3.964294171e-11,0
2021-08-07 18:00:00,0,3.327371434e-10,4.162848191e-11,0
2021-08-07 19:00:00,0,3.454319608e-10,4.408587384e-11,0
2021-08-07 20:00:00,0,2.935997279e-10,3.436892437e-11,0
2021-08-07 21:00:00,0,2.964509471e-10,3.433604442e-11,0
2021-08-07 22:00:00,0,2.926290044e-10,3.585075292e-11,0
2021-08-07 23:00:00,0,3.052007536e-10,3.862902706e-11,0
2021-08-08 00:00:00,0,3.085526001e-10,4.278822435e-11,0
2021-08-08 01:00:00,0,3.156206962e-10,4.766036177e-11,0
2021-08-08 02:00:00,0,3.970809237e-10,7.127286955e-11,0
2021-08-08 03:00:00,1.433864145e-05,2.867862349e-06,1.836086267e-05,8.552694635e-05
2021-08-08 04:00:00,4.059441562e-05,8.118856385e-06,2.163425779e-05,0.0001207444875
2021-08-08 05:00:00,0,2.522257958e-10,2.650596756e-11,0
2021-08-08 06:00:00,0,2.770745577e-10,2.807254776e-11,0
2021-08-08 07:00:00,0,3.141034099e-10,3.025591236e-11,0
2021-08-08 08:00:00,0,3.359627021e-10,3.332641108e-11,0
2021-08-08 09:00:00,0,4.024410805e-10,3.894069095e-11,0
2021-08-08 10:00:00,0,3.93951205e-10,3.770950913e-11,0
2021-08-08 11:00:00,0,4.007322807e-10,3.780397176e-11,0
2021-08-08 12:00:00,0,3.926904912e-10,3.813620947e-11,0
2021-08-08 13:00:00,0,3.957959793e-10,3.752768235e-11,0
2021-08-08 14:00:00,0,3.77543663e-10,3.629441192e-11,0
2021-08-08 15:00:00,0,3.918786962e-10,3.61285897e-11,0
2021-08-08 16:00:00,0,3.858531827e-10,3.646657282e-11,0
2021-08-08 17:00:00,0,3.888068478e-10,3.659793649e-11,0
2021-08-08 18:00:00,0,3.864353837e-10,3.687525979e-11,0
2021-08-08 19:00:00,0,3.918731728e-10,3.671705648e-11,0
2021-08-08 20:00:00,0,3.991776076e-10,3.783153651e-11,0
2021-08-08 21:00:00,0,4.028967715e-10,3.769652299e-11,0
2021-08-08 22:00:00,0,3.975705876e-10,3.761398137e-11,0
2021-08-08 23:00:00,0,4.013741006e-10,3.754799249e-11,0
2021-08-09 00:00:00,0,3.968245177e-10,3.628414583e-11,0
2021-08-09 01:00:00,0,4.015404675e-10,3.658508566e-11,0
2021-08-09 02:00:00,0,3.883919852e-10,3.656233649e-11,0
2021-08-09 03:00:00,0,3.859029762e-10,3.649371777e-11,0
2021-08-09 04:00:00,0,3.896474809e-10,3.648134572e-11,0
2021-08-09 05:00:00,0,3.936042325e-10,3.638921456e-11,0
2021-08-09 06:00:00,0,3.939215343e-10,3.658038109e-11,0
2021-08-09 07:00:00,0,3.995919706e-10,3.724224054e-11,0
2021-08-09 08:00:00,5.147930096e-06,3.915348323e-10,3.703264431e-11,0
2021-08-09 09:00:00,5.854942629e-07,3.887226929e-10,3.591418135e-11,0
2021-08-09 10:00:00,0,3.899846557e-10,3.629672257e-11,0
2021-08-09 11:00:00,0,4.008964549e-10,3.624667927e-11,0
2021-08-09 12:00:00,0,3.920116731e-10,3.631250162e-11,0
2021-08-09 13:00:00,0,3.998436859e-10,3.632044665e-11,0
2021-08-09 14:00:00,0,3.802598236e-10,3.634192253e-11,0
2021-08-09 15:00:00,0,3.981825702e-10,3.637149609e-11,0
2021-08-09 16:00:00,0,3.922249192e-10,3.667831316e-11,0
2021-08-09 17:00:00,0,3.986700137e-10,3.717879477e-11,0
2021-08-09 18:00:00,0,3.932151549e-10,3.719195785e-11,0
2021-08-09 19:00:00,0,4.019361788e-10,3.736193299e-11,0
2021-08-09 20:00:00,0,3.949713057e-10,3.717259833e-11,0
2021-08-09 21:00:00,0,3.907455193e-10,3.7284828e-11,0
2021-08-09 22:00:00,0,3.936487525e-10,3.715375577e-11,0
2021-08-09 23:00:00,0,4.043381185e-10,3.73441035e-11,0
2021-08-10 00:00:00,0,3.961214412e-10,3.604565604e-11,0
2021-08-10 01:00:00,0,3.9734524e-10,3.632559878e-11,0
2021-08-10 02:00:00,0,3.924383873e-10,3.622997735e-11,0
2021-08-10 03:00:00,0,3.934188531e-10,3.62822411e-11,0
2021-08-10 04:00:00,0,3.727268494e-10,3.632682696e-11,0
2021-08-10 05:00:00,0,3.819135563e-10,3.688293074e-11,0
2021-08-10 06:00:00,0,3.971649953e-10,3.716749825e-11,0
2021-08-10 07:00:00,0,4.093577144e-10,3.787042901e-11,0
2021-08-10 08:00:00,6.85470377e-06,4.016960375e-10,3.775241231e-11,0
2021-08-10 09:00:00,0,4.129757647e-10,3.674451715e-11,0
2021-08-10 10:00:00,0,4.034972911e-10,3.721391598e-11,0
2021-08-10 11:00:00,0,4.157069966e-10,3.730766043e-11,0
2021-08-10 12:00:00,0,4.065696113e-10,3.742078175e-11,0
2021-08-10 13:00:00,0,4.187564184e-10,3.756368827e-11,0
2021-08-10 14:00:00,0,4.093419215e-10,3.766793474e-11,0
2021-08-10 15:00:00,0,4.2334522e-10,3.785175992e-11,0
2021-08-10 16:00:00,0,4.139265597e-10,3.825524619e-11,0
2021-08-10 17:00:00,0,4.22558516e-10,3.902776019e-11,0
2021-08-10 18:00:00,0,3.196276854e-10,2.958608011e-11,0
2021-08-10 19:00:00,0,2.636074969e-10,2.383434249e-11,0
2021-08-10 20:00:00,0,2.559209233e-10,2.312507651e-11,0
2021-08-10 21:00:00,0,2.586631742e-10,2.31265649e-11,0
2021-08-10 22:00:00,0,2.65527822e-10,2.397608501e-11,0
2021-08-10 23:00:00,0,2.823385969e-10,2.533567106e-11,0
2021-08-11 00:00:00,0,2.799309951e-10,2.418817924e-11,0
2021-08-11 01:00:00,0,2.845257085e-10,2.443419772e-11,0
2021-08-11 02:00:00,0,2.673379851e-10,2.395610446e-11,0
2021-08-11 03:00:00,0,2.581439507e-10,2.29360142e-11,0
2021-08-11 04:00:00,0,2.395890708e-10,2.077041664e-11,0
2021-08-11 05:00:00,0,2.434186186e-10,2.112071282e-11,0
2021-08-11 06:00:00,0,2.486708339e-10,2.194584445e-11,0
2021-08-11 07:00:00,0,2.548542211e-10,2.261765948e-11,0
2021-08-11 08:00:00,0,2.472403948e-10,2.222797987e-11,0
2021-08-11 09:00:00,0,2.584512326e-10,2.187308668e-11,0
2021-08-11 10:00:00,0,2.629714502e-10,2.319395544e-11,0
2021-08-11 11:00:00,0,2.720337289e-10,2.340028518e-11,0
2021-08-11 12:00:00,0,2.68033401e-10,2.346180368e-11,0
2021-08-11 13:00:00,0,2.731666837e-10,2.344668383e-11,0
2021-08-11 14:00:00,0,2.680930478e-10,2.339792422e-11,0
2021-08-11 15:00:00,0,2.718149872e-10,2.340842103e-11,0
2021-08-11 16:00:00,0,2.538956267e-10,2.246575148e-11,0
2021-08-11 17:00:00,0,2.536882926e-10,2.258953441e-11,0
2021-08-11 18:00:00,0,2.465865845e-10,2.227036611e-11,0
2021-08-11 19:00:00,0,2.576190372e-10,2.282098815e-11,0
2021-08-11 20:00:00,0,2.508175612e-10,2.246645057e-11,0
2021-08-11 21:00:00,0,2.369716645e-10,2.145230868e-11,0
2021-08-11 22:00:00,0,2.362239848e-10,2.118226254e-11,0
2021-08-11 23:00:00,0,2.461208182e-10,2.149471573e-11,0
2021-08-12 00:00:00,0,2.395268428e-10,2.073261007e-11,0
2021-08-12 01:00:00,0,2.476955308e-10,2.121309552e-11,0
2021-08-12 02:00:00,0,2.438053925e-10,2.104834362e-11,0
2021-08-12 03:00:00,0,2.429933754e-10,2.113767668e-11,0
2021-08-12 04:00:00,0,2.33663866e-10,2.113906099e-11,0
2021-08-12 05:00:00,0,2.234944313e-10,2.108210134e-11,0
2021-08-12 06:00:00,0,2.349683226e-10,2.096911533e-11,0
2021-08-12 07:00:00,0,2.434086266e-10,2.158260549e-11,0
2021-08-12 08:00:00,0,2.414420885e-10,2.245942321e-11,0
2021-08-12 09:00:00,0,3.08615189e-10,2.679276419e-11,0
2021-08-12 10:00:00,0,3.519277092e-10,3.14447704e-11,0
2021-08-12 11:00:00,0,3.557292239e-10,3.173435473e-11,0
2021-08-12 12:00:00,0,3.363209711e-10,3.190442355e-11,0
2021-08-12 13:00:00,0,3.511574087e-10,3.197239695e-11,0
2021-08-12 14:00:00,0,3.354521105e-10,3.084901085e-11,0
2021-08-12 15:00:00,0,3.518605962e-10,3.125852355e-11,0
2021-08-12 16:00:00,0,3.46834228e-10,3.154249431e-11,0
2021-08-12 17:00:00,0,3.493505762e-10,3.184158145e-11,0
2021-08-12 18:00:00,0,3.019040573e-10,2.767591017e-11,0
2021-08-12 19:00:00,0,2.992814052e-10,2.706359789e-11,0
2021-08-12 20:00:00,0,2.837438617e-10,2.569005252e-11,0
2021-08-12 21:00:00,0,2.851199832e-10,2.557036353e-11,0
2021-08-12 22:00:00,0,2.790799258e-10,2.52680793e-11,0
2021-08-12 23:00:00,0,2.833403789e-10,2.545898041e-11,0
2021-08-13 00:00:00,0,2.810465749e-10,2.434916331e-11,0
2021-08-13 01:00:00,0,2.775430996e-10,2.464367252e-11,0
2021-08-13 02:00:00,0,2.676975308e-10,2.423753906e-11,0
2021-08-13 03:00:00,0,2.7324637e-10,2.423244418e-11,0
2021-08-13 04:00:00,0,2.72021683e-10,2.422731633e-11,0
2021-08-13 05:00:00,0,2.795293164e-10,2.501243483e-11,0
2021-08-13 06:00:00,0,2.873218607e-10,2.575243144e-11,0
2021-08-13 07:00:00,0,2.863066451e-10,2.574327904e-11,0
2021-08-13 08:00:00,0,2.86026508e-10,2.618220224e-11,0
2021-08-13 09:00:00,0,3.372014334e-10,3.039352797e-11,0
2021-08-13 10:00:00,0,3.374981128e-10,3.075834379e-11,0
2021-08-13 11:00:00,0,3.467676979e-10,3.107488919e-11,0
2021-08-13 12:00:00,0,3.378817781e-10,3.123708583e-11,0
2021-08-13 13:00:00,0,3.431729345e-10,3.140461502e-11,0
2021-08-13 14:00:00,0,3.394265424e-10,3.01852085e-11,0
2021-08-13 15:00:00,0,3.445088381e-10,3.059953332e-11,0
2021-08-13 16:00:00,0,3.241031887e-10,2.958919915e-11,0
2021-08-13 17:00:00,0,2.910670593e-10,2.634832977e-11,0
2021-08-13 18:00:00,0,2.788438092e-10,2.555854313e-11,0
2021-08-13 19:00:00,0,2.838599356e-10,2.544770644e-11,0
2021-08-13 20:00:00,0,2.813628219e-10,2.548227775e-11,0
2021-08-13 21:00:00,0,2.778064168e-10,2.560339787e-11,0
2021-08-13 22:00:00,0,2.747090611e-10,2.508471035e-11,0
2021-08-13 23:00:00,0,2.791729348e-10,2.485540246e-11,0
2021-08-14 00:00:00,0,2.714881375e-10,2.37548245e-11,0
2021-08-14 01:00:00,0,2.790666032e-10,2.413762072e-11,0
2021-08-14 02:00:00,0,2.880931882e-10,2.558791894e-11,0
2021-08-14 03:00:00,0,3.065886989e-10,2.700238817e-11,0
2021-08-14 04:00:00,0,3.023698514e-10,2.711421192e-11,0
2021-08-14 05:00:00,0,2.812493294e-10,2.506262038e-11,0
2021-08-14 06:00:00,0,2.820698952e-10,2.547898698e-11,0
2021-08-14 07:00:00,0,2.962046719e-10,2.663940249e-11,0
2021-08-14 08:00:00,0,3.140922522e-10,2.889513108e-11,0
2021-08-14 09:00:00,0,3.35034861e-10,3.137649862e-11,0
2021-08-14 10:00:00,0,3.372631896e-10,3.037247537e-11,0
2021-08-14 11:00:00,0,3.477549637e-10,3.108483262e-11,0
2021-08-14 12:00:00,0,3.37206596e-10,3.119686801e-11,0
2021-08-14 13:00:00,0,3.441002205e-10,3.127537118e-11,0
2021-08-14 14:00:00,0,3.358892053e-10,3.00929108e-11,0
2021-08-14 15:00:00,0,3.453758668e-10,3.049431541e-11,0
2021-08-14 16:00:00,0,3.325244524e-10,3.050932076e-11,0
2021-08-14 17:00:00,0,3.230104795e-10,2.929520168e-11,0
2021-08-14 18:00:00,0,3.164910278e-10,2.916782788e-11,0
2021-08-14 19:00:00,0,3.236428903e-10,2.929792867e-11,0
2021-08-14 20:00:00,0,2.790413733e-10,2.542937215e-11,0
2021-08-14 21:00:00,0,2.70624162e-10,2.495630438e-11,0
2021-08-14 22:00:00,0,2.702577884e-10,2.473344619e-11,0
2021-08-14 23:00:00,0,2.798881404e-10,2.491182434e-11,0
2021-08-15 00:00:00,0,2.734499016e-10,2.396992327e-11,0
2021-08-15 01:00:00,0,2.77194101e-10,2.410846349e-11,0
2021-08-15 02:00:00,0,2.659538423e-10,2.415890578e-11,0
2021-08-15 03:00:00,0,2.725881187e-10,2.397279077e-11,0
2021-08-15 04:00:00,0,2.736887106e-10,2.45851603e-11,0
2021-08-15 05:00:00,0,2.639267693e-10,2.371351553e-11,0
2021-08-15 06:00:00,0,2.725939197e-10,2.430132137e-11,0
2021-08-15 07:00:00,0,3.110313673e-10,2.813378697e-11,0
2021-08-15 08:00:00,0,3.282703553e-10,3.039210203e-11,0
2021-08-15 09:00:00,0,3.888823707e-10,3.547382874e-11,0
2021-08-15 10:00:00,0,3.859854658e-10,3.563033202e-11,0
2021-08-15 11:00:00,0,3.986199981e-10,3.619966132e-11,0
2021-08-15 12:00:00,0,3.884356448e-10,3.633546589e-11,0
2021-08-15 13:00:00,0,3.951043936e-10,3.526917647e-11,0
2021-08-15 14:00:00,0,3.881940047e-10,3.563880094e-11,0
2021-08-15 15:00:00,0,3.907613677e-10,3.534915069e-11,0
2021-08-15 16:00:00,0,3.82239268e-10,3.55693669e-11,0
2021-08-15 17:00:00,0,3.874307819e-10,3.592783016e-11,0
2021-08-15 18:00:00,0,3.832359152e-10,3.615071437e-11,0
2021-08-15 19:00:00,0,3.924730541e-10,3.624776174e-11,0
2021-08-15 20:00:00,0,3.864613907e-10,3.725051517e-11,0
2021-08-15 21:00:00,0,4.023348321e-10,3.723294589e-11,0
2021-08-15 22:00:00,0,3.96568306e-10,3.708859955e-11,0
2021-08-15 23:00:00,0,4.004873655e-10,3.710052057e-11,0
2021-08-16 00:00:00,0,3.967014495e-10,3.59161173e-11,0
2021-08-16 01:00:00,0,3.95958627e-10,3.631394491e-11,0
2021-08-16 02:00:00,0,3.908356694e-10,3.61438969e-11,0
2021-08-16 03:00:00,0,3.972844831e-10,3.636045284e-11,0
2021-08-16 04:00:00,0,3.945880012e-10,3.61911924e-11,0
2021-08-16 05:00:00,0,4.0007897e-10,3.621259195e-11,0
2021-08-16 06:00:00,0,3.919814751e-10,3.65060239e-11,0
2021-08-16 07:00:00,0,3.986601604e-10,3.708057125e-11,0
2021-08-16 08:00:00,0,3.904100376e-10,3.695666689e-11,0
2021-08-16 09:00:00,0,4.010593802e-10,3.587781461e-11,0
2021-08-16 10:00:00,0,3.908452173e-10,3.636167756e-11,0
2021-08-16 11:00:00,0,4.019536926e-10,3.669534815e-11,0
2021-08-16 12:00:00,0,3.908789958e-10,3.693232525e-11,0
2021-08-16 13:00:00,0,3.998186227e-10,3.704115834e-11,0
2021-08-16 14:00:00,0,3.913260271e-10,3.574763055e-11,0
2021-08-16 15:00:00,0,4.019449773e-10,3.635360069e-11,0
2021-08-16 16:00:00,0,3.908340596e-10,3.669247892e-11,0
2021-08-16 17:00:00,0,3.986250219e-10,3.717934641e-11,0
2021-08-16 18:00:00,0,3.927582426e-10,3.714050595e-11,0
2021-08-16 19:00:00,0,4.003069543e-10,3.728666334e-11,0
2021-08-16 20:00:00,0,3.974792717e-10,3.712503568e-11,0
2021-08-16 21:00:00,0,4.016737776e-10,3.724701103e-11,0
2021-08-16 22:00:00,0,3.827053952e-10,3.711250057e-11,0
2021-08-16 23:00:00,0,3.992839115e-10,3.72567116e-11,0
2021-08-17 00:00:00,0,3.959136907e-10,3.593368311e-11,0
2021-08-17 01:00:00,0,4.052555236e-10,3.655018649e-11,0
2021-08-17 02:00:00,0,3.908165458e-10,3.635911364e-11,0
2021-08-17 03:00:00,0,3.925418879e-10,3.651078051e-11,0
2021-08-17 04:00:00,0,3.907360269e-10,3.654661296e-11,0
2021-08-17 05:00:00,0,4.077533589e-10,3.677453828e-11,0
2021-08-17 06:00:00,0,4.005413778e-10,3.710146773e-11,0
2021-08-17 07:00:00,0,4.079916682e-10,3.777394716e-11,0
2021-08-17 08:00:00,0,4.021273592e-10,3.767576529e-11,0
2021-08-17 09:00:00,0,4.098492934e-10,3.666394272e-11,0
2021-08-17 10:00:00,0,4.054425684e-10,3.711582083e-11,0
2021-08-17 11:00:00,0,4.131232578e-10,3.722100406e-11,0
2021-08-17 12:00:00,0,4.078598292e-10,3.733419476e-11,0
2021-08-17 13:00:00,0,4.045155044e-10,3.748368976e-11,0
2021-08-17 14:00:00,0,4.092201578e-10,3.75783224e-11,0
2021-08-17 15:00:00,0,4.22049895e-10,3.77638823e-11,0
2021-08-17 16:00:00,0,4.124483532e-10,3.815738003e-11,0
2021-08-17 17:00:00,0,4.230420458e-10,3.884390032e-11,0
2021-08-17 18:00:00,0,3.183055208e-10,2.947738928e-11,0
2021-08-17 19:00:00,0,2.656309339e-10,2.377798652e-11,0
2021-08-17 20:00:00,0,2.556752032e-10,2.309800962e-11,0
2021-08-17 21:00:00,0,2.52327409e-10,2.310804846e-11,0
2021-08-17 22:00:00,0,2.629958751e-10,2.395823123e-11,0
2021-08-17 23:00:00,0,2.84320234e-10,2.53135863e-11,0
2021-08-18 00:00:00,0,2.776932018e-10,2.43660734e-11,0
2021-08-18 01:00:00,0,2.846505809e-10,2.449613429e-11,0
2021-08-18 02:00:00,0,2.7465899e-10,2.430029442e-11,0
2021-08-18 03:00:00,0,2.654932385e-10,2.284665686e-11,0
2021-08-18 04:00:00,0,2.325050846e-10,2.08095919e-11,0
2021-08-18 05:00:00,0,2.501237828e-10,2.132721257e-11,0
2021-08-18 06:00:00,0,2.473776184e-10,2.204969193e-11,0
2021-08-18 07:00:00,0,2.554146061e-10,2.266761431e-11,0
2021-08-18 08:00:00,0,2.469804361e-10,2.23336679e-11,0
2021-08-18 09:00:00,0,2.588042558e-10,2.196453089e-11,0
2021-08-18 10:00:00,0,2.634703289e-10,2.336385772e-11,0
2021-08-18 11:00:00,0,2.736437743e-10,2.389569272e-11,0
2021-08-18 12:00:00,0,2.657624953e-10,2.417406553e-11,0
2021-08-18 13:00:00,0,2.646960706e-10,2.421389651e-11,0
2021-08-18 14:00:00,0,2.659932552e-10,2.319926543e-11,0
2021-08-18 15:00:00,0,2.737881866e-10,2.347537442e-11,0
2021-08-18 16:00:00,0,2.529914334e-10,2.257234157e-11,0
2021-08-18 17:00:00,0,2.560187617e-10,2.26776254e-11,0
2021-08-18 18:00:00,0,2.45934495e-10,2.232449295e-11,0
2021-08-18 19:00:00,0,2.568955326e-10,2.285340146e-11,0
2021-08-18 20:00:00,0,2.498085072e-10,2.245928964e-11,0
2021-08-18 21:00:00,0,2.361544571e-10,2.147870423e-11,0
2021-08-18 22:00:00,0,2.354879347e-10,2.120785665e-11,0
2021-08-18 23:00:00,0,2.454470516e-10,2.154534363e-11,0
2021-08-19 00:00:00,0,2.401669419e-10,2.077442905e-11,0
2021-08-19 01:00:00,0,2.477557604e-10,2.099925095e-11,0
2021-08-19 02:00:00,0,2.370801611e-10,2.092499958e-11,0
2021-08-19 03:00:00,0,2.43980558e-10,2.096211919e-11,0
2021-08-19 04:00:00,0,2.372748942e-10,2.098300873e-11,0
2021-08-19 05:00:00,0,2.476610583e-10,2.113462357e-11,0
2021-08-19 06:00:00,0,2.364850538e-10,2.100527738e-11,0
2021-08-19 07:00:00,0,2.428663104e-10,2.161787242e-11,0
2021-08-19 08:00:00,0,2.489626838e-10,2.245826095e-11,0
2021-08-19 09:00:00,0,3.076622568e-10,2.68138723e-11,0
2021-08-19 10:00:00,0,3.509392499e-10,3.14426471e-11,0
2021-08-19 11:00:00,0,3.559035011e-10,3.172792931e-11,0
2021-08-19 12:00:00,0,3.500032486e-10,3.200792062e-11,0
2021-08-19 13:00:00,0,3.543066118e-10,3.206996474e-11,0
2021-08-19 14:00:00,0,3.488850875e-10,3.084555875e-11,0
2021-08-19 15:00:00,0,3.537671267e-10,3.125413817e-11,0
2021-08-19 16:00:00,0,3.475867094e-10,3.154880523e-11,0
2021-08-19 17:00:00,0,3.509142699e-10,3.197284798e-11,0
2021-08-19 18:00:00,0,3.014665462e-10,2.773529496e-11,0
2021-08-19 19:00:00,0,2.976558167e-10,2.712474516e-11,0
2021-08-19 20:00:00,0,2.818534017e-10,2.56737652e-11,0
2021-08-19 21:00:00,0,2.837619029e-10,2.555069177e-11,0
2021-08-19 22:00:00,0,2.79011092e-10,2.524241233e-11,0
2021-08-19 23:00:00,0,2.838401458e-10,2.540579379e-11,0
2021-08-20 00:00:00,0,2.77892126e-10,2.444670855e-11,0
2021-08-20 01:00:00,0,2.690221379e-10,2.444191377e-11,0
2021-08-20 02:00:00,0,2.701588953e-10,2.428698041e-11,0
2021-08-20 03:00:00,0,2.742138738e-10,2.425658459e-11,0
2021-08-20 04:00:00,0,2.715943304e-10,2.427309742e-11,0
2021-08-20 05:00:00,0,2.859971426e-10,2.491629472e-11,0
2021-08-20 06:00:00,0,2.863091431e-10,2.566490423e-11,0
2021-08-20 07:00:00,0,2.858154824e-10,2.567486675e-11,0
2021-08-20 08:00:00,0,2.776723296e-10,2.604175556e-11,0
2021-08-20 09:00:00,0,3.442128527e-10,3.026973117e-11,0
2021-08-20 10:00:00,0,3.400708048e-10,3.054392503e-11,0
2021-08-20 11:00:00,0,3.46826512e-10,3.051488576e-11,0
2021-08-20 12:00:00,0,3.398206994e-10,3.051986094e-11,0
2021-08-20 13:00:00,0,3.471074261e-10,3.050897729e-11,0
2021-08-20 14:00:00,0,3.377102487e-10,3.047749206e-11,0
2021-08-20 15:00:00,0,3.476201271e-10,3.051965625e-11,0
2021-08-20 16:00:00,0,3.248702696e-10,2.947655661e-11,0
2021-08-20 17:00:00,0,2.946626831e-10,2.633685631e-11,0
2021-08-20 18:00:00,0,2.778129948e-10,2.556973903e-11,0
2021-08-20 19:00:00,0,2.818367761e-10,2.549127923e-11,0
2021-08-20 20:00:00,0,2.789719011e-10,2.546876425e-11,0
2021-08-20 21:00:00,0,2.864138648e-10,2.561268385e-11,0
2021-08-20 22:00:00,0,2.751940065e-10,2.508881991e-11,0
2021-08-20 23:00:00,0,2.790141729e-10,2.486497987e-11,0
2021-08-21 00:00:00,0,2.718055225e-10,2.381310774e-11,0
2021-08-21 01:00:00,0,2.778929586e-10,2.424443979e-11,0
2021-08-21 02:00:00,0,2.817770184e-10,2.544461516e-11,0
2021-08-21 03:00:00,0,3.106002122e-10,2.672627744e-11,0
2021-08-21 04:00:00,0,3.049885067e-10,2.705257199e-11,0
2021-08-21 05:00:00,0,2.809400212e-10,2.496967216e-11,0
2021-08-21 06:00:00,0,2.744290628e-10,2.53912967e-11,0
2021-08-21 07:00:00,0,2.940228061e-10,2.665016645e-11,0
2021-08-21 08:00:00,0,3.146945204e-10,2.893246406e-11,0
2021-08-21 09:00:00,0,3.443827445e-10,3.139512261e-11,0
2021-08-21 10:00:00,0,3.391003034e-10,3.037761015e-11,0
2021-08-21 11:00:00,0,3.4492878e-10,3.110695729e-11,0
2021-08-21 12:00:00,0,3.378129998e-10,3.122277437e-11,0
2021-08-21 13:00:00,0,3.423503703e-10,3.128247661e-11,0
2021-08-21 14:00:00,0,3.381267766e-10,3.010599756e-11,0
2021-08-21 15:00:00,0,3.431886164e-10,3.050425884e-11,0
2021-08-21 16:00:00,0,3.344415023e-10,3.051327246e-11,0
2021-08-21 17:00:00,0,3.206778731e-10,2.930488144e-11,0
2021-08-21 18:00:00,0,3.154401185e-10,2.920605424e-11,0
2021-08-21 19:00:00,0,3.254369829e-10,2.920193601e-11,0
2021-08-21 20:00:00,0,2.796934628e-10,2.542959593e-11,0
2021-08-21 21:00:00,0,2.777274521e-10,2.501611938e-11,0
2021-08-21 22:00:00,0,2.729668158e-10,2.472030566e-11,0
2021-08-21 23:00:00,0,2.776354424e-10,2.498366791e-11,0
2021-08-22 00:00:00,0,2.75658385e-10,2.390060198e-11,0
2021-08-22 01:00:00,0,2.741758764e-10,2.412041053e-11,0
2021-08-22 02:00:00,0,2.744883765e-10,2.408592423e-11,0
2021-08-22 03:00:00,0,2.760378037e-10,2.383408228e-11,0
2021-08-22 04:00:00,0,2.662089438e-10,2.461311363e-11,0
2021-08-22 05:00:00,0,2.743274496e-10,2.355976005e-11,0
2021-08-22 06:00:00,0,2.743398564e-10,2.4586869e-11,0
2021-08-22 07:00:00,0,3.103646784e-10,2.826725486e-11,0
2021-08-22 08:00:00,0,3.287621564e-10,3.060603507e-11,0
2021-08-22 09:00:00,0,3.872528687e-10,3.674097485e-11,0
2021-08-22 10:00:00,0,3.861898301e-10,3.583575103e-11,0
2021-08-22 11:00:00,0,3.977498331e-10,3.668006177e-11,0
2021-08-22 12:00:00,0,3.888424582e-10,3.654630418e-11,0
2021-08-22 13:00:00,0,3.966603712e-10,3.652595587e-11,0
2021-08-22 14:00:00,0,3.870198051e-10,3.520192124e-11,0
2021-08-22 15:00:00,0,3.940652527e-10,3.540482491e-11,0
2021-08-22 16:00:00,0,3.822480943e-10,3.566295523e-11,0
2021-08-22 17:00:00,0,3.886978239e-10,3.60367014e-11,0
2021-08-22 18:00:00,0,3.835883278e-10,3.624073264e-11,0
2021-08-22 19:00:00,0,3.95625005e-10,3.619916519e-11,0
2021-08-22 20:00:00,0,3.988641362e-10,3.731649711e-11,0
2021-08-22 21:00:00,0,4.032099932e-10,3.729467429e-11,0
2021-08-22 22:00:00,0,3.836873319e-10,3.712079949e-11,0
2021-08-22 23:00:00,0,4.005645537e-10,3.713346644e-11,0
2021-08-23 00:00:00,0,3.980057117e-10,3.594553474e-11,0
2021-08-23 01:00:00,0,3.92344518e-10,3.642208757e-11,0
2021-08-23 02:00:00,0,3.811351235e-10,3.624007691e-11,0
2021-08-23 03:00:00,0,3.79146603e-10,3.620408834e-11,0
2021-08-23 04:00:00,0,3.857044684e-10,3.624765765e-11,0
2021-08-23 05:00:00,0,3.831837625e-10,3.614998578e-11,0
2021-08-23 06:00:00,0,3.932876524e-10,3.645655652e-11,0
2021-08-23 07:00:00,0,4.007066345e-10,3.708074819e-11,0
2021-08-23 08:00:00,0,3.825262607e-10,3.688852002e-11,0
2021-08-23 09:00:00,0,3.871427345e-10,3.578340749e-11,0
2021-08-23 10:00:00,0,3.930958337e-10,3.614186728e-11,0
2021-08-23 11:00:00,0,4.017214339e-10,3.614484059e-11,0
2021-08-23 12:00:00,0,3.947601135e-10,3.618990524e-11,0
2021-08-23 13:00:00,0,4.017663979e-10,3.622476624e-11,0
2021-08-23 14:00:00,0,3.946956373e-10,3.622952632e-11,0
2021-08-23 15:00:00,0,4.011716515e-10,3.6296504e-11,0
2021-08-23 16:00:00,0,3.935071713e-10,3.658728182e-11,0
2021-08-23 17:00:00,0,3.980463459e-10,3.711139382e-11,0
2021-08-23 18:00:00,0,3.933879611e-10,3.711501592e-11,0
2021-08-23 19:00:00,0,4.026631806e-10,3.721718767e-11,0
2021-08-23 20:00:00,0,3.983457453e-10,3.711310079e-11,0
2021-08-23 21:00:00,0,3.904170598e-10,3.722287062e-11,0
2021-08-23 22:00:00,0,3.964875095e-10,3.71321654e-11,0
2021-08-23 23:00:00,0,4.035044243e-10,3.728438044e-11,0
2021-08-24 00:00:00,0,3.969967133e-10,3.600681212e-11,0
2021-08-24 01:00:00,0,3.934534087e-10,3.654419475e-11,0
2021-08-24 02:00:00,0,3.894459477e-10,3.655512698e-11,0
2021-08-24 03:00:00,0,3.777814728e-10,3.668083892e-11,0
2021-08-24 04:00:00,0,3.612669053e-10,3.660704379e-11,0
2021-08-24 05:00:00,0,3.75935949e-10,3.678326047e-11,0
2021-08-24 06:00:00,0,3.824931483e-10,3.716551372e-11,0
2021-08-24 07:00:00,0,3.973314733e-10,3.783492616e-11,0
2021-08-24 08:00:00,0,4.022907285e-10,3.774248275e-11,0
2021-08-24 09:00:00,0,4.138252796e-10,3.670469484e-11,0
2021-08-24 10:00:00,0,4.046430691e-10,3.716736294e-11,0
2021-08-24 11:00:00,0,4.160889966e-10,3.727057898e-11,0
2021-08-24 12:00:00,0,3.958622319e-10,3.737031518e-11,0
2021-08-24 13:00:00,0,4.175135238e-10,3.753178324e-11,0
2021-08-24 14:00:00,0,4.131208708e-10,3.763313272e-11,0
2021-08-24 15:00:00,0,4.208027815e-10,3.781511215e-11,0
2021-08-24 16:00:00,0,4.145534749e-10,3.821120503e-11,0
2021-08-24 17:00:00,0,4.229345762e-10,3.887302633e-11,0
2021-08-24 18:00:00,0,3.194780829e-10,2.949810188e-11,0
2021-08-24 19:00:00,0,2.611278138e-10,2.377589792e-11,0
2021-08-24 20:00:00,0,2.563434742e-10,2.310530586e-11,0
2021-08-24 21:00:00,0,2.522601017e-10,2.312526559e-11,0
2021-08-24 22:00:00,0,2.637546848e-10,2.396864651e-11,0
2021-08-24 23:00:00,0,2.852165171e-10,2.536015668e-11,0
2021-08-25 00:00:00,0,2.80026502e-10,2.443268851e-11,0
2021-08-25 01:00:00,0,2.80654916e-10,2.458806769e-11,0
2021-08-25 02:00:00,0,2.638842755e-10,2.419152031e-11,0
2021-08-25 03:00:00,0,2.617760453e-10,2.304980512e-11,0
2021-08-25 04:00:00,0,2.290331952e-10,2.100800089e-11,0
2021-08-25 05:00:00,0,2.476684691e-10,2.12175711e-11,0
2021-08-25 06:00:00,0,2.493467377e-10,2.202016174e-11,0
2021-08-25 07:00:00,0,2.557259682e-10,2.26557835e-11,0
2021-08-25 08:00:00,0,2.406449207e-10,2.223086125e-11,0
2021-08-25 09:00:00,0,2.568666391e-10,2.186970743e-11,0
2021-08-25 10:00:00,0,2.666776244e-10,2.320136964e-11,0
2021-08-25 11:00:00,0,2.727212345e-10,2.340212399e-11,0
2021-08-25 12:00:00,0,2.591600545e-10,2.347428502e-11,0
2021-08-25 13:00:00,0,2.719253989e-10,2.345196086e-11,0
2021-08-25 14:00:00,0,2.669119648e-10,2.339635777e-11,0
2021-08-25 15:00:00,0,2.717348291e-10,2.340178225e-11,0
2021-08-25 16:00:00,0,2.533644128e-10,2.246351369e-11,0
2021-08-25 17:00:00,0,2.542359379e-10,2.253836354e-11,0
2021-08-25 18:00:00,0,2.463172444e-10,2.224965698e-11,0
2021-08-25 19:00:00,0,2.620226258e-10,2.279029222e-11,0
2021-08-25 20:00:00,0,2.513672048e-10,2.248671388e-11,0
2021-08-25 21:00:00,0,2.370274255e-10,2.147725747e-11,0
2021-08-25 22:00:00,0,2.362579576e-10,2.121891551e-11,0
2021-08-25 23:00:00,0,2.461582882e-10,2.154243277e-11,0
2021-08-26 00:00:00,0,2.408987176e-10,2.08140432e-11,0
2021-08-26 01:00:00,0,2.461468529e-10,2.128884569e-11,0
2021-08-26 02:00:00,0,2.35486658e-10,2.133293368e-11,0
2021-08-26 03:00:00,0,2.314593517e-10,2.128210455e-11,0
2021-08-26 04:00:00,0,2.362566254e-10,2.117698551e-11,0
2021-08-26 05:00:00,0,2.497819729e-10,2.118823519e-11,0
2021-08-26 06:00:00,0,2.370419694e-10,2.102491618e-11,0
2021-08-26 07:00:00,0,2.445279534e-10,2.163262104e-11,0
2021-08-26 08:00:00,6.974508779e-06,2.481157779e-10,2.24401938e-11,0
2021-08-26 09:00:00,0,3.116405189e-10,2.681684388e-11,0
2021-08-26 10:00:00,0,3.490654155e-10,3.137450369e-11,0
2021-08-26 11:00:00,0,3.578344843e-10,3.13484759e-11,0
2021-08-26 12:00:00,0,3.475063848e-10,3.158265316e-11,0
2021-08-26 13:00:00,0,3.417674199e-10,3.19439683e-11,0
2021-08-26 14:00:00,0,3.446285479e-10,3.087078509e-11,0
2021-08-26 15:00:00,0,3.541372751e-10,3.129110165e-11,0
2021-08-26 16:00:00,0,3.450519037e-10,3.156580552e-11,0
2021-08-26 17:00:00,0,3.494641521e-10,3.188748571e-11,0
2021-08-26 18:00:00,0,3.021484174e-10,2.772034859e-11,0
2021-08-26 19:00:00,0,3.029238249e-10,2.699465478e-11,0
2021-08-26 20:00:00,0,2.743515692e-10,2.572699519e-11,0
2021-08-26 21:00:00,0,2.841475666e-10,2.559364352e-11,0
2021-08-26 22:00:00,0,2.795080833e-10,2.526344932e-11,0
2021-08-26 23:00:00,0,2.836501589e-10,2.547169246e-11,0
2021-08-27 00:00:00,0,2.809990574e-10,2.449711441e-11,0
2021-08-27 01:00:00,0,2.783845376e-10,2.453021467e-11,0
2021-08-27 02:00:00,0,2.717724656e-10,2.444402493e-11,0
2021-08-27 03:00:00,0,2.798919707e-10,2.435166131e-11,0
2021-08-27 04:00:00,0,2.708321345e-10,2.43392112e-11,0
2021-08-27 05:00:00,0,2.868882354e-10,2.500080351e-11,0
2021-08-27 06:00:00,0,2.841494817e-10,2.575230307e-11,0
2021-08-27 07:00:00,0,2.860430781e-10,2.5766363e-11,0
2021-08-27 08:00:00,2.753456556e-06,2.779711461e-10,2.611919708e-11,0
2021-08-27 09:00:00,0,3.461482767e-10,3.03710633e-11,0
2021-08-27 10:00:00,0,3.42213341e-10,3.063247572e-11,0
2021-08-27 11:00:00,0,3.472944987e-10,3.060685039e-11,0
2021-08-27 12:00:00,0,3.397154502e-10,3.060883838e-11,0
2021-08-27 13:00:00,0,3.466908427e-10,3.061384132e-11,0
2021-08-27 14:00:00,0,3.404157511e-10,3.057116366e-11,0
2021-08-27 15:00:00,0,3.453387298e-10,3.061623177e-11,0
2021-08-27 16:00:00,0,3.246798663e-10,2.956315054e-11,0
2021-08-27 17:00:00,0,2.914637698e-10,2.634318458e-11,0
2021-08-27 18:00:00,0,2.787551023e-10,2.559585703e-11,0
2021-08-27 19:00:00,0,2.875435445e-10,2.542663649e-11,0
2021-08-27 20:00:00,0,2.80501955e-10,2.552134198e-11,0
2021-08-27 21:00:00,0,2.783271391e-10,2.565742931e-11,0
2021-08-27 22:00:00,0,2.75898665e-10,2.515550268e-11,0
2021-08-27 23:00:00,0,2.80060225e-10,2.490528096e-11,0
2021-08-28 00:00:00,0,2.712331748e-10,2.39019117e-11,0
2021-08-28 01:00:00,0,2.643227026e-10,2.41245305e-11,0
2021-08-28 02:00:00,0,2.652792708e-10,2.565657235e-11,0
2021-08-28 03:00:00,0,2.874096794e-10,2.693487794e-11,0
2021-08-28 04:00:00,0,2.949056277e-10,2.715826349e-11,0
2021-08-28 05:00:00,0,2.807357402e-10,2.512965877e-11,0
2021-08-28 06:00:00,0,2.809474042e-10,2.547962709e-11,0
2021-08-28 07:00:00,0,2.961371703e-10,2.670740018e-11,0
2021-08-28 08:00:00,0,3.149069339e-10,2.902841509e-11,0
2021-08-28 09:00:00,9.870061149e-06,3.364074297e-10,3.158998063e-11,0
2021-08-28 10:00:00,4.137777069e-06,3.383628655e-10,3.057459147e-11,0
2021-08-28 11:00:00,0,3.481872568e-10,3.129925485e-11,0
2021-08-28 12:00:00,0,3.287548567e-10,3.14170738e-11,0
2021-08-28 13:00:00,0,3.443469399e-10,3.150348038e-11,0
2021-08-28 14:00:00,0,3.399582005e-10,3.032162021e-11,0
2021-08-28 15:00:00,0,3.448736297e-10,3.073617749e-11,0
2021-08-28 16:00:00,0,3.346238009e-10,3.074678359e-11,0
2021-08-28 17:00:00,0,3.227323964e-10,2.951301703e-11,0
2021-08-28 18:00:00,2.265742154e-07,3.160836315e-10,2.941564006e-11,0
2021-08-28 19:00:00,1.511188884e-06,3.285079153e-10,2.945522645e-11,0
2021-08-28 20:00:00,5.613213034e-06,2.793656972e-10,2.561936427e-11,0
2021-08-28 21:00:00,0,2.810036925e-10,2.514669722e-11,0
2021-08-28 22:00:00,0,2.726201487e-10,2.488533338e-11,0
2021-08-28 23:00:00,0,2.807198918e-10,2.510159094e-11,0
2021-08-29 00:00:00,0,2.736852966e-10,2.418718524e-11,0
2021-08-29 01:00:00,0,2.739824201e-10,2.438979227e-11,0
2021-08-29 02:00:00,0,2.693966161e-10,2.413528405e-11,0
2021-08-29 03:00:00,0,2.734446281e-10,2.402384541e-11,0
2021-08-29 04:00:00,0,2.791138709e-10,2.501237238e-11,0
2021-08-29 05:00:00,0,2.658916143e-10,2.407738765e-11,0
2021-08-29 06:00:00,0,2.742247263e-10,2.491931488e-11,0
2021-08-29 07:00:00,0,3.119373926e-10,2.854974417e-11,0
2021-08-29 08:00:00,0,3.330557774e-10,3.097798407e-11,0
2021-08-29 09:00:00,6.845727512e-06,4.011022625e-10,3.732833487e-11,0
2021-08-29 10:00:00,2.94349752e-06,3.919523872e-10,3.599569601e-11,0
2021-08-29 11:00:00,0,4.022479017e-10,3.712015764e-11,0
2021-08-29 12:00:00,0,3.927852488e-10,3.731467912e-11,0
2021-08-29 13:00:00,0,3.994939102e-10,3.73184747e-11,0
2021-08-29 14:00:00,0,3.905879509e-10,3.60462736e-11,0
2021-08-29 15:00:00,0,3.979516439e-10,3.628563769e-11,0
2021-08-29 16:00:00,0,3.865711917e-10,3.659650361e-11,0
2021-08-29 17:00:00,1.344400061e-06,3.939372162e-10,3.699712064e-11,0
2021-08-29 18:00:00,7.686468962e-06,3.886823086e-10,3.726926406e-11,0
2021-08-29 19:00:00,1.020627042e-05,4.024431621e-10,3.72452312e-11,0
2021-08-29 20:00:00,1.123220136e-05,4.033997025e-10,3.852115849e-11,0
2021-08-29 21:00:00,0,4.123899e-10,3.854819589e-11,0
2021-08-29 22:00:00,0,4.021742939e-10,3.84821168e-11,0
2021-08-29 23:00:00,0,4.117468033e-10,3.85549058e-11,0
2021-08-30 00:00:00,0,4.036097567e-10,3.734928686e-11,0
2021-08-30 01:00:00,0,4.061565251e-10,3.760806944e-11,0
2021-08-30 02:00:00,0,3.907796864e-10,3.756457645e-11,0
2021-08-30 03:00:00,0,4.071743498e-10,3.756597464e-11,0
2021-08-30 04:00:00,0,4.008071097e-10,3.79841783e-11,0
2021-08-30 05:00:00,0,4.144760646e-10,3.825071856e-11,0
2021-08-30 06:00:00,0,4.046045721e-10,3.856968911e-11,0
2021-08-30 07:00:00,0,4.140603693e-10,3.926339115e-11,0
2021-08-30 08:00:00,1.468477603e-05,4.05040862e-10,3.922290964e-11,0
2021-08-30 09:00:00,4.197233011e-06,4.171710477e-10,3.818365069e-11,0
2021-08-30 10:00:00,6.875652616e-06,4.079406535e-10,3.874229756e-11,0
2021-08-30 11:00:00,0,4.200782777e-10,3.885905139e-11,0
2021-08-30 12:00:00,0,4.110004836e-10,3.912815905e-11,0
2021-08-30 13:00:00,0,4.092531036e-10,3.928303169e-11,0
2021-08-30 14:00:00,0,4.124811326e-10,3.952932079e-11,0
2021-08-30 15:00:00,0,4.261393183e-10,3.976053167e-11,0
2021-08-30 16:00:00,2.036099431e-05,4.162031553e-10,4.032941342e-11,0
2021-08-30 17:00:00,2.944811058e-06,4.263545628e-10,4.108172483e-11,0
2021-08-30 18:00:00,9.509187294e-06,4.213738247e-10,4.144674187e-11,0
2021-08-30 19:00:00,9.022445738e-06,4.357270933e-10,4.178850668e-11,0
2021-08-30 20:00:00,0,4.295470646e-10,4.201925266e-11,0
2021-08-30 21:00:00,0,4.28115654e-10,4.246497945e-11,0
2021-08-30 22:00:00,0,4.33547892e-10,4.283436106e-11,0
2021-08-30 23:00:00,0,4.479881466e-10,4.339638718e-11,0
2021-08-31 00:00:00,0,4.430097122e-10,4.2765156e-11,0
2021-08-31 01:00:00,0,4.562054345e-10,4.329964512e-11,0
2021-08-31 02:00:00,0,4.419025423e-10,4.432122377e-11,0
2021-08-31 03:00:00,0,4.551836963e-10,4.494421155e-11,0
2021-08-31 04:00:00,0,4.562721589e-10,4.592432337e-11,0
2021-08-31 05:00:00,0,4.871703596e-10,4.668763987e-11,0
2021-08-31 06:00:00,0,4.860858382e-10,4.884009863e-11,0
2021-08-31 07:00:00,0,5.043179763e-10,5.073935022e-11,0
2021-08-31 08:00:00,3.499577724e-05,4.977769863e-10,5.24777409e-11,0
2021-08-31 09:00:00,1.157832139e-05,5.33629918e-10,5.310729634e-11,0
2021-08-31 10:00:00,8.798427189e-06,5.461698871e-10,5.654261781e-11,0
2021-08-31 11:00:00,0,5.774630218e-10,5.976964063e-11,0
2021-08-31 12:00:00,0,5.975050454e-10,6.512063111e-11,0
2021-08-31 13:00:00,0,6.489481175e-10,6.963736532e-11,0
2021-08-31 14:00:00,0,6.875487402e-10,8.174289717e-11,0
2021-08-31 15:00:00,0,8.113621996e-10,9.871879703e-11,0
2021-08-31 16:00:00,1.809261266e-05,1.057025467e-09,1.675200673e-10,0
2021-08-31 17:00:00,8.531207641e-06,5.255542783e-05,0.0008358799969,0
2021-08-31 18:00:00,1.561663157e-05,5.135595837e-10,4.851593779e-11,0
2021-08-31 19:00:00,8.606788469e-06,3.566867635e-10,3.216119038e-11,0
2021-08-31 20:00:00,0.0001684572781,3.390430436e-10,3.606469637e-11,0.0001493003947
2021-08-31 21:00:00,0,3.496965495e-10,3.299572768e-11,0
2021-08-31 22:00:00,0,4.25634028e-10,3.765712742e-11,0
2021-08-31 23:00:00,0,5.342143949e-10,4.713910512e-11,0
2021-09-01 00:00:00,0.03161905333,7.351224074e-10,6.576218736e-11,0.02119691856
2021-09-01 01:00:00,8.22448128e-05,1.44815604e-09,6.057766094e-11,0
2021-09-01 02:00:00,8.665912173e-05,3.034839756e-05,7.534917135e-11,0
2021-09-01 03:00:00,0.0001236918033,2.6164102e-09,6.200663594e-11,0
2021-09-01 04:00:00,0,6.061643409e-10,4.503085405e-11,0
2021-09-01 05:00:00,0.007911087014,0.0007968754508,5.590418406e-11,0.0282370355
2021-09-01 06:00:00,0.04917779937,0.006011624355,0.0005066236481,0.03534971178
2021-09-01 07:00:00,0.1042594314,0.03028206527,0.0005180018488,0.0449677594
2021-09-01 08:00:00,0.03501930833,0.003551079659,0.0003153283033,0.02441719919
2021-09-01 09:00:00,0.0206010621,0.001798385638,0.0002853987389,0.0171979554
2021-09-01 10:00:00,0.02949771844,0.003411781974,0.0003199789207,0.02119981125
2021-09-01 11:00:00,0.02520689555,0.002146905754,0.0003050868399,0.01693501882
2021-09-01 12:00:00,0.02154038474,0.001484137378,0.0002743632067,0.01435349043
2021-09-01 13:00:00,0.02710680664,0.002402245766,0.0003129549441,0.02144852467
2021-09-01 14:00:00,0.02849260718,0.003793375799,0.0002909754694,0.0159363728
2021-09-01 15:00:00,0.02818830684,0.005112104118,0.00059990515,0.01780380122
2021-09-01 16:00:00,0.02984999865,0.002588933101,7.501568811e-10,0.01841706969
2021-09-01 17:00:00,0.02684521861,0.002652359428,0.0003097542503,0.01825147495
2021-09-01 18:00:00,0.04471865669,0.00975282304,0.0003139729379,0.01823502779
2021-09-01 19:00:00,0.0434470512,0.007604120299,0.0003062706382,0.02300329693
2021-09-01 20:00:00,0.04645103961,0.0119362874,0.0006696463679,0.02251930535
2021-09-01 21:00:00,0.03850178421,0.004647953901,1.121492733e-05,0.01832695492
2021-09-01 22:00:00,0.04080621526,0.008178417571,0.000456735841,0.01940637454
2021-09-01 23:00:00,0.03109649383,0.003771938384,0.0004639420658,0.02006869577
2021-09-02 00:00:00,0.02014656179,5.137901771e-10,0.00030871731,0.01350670867
2021-09-02 01:00:00,0.02014131658,5.668748804e-10,0.0003086368961,0.01350319106
2021-09-02 02:00:00,0.02047243528,6.002915387e-10,0.0003137107706,0.01372518018
2021-09-02 03:00:00,0,7.207429098e-10,6.72345235e-11,0
2021-09-02 04:00:00,0,1.034785035e-09,9.193187184e-11,0
2021-09-02 05:00:00,0.008287638426,0.002154893009,1.833712071e-10,0.02643757313
2021-09-02 06:00:00,0.0830123648,0.01831391454,0.0006374335499,0.04444636405
2021-09-02 07:00:00,0.0727205202,0.02092153579,0.0006350666517,0.028294269
2021-09-02 08:00:00,0.03757891431,0.004308003001,0.000422882149,0.02494563162
2021-09-02 09:00:00,0.02195356041,0.0002690425026,0.000343203079,0.01950128563
2021-09-02 10:00:00,0.02058891952,0.000197373738,0.000314785284,0.01770937815
2021-09-02 11:00:00,0.0004334931436,1.265219818e-09,1.281251355e-10,0.001078516128
2021-09-02 12:00:00,0.02777308598,0.008365881629,0.0001308079809,0.01642429084
2021-09-02 13:00:00,0.007402337622,0.001709860051,2.355778997e-05,0.01101555489
2021-09-02 14:00:00,0.05081503466,0.008840676397,0.0004323813482,0.02541584522
2021-09-02 15:00:00,0.03732568026,0.005802550353,0.0003372988431,0.02364099026
2021-09-02 16:00:00,0.03990411386,0.00701736426,0.0003354659711,0.02474524081
2021-09-02 17:00:00,0.03164816648,0.03351793066,0.002478770912,0.02380734123
2021-09-02 18:00:00,0.04467846081,3.133095117e-09,1.503665664e-10,0.02003107779
2021-09-02 19:00:00,0.04545414075,0.001006401028,2.110240593e-10,0.02359846607
2021-09-02 20:00:00,0.05879205093,0.009312943555,6.033678557e-10,0.02299772389
2021-09-02 21:00:00,0.03932053596,0.005175619852,0.0001001326455,0.01833856665
2021-09-02 22:00:00,0.03853483871,0.006079929881,0.000367752451,0.01768761501
2021-09-02 23:00:00,0.01903720759,0.000489768805,0.0003585798258,0.0129155172
2021-09-03 00:00:00,0.01903705113,8.442168631e-10,0.0002917155798,0.01276286691
2021-09-03 01:00:00,0.01914016902,9.300874515e-10,0.0002932957432,0.01283199899
2021-09-03 02:00:00,0.01950522885,1.403452354e-09,0.0002988897322,0.01307674311
2021-09-03 03:00:00,0.001103926683,0.0004055556783,5.292121949e-11,0
2021-09-03 04:00:00,0.001636417932,0.0006011821097,6.21421456e-11,0
2021-09-03 05:00:00,0.009006540291,0.001532795606,7.784583395e-11,0.02377317846
2021-09-03 06:00:00,0.04046970978,0.005383839831,0.0004291122314,0.02155996114
2021-09-03 07:00:00,0.08829972148,0.02581937984,0.0006041965098,0.04002252221
2021-09-03 08:00:00,0.03404781967,0.003571820213,0.0003354771761,0.02435722202
2021-09-03 09:00:00,0.01943695918,0.0002507342433,0.0003013997048,0.01775001176
2021-09-03 10:00:00,0.01809887215,0.0001399944304,0.0002686640073,0.01566995867
2021-09-03 11:00:00,0.01722203754,9.499848685e-10,0.000255931227,0.01249159779
2021-09-03 12:00:00,0.01678746566,1.261435845e-09,0.0002489973558,0.0122328354
2021-09-03 13:00:00,0.01856043003,0.0002045924484,0.000245302741,0.0192784369
2021-09-03 14:00:00,0.05335794017,0.01253265794,0.0003543185012,0.02666029707
2021-09-03 15:00:00,0.0271162428,0.003248218214,0.0004780863819,0.0181681104
2021-09-03 16:00:00,0.01145406719,0.02009301446,7.991002349e-05,0.007294356823
2021-09-03 17:00:00,0.008917379193,1.833642571e-09,1.048383047e-10,0.008070673794
2021-09-03 18:00:00,0.02714065835,0.002055331832,1.185254117e-10,0.00785639137
2021-09-03 19:00:00,0.02858542465,0.00429882016,7.603964332e-05,0.0126402704
2021-09-03 20:00:00,0.03190062568,0.01017228514,9.161126218e-05,0.01175420731
2021-09-03 21:00:00,0.02396760136,0.00909346249,0.0001949087309,0.008532984182
2021-09-03 22:00:00,0.05333194882,0.009370134212,0.0006105573266,0.02685468644
2021-09-03 23:00:00,0.03686823323,0.006053521764,0.000514001702,0.02128449827
2021-09-04 00:00:00,0.01738705114,0.005481907167,8.744627121e-05,0.007165630814
2021-09-04 01:00:00,0.01566603221,0.005039815325,7.598940283e-05,0.006736214273
2021-09-04 02:00:00,0.005019852426,0.001786048408,2.675484211e-05,0.0006872541271
2021-09-04 03:00:00,0.006196617149,0.002179085277,4.110870577e-05,0.001057826681
2021-09-04 04:00:00,0.007048640866,0.01520818938,0.0002084545122,0.001329908846
2021-09-04 05:00:00,0.01031541079,3.330093756e-09,1.563145308e-10,0.003367911559
2021-09-04 06:00:00,0.04037076607,0.005408404395,0.0001081653536,0.02054660581
2021-09-04 07:00:00,0.01888312772,0.005288294051,0.000417741714,0.03526868671
2021-09-04 08:00:00,0.06227233633,0.01471954584,0.0004118799698,0.02292631939
2021-09-04 09:00:00,0.02878060937,0.004044096451,0.0002940389386,0.01860486902
2021-09-04 10:00:00,0.02211453579,0.002061977284,0.0002622367465,0.01468798425
2021-09-04 11:00:00,0.0145910196,9.614300467e-10,0.0002190233208,0.01029396802
2021-09-04 12:00:00,0.01456992608,1.450894849e-09,0.0002199822338,0.01015718188
2021-09-04 13:00:00,0.02071134746,0.002344093984,0.0002067613677,0.01516684983
2021-09-04 14:00:00,0.01738913357,0.001120694447,0.0002204634657,0.01018903777
2021-09-04 15:00:00,0.0161356274,1.604795075e-09,0.0002428227453,0.01134346519
2021-09-04 16:00:00,0.02262675948,0.009887485765,0.0001361907198,0.0134673873
2021-09-04 17:00:00,0.03167719766,0.006467754487,4.232654505e-10,0.01425864454
2021-09-04 18:00:00,0.02938274108,0.008664753288,4.23602105e-05,0.01174720563
2021-09-04 19:00:00,0.05289641768,0.02303176373,0.001060089795,0.02841470577
2021-09-04 20:00:00,0.03980032355,2.402161359e-09,1.256094534e-10,0.02155342884
2021-09-04 21:00:00,0.01209172886,0.0001170009054,1.942794814e-10,0.01091893762
2021-09-04 22:00:00,0.01155184396,0.0008417321951,9.289379523e-05,0.009764384478
2021-09-04 23:00:00,0.03735502809,0.003184288042,0.0004375490535,0.02394019812
2021-09-05 00:00:00,0.0004707101034,6.681701052e-05,3.311326395e-07,8.937398889e-06
2021-09-05 01:00:00,0.00546772778,0.001869598054,1.731208249e-05,0.0004515011387
2021-09-05 02:00:00,0.007628656924,0.00265460927,5.877453441e-05,0.001513813157
2021-09-05 03:00:00,0.008238639683,0.002844368573,6.583131471e-05,0.001790520153
2021-09-05 04:00:00,0.009521149099,0.007804512512,0.0001752923126,0.002223504242
2021-09-05 05:00:00,0.01146586612,0.0001092522871,1.845175939e-05,0.002690544585
2021-09-05 06:00:00,0.00618242193,0.002103330102,3.028783976e-05,0.0007707404438
2021-09-05 07:00:00,0.07437740266,0.01613534428,0.001102010952,0.06457470357
2021-09-05 08:00:00,0.06156923994,0.01826770976,0.0002521289862,0.01721053757
2021-09-05 09:00:00,0.01807008497,0.001279653166,0.0002269493853,0.01214472298
2021-09-05 10:00:00,0.01971321367,0.001608062186,0.000241247486,0.01318645477
2021-09-05 11:00:00,0.01962910593,0.001370759448,0.0002463335695,0.01341820695
2021-09-05 12:00:00,0.005771244876,0.001582688536,2.474679422e-05,0.004312990699
2021-09-05 13:00:00,0.04795570299,0.009877312928,0.0003292487236,0.02664477006
2021-09-05 14:00:00,0.03030872345,0.005109818652,0.0002686526277,0.01558913011
2021-09-05 15:00:00,0.02353686281,0.002289827447,0.0002724221558,0.01605069637
2021-09-05 16:00:00,0.0164828822,1.96239669e-09,0.0002463747805,0.01178610977
2021-09-05 17:00:00,0.04617694765,0.009559425525,0.0003941632458,0.02899644151
2021-09-05 18:00:00,0.03570084646,0.006325261667,0.0003458528663,0.01943619363
2021-09-05 19:00:00,0.03406390548,0.005883075297,0.0002733689325,0.01893089339
2021-09-05 20:00:00,0.02554686181,0.003681371221,0.0003272886388,0.01685462147
2021-09-05 21:00:00,0.05394246429,0.01135894749,0.0005681553157,0.03869175166
2021-09-05 22:00:00,0.03035205416,0.004126376472,0.0004995809286,0.02244987339
2021-09-05 23:00:00,0.02644806355,0.002771893516,0.0003068699734,0.01659682766
2021-09-06 00:00:00,0.01384733245,0.00446201954,5.127550685e-05,0.005718175787
2021-09-06 01:00:00,0.004424464423,0.001575618633,2.18944715e-05,0.0005625362974
2021-09-06 02:00:00,0.004594524391,0.001636291272,2.346174733e-05,0.0006017746637
2021-09-06 03:00:00,0.005043708254,0.001784150722,2.961844075e-05,0.000761650037
2021-09-06 04:00:00,0.004995237105,0.00176614162,2.935344855e-05,0.0007586171268
2021-09-06 05:00:00,0.04266411066,0.01223611925,0.0001910751889,0.03768504784
2021-09-06 06:00:00,0.04359842837,0.00742341904,0.0004000347981,0.0195536539
2021-09-06 07:00:00,0.07592151314,0.02438328229,0.0006746574072,0.02911102585
2021-09-06 08:00:00,0.02975583449,0.002874951344,0.0002585108159,0.02058525942
2021-09-06 09:00:00,0.006641820073,0.001773270313,3.904939149e-05,0.006408907473
2021-09-06 10:00:00,0.008010433055,0.00215308601,5.110479469e-05,0.00795096159
2021-09-06 11:00:00,0.006533231586,0.001867599203,2.920162115e-05,0.004437569994
2021-09-06 12:00:00,0.004914558493,0.001393896993,2.179488729e-05,0.003359042108
2021-09-06 13:00:00,0.02674728818,0.001327701146,0.0003492361866,0.02004453726
2021-09-06 14:00:00,0.03809734434,0.008265865967,0.0002577620617,0.01729023457
2021-09-06 15:00:00,0.03085853346,0.005044131074,0.0002700971381,0.01795994677
2021-09-06 16:00:00,0.02976946346,0.004883263726,0.0002597248531,0.01708248444
2021-09-06 17:00:00,0.02173007652,0.002458882984,0.0002754261659,0.015517666
2021-09-06 18:00:00,0.03599289805,0.007465684786,0.0003476145794,0.01631541364
2021-09-06 19:00:00,0.04099466652,0.007653675973,0.0003486256464,0.02057996206
2021-09-06 20:00:00,0.04905378446,0.0107046729,0.0004128793953,0.02168831415
2021-09-06 21:00:00,0.03778626397,0.008238024078,0.0004266551987,0.0171612855
2021-09-06 22:00:00,0.03679085895,0.007903507911,0.0004291499499,0.01654827967
2021-09-06 23:00:00,0.02531924658,0.003120422596,0.000410050794,0.01636746153
2021-09-07 00:00:00,0.0007058660267,0.0007791769458,1.319144516e-10,0.0006978094461
2021-09-07 01:00:00,0.004976885393,0.001962414477,1.31883462e-05,0.0005285303923
2021-09-07 02:00:00,0.005215555895,0.002021549502,2.704259896e-05,0.0008717254968
2021-09-07 03:00:00,0.008821176365,0.003093090141,7.090959843e-05,0.001816908829
2021-09-07 04:00:00,0.03253286704,0.01017059758,0.0001533966424,0.01651683077
2021-09-07 05:00:00,0.01072547026,0.002266285243,2.310369018e-05,0.02246809565
2021-09-07 06:00:00,0.02679559961,0.009800549597,6.827533798e-05,0.009562337771
2021-09-07 07:00:00,0.04789149016,0.01909810863,0.0004052355944,0.01141436957
2021-09-07 08:00:00,0.04118970037,0.005294357426,0.0003746568691,0.02503750473
2021-09-07 09:00:00,0.02060189843,0.001623327727,0.0002429127926,0.01604804397
2021-09-07 10:00:00,0.02141107246,0.001703331247,0.0002537190448,0.01649237797
2021-09-07 11:00:00,0.00607244391,0.00175371673,2.74209815e-05,0.004004779737
2021-09-07 12:00:00,0.02387307212,0.001136380015,0.0003203055821,0.01624866575
2021-09-07 13:00:00,0.02232913673,0.001881573582,0.0002528406039,0.01913720183
2021-09-07 14:00:00,0.04254141822,0.01059849095,0.0002393855393,0.01490394305
2021-09-07 15:00:00,0.02590443008,0.003667356912,0.000251796766,0.01494280994
2021-09-07 16:00:00,0.02646262944,0.004105578177,0.0002439398959,0.0147723211
2021-09-07 17:00:00,0.02217692696,0.05980310589,0.002725585829,0.0157202892
2021-09-07 18:00:00,0.03633075207,1.158455221e-09,8.499516368e-11,0.01495032944
2021-09-07 19:00:00,0.03674150258,6.731061264e-10,5.069866749e-11,0.01817340404
2021-09-07 20:00:00,0.04159642756,7.616168807e-10,5.177250989e-11,0.01781449653
2021-09-07 21:00:00,0.03125206754,9.150848967e-10,5.506975431e-11,0.01385563985
2021-09-07 22:00:00,0.01351602841,2.057556792e-09,6.48123083e-11,0.003709770739
2021-09-07 23:00:00,0.007259107661,0.0003223992244,1.374640679e-10,0.004186862614
2021-09-08 00:00:00,0.007661079057,1.033460539e-09,7.12302578e-11,0.004314206541
2021-09-08 01:00:00,0,8.054940048e-10,6.192769908e-11,0
2021-09-08 02:00:00,0,1.03082276e-09,6.772690048e-11,0
2021-09-08 03:00:00,0,9.01727637e-10,6.018013865e-11,0
2021-09-08 04:00:00,0,6.539673802e-10,4.406255916e-11,0
2021-09-08 05:00:00,0.004557733424,0.0004590958997,5.410474846e-11,0.01626791432
2021-09-08 06:00:00,0.03541865572,0.006814123597,1.484717488e-10,0.01605247892
2021-09-08 07:00:00,0.06618373841,0.0184547361,0.0006472714012,0.02497057244
2021-09-08 08:00:00,0.03057965264,0.004354828037,0.0002166127233,0.01914251409
2021-09-08 09:00:00,0.01352608949,1.938596142e-05,0.0001979504741,0.01036601886
2021-09-08 10:00:00,0.01142871846,5.735264486e-10,0.0001715747057,0.008072393015
2021-09-08 11:00:00,0.01081635058,5.56282409e-10,0.0001624991128,0.007636541035
2021-09-08 12:00:00,0.007756659295,6.205317371e-10,0.000117289208,0.005386524368
2021-09-08 13:00:00,0.007391229738,6.718180456e-10,0.0001126132993,0.00503196381
2021-09-08 14:00:00,0.008203166537,8.896686721e-10,0.000125701903,0.005499586929
2021-09-08 15:00:00,0.008675791323,1.440382369e-09,0.0001329444785,0.005816445686
2021-09-08 16:00:00,0,1.226561852e-09,1.692484763e-10,0
2021-09-08 17:00:00,0.01876451075,0.001483070198,0.0002331738651,0.01192155294
2021-09-08 18:00:00,0.0231561847,0.004659509286,0.0001793703414,0.009364046156
2021-09-08 19:00:00,0.02942138165,0.005092309322,0.0001788721711,0.01359103248
2021-09-08 20:00:00,0.03140743822,0.006867645308,0.0004259404668,0.01470394991
2021-09-08 21:00:00,0.02440450527,0.002987945685,5.066003728e-10,0.01100421138
2021-09-08 22:00:00,0.02549924329,0.004838290624,0.0002176512207,0.01172152907
2021-09-08 23:00:00,0.01215685345,0.0001601908152,0.0001862864156,0.008150227368
2021-09-09 00:00:00,0,7.419502235e-10,5.1377326e-11,0
2021-09-09 01:00:00,0.0001155368518,1.626907942e-05,5.569467457e-11,0
2021-09-09 02:00:00,0,8.970268417e-10,6.584561368e-11,0
2021-09-09 03:00:00,0,1.353816947e-09,8.30047836e-11,0
2021-09-09 04:00:00,0.001496392535,0.0005497393431,1.589143123e-10,0
2021-09-09 05:00:00,0.008638270199,0.001804389758,4.444779734e-06,0.01833821833
2021-09-09 06:00:00,0.01522582397,0.006978671532,2.162039436e-06,0.002702251775
2021-09-09 07:00:00,0.09030819684,0.02547914907,0.0008125155,0.03837195039
2021-09-09 08:00:00,0.03279413655,0.004149490502,0.0002599909785,0.02029172145
2021-09-09 09:00:00,0.0007727376069,3.235058102e-05,4.760348365e-11,0.002241485752
2021-09-09 10:00:00,0.01907600462,2.537393266e-05,0.0002814272884,0.01432202291
2021-09-09 11:00:00,0.01420229953,1.031728147e-09,0.0002106295433,0.01035187673
2021-09-09 12:00:00,0.01399384812,1.565529817e-09,0.0002073445212,0.0102228988
2021-09-09 13:00:00,0.02943518199,0.005069546867,0.0002638491569,0.01991331391
2021-09-09 14:00:00,0.0211747922,0.003273798386,0.0001946528646,0.009364239872
2021-09-09 15:00:00,0.01561321877,0.0009773308411,0.0001946762932,0.00994348526
2021-09-09 16:00:00,0.02805901319,0.005013308953,0.0002406620042,0.01724598557
2021-09-09 17:00:00,0.01689682342,0.02095022611,0.001198054175,0.01167038176
2021-09-09 18:00:00,0.02894520201,2.484910944e-09,1.217739243e-10,0.01211062539
2021-09-09 19:00:00,0.03164253756,0.0006383041036,1.366691205e-10,0.01525288355
2021-09-09 20:00:00,0.04042346403,0.006351605989,1.332493144e-10,0.01604519226
2021-09-09 21:00:00,0.03232802823,0.005230522249,2.208417477e-10,0.01339761913
2021-09-09 22:00:00,0.03375404701,0.006043577101,0.0002676180447,0.01436383743
2021-09-09 23:00:00,0.02742469497,0.004366322421,0.0004420105834,0.01679830812
2021-09-10 00:00:00,0.01915298402,0.001237312797,0.0002390683949,0.01043101959
2021-09-10 01:00:00,0.02386386134,0.007129867561,0.0002956404642,0.01185242739
2021-09-10 02:00:00,0.02876432426,0.0001026831887,0.0003568079555,0.01365851797
2021-09-10 03:00:00,0.02886746638,0.004345213063,0.0003740815737,0.01392874215
2021-09-10 04:00:00,0.03028149344,0.004941148218,0.0004293789389,0.01448517758
2021-09-10 05:00:00,0.04137429222,0.008020158857,0.0005475943908,0.03893308714
2021-09-10 06:00:00,0.07868625224,0.02190220729,0.0004762463795,0.03520740196
2021-09-10 07:00:00,0.06289897859,0.01902405359,0.0006854644744,0.02377042174
2021-09-10 08:00:00,0.02706329711,0.003245710395,0.000227527853,0.01827594265
2021-09-10 09:00:00,0.01652638614,0.002476554364,0.0001991613535,0.01215384342
2021-09-10 10:00:00,0.01506001689,0.001176940859,0.000182673306,0.01059767418
2021-09-10 11:00:00,0.01078111958,9.279523816e-10,0.0001598662202,0.007861178368
2021-09-10 12:00:00,0.01109214034,1.191908017e-09,0.0001656396198,0.007950196043
2021-09-10 13:00:00,0.009860663675,7.353469118e-05,0.0001363670162,0.00914776884
2021-09-10 14:00:00,0.01127826143,0.0007079037023,0.000137672745,0.007981430739
2021-09-10 15:00:00,0.01017394383,0.000246654643,0.0002728177933,0.007720428519
2021-09-10 16:00:00,0.02213395387,0.01556169428,0.0007237054524,0.01347010303
2021-09-10 17:00:00,0.01464778185,1.700761976e-09,1.156324689e-10,0.009882085025
2021-09-10 18:00:00,0.03434821218,0.001973245526,1.319116899e-10,0.01219180599
2021-09-10 19:00:00,0.03274228796,0.004158576019,2.122084036e-10,0.014873215
2021-09-10 20:00:00,0.03795284033,0.008262973279,0.0001859838521,0.01725632325
2021-09-10 21:00:00,0.02820666879,0.006482436322,0.0002111423528,0.01137839444
2021-09-10 22:00:00,0.03295952082,0.007692884188,0.0003660452494,0.01402814966
2021-09-10 23:00:00,0.02676562965,0.004620563705,0.0004466890823,0.01556110289
2021-09-11 00:00:00,0.008380072191,0.003596570808,4.842505223e-05,0.001781778526
2021-09-11 01:00:00,0.008406639099,0.002968402347,6.406603643e-05,0.001636017114
2021-09-11 02:00:00,0.009307912551,0.003258162411,7.629734318e-05,0.001954228617
2021-09-11 03:00:00,0.01064357162,0.003701248672,9.253254393e-05,0.002373591298
2021-09-11 04:00:00,0.01344022714,0.01035535615,0.0003890246444,0.003030033084
2021-09-11 05:00:00,0.01399942767,3.227507595e-09,2.573901647e-10,0.003303236794
2021-09-11 06:00:00,0.04397943988,0.01383213978,0.0001512613962,0.02105972543
2021-09-11 07:00:00,0.02040146105,0.007571516559,0.0006788441679,0.03349044919
2021-09-11 08:00:00,0.05036123469,0.01957172155,2.584025606e-05,0.007053243928
2021-09-11 09:00:00,0.02270344272,0.001373148756,0.0002914601064,0.01560083032
2021-09-11 10:00:00,0.01340446714,0.0008695282741,0.0001689841156,0.009311279282
2021-09-11 11:00:00,0.01284213085,0.0008255451103,0.0001639622787,0.008704818785
2021-09-11 12:00:00,0.009804731235,0.0003967420198,0.0001334876142,0.006646219641
2021-09-11 13:00:00,0.006828555372,2.557809057e-05,9.883257735e-05,0.005397483241
2021-09-11 14:00:00,0.009239760228,1.441818442e-09,0.0001382023474,0.006411872339
2021-09-11 15:00:00,0.01048227958,0.000412482128,0.000143002937,0.007124077529
2021-09-11 16:00:00,0.0121013606,0.003071981948,0.0003190900024,0.00820570346
2021-09-11 17:00:00,0.03016234003,0.003543708241,7.74613873e-10,0.0143562695
2021-09-11 18:00:00,0.02901266515,0.004900470842,0.000188021877,0.0142837232
2021-09-11 19:00:00,0.02710994519,0.01529095322,0.0009685165714,0.01411934197
2021-09-11 20:00:00,0.02551030554,2.308336633e-09,1.209278372e-10,0.01568302885
2021-09-11 21:00:00,0.02237674594,2.824723122e-09,1.47495044e-10,0.01764478162
2021-09-11 22:00:00,0.01989056356,0.0006155789597,9.414667147e-05,0.01365423203
2021-09-11 23:00:00,0.01907834411,0.002012241632,0.0002048012539,0.01194663625
2021-09-12 00:00:00,0.01504877396,0.000519682013,0.0002068926842,0.009051769972
2021-09-12 01:00:00,0.02069121972,0.002379736165,0.0002505650045,0.01026095636
2021-09-12 02:00:00,0.02325966209,0.003041014075,0.0002863144909,0.01130391005
2021-09-12 03:00:00,0.02099548094,0.002524293726,0.0002646752691,0.01062320638
2021-09-12 04:00:00,0.006347576156,0.005349804182,0.0001123074544,0.001105064526
2021-09-12 05:00:00,0.008429841138,1.174285558e-08,8.002935536e-10,0.00171206356
2021-09-12 06:00:00,0.007451249752,0.002647832502,5.243446503e-05,0.001334368484
2021-09-12 07:00:00,0.03955700621,0.01370932814,0.0006054317346,0.03849316761
2021-09-12 08:00:00,0.06361284852,0.01834864169,0.0002703685313,0.01639007777
2021-09-12 09:00:00,0.01267650537,0.0009178874316,0.0001578891824,0.008520613424
2021-09-12 10:00:00,0.01352073811,0.0009715342312,0.0001697461848,0.009059124626
2021-09-12 11:00:00,0.002913764911,0.0008164498722,1.276601688e-05,0.001972770784
2021-09-12 12:00:00,0.01389057655,0.0001937361958,0.0002003578993,0.009769289754
2021-09-12 13:00:00,0.009074201807,0.0004604113346,0.0001114302868,0.007321622688
2021-09-12 14:00:00,0.006366753485,1.065270538e-09,9.465813491e-05,0.004451423883
2021-09-12 15:00:00,0.006911768112,1.281870832e-09,0.0001037103066,0.004895073362
2021-09-12 16:00:00,0.007476771716,1.648299275e-09,0.0001116477288,0.005359318107
2021-09-12 17:00:00,0.0206647478,0.002644284163,0.0001268797641,0.0119220987
2021-09-12 18:00:00,0.0392094329,0.009026078507,0.0001877823233,0.01955635659
2021-09-12 19:00:00,0.03001791425,0.006324406713,0.0001611149346,0.01441670209
2021-09-12 20:00:00,0.02932838537,0.01755214855,0.000324131106,0.01460144483
2021-09-12 21:00:00,0.02929775603,0.0002253650164,0.0005907884333,0.0228640791
2021-09-12 22:00:00,0.03054815903,0.001427023555,0.0005708927056,0.01934954897
2021-09-12 23:00:00,0.03169212118,0.003477483289,0.0003245563421,0.01674036123
2021-09-13 00:00:00,0.02963804081,0.004872620571,0.0004027097311,0.01358039305
2021-09-13 01:00:00,0.03091008589,0.005630436353,0.0004720396246,0.01424702257
2021-09-13 02:00:00,0.02459843643,0.003796332981,0.0003035846166,0.01160616335
2021-09-13 03:00:00,0.02694589831,0.004869337194,0.0003469796793,0.01245216932
2021-09-13 04:00:00,0.02617926709,0.004857009742,0.000341459905,0.01239439845
2021-09-13 05:00:00,0.03251738846,0.005850087386,0.0003669536673,0.03110435046
2021-09-13 06:00:00,0.07331841439,0.02085154876,0.0004249948252,0.03169409186
2021-09-13 07:00:00,0.06959564239,0.0222683996,0.0007960422663,0.02319138683
2021-09-13 08:00:00,0.0286028944,0.003995934501,0.0002038063103,0.01676462777
2021-09-13 09:00:00,0.01222262625,6.891756493e-05,0.0001891654538,0.009516438469
2021-09-13 10:00:00,0.001990502933,0.001873262576,1.107648131e-05,0.003716020845
2021-09-13 11:00:00,0.0004841990885,1.392685317e-05,1.389187931e-10,0.001204670873
2021-09-13 12:00:00,0.01506453194,0.004435280338,6.934955309e-05,0.009395340458
2021-09-13 13:00:00,0.02086934634,0.001306961756,0.0002615799895,0.01585718989
2021-09-13 14:00:00,0.03482002392,0.00907267537,0.0001808551169,0.01214336045
2021-09-13 15:00:00,0.02201567404,0.003836049931,0.000182450749,0.01247256901
2021-09-13 16:00:00,0.02101547644,0.003559581004,0.0001841735793,0.01230147947
2021-09-13 17:00:00,0.0174959749,0.002949038986,0.0002762810036,0.01182973851
2021-09-13 18:00:00,0.03110639937,0.007962328382,0.0003053678083,0.01262748893
2021-09-13 19:00:00,0.02928831428,0.005679372232,0.0002243652125,0.0139266504
2021-09-13 20:00:00,0.04049615562,0.009947248735,0.0002654021955,0.01554249227
2021-09-13 21:00:00,0.03037017398,0.007191042881,0.0003169761039,0.01302365959
2021-09-13 22:00:00,0.02493513562,0.006506282836,0.0002971867216,0.00983592961
2021-09-13 23:00:00,0.01558191516,0.001480133971,0.0003264416882,0.009339074604
2021-09-14 00:00:00,0.006232234649,0.002577295527,3.395446038e-05,0.001322244527
2021-09-14 01:00:00,0.006150436122,0.002189276507,4.116941636e-05,0.001047643949
2021-09-14 02:00:00,0.006342578214,0.002249189653,4.449898915e-05,0.001135081518
2021-09-14 03:00:00,0.006754488219,0.002386294072,4.951443407e-05,0.001264435938
2021-09-14 04:00:00,0.007371029351,0.002593850717,5.704937212e-05,0.001458838815
2021-09-14 05:00:00,0.03196627647,0.003363562515,0.0003383175936,0.03365658596
2021-09-14 06:00:00,0.02771232091,0.006647202652,0.0001874652808,0.01045952644
2021-09-14 07:00:00,0.07468146831,0.02442554198,0.0006255883491,0.03038412146
2021-09-14 08:00:00,0.02026404254,0.002025031485,0.0001478136837,0.01340991911
2021-09-14 09:00:00,0.01032143086,1.485028497e-05,0.0001516459743,0.007823649794
2021-09-14 10:00:00,0.0005607256317,2.516254426e-05,1.218294771e-10,0.001639019814
2021-09-14 11:00:00,0.0139175402,1.22433752e-09,0.0002096602257,0.009758378379
2021-09-14 12:00:00,0.01027107425,1.78125148e-09,0.0001546394487,0.007212165743
2021-09-14 13:00:00,0.02615476958,0.004646262154,0.0002299722109,0.01776744798
2021-09-14 14:00:00,0.02450112998,0.005623981357,0.0001522620441,0.008968064561
2021-09-14 15:00:00,0.02275985479,0.004546962213,0.0001729754877,0.01272730622
2021-09-14 16:00:00,0.01735091023,0.002912979107,0.0001496548211,0.009776197374
2021-09-14 17:00:00,0.01415288541,0.05202839896,0.004151624627,0.009366066195
2021-09-14 18:00:00,0.02628440969,1.240667125e-09,7.256652224e-11,0.008847280405
2021-09-14 19:00:00,0.02696111239,7.263793456e-10,4.717129118e-11,0.0147138536
2021-09-14 20:00:00,0.0527250655,9.635694465e-10,5.643397555e-11,0.02326233312
2021-09-14 21:00:00,0.03171310574,1.145956996e-09,6.040627026e-11,0.01379061677
2021-09-14 22:00:00,0.02829927951,2.229360696e-09,7.288669668e-11,0.01154274121
2021-09-14 23:00:00,0.01954663172,0.0008018701337,1.487067691e-10,0.01252750866
2021-09-15 00:00:00,0.01508857124,1.201546773e-08,9.259151779e-11,0.008045001887
2021-09-15 01:00:00,0.004652979318,0.001601068885,9.91737803e-11,0.0006906462368
2021-09-15 02:00:00,0.00435481267,0.001777753117,1.314238995e-10,0.0006175725721
2021-09-15 03:00:00,0.02180552669,0.003207079135,1.348209461e-10,0.01198211312
2021-09-15 04:00:00,0.01540710684,2.504585206e-09,8.212254488e-11,0.00809899345
2021-09-15 05:00:00,0.02157124691,0.002270173747,1.273653127e-10,0.02545993775
2021-09-15 06:00:00,0.03043223731,0.007543690968,0.0001839167526,0.01138592977
2021-09-15 07:00:00,0.07930646837,0.02616780438,0.0006215190515,0.03359905258
2021-09-15 08:00:00,0.02914770134,0.004388620611,0.0002273814171,0.01843648404
2021-09-15 09:00:00,0.01801680028,0.001939076814,0.0002223752817,0.01615812629
2021-09-15 10:00:00,0.02076041326,0.002736909315,0.0002430325403,0.01812930219
2021-09-15 11:00:00,0.01559296995,0.001260459307,0.0001832934649,0.009685043246
2021-09-15 12:00:00,0.01586648822,0.001373317325,0.0001946105622,0.00988927763
2021-09-15 13:00:00,0.02729374915,0.008093905635,0.000138172094,0.02096161246
2021-09-15 14:00:00,0.04612908512,0.01698823459,8.754312876e-05,0.009448491968
2021-09-15 15:00:00,0.01728919521,0.006953774486,0.0003785466834,0.007770344149
2021-09-15 16:00:00,0.03741721064,0.005932688713,9.073349849e-10,0.01978159137
2021-09-15 17:00:00,0.02794451453,0.006744989194,0.0008418063517,0.01831581816
2021-09-15 18:00:00,0.03363892063,0.009141379967,0.0002700557816,0.01240917854
2021-09-15 19:00:00,0.02869670652,0.005428770557,0.0002068391186,0.01423715241
2021-09-15 20:00:00,0.04311769456,0.013755369,0.0004377685254,0.01487727463
2021-09-15 21:00:00,0.02778255567,0.005287525244,9.578693425e-05,0.01093937829
2021-09-15 22:00:00,0.02814292349,0.007052295841,0.0002849946322,0.01105975173
2021-09-15 23:00:00,0.01990298741,0.003562065307,0.0003403899027,0.01116387267
2021-09-16 00:00:00,0.01778567582,0.002104587387,0.0002199694136,0.008880665526
2021-09-16 01:00:00,0.006623493973,0.002292094752,4.605009599e-05,0.001171843847
2021-09-16 02:00:00,0.00718956301,0.002478301059,5.126756878e-05,0.001304613776
2021-09-16 03:00:00,0.007509917486,0.002585937968,5.437651635e-05,0.001383727649
2021-09-16 04:00:00,0.008078770712,0.002777098212,5.982019866e-05,0.001522252685
2021-09-16 05:00:00,0.009675931185,0.001908032224,1.687973054e-05,0.02084404603
2021-09-16 06:00:00,0.0697478056,0.01910982095,0.0004744391772,0.03395159543
2021-09-16 07:00:00,0.06715655327,0.0219118204,0.0008195365081,0.02353653498
2021-09-16 08:00:00,0.02293765731,0.002910226351,0.000169349034,0.01521189045
2021-09-16 09:00:00,0.01421904191,0.001586042345,0.0001582234399,0.01021679398
2021-09-16 10:00:00,0.01329582278,0.001381104812,0.0001516550547,0.009895754978
2021-09-16 11:00:00,0.01065800246,0.0008404306718,0.0001309825893,0.007120165043
2021-09-16 12:00:00,0.009339958429,0.000456616719,0.000125810082,0.006132528652
2021-09-16 13:00:00,0.002070740098,0.0004272314545,5.308486379e-06,0.003793997224
2021-09-16 14:00:00,0.001773229451,0.0003885724291,5.298715223e-06,0.00265029748
2021-09-16 15:00:00,0.002938385354,0.0007216648664,7.960408766e-06,0.003505341709
2021-09-16 16:00:00,0.01745966077,0.001792370924,0.0001892722066,0.01178945415
2021-09-16 17:00:00,0.0131047219,0.02465283498,0.00141434744,0.008976694196
2021-09-16 18:00:00,0.03176127374,2.72599765e-09,1.357870066e-10,0.01088693831
2021-09-16 19:00:00,0.02859882824,0.000729339954,2.170080504e-10,0.01570769399
2021-09-16 20:00:00,0.03855223209,0.006375328172,5.998088692e-10,0.01758271642
2021-09-16 21:00:00,0.03000595234,0.005250774324,0.0001740391308,0.0134681873
2021-09-16 22:00:00,0.03423465788,0.006857055705,0.000369666086,0.01408883743
2021-09-16 23:00:00,0.0181910377,0.007287508808,0.0002980839345,0.008362615481
2021-09-17 00:00:00,0.007303961087,0.002552884165,5.98867191e-05,0.001535618328
2021-09-17 01:00:00,0.01215566043,0.004227156285,0.0001125240888,0.002880770247
2021-09-17 02:00:00,0.01272682752,0.004412460141,0.0001193887947,0.003089460777
2021-09-17 03:00:00,0.01240930147,0.004301946145,0.0001155766149,0.003022792749
2021-09-17 04:00:00,0.01143456064,0.003985544667,0.0001043157463,0.002668874105
2021-09-17 05:00:00,0.01700426638,0.004501947667,0.0001021334683,0.02317865565
2021-09-17 06:00:00,0.04433386773,0.01063295081,0.0003650234139,0.01702893339
2021-09-17 07:00:00,0.0583172068,0.02028889582,0.0007680633571,0.01995023713
2021-09-17 08:00:00,0.01982884295,0.001620219904,0.0001471214491,0.01418450661
2021-09-17 09:00:00,0.01219941583,0.0006808411563,0.0001473974989,0.008745125495
2021-09-17 10:00:00,0.009967107326,1.606127626e-05,0.0001432582649,0.007942907512
2021-09-17 11:00:00,0.0299480278,0.006098416168,0.0002369982685,0.0182841327
2021-09-17 12:00:00,0.01143712178,0.0005410021986,0.0001489084534,0.008237054572
2021-09-17 13:00:00,0.0030917658,0.0006986162625,1.022550168e-05,0.003910032101
2021-09-17 14:00:00,0.009067445062,0.003246710403,9.271333511e-06,0.002449844964
2021-09-17 15:00:00,0.02121096663,0.002363428939,0.0003533147683,0.01306716632
2021-09-17 16:00:00,0.02009240165,0.01569221541,0.0008515933296,0.01067544334
2021-09-17 17:00:00,0.01554687042,1.949469475e-09,1.316163012e-10,0.01057656109
2021-09-17 18:00:00,0.03411047533,0.002031729557,2.283635225e-10,0.01285948139
2021-09-17 19:00:00,0.03515019268,0.004392330535,0.000110414745,0.01730761118
2021-09-17 20:00:00,0.0419226028,0.009847317822,0.0003816908575,0.02050692588
2021-09-17 21:00:00,0.03328803182,0.008977287449,0.000420681783,0.01415204071
2021-09-17 22:00:00,0.02919602767,0.007278840058,0.0003460152948,0.009357370436
2021-09-17 23:00:00,0.01178829931,0.01167448983,0.0002757494512,0.003789919894
2021-09-18 00:00:00,0.01782120764,1.78863635e-09,0.0002403813123,0.004834460095
2021-09-18 01:00:00,0.01251061074,0.004579872359,0.0001276419207,0.003124986542
2021-09-18 02:00:00,0.01577972993,0.006547742523,0.000179910523,0.004097232595
2021-09-18 03:00:00,0.05048399046,0.01807394065,0.0003890073858,0.0233184807
2021-09-18 04:00:00,0.02150354534,0.01997007988,0.0005673571723,0.007452466059
2021-09-18 05:00:00,0.02171942405,8.347969427e-09,2.562906831e-10,0.007736195344
2021-09-18 06:00:00,0.03631384298,0.01200524345,0.0001907137193,0.01555521972
2021-09-18 07:00:00,0.02984569408,0.01095221564,0.0008086949238,0.03665786237
2021-09-18 08:00:00,0.06306832284,0.02502802014,2.188560393e-05,0.007250660099
2021-09-18 09:00:00,0.02467948385,0.002772254869,0.0002765282406,0.01485711429
2021-09-18 10:00:00,0.02065933309,0.003702586517,0.0002338887716,0.01247198693
2021-09-18 11:00:00,0.01771961525,0.002712154295,0.0001758025173,0.01054130681
2021-09-18 12:00:00,0.01217248663,0.001255668816,0.0001364307391,0.008424673229
2021-09-18 13:00:00,0.02933023497,0.007433079649,0.0001339829178,0.01647476293
2021-09-18 14:00:00,0.01492455229,0.002098051365,0.0001430759439,0.007662997115
2021-09-18 15:00:00,0.003534683026,0.000939055928,1.468305345e-05,0.002760712756
2021-09-18 16:00:00,0.00306811044,0.002840824192,2.609129479e-05,0.002491333289
2021-09-18 17:00:00,0.02735337056,0.00659251865,4.600256009e-10,0.0139808394
2021-09-18 18:00:00,0.03132000566,0.01030195411,0.0002423130936,0.01170492731
2021-09-18 19:00:00,0.02729447186,0.02762755007,0.001246790169,0.0105301179
2021-09-18 20:00:00,0.02742078528,3.322407682e-09,1.493824925e-10,0.01056859549
2021-09-18 21:00:00,0.03479353338,0.0003875620896,2.42311532e-10,0.02232553996
2021-09-18 22:00:00,0.03199061751,0.004863047972,0.0002052197524,0.0178089235
2021-09-18 23:00:00,0.0224331785,0.004264393356,0.0002615200647,0.009701808915
2021-09-19 00:00:00,0.02193031088,0.007141425274,0.0001396560838,0.009061101824
2021-09-19 01:00:00,0.01042841282,0.003667356446,9.169016266e-05,0.002337238053
2021-09-19 02:00:00,0.02965964191,0.004320644774,0.0003773229546,0.01447549649
2021-09-19 03:00:00,0.02175805159,0.003314367263,0.0002710906847,0.01036114153
2021-09-19 04:00:00,0.014122786,0.01270557847,0.0003318773233,0.00349327689
2021-09-19 05:00:00,0.01930519938,1.879221445e-09,1.143740633e-06,0.005219108891
2021-09-19 06:00:00,0.012951741,0.004335872363,0.0001135651037,0.002939392114
2021-09-19 07:00:00,0.05911464244,0.01885519922,0.001001771423,0.04707133025
2021-09-19 08:00:00,0.0797028318,0.0250352174,0.0002989446511,0.01856897958
2021-09-19 09:00:00,0.01229793672,0.0007027972024,0.0001667421602,0.008943697438
2021-09-19 10:00:00,0.01036538742,0.0002972662624,0.0001431230776,0.007289888803
2021-09-19 11:00:00,0.000262657064,8.150494168e-10,1.014464762e-10,0.0004504760727
2021-09-19 12:00:00,0.009548248723,8.897722004e-10,0.0001453373843,0.00635866262
2021-09-19 13:00:00,0.007183763199,9.148977131e-10,0.0001092656894,0.004780487157
2021-09-19 14:00:00,6.189421401e-05,1.120884607e-09,1.187782789e-10,0
2021-09-19 15:00:00,0.0002488677856,1.396407323e-09,1.469602912e-10,0.0004032288853
2021-09-19 16:00:00,0.0006698048674,7.40167452e-05,1.157272436e-06,0.000985667808
2021-09-19 17:00:00,0.03129917383,0.005418006796,0.0001814204443,0.01554404665
2021-09-19 18:00:00,0.0280972179,0.005743892398,0.0001456782193,0.01363318879
2021-09-19 19:00:00,0.0255003795,0.0047653527,0.0001423564245,0.01215580665
2021-09-19 20:00:00,0.02131094597,0.004651071504,0.0001556687494,0.01140203886
2021-09-19 21:00:00,0.01283329539,0.001448929659,0.0001735358965,0.009929646738
2021-09-19 22:00:00,0.004267650656,0.001429283293,7.899454795e-05,0.003284837352
2021-09-19 23:00:00,0.005267317872,0.001536166761,2.316136124e-05,0.002731194953
2021-09-20 00:00:00,0.01516900584,0.0004203138524,0.0002149117063,0.009402612224
2021-09-20 01:00:00,0.01610728912,0.002091984032,0.0001978989167,0.007902821526
2021-09-20 02:00:00,0.01758212596,0.002447602572,0.0002185109624,0.008551480249
2021-09-20 03:00:00,0.009897538461,0.003490937874,8.508528845e-05,0.002165179001
2021-09-20 04:00:00,0.01088144444,0.003824013053,9.671807493e-05,0.002465028549
2021-09-20 05:00:00,0.01540369168,0.004448511638,0.0001038784249,0.01635652967
2021-09-20 06:00:00,0.06868687272,0.01794441789,0.0004701251164,0.03120266274
2021-09-20 07:00:00,0.06316310167,0.02142083272,0.0007522909436,0.01965004392
2021-09-20 08:00:00,0.03191738576,0.006856676657,0.0001746917405,0.01613351516
2021-09-20 09:00:00,0.02129364014,0.00360783888,0.0002393491013,0.01410561427
2021-09-20 10:00:00,0.01601045765,0.001702725654,0.0001930395665,0.01178978477
2021-09-20 11:00:00,0.001428253599,0.0003654398315,5.714010513e-06,0.00108961307
2021-09-20 12:00:00,0.0005065836594,0.000102083417,1.596221182e-06,0.0004358607111
2021-09-20 13:00:00,0.002571310848,0.0005144946044,6.517345355e-06,0.004664401989
2021-09-20 14:00:00,0.01758099161,0.006594746839,1.060938575e-05,0.003475797828
2021-09-20 15:00:00,0.02632162906,0.003980647307,0.0002404952393,0.01499411277
2021-09-20 16:00:00,0.02161326259,0.003995970823,0.0001673977531,0.01198343188
2021-09-20 17:00:00,0.01654423401,0.003219369333,0.000540524954,0.01203500293
2021-09-20 18:00:00,0.02439761721,0.006654504221,0.0002459030366,0.008877019398
2021-09-20 19:00:00,0.03075353988,0.006783866789,0.0002348989074,0.01384616923
2021-09-20 20:00:00,0.0434435606,0.0145694064,0.0003127882082,0.0156611912
2021-09-20 21:00:00,0.03965078294,0.007668768521,0.0004636131926,0.01531823911
2021-09-20 22:00:00,0.02749008872,0.01263122261,0.0002957017277,0.01059955452
2021-09-20 23:00:00,0.01887349784,0.001337421709,0.0004012690042,0.00592709193
2021-09-21 00:00:00,0.03243671358,0.005140332039,0.0004186567676,0.01522524003
2021-09-21 01:00:00,0.00930513721,0.003437001724,7.555569027e-05,0.001930992818
2021-09-21 02:00:00,0.01439055242,0.006508613471,0.000116527568,0.005126748234
2021-09-21 03:00:00,0.01041028555,0.01928831264,9.520987805e-05,0.002455617767
2021-09-21 04:00:00,0.02072111703,4.002440157e-09,0.0003176559112,0.006186672021
2021-09-21 05:00:00,0.03068933636,0.00687646633,0.0004172606859,0.03105923906
2021-09-21 06:00:00,0.06124052033,0.01890512556,0.0005125143216,0.02417272143
2021-09-21 07:00:00,0.1215290278,0.03366849944,0.001266638283,0.05267519131
2021-09-21 08:00:00,0.04095763341,0.008514636196,0.0004267570039,0.02125351503
2021-09-21 09:00:00,0.01040172298,0.004090543836,8.025812713e-05,0.00789472647
2021-09-21 10:00:00,0.003937584348,0.001027508755,2.236643195e-05,0.004087664653
2021-09-21 11:00:00,0.00115501252,0.0002096317621,3.277810038e-06,0.001374855754
2021-09-21 12:00:00,0.0005143117742,2.575124745e-05,4.027322404e-07,0.0009265487315
2021-09-21 13:00:00,0.002332248492,0.0004499602655,5.630194664e-06,0.004336615093
2021-09-21 14:00:00,0.01644289307,0.001872228575,0.0001762014581,0.008790220134
2021-09-21 15:00:00,0.01236046478,0.001585171791,0.000127915846,0.007777075749
2021-09-21 16:00:00,0.01712901331,0.003250394948,0.0001309332438,0.01029349398
2021-09-21 17:00:00,0.01327420771,0.06825311482,0.00425239047,0.009475770406
2021-09-21 18:00:00,0.03104772046,1.318886889e-09,9.412895463e-11,0.0118941376
2021-09-21 19:00:00,0.02936563268,7.331459884e-10,5.185364985e-11,0.01547026727
2021-09-21 20:00:00,0.03044649586,9.483598351e-10,4.89159234e-11,0.01301912125
2021-09-21 21:00:00,0.02558468841,1.150934237e-09,6.020588195e-11,0.009345462546
2021-09-21 22:00:00,0.03007769957,2.415045719e-09,7.281137498e-11,0.009288627654
2021-09-21 23:00:00,0.02224007249,0.001352954772,1.484208312e-10,0.01129119936
2021-09-22 00:00:00,0.01001683995,6.553620187e-05,8.52433471e-11,0.002404049505
2021-09-22 01:00:00,0.01600391604,0.0001019440097,1.250681225e-10,0.004096430726
2021-09-22 02:00:00,0.01557929721,0.005061665084,5.721686193e-06,0.004015924875
2021-09-22 03:00:00,0.01482756063,0.01691426896,3.108692181e-05,0.003810500959
2021-09-22 04:00:00,0.01831785776,1.56655322e-09,1.301272562e-10,0.004926016089
2021-09-22 05:00:00,0.02364352718,0.0008147101616,2.4236233e-05,0.02627993748
2021-09-22 06:00:00,0.04735163972,0.01183465682,0.0002791001461,0.01763127185
2021-09-22 07:00:00,0.05565487593,0.01835700125,0.0006683727261,0.01738601178
2021-09-22 08:00:00,0.03993587568,0.008649655618,0.0003202931257,0.02507767454
2021-09-22 09:00:00,0.01046547387,0.001462717773,0.0001184872526,0.00866424758
2021-09-22 10:00:00,0.009612557478,0.0006787480088,0.0001137440413,0.007870418951
2021-09-22 11:00:00,0.01021492574,0.0008147707558,0.0001248673216,0.006848964375
2021-09-22 12:00:00,0.0001114595289,1.080024625e-09,8.888195735e-11,9.937022696e-05
2021-09-22 13:00:00,0.001392697683,0.0001188805763,1.582609876e-10,0.004548711237
2021-09-22 14:00:00,0.01032043993,0.003834476927,2.049380555e-06,0.002566535491
2021-09-22 15:00:00,0.01857718267,0.003317730501,0.0003327898157,0.01124349982
2021-09-22 16:00:00,0.02175549977,0.003712884383,8.093843373e-10,0.01176439412
2021-09-22 17:00:00,0.01314403396,0.002143957885,0.0001684515155,0.0093532959
2021-09-22 18:00:00,0.02480669133,0.007042760495,0.0001863796351,0.007720061578
2021-09-22 19:00:00,0.02760474011,0.005917435046,0.0002300585329,0.012676524
2021-09-22 20:00:00,0.03239289299,0.008996073157,0.0004075040924,0.01297152042
2021-09-22 21:00:00,0.02682596818,0.005769339856,0.0001127990618,0.009175946005
2021-09-22 22:00:00,0.02839634754,0.00746675767,0.0002592677774,0.009940895252
2021-09-22 23:00:00,0.01570471562,0.002365299966,0.0002704508661,0.008121786639
2021-09-23 00:00:00,0.004600932822,0.001919012982,3.070278035e-05,0.0007812984986
2021-09-23 01:00:00,0.005163297057,0.001773466822,3.613945955e-05,0.0009196461178
2021-09-23 02:00:00,0.005007515196,0.001719057909,3.465618283e-05,0.0008819010109
2021-09-23 03:00:00,0.005773331039,0.001983707305,4.227221143e-05,0.001075707376
2021-09-23 04:00:00,0.006014307961,0.002069864189,4.48424471e-05,0.001141110784
2021-09-23 05:00:00,0.03586861491,0.01043504849,0.0001800664904,0.02942126431
2021-09-23 06:00:00,0.02867957205,0.01164976787,9.550572577e-05,0.008379948325
2021-09-23 07:00:00,0.06409952044,0.01943770796,0.0007873536088,0.0225479845
2021-09-23 08:00:00,0.0346483402,0.007358442526,0.0002967735636,0.01792572252
2021-09-23 09:00:00,0.01906670816,0.003146206262,0.0002504475415,0.01222782861
2021-09-23 10:00:00,0.02010345832,0.003300596494,0.0002864915004,0.01396620646
2021-09-23 11:00:00,0.03254231438,0.007000897545,0.0002909982868,0.01756765135
2021-09-23 12:00:00,0.01830556989,0.002796894871,0.0002055267687,0.0100049302
2021-09-23 13:00:00,0.0213606935,0.003663173178,0.0002017814404,0.01738217101
2021-09-23 14:00:00,0.03766963631,0.01100697927,0.0001583294506,0.00969194714
2021-09-23 15:00:00,0.03154055774,0.007428824902,0.0002203440963,0.01508484501
2021-09-23 16:00:00,0.02769932896,0.006186292507,0.0002247396769,0.01443387754
2021-09-23 17:00:00,0.0195654612,0.02381120622,0.001403904986,0.01496758312
2021-09-23 18:00:00,0.02603574097,2.939090527e-09,1.589699761e-10,0.008025773801
2021-09-23 19:00:00,0.02578788251,0.0005159015418,2.193661502e-10,0.01204274595
2021-09-23 20:00:00,0.03829904273,0.00748807285,6.150459586e-10,0.01400573086
2021-09-23 21:00:00,0.02364060842,0.004168624524,9.886513726e-05,0.01028912421
2021-09-23 22:00:00,0.02798336931,0.005562107544,0.0002959329286,0.01122308802
2021-09-23 23:00:00,0.01563269459,0.006550934166,0.0002382783568,0.007288470864
2021-09-24 00:00:00,0.01676786132,0.005646949634,0.0001059828064,0.006516984664
2021-09-24 01:00:00,0.01737574488,0.005657003727,0.0001203519787,0.006293229759
2021-09-24 02:00:00,0.02410617098,0.02862895094,0.0001905869285,0.008515005
2021-09-24 03:00:00,0.02071301267,0.0002575022518,0.0002143181628,0.005242477171
2021-09-24 04:00:00,0.02729417942,0.002141682897,0.0003281270619,0.009189217351
2021-09-24 05:00:00,0.03475092351,0.01180014852,0.000432545814,0.03321323916
2021-09-24 06:00:00,0.07450115681,0.03172873706,0.0004329835065,0.02923917584
2021-09-24 07:00:00,0.1301005036,0.02933438495,0.001512157498,0.06220836565
2021-09-24 08:00:00,0.03800630197,0.006274021231,0.0003548632958,0.02151366696
2021-09-24 09:00:00,0.003414475592,0.0007774929982,7.667085811e-06,0.003950379789
2021-09-24 10:00:00,0.01292650122,4.99075104e-05,0.0001867845858,0.01029178221
2021-09-24 11:00:00,0.01659377851,0.002316454425,0.0001692246005,0.01062771678
2021-09-24 12:00:00,0.0001604239224,1.385966009e-09,9.974718967e-11,0.0002176494891
2021-09-24 13:00:00,0.001246943604,0.0001216895835,1.409747041e-10,0.004408684559
2021-09-24 14:00:00,0.005266501568,0.001929134945,1.771430502e-10,0.00186901656
2021-09-24 15:00:00,0.005096830893,0.001832787762,0.0002318138431,0.001994811464
2021-09-24 16:00:00,0.008838539943,0.04231562465,0.0007926386315,0.002941343468
2021-09-24 17:00:00,0.01661663502,2.770719654e-09,1.496911761e-10,0.01086108387
2021-09-24 18:00:00,0.0508236587,0.004710675217,2.565339607e-10,0.0192328766
2021-09-24 19:00:00,0.0462975949,4.271878851e-09,0.0003532038245,0.0214989502
2021-09-24 20:00:00,0.05002485588,0.05920564383,0.0003598570474,0.01683222502
2021-09-24 21:00:00,0.06109087914,4.188333236e-09,0.0008282928029,0.02313208021
2021-09-24 22:00:00,0.06062590703,6.849724787e-09,0.0008829245926,0.02263255976
2021-09-24 23:00:00,0.0390705131,0.001154018799,0.0007529123686,0.01561242901
2021-09-25 00:00:00,0.03413908184,0.009820973501,0.0005181560409,0.01284850109
2021-09-25 01:00:00,0.02439426817,0.01168653648,0.000460960262,0.009864414111
2021-09-25 02:00:00,0.02499998733,0.01155249402,0.0004461652134,0.009567592293
2021-09-25 03:00:00,0.02732344158,0.01227466948,0.0004194223729,0.01080583036
2021-09-25 04:00:00,0.05834926292,0.08262528479,0.001737685525,0.02937900834
2021-09-25 05:00:00,0.0663831979,4.29043423e-09,2.848172254e-10,0.0181074515
2021-09-25 06:00:00,0.09946782887,0.04208988324,0.001231864793,0.03134691715
2021-09-25 07:00:00,0.090146631,0.01345157623,0.00125493994,0.0868517831
2021-09-25 08:00:00,0.1010957584,0.03297907487,0.0003584535734,0.0300213024
2021-09-25 09:00:00,0.01373682916,0.00141230796,0.0002617592108,0.01053232141
2021-09-25 10:00:00,0.008878244087,7.747307973e-05,0.000143014855,0.007045348641
2021-09-25 11:00:00,0.008885602467,2.046993177e-05,0.0001427522511,0.00672752969
2021-09-25 12:00:00,0.01483370923,0.002141980687,0.0001451967983,0.009867777117
2021-09-25 13:00:00,0.009983330034,0.000227082608,0.0001171907643,0.01240779459
2021-09-25 14:00:00,0.00124006765,0.0002819526708,2.016840426e-06,0.001123799593
2021-09-25 15:00:00,0.01092564501,0.0001849089749,0.0001545249397,0.007848762907
2021-09-25 16:00:00,0.008970797993,0.003360308707,0.0002777999325,0.006330585573
2021-09-25 17:00:00,0.03871475905,0.006637793034,8.108529403e-10,0.01956673339
2021-09-25 18:00:00,0.03162098676,0.007751203142,0.0002076982055,0.01487231534
2021-09-25 19:00:00,0.03481045365,0.04850305617,0.002221568022,0.01679435
2021-09-25 20:00:00,0.04115568101,1.491449297e-09,1.640904912e-10,0.0222570803
2021-09-25 21:00:00,0.04881533608,1.274921835e-09,2.439627389e-10,0.03001133911
2021-09-25 22:00:00,0.05262220651,1.889547852e-09,0.0002728683176,0.02974672057
2021-09-25 23:00:00,0.02550498396,0.001670352649,0.0003208090493,0.01104333252
2021-09-26 00:00:00,0.03221876174,0.006965368055,0.0004467954859,0.01392694563
2021-09-26 01:00:00,0.02107773535,0.007414635271,0.0002801025403,0.005996457301
2021-09-26 02:00:00,0.02280744351,0.009786656126,0.0003095258144,0.00745286094
2021-09-26 03:00:00,0.02397844009,0.0106577212,0.0003123483039,0.008512136526
2021-09-26 04:00:00,0.0272130724,0.02341483533,0.0006426715991,0.01070118882
2021-09-26 05:00:00,0.03365276381,0.009050528519,0.0001879217598,0.01499503292
2021-09-26 06:00:00,0.04050123692,0.02439691871,0.0004805908829,0.01308802888
2021-09-26 07:00:00,0.0624457933,0.01023633592,0.001170812175,0.06291400641
2021-09-26 08:00:00,0.1237377673,0.03755095601,0.0004934410099,0.04146330431
2021-09-26 09:00:00,0.02079597674,0.003999182954,0.0003631899017,0.01165221632
2021-09-26 10:00:00,0.01047842856,0.0006562105846,0.0001393139537,0.007250309456
2021-09-26 11:00:00,0.01259650756,0.00151419139,0.0001514499309,0.007065208163
2021-09-26 12:00:00,0.01819274947,0.003040037118,0.000170107829,0.01065523643
2021-09-26 13:00:00,0.01382122841,0.002401443664,0.0001072412924,0.008082293905
2021-09-26 14:00:00,0.009801554494,0.0006878263666,0.0001214451113,0.006757454947
2021-09-26 15:00:00,0.008715909906,0.0003270978632,0.0001180893887,0.006046723109
2021-09-26 16:00:00,0.00254773139,0.0006889764918,1.077282104e-05,0.001849841094
2021-09-26 17:00:00,0.03106234595,0.009778941981,2.642788604e-05,0.01164924446
2021-09-26 18:00:00,0.03701546043,0.01007144619,6.069818483e-05,0.01289561857
2021-09-26 19:00:00,0.0446867086,0.007215218153,0.0002903676941,0.01979986019
2021-09-26 20:00:00,0.03954196349,0.01188951172,0.0003869866196,0.02199722268
2021-09-26 21:00:00,0.0451506339,0.004602661356,0.0004791405809,0.03276516497
2021-09-26 22:00:00,0.05213501304,0.01657401584,0.0006751029287,0.03601210192
2021-09-26 23:00:00,0.04043564573,4.826364197e-09,0.0007516772021,0.01709261537
2021-09-27 00:00:00,0.02185311727,0.007718860637,0.0003573744907,0.006352105644
2021-09-27 01:00:00,0.02660000138,0.01229285449,0.0005129474448,0.009725078009
2021-09-27 02:00:00,0.0292205438,0.03839167953,0.0005483438727,0.01175081637
2021-09-27 03:00:00,0.04455464706,0.002246466465,0.0008484538412,0.02022724599
2021-09-27 04:00:00,0.03871897981,0.02436090447,0.0006023625028,0.01421672292
2021-09-27 05:00:00,0.05719522759,0.03260705248,0.0006297457148,0.03563421592
2021-09-27 06:00:00,0.1046871617,0.0470809117,0.001185220433,0.03389724344
2021-09-27 07:00:00,0.1295557469,0.0298868902,0.001397421351,0.07085644454
2021-09-27 08:00:00,0.09377894551,0.02189078182,0.0008223503828,0.05374775454
2021-09-27 09:00:00,0.01375437621,0.002793533495,0.0001382354239,0.01069064438
2021-09-27 10:00:00,0.01884266734,0.00137841946,0.0002857664658,0.01560756192
2021-09-27 11:00:00,0.01398668624,0.001402210328,0.0001591910695,0.009580498561
2021-09-27 12:00:00,0.006685674191,1.279663042e-09,9.890295041e-05,0.004902768414
2021-09-27 13:00:00,0.005321381614,5.180752487e-05,7.149857265e-05,0.005315066781
2021-09-27 14:00:00,0.00822256878,0.000850339653,9.230226715e-05,0.005320996977
2021-09-27 15:00:00,0.0009490267839,0.0002371351584,3.707875749e-06,0.0006800590199
2021-09-27 16:00:00,0.01481543109,0.001877389383,0.0001543286344,0.007945084944
2021-09-27 17:00:00,0.01554457098,0.002807031851,0.0002121982106,0.01050726511
2021-09-27 18:00:00,0.03646405041,0.01060831267,0.0002629991795,0.01066256221
2021-09-27 19:00:00,0.03374527395,0.007082144264,0.000292985962,0.01639362611
2021-09-27 20:00:00,0.03445329517,0.01021282934,0.0002376321499,0.01393274777
2021-09-27 21:00:00,0.04548487812,0.0112656476,0.0005383213283,0.01664853469
2021-09-27 22:00:00,0.04528370872,0.01307959389,0.0005713843275,0.01652501151
2021-09-27 23:00:00,0.03843622282,0.009505968541,0.0006909890217,0.018785825
2021-09-28 00:00:00,0.01958149113,0.007444978692,0.0002976218238,0.005686932243
2021-09-28 01:00:00,0.02285443246,0.008137747645,0.0003823675797,0.007006862201
2021-09-28 02:00:00,0.01898371615,0.0178671591,0.0002521566639,0.005396883003
2021-09-28 03:00:00,0.02439665608,0.0004389308742,0.0004592625191,0.007760485169
2021-09-28 04:00:00,0.05724754557,0.02193902619,0.0007951434236,0.02767016366
2021-09-28 05:00:00,0.03193406016,0.01150102075,0.0003521441831,0.0317620635
2021-09-28 06:00:00,0.06208587438,0.01859098114,0.0005260141916,0.02240368538
2021-09-28 07:00:00,0.1212176234,0.02990104631,0.001200011815,0.06164835021
2021-09-28 08:00:00,0.04824617505,0.009949673899,0.000572214718,0.02616163343
2021-09-28 09:00:00,0.02969217487,0.004867459647,0.0003277141368,0.01841273159
2021-09-28 10:00:00,0.0253300406,0.003981024027,0.0003027873463,0.01669592783
2021-09-28 11:00:00,0.008484022692,0.003632954322,2.953926196e-05,0.00487184478
2021-09-28 12:00:00,0.003570780158,0.0008595401887,1.29117434e-05,0.002938333899
2021-09-28 13:00:00,0.003851669608,0.0006092897383,6.391896932e-06,0.008434754796
2021-09-28 14:00:00,0.02046987601,0.007578648627,1.100939789e-05,0.004680096172
2021-09-28 15:00:00,0.02625489421,0.004034192301,0.0002342484077,0.01554591674
2021-09-28 16:00:00,0.01396121643,0.004735526629,0.0001007999963,0.006953016389
2021-09-28 17:00:00,0.03274128586,0.1875686049,0.007347937208,0.02023308352
2021-09-28 18:00:00,0.03329022974,1.748573619e-09,9.447602423e-11,0.01396723185
2021-09-28 19:00:00,0.04635207355,9.443992255e-10,5.871566428e-11,0.0230283048
2021-09-28 20:00:00,0.08039361984,9.411792457e-10,6.039891504e-11,0.03508513421
2021-09-28 21:00:00,0.04753914475,1.280241246e-09,6.395773494e-11,0.01844713278
2021-09-28 22:00:00,0.04895094037,2.255676979e-09,8.25272975e-11,0.01723246649
2021-09-28 23:00:00,0.0347122252,0.0001966870186,1.533161792e-10,0.01619064249
2021-09-29 00:00:00,0.03132037818,0.0007615517243,3.814178126e-05,0.01360098924
2021-09-29 01:00:00,0.03590656072,0.002143627265,5.022918413e-05,0.01668422855
2021-09-29 02:00:00,0.02588941157,0.01830917224,0.0001460103667,0.01061652973
2021-09-29 03:00:00,0.0279036779,0.00973616913,0.000462752243,0.01045894716
2021-09-29 04:00:00,0.04468890652,3.522207193e-09,1.391595866e-10,0.01427316293
2021-09-29 05:00:00,0.06207751483,0.02313558571,0.0002726189559,0.03967952728
2021-09-29 06:00:00,0.1004665866,0.04495508969,0.000753665925,0.03073645942
2021-09-29 07:00:00,0.1372202039,0.02915145084,0.001325956895,0.08189249039
2021-09-29 08:00:00,0.07654357702,0.01955606975,0.0008958378457,0.04251696914
2021-09-29 09:00:00,0.03009559959,0.005885546561,0.0004104798136,0.01910461299
2021-09-29 10:00:00,0.02386331744,0.004419706762,0.0003328266321,0.01637530327
2021-09-29 11:00:00,0.01781642437,0.00279995054,0.0001946055418,0.01020413823
2021-09-29 12:00:00,0.009786457755,0.0005603592726,0.0001197701131,0.006654650904
2021-09-29 13:00:00,0.01187469997,0.001044614473,0.000121972771,0.01225265395
2021-09-29 14:00:00,0.03061857261,0.008605713025,0.0001310828957,0.01034685876
2021-09-29 15:00:00,0.0155446725,0.004786186852,0.0003259571968,0.007980893366
2021-09-29 16:00:00,0.0266035255,0.004485251848,6.531254621e-05,0.01380557474
2021-09-29 17:00:00,0.01920531318,0.004526234232,0.0006857211702,0.01434359141
2021-09-29 18:00:00,0.02938144282,0.008311154321,0.0003429306671,0.01011878811
2021-09-29 19:00:00,0.03518342599,0.008151217364,0.0005005727871,0.0176958777
2021-09-29 20:00:00,0.06249012798,0.01494924724,0.0007307158085,0.02453701757
2021-09-29 21:00:00,0.03755097091,0.009447675198,0.0001287355553,0.01399900205
2021-09-29 22:00:00,0.03620712459,0.01079306751,0.0004513041058,0.01099514868
2021-09-29 23:00:00,0.02984365635,0.00721043162,0.0005634776317,0.01363850664
2021-09-30 00:00:00,0.02361107431,0.004363597371,0.0002975320676,0.01064027753
2021-09-30 01:00:00,0.01623101346,0.01600478217,0.0001933190943,0.004341598134
2021-09-30 02:00:00,0.02406641841,5.779281498e-09,0.0003668695572,0.006966778077
2021-09-30 03:00:00,0.02110884711,0.008246023208,0.0003035937261,0.006081832573
2021-09-30 04:00:00,0.02104714885,0.008603120223,0.0002808933205,0.006546804216
2021-09-30 05:00:00,0.02756845951,0.009321597405,0.0002666710934,0.03020666167
2021-09-30 06:00:00,0.07290071249,0.02867376432,0.0005591188674,0.02974442206
2021-09-30 07:00:00,0.1342638284,0.02918771282,0.001265628496,0.07336451113
2021-09-30 08:00:00,0.04772814363,0.01076450292,0.0006452873349,0.02493544482
2021-09-30 09:00:00,0.02076319233,0.005746549461,0.000229272584,0.01322497241
2021-09-30 10:00:00,0.00767352758,0.002300430555,0.0001212307252,0.005505823996
2021-09-30 11:00:00,0.01755050197,0.005427664611,0.0001059583956,0.008676614612
2021-09-30 12:00:00,0.01444880292,0.002229428384,3.516832658e-05,0.007445601281
2021-09-30 13:00:00,0.03927864507,0.005099853035,0.0003422022273,0.02702017687
2021-09-30 14:00:00,0.06107200682,0.01645817235,0.0002622334578,0.02103358135
2021-09-30 15:00:00,0.02729063295,0.00515060965,0.0002072816278,0.01395622548
2021-09-30 16:00:00,0.03630469739,0.006574015133,0.0003383769654,0.0213902127
2021-09-30 17:00:00,0.04012784362,0.0910531804,0.002583208028,0.03211880475
2021-09-30 18:00:00,0.05872762948,3.854029096e-09,2.306511371e-10,0.03401264548
2021-09-30 19:00:00,0.04696929455,0.001061325427,2.949813727e-10,0.02832071111
2021-09-30 20:00:00,0.05504658446,0.01087520737,6.367325556e-10,0.02198431082
2021-09-30 21:00:00,0.05139283091,0.009619215503,0.0001861434866,0.02351862006
2021-09-30 22:00:00,0.03989278153,0.01375547424,0.0002792439773,0.00985422451
2021-09-30 23:00:00,0.02650195919,0.0231538862,0.0005926777376,0.00968820136
2021-10-01 00:00:00,0.3470292091,0.2019981891,0.004540325142,0.09528508782
2021-10-01 01:00:00,0.07707053423,0.03008762188,0.001721876091,0.04296285659
2021-10-01 02:00:00,0.2143418342,0.02814497985,0.001264596358,0.2951613963
2021-10-01 03:00:00,0.1404210925,0.02384280786,0.0009924845072,0.1684650928
2021-10-01 04:00:00,0.1451456994,0.07740228623,0.0007444643416,0.05921720341
2021-10-01 05:00:00,0.08585549891,0.2400809228,0.008080514148,0.06313051283
2021-10-01 06:00:00,0.2807098925,0.003627732163,0.003676603781,0.1312499344
2021-10-01 07:00:00,0.6235690713,0.3754388392,0.02557244152,0.3067065477
2021-10-01 08:00:00,0.394010365,0.2449452728,0.009334791452,0.1939788163
2021-10-01 09:00:00,0.1316016614,0.09947131574,0.004060620442,0.06496907026
2021-10-01 10:00:00,0.04996928573,0.02032216266,0.001204876462,0.02828997374
2021-10-01 11:00:00,0.04518608004,0.01872589439,0.0009238143102,0.01974008977
2021-10-01 12:00:00,0.02806189843,0.009219166823,0.0005054919748,0.01407949161
2021-10-01 13:00:00,0.0735181123,0.02253699303,0.0007010621484,0.0369938463
2021-10-01 14:00:00,0.06346033514,0.01575156674,0.006005658768,0.03581022099
2021-10-01 15:00:00,0.1381941438,0.8254190087,0.02471600845,0.2173652947
2021-10-01 16:00:00,0.1326145232,5.50335244e-09,2.552025813e-10,0.1446744055
2021-10-01 17:00:00,0.3370597661,3.829384809e-09,1.665600435e-10,0.254214406
2021-10-01 18:00:00,0.3307546973,0.005887868349,2.153264234e-10,0.2392999232
2021-10-01 19:00:00,0.3750781417,0.1005010232,0.002427401487,0.2817510366
2021-10-01 20:00:00,0.534014225,0.2165138572,0.003120946232,0.2935749888
2021-10-01 21:00:00,0.3726789951,0.1298229545,0.004554064013,0.2687740326
2021-10-01 22:00:00,0.2220641822,0.172599718,0.01098973118,0.1001118869
2021-10-01 23:00:00,0.2164883763,0.1344492137,0.001463893568,0.05386376753
2021-10-02 00:00:00,0.08868020773,0.05659367889,0.0003412534716,0.01840822957
2021-10-02 01:00:00,0.05794722959,0.03452078253,0.000380897749,0.01760252006
2021-10-02 02:00:00,0.05469602346,0.09302097559,0.0003919621522,0.01624655537
2021-10-02 03:00:00,0.07506948709,1.075967582e-08,0.0006226829137,0.02411267348
2021-10-02 04:00:00,0.1918022782,0.09890238941,0.0007718058187,0.02803754993
2021-10-02 05:00:00,0.1557076275,0.08689264208,0.002750164131,0.05646716058
2021-10-02 06:00:00,0.1864663512,0.06559529155,0.0003945514327,0.08205217123
2021-10-02 07:00:00,0.5232220888,0.3983512819,0.004820773378,0.2410990149
2021-10-02 08:00:00,0.435064435,0.249742195,0.01185668074,0.2421002239
2021-10-02 09:00:00,0.1672421396,0.0733570978,0.002815765562,0.1053554341
2021-10-02 10:00:00,0.09190633893,0.03156253695,0.001706956071,0.06870447844
2021-10-02 11:00:00,0.1031203344,0.04285543412,0.002059100661,0.04990527406
2021-10-02 12:00:00,0.03868548945,0.007311360445,0.01312337816,0.05046645924
2021-10-02 13:00:00,0.1824641377,0.01511726435,0.001449199975,0.2466012836
2021-10-02 14:00:00,0.1084553078,0.01230669394,0.0007221188862,0.1269539893
2021-10-02 15:00:00,0.04616267979,1.872423053,0.05863901228,0.0388635397
2021-10-02 16:00:00,0.0658229664,1.534678606e-09,1.158078078e-10,0.01977869682
2021-10-02 17:00:00,0.3078075051,1.256022286e-09,8.106145616e-11,0.1282728016
2021-10-02 18:00:00,0.2939781845,1.52606594e-09,8.702690651e-11,0.135092482
2021-10-02 19:00:00,0.4716542363,1.301930119e-09,1.011364048e-10,0.4275462329
2021-10-02 20:00:00,0.5137646794,1.692669338e-09,1.124958043e-10,0.3059387505
2021-10-02 21:00:00,0.4845468104,1.141793549e-09,1.13474001e-10,0.3358694315
2021-10-02 22:00:00,0.3088955879,2.03840167e-09,1.914071679e-10,0.2636436522
2021-10-02 23:00:00,0.2144355029,0.01677610353,0.001513523632,0.1117703915
2021-10-03 00:00:00,0.113713868,0.006289116107,5.602434976e-05,0.05233567581
2021-10-03 01:00:00,0.08715805411,0.02557477914,0.0004043165827,0.03668851405
2021-10-03 02:00:00,0.1234304309,0.0433562398,0.002269445919,0.06981178373
2021-10-03 03:00:00,0.1021663249,0.05570006743,0.001004974009,0.03367725015
2021-10-03 04:00:00,0.1337659806,0.07387410849,0.001117740292,0.03598433733
2021-10-03 05:00:00,0.1254758537,0.07256770134,0.0009301913669,0.03405593336
2021-10-03 06:00:00,0.1673019826,0.5812298059,0.02566476539,0.05429857224
2021-10-03 07:00:00,0.6401794553,7.097438637e-09,5.584038787e-10,0.3605518043
2021-10-03 08:00:00,0.6105834246,0.3466733396,0.002499762923,0.2071375996
2021-10-03 09:00:00,0.432921201,0.2502099872,0.006736241747,0.1931019425
2021-10-03 10:00:00,0.1748009026,0.06961945444,0.02224172466,0.154110536
2021-10-03 11:00:00,0.1100568101,0.03992994502,0.001953056781,0.0604253225
2021-10-03 12:00:00,0.0818599388,0.03913232684,0.0009606626118,0.02434194088
2021-10-03 13:00:00,0.2664475441,0.06555943191,0.008812301792,0.2834308445
2021-10-03 14:00:00,0.1828298718,0.05015212297,0.002909041941,0.1592728943
2021-10-03 15:00:00,0.1020423025,1.540567994,0.02929782495,0.05059977993
2021-10-03 16:00:00,0.1287965626,3.797946402e-09,2.340915795e-10,0.05814139172
2021-10-03 17:00:00,0.4163635373,0.00447237771,2.77793677e-10,0.1931129694
2021-10-03 18:00:00,0.38514027,1.050096632e-08,0.002498542424,0.1887202263
2021-10-03 19:00:00,0.5816789865,3.019670292e-09,0.003002109705,0.425326705
2021-10-03 20:00:00,0.5239185691,0.3050197661,0.003357434645,0.3194766045
2021-10-03 21:00:00,0.5395146012,7.658735868e-09,0.019360682,0.387719363
2021-10-03 22:00:00,0.4080316424,0.1230818853,0.009271631017,0.3191384673
2021-10-03 23:00:00,0.2114804238,0.09633401781,0.004297993146,0.1254374236
2021-10-04 00:00:00,0.1968104094,0.2214091122,0.002153218491,0.05648018047
2021-10-04 01:00:00,0.1470740885,0.0009056932759,0.002081034705,0.08076835424
2021-10-04 02:00:00,0.268145442,0.04535121843,0.001533395844,0.3132125437
2021-10-04 03:00:00,0.1808651537,0.07971276343,0.001262608683,0.1694455296
2021-10-04 04:00:00,0.1660375148,0.07784816623,0.001531107817,0.05763744563
2021-10-04 05:00:00,0.2177396119,0.1124259084,0.001945322845,0.1033970863
2021-10-04 06:00:00,0.3970876336,0.2616834342,0.006827675272,0.1624120921
2021-10-04 07:00:00,0.8587197661,0.5050860047,0.03324913234,0.4580413401
2021-10-04 08:00:00,0.4680628777,0.2964549065,0.01801964082,0.2016435713
2021-10-04 09:00:00,0.1676318049,0.1114941016,0.0008811208536,0.08788763732
2021-10-04 10:00:00,0.06434490532,0.007697683759,0.003226730041,0.05889246613
2021-10-04 11:00:00,0.07174941152,0.02187668718,0.002721937606,0.04542569816
2021-10-04 12:00:00,0.06511227787,0.009423804469,0.001338083763,0.05169128999
2021-10-04 13:00:00,0.07209958881,0.01589860767,0.0009399215924,0.04453603551
2021-10-04 14:00:00,0.07398578525,0.07549025863,0.007875211537,0.0447344929
2021-10-04 15:00:00,0.1692804992,0.299531877,0.01013498753,0.2381864786
2021-10-04 16:00:00,0.2038721144,4.139769416e-09,1.942235539e-10,0.1917245984
2021-10-04 17:00:00,0.4622322619,0.1236500666,4.49106502e-10,0.2815064192
2021-10-04 18:00:00,0.4359409809,0.1526465416,0.003656561719,0.2869329751
2021-10-04 19:00:00,0.4336110651,0.2741319537,0.004487919621,0.2641360462
2021-10-04 20:00:00,0.4352835417,0.2415971458,0.005340622738,0.2766242623
2021-10-04 21:00:00,0.398637265,0.232114464,0.005244081374,0.2569118142
2021-10-04 22:00:00,0.2537543774,0.19289805,0.00469282642,0.1139272228
2021-10-04 23:00:00,0.1362307966,0.06165308133,0.01688367501,0.09485016763
2021-10-05 00:00:00,0.09464751184,0.134414956,0.004550144076,0.05186055973
2021-10-05 01:00:00,0.1304740012,1.155916074e-08,2.314544945e-10,0.01476357784
2021-10-05 02:00:00,0.1754576117,0.03064740077,6.148406784e-10,0.2198162675
2021-10-05 03:00:00,0.09626251459,0.01088235434,0.0005607514177,0.1256983131
2021-10-05 04:00:00,0.0558979474,0.01815035194,0.0003882325836,0.02670579404
2021-10-05 05:00:00,0.04579863325,0.01232397836,0.0003176879545,0.03962114081
2021-10-05 06:00:00,0.1600311548,0.7483774424,0.03278196603,0.09781888127
2021-10-05 07:00:00,0.6875135899,9.091755793e-09,4.133979825e-10,0.2106707245
2021-10-05 08:00:00,0.3440880179,0.1072417349,0.001336028101,0.1660840511
2021-10-05 09:00:00,0.2064270377,0.1448381096,0.003308478976,0.1032360047
2021-10-05 10:00:00,0.165729776,0.07802212983,0.003308896441,0.07383923233
2021-10-05 11:00:00,0.131704241,0.06443927437,0.001614284236,0.05600690097
2021-10-05 12:00:00,0.1314083487,0.05900745466,0.01008276269,0.0724857375
2021-10-05 13:00:00,0.239842698,0.1671274751,0.006356586702,0.07316044718
2021-10-05 14:00:00,0.1775456816,0.08032915741,0.001494779019,0.05514042825
2021-10-05 15:00:00,0.2975255251,0.5031729341,0.02814532816,0.2605800629
2021-10-05 16:00:00,0.2515711784,0.04494775459,9.483236418e-10,0.2070886344
2021-10-05 17:00:00,0.4603382051,0.1469671726,0.004554879852,0.301248312
2021-10-05 18:00:00,0.3459100723,0.1097940281,0.001708806027,0.2401216924
2021-10-05 19:00:00,0.374492377,0.14114815,0.001536558382,0.2489075363
2021-10-05 20:00:00,0.3645877838,0.1931344569,0.002737180796,0.2658379674
2021-10-05 21:00:00,0.319983989,0.1797416508,0.005793036893,0.2527756393
2021-10-05 22:00:00,0.2075852752,0.155356884,0.003496316029,0.1002054289
2021-10-05 23:00:00,0.1163377315,0.03819673136,0.01138638332,0.084597148
2021-10-06 00:00:00,0.05979219452,0.05636429042,0.0003273477778,0.01157818455
2021-10-06 01:00:00,0.0249110125,0.01711004786,0.0003025067272,0.0104737822
2021-10-06 02:00:00,0.1289539635,0.006562953815,0.0006961117033,0.2019446641
2021-10-06 03:00:00,0.08178590983,0.006751782261,0.0004749396467,0.1128027439
2021-10-06 04:00:00,0.02769194543,0.008501448669,0.0003827263718,0.01522739697
2021-10-06 05:00:00,0.07518144697,0.2326659858,0.01235081814,0.05638206005
2021-10-06 06:00:00,0.1780789495,0.12266583,0.004737997893,0.1004231572
2021-10-06 07:00:00,0.6578224897,0.3521458805,1.036826625e-09,0.1954669803
2021-10-06 08:00:00,0.315421313,0.09340654314,0.000889218587,0.1529083848
2021-10-06 09:00:00,0.1654326618,0.1100358739,0.002108817454,0.08637399971
2021-10-06 10:00:00,0.106931828,0.03325228393,0.003693772014,0.08015480638
2021-10-06 11:00:00,0.0432443209,0.01486157626,0.000803023926,0.02973825298
2021-10-06 12:00:00,0.03732235357,0.01021378674,0.007689897902,0.0334887132
2021-10-06 13:00:00,0.08139593154,0.02281505242,0.0008912023623,0.05216162279
2021-10-06 14:00:00,0.1011347622,0.02972400188,0.002288297517,0.05486303195
2021-10-06 15:00:00,0.231320411,0.3401392996,0.02341769077,0.2635022104
2021-10-06 16:00:00,0.2274141461,0.0145863397,7.633287336e-10,0.2093238682
2021-10-06 17:00:00,0.5378010869,0.1884988397,0.003680283669,0.3065853119
2021-10-06 18:00:00,0.4165450335,0.2621071339,0.004900419153,0.2744166255
2021-10-06 19:00:00,0.4273572564,0.1643606871,0.002056899946,0.2683680952
2021-10-06 20:00:00,0.4043076038,0.2305969894,0.006559317932,0.2630117536
2021-10-06 21:00:00,0.3463787436,0.2009675056,0.006327901501,0.2386882901
2021-10-06 22:00:00,0.2839517891,0.2056118846,0.006702363957,0.1107132584
2021-10-06 23:00:00,0.1330025494,0.0474694185,0.003179823514,0.07570536435
2021-10-07 00:00:00,0.0703042075,0.03139689565,0.002004912822,0.0314668864
2021-10-07 01:00:00,0.06260365248,0.032787323,0.001816387405,0.02669528313
2021-10-07 02:00:00,0.1879333854,0.05578581989,0.002285644645,0.2276546359
2021-10-07 03:00:00,0.1226621494,0.02387229912,0.002095847856,0.1366951764
2021-10-07 04:00:00,0.06451163441,0.02016904391,0.002109611174,0.02916863002
2021-10-07 05:00:00,0.2530014515,0.1458065808,0.002558862325,0.08305663615
2021-10-07 06:00:00,0.197939679,0.1922037005,0.02412031963,0.1063963026
2021-10-07 07:00:00,0.5924470425,0.2986719012,0.003055546666,0.2654930651
2021-10-07 08:00:00,0.4061910808,0.2574262321,0.007693949156,0.191428557
2021-10-07 09:00:00,0.2942768335,0.1858009249,0.005215457641,0.1468124539
2021-10-07 10:00:00,0.1973559707,0.08998785168,0.0103021441,0.1170783341
2021-10-07 11:00:00,0.1358920336,0.06634743512,0.003285830608,0.06052520871
2021-10-07 12:00:00,0.1724621803,0.07389779389,0.00389717333,0.08320324868
2021-10-07 13:00:00,0.2853165865,0.1667683125,0.002397136297,0.1014020666
2021-10-07 14:00:00,0.2213684767,0.09068311751,0.002145259874,0.09518888593
2021-10-07 15:00:00,0.2952187359,0.6884596944,0.02423659712,0.2890489995
2021-10-07 16:00:00,0.2763600945,8.117546635e-09,4.149479371e-10,0.2316331416
2021-10-07 17:00:00,0.5869241953,0.1133748069,5.242289935e-10,0.3713214099
2021-10-07 18:00:00,0.458669126,0.1422723234,0.002844298026,0.3181551695
2021-10-07 19:00:00,0.5387277603,0.2088109851,0.0206968002,0.3379874527
2021-10-07 20:00:00,0.4791107476,0.245624736,0.009327044711,0.3171119392
2021-10-07 21:00:00,0.4643796682,0.2504831851,0.01049268711,0.3243328631
2021-10-07 22:00:00,0.3500733376,0.2435460687,0.006308793556,0.1671842933
2021-10-07 23:00:00,0.2186640948,0.3009070158,0.003103933763,0.1231907979
2021-10-08 00:00:00,0.2846329212,6.436294164e-09,0.007457858417,0.08961818367
2021-10-08 01:00:00,0.1346619129,0.07394498587,0.00104922289,0.06457885355
2021-10-08 02:00:00,0.4191810787,0.1952241808,0.001900101779,0.3631548285
2021-10-08 03:00:00,0.2519623935,0.01832105592,0.001783591695,0.2089732736
2021-10-08 04:00:00,0.1906878799,0.09020102024,0.001488205977,0.0921812728
2021-10-08 05:00:00,0.204708457,0.1148033813,0.00485046301,0.1139818206
2021-10-08 06:00:00,0.4396731853,0.2484934181,0.004160244484,0.2128068507
2021-10-08 07:00:00,1.033296347,0.6183768511,0.04448229447,0.564766407
2021-10-08 08:00:00,0.4465425611,0.2499925196,0.01371286437,0.3226034343
2021-10-08 09:00:00,0.1358954012,0.08383838087,0.004520464223,0.09080231935
2021-10-08 10:00:00,0.08464277536,0.02734547295,0.003450223478,0.05837856606
2021-10-08 11:00:00,0.1104257777,0.05926705152,0.003086518962,0.03710164875
2021-10-08 12:00:00,0.05167082697,0.02303945832,0.001540291123,0.02516358346
2021-10-08 13:00:00,0.1002567559,0.03838936239,0.001442768145,0.05565492809
2021-10-08 14:00:00,0.198670119,0.07446276397,0.00460681878,0.1030858457
2021-10-08 15:00:00,0.3231815994,1.668156385,0.05386546627,0.314845413
2021-10-08 16:00:00,0.2699691355,6.36884101e-09,3.759960121e-10,0.2171289325
2021-10-08 17:00:00,0.4988487661,4.124946162e-09,2.36722919e-10,0.3363641798
2021-10-08 18:00:00,0.4633864462,7.659063606e-09,3.076540134e-10,0.3062179387
2021-10-08 19:00:00,0.541339159,0.05301813036,0.003385864431,0.3298023939
2021-10-08 20:00:00,0.514973402,0.2777610719,0.002479104325,0.3403832018
2021-10-08 21:00:00,0.5507314205,0.04046978429,0.004938773811,0.3809615672
2021-10-08 22:00:00,0.3920898438,0.1708465964,0.003665970638,0.1840792596
2021-10-08 23:00:00,0.3600076735,0.2695680857,0.01788206585,0.1665370613
2021-10-09 00:00:00,0.2048002928,0.004813456908,0.001772700227,0.1309775263
2021-10-09 01:00:00,0.1686969548,0.07972145081,0.001411046134,0.07888219506
2021-10-09 02:00:00,0.1786751002,0.08569223434,0.001677559456,0.08402134478
2021-10-09 03:00:00,0.162862435,0.08919875324,0.001542734681,0.06617512554
2021-10-09 04:00:00,0.1699333489,0.09456078708,0.001532218652,0.06748544425
2021-10-09 05:00:00,0.182906419,0.1289198548,0.02498019859,0.07048013061
2021-10-09 06:00:00,0.2108334452,0.09987282008,0.00118471391,0.1276127398
2021-10-09 07:00:00,0.8878837824,0.5176269412,0.02058961987,0.641730547
2021-10-09 08:00:00,0.7337808013,0.426551789,0.02401245758,0.3145515919
2021-10-09 09:00:00,0.4083963037,0.1721569747,0.009004509076,0.2727632523
2021-10-09 10:00:00,0.1302139759,0.05035262182,0.00230180705,0.09481840581
2021-10-09 11:00:00,0.06508222967,0.01657468267,0.004172034096,0.04690496251
2021-10-09 12:00:00,0.06318984926,0.02351601422,0.001261367928,0.03111683577
2021-10-09 13:00:00,0.1743441969,0.03801234439,0.0009565221844,0.2025204748
2021-10-09 14:00:00,0.1618001163,0.04280620068,0.001067454228,0.1403303742
2021-10-09 15:00:00,0.115872331,2.442203045,0.1232860759,0.0804867968
2021-10-09 16:00:00,0.1469357759,1.906533598e-09,1.315962894e-10,0.0785247609
2021-10-09 17:00:00,0.5115047693,1.332407407e-09,9.797043038e-11,0.258420378
2021-10-09 18:00:00,0.5180725455,1.088140467e-09,1.055098786e-10,0.2863873839
2021-10-09 19:00:00,0.514329195,1.606077604e-09,1.231884039e-10,0.400059551
2021-10-09 20:00:00,0.5863972306,1.680702355e-09,1.432092223e-10,0.3789169788
2021-10-09 21:00:00,0.5255687237,1.590593213e-09,1.442156811e-10,0.3880509436
2021-10-09 22:00:00,0.4646175206,2.14058371e-09,2.194183168e-10,0.3180883825
2021-10-09 23:00:00,0.2965416014,0.02105941996,0.002071529161,0.1641241759
2021-10-10 00:00:00,0.2672917843,0.1118543074,0.002531699371,0.1759768575
2021-10-10 01:00:00,0.1281687915,0.04226531833,0.001545653795,0.06654879451
2021-10-10 02:00:00,0.1510099322,0.0678435266,0.002417186974,0.07601606101
2021-10-10 03:00:00,0.1557831317,0.07205483317,0.001443869434,0.07151881605
2021-10-10 04:00:00,0.1688327193,0.09054681659,0.001759608276,0.07377845049
2021-10-10 05:00:00,0.1601900309,0.08849985152,0.003016835544,0.07220609486
2021-10-10 06:00:00,0.3250042498,0.6570513844,0.06010740623,0.1022297591
2021-10-10 07:00:00,0.7811838984,0.2572701573,5.82195292e-10,0.5532197356
2021-10-10 08:00:00,0.6499558687,0.1765766591,0.001838257886,0.3379409313
2021-10-10 09:00:00,0.3632640839,0.1441666335,0.01654249057,0.2992111444
2021-10-10 10:00:00,0.3484781981,0.1694983244,0.009749170393,0.1633647531
2021-10-10 11:00:00,0.2351164818,0.1045117974,0.00856579002,0.1417253315
2021-10-10 12:00:00,0.2064519972,0.1070454493,0.008206004277,0.1153164133
2021-10-10 13:00:00,0.3782757819,0.1358767897,0.004354401026,0.3098507822
2021-10-10 14:00:00,0.2719715536,0.103348121,0.008266134188,0.209003672
2021-10-10 15:00:00,0.1614516079,0.8503512144,0.04729557037,0.08655304462
2021-10-10 16:00:00,0.2290429771,4.16942969e-09,2.823059286e-10,0.1249386594
2021-10-10 17:00:00,0.4823473692,0.001672116225,3.327031983e-10,0.2662216127
2021-10-10 18:00:00,0.4493823946,0.1371447146,0.002950186143,0.2733696103
2021-10-10 19:00:00,0.4978305101,0.1537757367,0.003426147159,0.4112784863
2021-10-10 20:00:00,0.5097840428,0.2750968337,0.003478984116,0.2976733446
2021-10-10 21:00:00,0.4276436865,0.2335499525,0.01088459231,0.318893075
2021-10-10 22:00:00,0.2959477901,0.1059886366,0.007304436527,0.2782205343
2021-10-10 23:00:00,0.2222804576,0.08571345359,0.006702228449,0.1433268934
2021-10-11 00:00:00,0.2308870256,0.132868439,0.001279092627,0.07804740965
2021-10-11 01:00:00,0.09334470332,0.05465811118,0.0009983154014,0.05463673174
2021-10-11 02:00:00,0.2521110475,0.03682576865,0.001834927592,0.3100886941
2021-10-11 03:00:00,0.1690457165,0.05119289085,0.001314030727,0.168177411
2021-10-11 04:00:00,0.09245322645,0.04472388327,0.001072523999,0.05375599116
2021-10-11 05:00:00,0.1450369805,0.05931122229,0.002876445185,0.1003176197
2021-10-11 06:00:00,0.3172813952,0.1620153934,0.006306227762,0.213555783
2021-10-11 07:00:00,0.9489966035,0.5904381275,0.02549519762,0.4558413327
2021-10-11 08:00:00,0.4201444387,0.250916034,0.029374782,0.2929614186
2021-10-11 09:00:00,0.1724807769,0.1093610153,0.001151742996,0.1124581844
2021-10-11 10:00:00,0.1315971464,0.06245898455,0.005865259562,0.06881739944
2021-10-11 11:00:00,0.08119048923,0.03670170903,0.002902949695,0.03460408002
2021-10-11 12:00:00,0.04947207123,0.01618835703,0.002882746048,0.02896971256
2021-10-11 13:00:00,0.1275693178,0.03528064117,0.002111035865,0.08534441888
2021-10-11 14:00:00,0.103805244,0.2067946196,0.02025199309,0.0470149368
2021-10-11 15:00:00,0.1758368015,0.5873592496,0.01014019642,0.2142132372
2021-10-11 16:00:00,0.1849541217,4.027309153e-09,2.776553432e-10,0.1755418926
2021-10-11 17:00:00,0.5950175524,0.1802354008,5.459838137e-10,0.3488827348
2021-10-11 18:00:00,0.464923948,0.1396023929,0.002319472609,0.2838273942
2021-10-11 19:00:00,0.5418192744,0.227560252,0.006385550834,0.3075876832
2021-10-11 20:00:00,0.4495871365,0.1656708121,0.01493776962,0.3342807293
2021-10-11 21:00:00,0.4886808991,0.171168223,0.009553424083,0.3485757411
2021-10-11 22:00:00,0.3175902069,0.2501370907,0.005928931758,0.1386985332
2021-10-11 23:00:00,0.2330917567,0.1452838033,0.01693581417,0.1703455597
2021-10-12 00:00:00,0.2281505018,0.2545030117,0.003945031669,0.1030700803
2021-10-12 01:00:00,0.1519355029,4.805026155e-09,3.190173681e-10,0.0638429001
2021-10-12 02:00:00,0.362031579,0.0668624714,0.0005187177449,0.3695051968
2021-10-12 03:00:00,0.2731734216,0.1020606607,0.002060526749,0.2189886868
2021-10-12 04:00:00,0.1722317934,0.08498740196,0.005153467879,0.09924510121
2021-10-12 05:00:00,0.2371872813,0.1246941835,0.002831338439,0.1298586577
2021-10-12 06:00:00,0.4874966145,0.8031617999,0.07097499073,0.3212425709
2021-10-12 07:00:00,0.8989201188,3.825681549e-09,4.94350616e-10,0.5794962645
2021-10-12 08:00:00,0.3887566626,0.2233804911,0.00121051399,0.2860440314
2021-10-12 09:00:00,0.3130961955,0.1926496774,0.006859990302,0.1331995577
2021-10-12 10:00:00,0.136381641,0.0611904785,0.005725499243,0.07437522709
2021-10-12 11:00:00,0.1502620876,0.06962412596,0.003475102596,0.0747949481
2021-10-12 12:00:00,0.1622600555,0.09018736333,0.006995066535,0.06537058204
2021-10-12 13:00:00,0.1408093274,0.0692332685,0.002060672734,0.0732800737
2021-10-12 14:00:00,0.15927504,0.0400567241,0.001667731674,0.08670325577
2021-10-12 15:00:00,0.2367954254,1.000586033,0.04759196565,0.2415750921
2021-10-12 16:00:00,0.2330190092,0.250412941,1.061476018e-09,0.211892277
2021-10-12 17:00:00,0.6177631021,0.01574795693,0.005607590545,0.4351620078
2021-10-12 18:00:00,0.5184039474,0.0128383236,0.003068324877,0.3532709479
2021-10-12 19:00:00,0.5305044055,0.05581884086,0.002923547989,0.3491429687
2021-10-12 20:00:00,0.5249902606,0.2100988775,0.004812858533,0.3157208264
2021-10-12 21:00:00,0.5485904813,0.2472825795,0.02055756003,0.391938746
2021-10-12 22:00:00,0.4057586789,0.298825115,0.006788527127,0.1650293022
2021-10-12 23:00:00,0.2989855409,0.1568186134,0.006430082023,0.1723101288
2021-10-13 00:00:00,0.3016065359,0.2102545798,0.006737152115,0.1490140706
2021-10-13 01:00:00,0.1577816457,0.0871938169,0.00658978289,0.09090311825
2021-10-13 02:00:00,0.3526456356,0.06588514894,0.00635026861,0.3859058917
2021-10-13 03:00:00,0.2041911185,0.06609097123,0.005916618742,0.1862542033
2021-10-13 04:00:00,0.1653693616,0.08855415881,0.001560747856,0.07364699244
2021-10-13 05:00:00,0.3203430474,0.2687911391,0.07241812348,0.1912400424
2021-10-13 06:00:00,0.5645730495,0.2575928271,0.01228918415,0.3643917739
2021-10-13 07:00:00,0.9284496307,0.4681861699,1.300853647e-09,0.5567037463
2021-10-13 08:00:00,0.4580409527,0.2654352188,0.001298552961,0.3346687853
2021-10-13 09:00:00,0.1770025194,0.09006235749,0.007483557798,0.139964208
2021-10-13 10:00:00,0.1966812313,0.08719857782,0.005478883628,0.1017178372
2021-10-13 11:00:00,0.148501575,0.04865220562,0.003921075258,0.09573349357
2021-10-13 12:00:00,0.1272939295,0.07263831794,0.003275812371,0.08515927196
2021-10-13 13:00:00,0.1932801604,0.09873624891,0.003240181133,0.1108986214
2021-10-13 14:00:00,0.2336888164,0.07693010569,0.0107979998,0.1679642797
2021-10-13 15:00:00,0.2599476576,0.9537324309,0.04103398696,0.2829477787
2021-10-13 16:00:00,0.322193712,0.0003970932739,8.651204753e-10,0.265384078
2021-10-13 17:00:00,0.7537688017,0.06419853866,0.004862393718,0.4293602407
2021-10-13 18:00:00,0.554074347,0.2966293395,0.007133691106,0.3517573178
2021-10-13 19:00:00,0.5670429468,0.1042453423,0.003442591988,0.337915659
2021-10-13 20:00:00,0.5426771641,0.2648738325,0.01270258054,0.3513868749
2021-10-13 21:00:00,0.6866357327,0.3365134001,0.01720290631,0.4868487716
2021-10-13 22:00:00,0.4574355781,0.3139804602,0.007912551984,0.2062281221
2021-10-13 23:00:00,0.3153323233,0.1897089332,0.008123777807,0.2178786993
2021-10-14 00:00:00,0.3082140386,0.1683301032,0.01435530558,0.178380698
2021-10-14 01:00:00,0.1988629997,0.1114303321,0.001847930718,0.09417039156
2021-10-14 02:00:00,0.4615381062,0.1107350886,0.003192961682,0.4451209903
2021-10-14 03:00:00,0.2960445583,0.123847045,0.002290304285,0.2168309242
2021-10-14 04:00:00,0.3029719591,0.1288424134,0.001842427533,0.1633138955
2021-10-14 05:00:00,0.313064605,0.1519294232,0.002620350337,0.1688461304
2021-10-14 06:00:00,0.6179665923,0.900831461,0.0625655055,0.4166207314
2021-10-14 07:00:00,1.022028446,0.002781493589,0.007750118151,0.7874711752
2021-10-14 08:00:00,0.6001796126,0.3709153235,0.01853588782,0.3611412942
2021-10-14 09:00:00,0.2548138201,0.1418774575,0.004561759997,0.1568594873
2021-10-14 10:00:00,0.1381588876,0.05554887652,0.003943203948,0.09207009524
2021-10-14 11:00:00,0.1537507772,0.06571151316,0.008748232387,0.0883763954
2021-10-14 12:00:00,0.1783701628,0.07376085967,0.01349077653,0.1129305065
2021-10-14 13:00:00,0.2751315534,0.1516856253,0.005918473005,0.199246943
2021-10-14 14:00:00,0.3190892935,0.1116926968,0.003811211092,0.2036227435
2021-10-14 15:00:00,0.2647189498,1.145308852,0.05067207292,0.3054716885
2021-10-14 16:00:00,0.3232492208,0.002854076214,4.435102841e-10,0.2693579793
2021-10-14 17:00:00,0.7903209329,0.007819073275,5.455825791e-10,0.5266520977
2021-10-14 18:00:00,0.5959038734,0.1682207733,0.003332143882,0.3996963799
2021-10-14 19:00:00,0.6460965276,0.280225873,0.01006787084,0.3695908487
2021-10-14 20:00:00,0.6021607518,0.2508179545,0.02323537134,0.3896578252
2021-10-14 21:00:00,0.6601040363,0.29467839,0.01683587208,0.4746791422
2021-10-14 22:00:00,0.4577349424,0.3037169874,0.0122030247,0.2303165793
2021-10-14 23:00:00,0.2724561691,0.1500226855,0.006802591495,0.200084731
2021-10-15 00:00:00,0.23979491,0.1487408578,0.005819903221,0.129202351
2021-10-15 01:00:00,0.2323658317,0.1695554107,0.001710317563,0.08144286275
2021-10-15 02:00:00,0.3958558738,0.108314015,0.002683417639,0.3924705982
2021-10-15 03:00:00,0.2011569738,0.06787871569,0.00196686713,0.1837528497
2021-10-15 04:00:00,0.1460906118,0.07540777326,0.001877412666,0.08138779551
2021-10-15 05:00:00,0.3142751455,0.2054187506,0.02078294381,0.1418605745
2021-10-15 06:00:00,0.4229497015,0.1927924454,0.00495751109,0.302741766
2021-10-15 07:00:00,0.9321741462,0.5304753184,0.03306738287,0.6112052202
2021-10-15 08:00:00,0.4750270844,0.2758520246,0.02314644493,0.3875705004
2021-10-15 09:00:00,0.2780744433,0.1445792466,0.009083150886,0.2035522014
2021-10-15 10:00:00,0.3433090448,0.1666740924,0.009228856303,0.171751827
2021-10-15 11:00:00,0.2521565259,0.1083554775,0.01430193242,0.1754841208
2021-10-15 12:00:00,0.2370914221,0.1086049899,0.0078278156,0.1438094527
2021-10-15 13:00:00,0.2867227197,0.1542704254,0.007276946679,0.2266054899
2021-10-15 14:00:00,0.3734917343,0.1307048649,0.009003070183,0.2419505268
2021-10-15 15:00:00,0.3873260617,1.935019255,0.1035898104,0.3617527783
2021-10-15 16:00:00,0.4267840981,4.74737849e-09,3.625037215e-10,0.3433266282
2021-10-15 17:00:00,0.8681619167,2.764149132e-09,2.532334897e-10,0.6061356664
2021-10-15 18:00:00,0.6646772623,4.160884526e-09,3.19910376e-10,0.4292752445
2021-10-15 19:00:00,0.7182552218,0.06994384527,0.003314070636,0.4392207265
2021-10-15 20:00:00,0.6317933202,0.2021969557,0.003988749813,0.4131143093
2021-10-15 21:00:00,0.6554480791,0.2203053832,0.01620486379,0.5070396066
2021-10-15 22:00:00,0.4579999447,0.298045814,0.008964434266,0.2392451167
2021-10-15 23:00:00,0.2802381814,0.151015237,0.006142675877,0.1858900636
2021-10-16 00:00:00,0.2273623943,0.089925237,0.003150785575,0.1839146018
2021-10-16 01:00:00,0.1468945146,0.06440602988,0.001806742745,0.07782819867
2021-10-16 02:00:00,0.135434702,0.05792314559,0.001190718962,0.06821102649
2021-10-16 03:00:00,0.1752186716,0.1279941946,0.001077173743,0.05944259837
2021-10-16 04:00:00,0.1555221975,0.08403630555,0.001108682482,0.06626337767
2021-10-16 05:00:00,0.1551555693,0.1062218696,0.01984943449,0.08692934364
2021-10-16 06:00:00,0.1726043224,0.07664144784,0.0005626968923,0.09650018066
2021-10-16 07:00:00,0.9104280472,0.4835522771,0.0262478739,0.7119713426
2021-10-16 08:00:00,0.848292172,0.5028507113,0.01291299332,0.4193182588
2021-10-16 09:00:00,0.7088533044,0.3200432956,0.03084845841,0.5115389228
2021-10-16 10:00:00,0.3591062129,0.1716379821,0.007988695987,0.2447626591
2021-10-16 11:00:00,0.2643281519,0.1096196324,0.01288913283,0.1768449843
2021-10-16 12:00:00,0.2211326659,0.09810995311,0.009370122105,0.1312087327
2021-10-16 13:00:00,0.430786401,0.1722094417,0.006055020262,0.3599165678
2021-10-16 14:00:00,0.3515661657,0.1327575296,0.01369221509,0.3068201542
2021-10-16 15:00:00,0.3915124834,2.737304211,0.1814684421,0.3311485052
2021-10-16 16:00:00,0.5004911423,2.073490268e-09,1.570104879e-10,0.2688297629
2021-10-16 17:00:00,0.7241161466,1.347291168e-09,1.093072508e-10,0.4195625484
2021-10-16 18:00:00,0.5887414813,1.521294202e-09,1.12511063e-10,0.3901685774
2021-10-16 19:00:00,0.6123842001,2.011891542e-09,1.358277657e-10,0.5143555999
2021-10-16 20:00:00,0.694324255,2.836272994e-09,1.522049986e-10,0.4774747193
2021-10-16 21:00:00,0.6063358188,3.265159467e-05,1.531238331e-10,0.4938215315
2021-10-16 22:00:00,0.4423074722,0.0309704151,2.381110864e-10,0.3935365379
2021-10-16 23:00:00,0.2951914966,0.0787082091,0.002231080784,0.2174405009
2021-10-17 00:00:00,0.237276867,0.115657784,0.001762542175,0.1615071297
2021-10-17 01:00:00,0.1663434058,0.06900510192,0.0006319818785,0.08972137421
2021-10-17 02:00:00,0.1987824589,0.07080254704,0.00226264121,0.120525673
2021-10-17 03:00:00,0.2078224719,0.1084622443,0.003632136388,0.1032504663
2021-10-17 04:00:00,0.1596078128,0.08585239947,0.002131693996,0.07757308334
2021-10-17 05:00:00,0.1999612004,0.1056325734,0.01382768247,0.1234737337
2021-10-17 06:00:00,0.2917495966,0.8664326668,0.06130008399,0.129578948
2021-10-17 07:00:00,0.8835343122,1.280986606e-08,6.193227042e-10,0.8124136329
2021-10-17 08:00:00,0.6299111843,0.1589444876,0.0009864486055,0.3573717773
2021-10-17 09:00:00,0.4803728163,0.1953329146,0.01763016917,0.3558312953
2021-10-17 10:00:00,0.3505613506,0.1647150815,0.009722449817,0.2313266098
2021-10-17 11:00:00,0.3029102385,0.1229862347,0.01008660346,0.2097653598
2021-10-17 12:00:00,0.2454407662,0.0991987735,0.007439615205,0.1650626957
2021-10-17 13:00:00,0.5038868189,0.2079274654,0.008070796728,0.3792685866
2021-10-17 14:00:00,0.3419138193,0.1275074631,0.007759456057,0.2680261135
2021-10-17 15:00:00,0.3493183851,1.358579755,0.07094331831,0.2923722267
2021-10-17 16:00:00,0.399440527,3.983206209e-09,2.898101203e-10,0.2391392589
2021-10-17 17:00:00,0.6817733049,6.76779921e-09,3.514930569e-10,0.4632911086
2021-10-17 18:00:00,0.6238687634,0.139796868,0.002623890061,0.4455358982
2021-10-17 19:00:00,0.755550921,0.2026811838,0.003381948685,0.5271128416
2021-10-17 20:00:00,0.7410983443,0.2913212478,0.004827708937,0.4706794918
2021-10-17 21:00:00,0.5853124857,0.3037451208,0.01377039962,0.4674975276
2021-10-17 22:00:00,0.4193022549,0.1573625356,0.01244102046,0.3879823983
2021-10-17 23:00:00,0.3131820261,0.123956807,0.02054761164,0.2468716204
2021-10-18 00:00:00,0.3087042272,0.1626567245,0.001505097141,0.1369317919
2021-10-18 01:00:00,0.1597464085,0.07741896808,0.003169497475,0.1032521948
2021-10-18 02:00:00,0.4259929061,0.1125990376,0.002547362121,0.3942209482
2021-10-18 03:00:00,0.2148949057,0.06729128957,0.001388190896,0.1855045706
2021-10-18 04:00:00,0.1931663305,0.08699794859,0.001366921933,0.1015851796
2021-10-18 05:00:00,0.215756014,0.08350776136,0.002106195316,0.1389922947
2021-10-18 06:00:00,0.3427579105,0.1617599279,0.0239860937,0.3177789748
2021-10-18 07:00:00,0.9908147454,0.5969398618,0.01159763616,0.5203436613
2021-10-18 08:00:00,0.5929493308,0.3601784408,0.04675560072,0.4943867624
2021-10-18 09:00:00,0.2613236606,0.1235293522,0.001004248043,0.1971284598
2021-10-18 10:00:00,0.1448933929,0.06108734384,0.01222400833,0.1386560202
2021-10-18 11:00:00,0.1716054231,0.06260164082,0.004236859269,0.1343595237
2021-10-18 12:00:00,0.1942264289,0.08164526522,0.00437256135,0.1367928982
2021-10-18 13:00:00,0.2742183506,0.1384310275,0.004095137119,0.2334116399
2021-10-18 14:00:00,0.3380417526,0.1984613985,0.05559464172,0.2770261168
2021-10-18 15:00:00,0.3773214519,0.708224535,0.02563595586,0.3847075105
2021-10-18 16:00:00,0.5045439601,4.54273108e-09,3.025399931e-10,0.2912141979
2021-10-18 17:00:00,0.8084236979,0.1850474924,5.893376898e-10,0.5945107937
2021-10-18 18:00:00,0.5603542924,0.1863862723,0.003465304617,0.4168141484
2021-10-18 19:00:00,0.6036779881,0.3169888258,0.01013967767,0.3656844497
2021-10-18 20:00:00,0.5598936677,0.2919891775,0.01615386456,0.3812924623
2021-10-18 21:00:00,0.6131359935,0.277670145,0.01560569927,0.4693963826
2021-10-18 22:00:00,0.3999152184,0.2652295232,0.009072965011,0.2011336982
2021-10-18 23:00:00,0.3058196604,0.1905809343,0.005552970804,0.2514873147
2021-10-19 00:00:00,0.2465165555,0.2598939836,0.006294094026,0.1210248992
2021-10-19 01:00:00,0.1759634912,1.020401452e-08,3.635323709e-10,0.09314013273
2021-10-19 02:00:00,0.3749259114,0.05313433334,0.000403681508,0.3928306103
2021-10-19 03:00:00,0.2070892602,0.06117996573,0.001200941391,0.1806955934
2021-10-19 04:00:00,0.1600160599,0.06804234535,0.001164105139,0.09094139934
2021-10-19 05:00:00,0.2095340788,0.06896899641,0.00607755594,0.1661161482
2021-10-19 06:00:00,0.4404509068,0.995827198,0.0733416453,0.2903228104
2021-10-19 07:00:00,0.9642131329,1.063658228e-08,5.168167005e-10,0.5908792019
2021-10-19 08:00:00,0.7738679647,0.2912114859,0.00226525683,0.5637887716
2021-10-19 09:00:00,0.4480051696,0.2493387312,0.0138869416,0.2877992094
2021-10-19 10:00:00,0.3181360662,0.141171515,0.009541682899,0.2100658864
2021-10-19 11:00:00,0.2140865326,0.07991308719,0.0132012479,0.1568935513
2021-10-19 12:00:00,0.2295598984,0.07495309412,0.004757637158,0.1603574455
2021-10-19 13:00:00,0.300088197,0.1647020578,0.005317254923,0.2397271097
2021-10-19 14:00:00,0.3109976053,0.09133972973,0.004651654977,0.2300383747
2021-10-19 15:00:00,0.3299271464,1.087760806,0.08510736376,0.3444772363
2021-10-19 16:00:00,0.4919266105,0.0132791698,1.125244786e-09,0.3428579867
2021-10-19 17:00:00,0.7455893755,0.1279704571,0.006217954215,0.5332465768
2021-10-19 18:00:00,0.605653286,0.1742669344,0.003786255373,0.4610422254
2021-10-19 19:00:00,0.6547865868,0.2394630909,0.003802297637,0.442599535
2021-10-19 20:00:00,0.6180456281,0.2390112132,0.006236573681,0.4368321002
2021-10-19 21:00:00,0.7803856134,0.3491205573,0.02515506372,0.5961343646
2021-10-19 22:00:00,0.4522564709,0.2897801399,0.01153154112,0.2578983307
2021-10-19 23:00:00,0.3001405001,0.1224637926,0.01041681133,0.3072224557
2021-10-20 00:00:00,0.1410564929,0.08103360236,0.001860988326,0.1198671013
2021-10-20 01:00:00,0.1359627098,0.07457346469,0.003171703313,0.08776397258
2021-10-20 02:00:00,0.3751618266,0.06776135415,0.002834186889,0.4134780169
2021-10-20 03:00:00,0.2310577333,0.2801559865,0.001619878924,0.1952693909
2021-10-20 04:00:00,0.2145777941,0.227465719,0.00165333203,0.1040879339
2021-10-20 05:00:00,0.3120505214,1.451493592e-08,0.08664182574,0.1873654425
2021-10-20 06:00:00,0.3793647289,0.719958365,0.0117458133,0.3169521093
2021-10-20 07:00:00,1.204843521,3.993407383e-09,1.332962185e-09,0.8884871602
2021-10-20 08:00:00,0.4676123857,0.2592479885,0.001560763456,0.4886029065
2021-10-20 09:00:00,0.2786562145,0.1210473552,0.01364622638,0.2527089715
2021-10-20 10:00:00,0.3131507635,0.1307845116,0.01405140106,0.1720080525
2021-10-20 11:00:00,0.1232225895,0.04055909067,0.0062489626,0.09734440595
2021-10-20 12:00:00,0.1623447388,0.07883265615,0.003436926985,0.08127085865
2021-10-20 13:00:00,0.1589412093,0.06656752527,0.003634406487,0.1576405466
2021-10-20 14:00:00,0.2369395196,0.06402239949,0.006896659266,0.2131090462
2021-10-20 15:00:00,0.2300787717,2.010032177,0.05331549793,0.2550666034
2021-10-20 16:00:00,0.310020119,0.2403939664,8.887420799e-10,0.2676093876
2021-10-20 17:00:00,0.8516953588,7.762891663e-09,0.00666701002,0.6355860233
2021-10-20 18:00:00,0.9031476974,3.108684865e-09,0.01297967415,0.6027235985
2021-10-20 19:00:00,0.8426065445,2.796074483e-09,0.003966578282,0.5233347416
2021-10-20 20:00:00,0.7806183696,0.2275731564,0.03527818248,0.5546133518
2021-10-20 21:00:00,0.9606564641,0.2839926481,0.02733469754,0.735882163
2021-10-20 22:00:00,0.5428087115,0.355666101,0.01445900369,0.2720146477
2021-10-20 23:00:00,0.479954809,0.2196047604,0.01015778165,0.4205245078
2021-10-21 00:00:00,0.2468120605,0.107488364,0.01170946006,0.2224519849
2021-10-21 01:00:00,0.1559767127,0.08295822144,0.00528332172,0.09581679106
2021-10-21 02:00:00,0.4108694792,0.07645915449,0.003148172051,0.4319429696
2021-10-21 03:00:00,0.2051675767,0.06531458348,0.001456384314,0.1821396649
2021-10-21 04:00:00,0.1698463857,0.0863301903,0.002921462059,0.09383317083
2021-10-21 05:00:00,0.1875466555,0.09270198643,0.002237708308,0.1190999597
2021-10-21 06:00:00,0.4919807911,0.3531227112,0.05081482232,0.3429476023
2021-10-21 07:00:00,1.220292211,0.6323817372,0.00711816363,0.7520231009
2021-10-21 08:00:00,0.8179532886,0.4496386051,0.03106962703,0.5923553109
2021-10-21 09:00:00,0.5041307211,0.2784440219,0.01579076983,0.3154164255
2021-10-21 10:00:00,0.4078651071,0.1852517724,0.01281779073,0.2587989271
2021-10-21 11:00:00,0.3862790763,0.1567441374,0.008451411501,0.2402796447
2021-10-21 12:00:00,0.361836344,0.1575933993,0.008009059355,0.2215037346
2021-10-21 13:00:00,0.5408895016,0.2633113861,0.02051809244,0.4230062068
2021-10-21 14:00:00,0.532453537,0.1551856846,0.008225243539,0.4143090844
2021-10-21 15:00:00,0.4242934883,0.7446934581,0.07715019584,0.4081888199
2021-10-21 16:00:00,0.4166981578,7.886511e-09,4.695617783e-10,0.3778851032
2021-10-21 17:00:00,0.793664217,0.1595911831,5.783208912e-10,0.5452432632
2021-10-21 18:00:00,0.4958330989,0.1655547172,0.002852062462,0.3947061002
2021-10-21 19:00:00,0.5348311663,0.3215906024,0.01238736045,0.3353449404
2021-10-21 20:00:00,0.5149526596,0.2726226449,0.01340315957,0.3611185253
2021-10-21 21:00:00,0.551017642,0.2564205527,0.01198892854,0.4337669611
2021-10-21 22:00:00,0.4197588265,0.2719282806,0.01151396893,0.2458159029
2021-10-21 23:00:00,0.3338918984,0.1929113418,0.005761717446,0.1978064179
2021-10-22 00:00:00,0.1829800308,0.09678582847,0.002817617264,0.1310995072
2021-10-22 01:00:00,0.1174633577,0.06372244656,0.001144263661,0.07568860799
2021-10-22 02:00:00,0.3287702799,0.05518872663,0.002297571395,0.370686233
2021-10-22 03:00:00,0.1756859869,0.05281460658,0.001693858649,0.1756320447
2021-10-22 04:00:00,0.2491434366,0.143234849,0.00105047191,0.07718896866
2021-10-22 05:00:00,0.2445454895,0.09142969549,0.02573318593,0.2248773575
2021-10-22 06:00:00,0.4699130952,0.2664749026,0.004247829318,0.3046437204
2021-10-22 07:00:00,0.8985412717,0.5017781258,0.02181235701,0.599583745
2021-10-22 08:00:00,0.5752335191,0.3200144768,0.02466892451,0.4293103218
2021-10-22 09:00:00,0.3946995735,0.2306583226,0.02109714039,0.2542891204
2021-10-22 10:00:00,0.2713062167,0.1103275344,0.01288812049,0.1995571256
2021-10-22 11:00:00,0.2308987975,0.08714278042,0.009238898754,0.1586814076
2021-10-22 12:00:00,0.1600177586,0.05389446765,0.003274433082,0.1071921736
2021-10-22 13:00:00,0.3046694696,0.1562197208,0.004411028232,0.2045439482
2021-10-22 14:00:00,0.4280844629,0.123906821,0.002272760961,0.3202868998
2021-10-22 15:00:00,0.4341322482,1.829135418,0.1142250076,0.3797836006
2021-10-22 16:00:00,0.4948119521,6.36886055e-09,3.85079385e-10,0.3861120045
2021-10-22 17:00:00,0.7612980008,4.225102934e-09,2.534507326e-10,0.6183851361
2021-10-22 18:00:00,0.645580709,0.004878097214,3.363901935e-10,0.5133786798
2021-10-22 19:00:00,0.8000336289,0.2793467641,0.003486498259,0.5054430366
2021-10-22 20:00:00,0.7056158781,0.1823770702,0.00351986126,0.5078889728
2021-10-22 21:00:00,0.7482638359,0.1952189505,0.00865970552,0.5849490762
2021-10-22 22:00:00,0.4747743309,0.2391312718,0.01912765205,0.2790108025
2021-10-22 23:00:00,0.4225028455,0.2071058303,0.007908053696,0.3074316978
2021-10-23 00:00:00,0.3547880948,0.1721501499,0.006650730036,0.3111508489
2021-10-23 01:00:00,0.2534123361,0.1263406575,0.00245391624,0.1339202374
2021-10-23 02:00:00,0.3754996955,0.2373074293,0.002441441873,0.126601696
2021-10-23 03:00:00,0.2390403301,0.1070630327,0.001736185979,0.1183824539
2021-10-23 04:00:00,0.1970865726,0.08900135756,0.002980853664,0.1125750393
2021-10-23 05:00:00,0.2322894931,0.1497872025,0.03127285838,0.1216602027
2021-10-23 06:00:00,0.2645270824,0.08549020439,0.0009473203099,0.2017281801
2021-10-23 07:00:00,1.028543711,0.5005876422,0.02927941643,0.8799827695
2021-10-23 08:00:00,0.9323446155,0.5180779099,0.03043179587,0.6162378788
2021-10-23 09:00:00,0.5137324333,0.1883778125,0.01985987648,0.4720211625
2021-10-23 10:00:00,0.3389015198,0.1348425895,0.004984624684,0.2719842792
2021-10-23 11:00:00,0.2973425686,0.114381887,0.01035408024,0.2064896077
2021-10-23 12:00:00,0.2302884907,0.08127641678,0.01537516993,0.1876561791
2021-10-23 13:00:00,0.4652166367,0.1723742932,0.007117397152,0.3798480034
2021-10-23 14:00:00,0.4376097918,0.1990677118,0.006925649475,0.2967386842
2021-10-23 15:00:00,0.513678968,2.92987895,0.1979257017,0.4576131403
2021-10-23 16:00:00,0.5351421237,1.962749296e-09,1.681257911e-10,0.3825065494
2021-10-23 17:00:00,0.7157103419,1.256151072e-09,1.096085861e-10,0.5066319108
2021-10-23 18:00:00,0.6720915437,1.42731571e-09,1.186745702e-10,0.5366271138
2021-10-23 19:00:00,0.6704599261,1.755146806e-09,1.357154111e-10,0.6271257401
2021-10-23 20:00:00,0.726432085,2.376976616e-09,1.529920912e-10,0.5248010159
2021-10-23 21:00:00,0.6499807835,3.175471885e-09,1.563573021e-10,0.5261883736
2021-10-23 22:00:00,0.5481892824,0.02175689675,0.0004540800001,0.5140314698
2021-10-23 23:00:00,0.3080777526,0.04755714163,0.002923848573,0.3071332872
2021-10-24 00:00:00,0.2820206285,0.08533518016,0.001491351752,0.2740619779
2021-10-24 01:00:00,0.2411472946,0.1094898731,0.0009448193014,0.1368099004
2021-10-24 02:00:00,0.1800148636,0.073396869,0.001586001599,0.1173962057
2021-10-24 03:00:00,0.1520793289,0.07298059016,0.001417169115,0.08811213821
2021-10-24 04:00:00,0.158366859,0.07860058546,0.001462136977,0.09015784413
2021-10-24 05:00:00,0.1398929209,0.0628271699,0.001551065361,0.08689302206
2021-10-24 06:00:00,0.318058759,0.963306725,0.08638729155,0.1719396114
2021-10-24 07:00:00,1.139065266,0.01004352048,6.238706773e-10,1.004157186
2021-10-24 08:00:00,0.8466258645,0.2938200533,0.003124145325,0.5076159835
2021-10-24 09:00:00,0.6018431783,0.2474190891,0.01445485093,0.5031491518
2021-10-24 10:00:00,0.4194361269,0.1660535634,0.0102485735,0.3242451251
2021-10-24 11:00:00,0.3613931239,0.1358247697,0.009333204478,0.2620624602
2021-10-24 12:00:00,0.2731268108,0.1130894423,0.007919916883,0.2038024813
2021-10-24 13:00:00,0.4433153868,0.1798999906,0.006836073473,0.3476603031
2021-10-24 14:00:00,0.341024816,0.1253846735,0.003990697209,0.2770683169
2021-10-24 15:00:00,0.4546349347,2.456793785,0.1266463399,0.4112837613
2021-10-24 16:00:00,0.4420699179,4.254700592e-09,3.156173656e-10,0.3510789871
2021-10-24 17:00:00,0.6267266273,5.535862879e-09,3.676616234e-10,0.4266977012
2021-10-24 18:00:00,0.7583395839,3.125700365e-09,0.006678362377,0.6637309194
2021-10-24 19:00:00,0.792214632,0.004942314234,0.004699479789,0.7342369556
2021-10-24 20:00:00,1.000132322,0.06429748237,0.008300617337,0.7128687501
2021-10-24 21:00:00,0.9312502146,0.2686162591,0.01612575911,0.7094995975
2021-10-24 22:00:00,0.6666154861,0.2239076495,0.01423945557,0.562318325
2021-10-24 23:00:00,0.5060241222,0.1860114038,0.0278177131,0.4791533053
2021-10-25 00:00:00,0.4133485854,0.222482428,0.010212088,0.2986302972
2021-10-25 01:00:00,0.2906599343,0.1596231908,0.003070450155,0.181534484
2021-10-25 02:00:00,0.5995597839,0.158349365,0.004840633832,0.5803304911
2021-10-25 03:00:00,0.4125894606,0.1814387739,0.00473016873,0.3309435844
2021-10-25 04:00:00,0.3969546556,0.2051556706,0.005227884743,0.2392717898
2021-10-25 05:00:00,0.4225338101,0.2186288685,0.02690151334,0.2988324463
2021-10-25 06:00:00,0.9289449453,0.4156522751,0.03290386125,0.767218411
2021-10-25 07:00:00,1.571015954,0.8282325268,0.05563356355,1.250515699
2021-10-25 08:00:00,0.9492056966,0.4502130151,0.08468532562,0.9756428003
2021-10-25 09:00:00,0.5271717906,0.2367983758,0.002193096327,0.4465106726
2021-10-25 10:00:00,0.3860102296,0.1453389674,0.02054848894,0.4270559251
2021-10-25 11:00:00,0.3902420998,0.1691796929,0.01105025224,0.2402892113
2021-10-25 12:00:00,0.2484344244,0.07679329813,0.007435789797,0.1730815619
2021-10-25 13:00:00,0.331885159,0.1488907039,0.006809977349,0.2625584602
2021-10-25 14:00:00,0.4343929589,0.1063709185,0.08998645842,0.3637084663
2021-10-25 15:00:00,0.508764863,3.356918573,0.03267017007,0.4448296428
2021-10-25 16:00:00,0.5856419802,2.910202523e-09,2.881987426e-10,0.4601140916
2021-10-25 17:00:00,1.027688384,2.519612963e-09,5.817841209e-10,0.8255820274
2021-10-25 18:00:00,0.943302691,2.486604478e-09,0.00633277325,0.7988023758
2021-10-25 19:00:00,1.057966113,1.973277763e-09,0.02435089834,0.8329685926
2021-10-25 20:00:00,0.933021009,0.03141096607,0.0333307907,0.7434895635
2021-10-25 21:00:00,1.13376689,0.2145435363,0.0362425074,0.9427980185
2021-10-25 22:00:00,0.7209536433,0.2523833513,0.02462138049,0.4870196879
2021-10-25 23:00:00,0.5089085698,0.21914424,0.01376019977,0.4877389073
2021-10-26 00:00:00,0.4029638767,0.2393996716,0.008947356604,0.2868565023
2021-10-26 01:00:00,0.2749092579,0.128191784,3.815108784e-10,0.1404376626
2021-10-26 02:00:00,0.5475777984,0.1225231513,0.001159346662,0.5325282812
2021-10-26 03:00:00,0.3217706978,0.1268101186,0.01802797988,0.279060483
2021-10-26 04:00:00,0.2811704278,0.1490025222,0.002987886081,0.1412798166
2021-10-26 05:00:00,0.3166356087,0.1734879464,0.005308711436,0.2040870935
2021-10-26 06:00:00,0.6523811221,1.229612589,0.1265770942,0.578327775
2021-10-26 07:00:00,1.595358849,5.969762906e-09,5.219528698e-10,1.280824542
2021-10-26 08:00:00,0.7808427215,0.3954495192,0.00207130448,0.6659077406
2021-10-26 09:00:00,0.4692463577,0.2077401876,0.02270535752,0.3819539249
2021-10-26 10:00:00,0.2777999043,0.1063888147,0.01192286704,0.2001846731
2021-10-26 11:00:00,0.2937663198,0.1292696595,0.003110231832,0.1891110539
2021-10-26 12:00:00,0.2757333517,0.1183274016,0.001838267781,0.1530067921
2021-10-26 13:00:00,0.3784484267,0.1576308906,0.001882284647,0.3305823207
2021-10-26 14:00:00,0.4657675326,0.1387872696,0.00520750694,0.362768501
2021-10-26 15:00:00,0.4929811358,1.076522231,0.1212681979,0.401498884
2021-10-26 16:00:00,0.6251282692,0.1185179278,1.088783508e-09,0.4420168698
2021-10-26 17:00:00,0.8535882831,0.2564702034,0.007693055551,0.7940022945
2021-10-26 18:00:00,0.7563434243,0.2080988139,0.004997080192,0.6274543405
2021-10-26 19:00:00,0.7786769271,0.2668541372,0.003140950575,0.4858008325
2021-10-26 20:00:00,0.7591260076,0.2897217274,0.007229304872,0.5338480473
2021-10-26 21:00:00,0.801657021,0.3508853912,0.0213451162,0.6138325334
2021-10-26 22:00:00,0.5254776478,0.3331579566,0.009355840273,0.3104484975
2021-10-26 23:00:00,0.2785022557,0.1122624502,0.009505990893,0.274061203
2021-10-27 00:00:00,0.2075291425,0.1032269821,0.002593829995,0.1619216204
2021-10-27 01:00:00,0.1441984177,0.07466828823,0.002082900144,0.08908298612
2021-10-27 02:00:00,0.3799130321,0.06313970685,0.003279320896,0.4098581076
2021-10-27 03:00:00,0.2226931155,0.0667732507,0.003244424937,0.2054145783
2021-10-27 04:00:00,0.1631515622,0.06710265577,0.002667144407,0.1029243693
2021-10-27 05:00:00,0.4505012929,0.4805291593,0.08171644062,0.2304346412
2021-10-27 06:00:00,0.4752877951,0.2146961242,0.01257509552,0.458162874
2021-10-27 07:00:00,1.10561204,0.4451017976,1.30110489e-09,0.7996474504
2021-10-27 08:00:00,0.5765255094,0.2811647654,0.00116830389,0.4813216329
2021-10-27 09:00:00,0.3215500116,0.1763681471,0.0108697582,0.2287528962
2021-10-27 10:00:00,0.1727565676,0.06621882319,0.00903522037,0.1332453936
2021-10-27 11:00:00,0.1788990945,0.08557409048,0.004344483837,0.09422917664
2021-10-27 12:00:00,0.09328826517,0.04033283144,0.002477920614,0.05701681972
2021-10-27 13:00:00,0.191521287,0.08673590422,0.002299388405,0.120283246
2021-10-27 14:00:00,0.3801205158,0.1094605625,0.004988012835,0.2882257998
2021-10-27 15:00:00,0.3299276829,0.543979466,0.05569684505,0.2984655797
2021-10-27 16:00:00,0.3970814645,0.01996082999,8.843625832e-10,0.3097785711
2021-10-27 17:00:00,0.6676765084,0.1855680943,0.00477695372,0.4755176604
2021-10-27 18:00:00,0.4636023641,0.2804419994,0.01025252976,0.384806931
2021-10-27 19:00:00,0.6556423306,0.2897979617,0.002435805975,0.3587802649
2021-10-27 20:00:00,0.5628496408,0.29661569,0.01360748895,0.3796396554
2021-10-27 21:00:00,0.6708945632,0.3106269836,0.01355097163,0.4829774499
2021-10-27 22:00:00,0.3931522965,0.2729320824,0.009291641414,0.180854395
2021-10-27 23:00:00,0.2933898568,0.1480668038,0.007221125066,0.2890743613
2021-10-28 00:00:00,0.1846351177,0.1167588457,0.002859081607,0.1477130055
2021-10-28 01:00:00,0.1690026522,0.1019140035,0.001619245857,0.1013319045
2021-10-28 02:00:00,0.4092768729,0.09075359255,0.002842075424,0.4263946414
2021-10-28 03:00:00,0.2045865357,0.0615048185,0.001536907861,0.187451303
2021-10-28 04:00:00,0.1918434203,0.08890689164,0.001785861794,0.1171803251
2021-10-28 05:00:00,0.1846878231,0.08577060699,0.001346277772,0.1218407229
2021-10-28 06:00:00,0.4518924057,0.3664422035,0.0527773276,0.396640867
2021-10-28 07:00:00,1.049004078,0.4385963976,0.004843705799,0.767120719
2021-10-28 08:00:00,0.8333003521,0.4491643906,0.02789214812,0.6562069058
2021-10-28 09:00:00,0.511518836,0.2739436328,0.01008862723,0.3216890097
2021-10-28 10:00:00,0.2632670999,0.0719980821,0.006160163786,0.2174292207
2021-10-28 11:00:00,0.1581448913,0.04055771232,0.001664047595,0.12171451
2021-10-28 12:00:00,0.1181719899,0.05542331561,0.01074399054,0.08442855626
2021-10-28 13:00:00,0.2940760851,0.146915108,0.002045325469,0.1529685408
2021-10-28 14:00:00,0.3006295264,0.08201403916,0.002654256765,0.2199139148
2021-10-28 15:00:00,0.2932400703,1.293704033,0.06877171993,0.2629357576
2021-10-28 16:00:00,0.5371478796,8.12725176e-09,4.598299796e-10,0.4026637673
2021-10-28 17:00:00,0.8359683752,6.346760006e-09,5.70302694e-10,0.6820805669
2021-10-28 18:00:00,0.6485372782,0.1503192782,0.003763211891,0.4911838472
2021-10-28 19:00:00,0.7389814854,0.2215689123,0.01554642059,0.4977247119
2021-10-28 20:00:00,0.6796075106,0.3158363402,0.01572746411,0.4649992585
2021-10-28 21:00:00,0.7975566387,0.3565073907,0.02827735059,0.6199788451
2021-10-28 22:00:00,0.5676501393,0.3618469536,0.01447731815,0.3189618587
2021-10-28 23:00:00,0.3432559967,0.1399815232,0.007251837756,0.3182942569
2021-10-29 00:00:00,0.2054342628,0.1292349696,0.004797102418,0.142646268
2021-10-29 01:00:00,0.1626891345,0.08261474967,0.001399910543,0.09763864428
2021-10-29 02:00:00,0.3995586634,0.06436410546,0.002565766452,0.4281474352
2021-10-29 03:00:00,0.1839696616,0.05128737539,0.001462146291,0.1739266813
2021-10-29 04:00:00,0.1204369217,0.05036383495,0.0009876496624,0.07114572078
2021-10-29 05:00:00,0.1336877495,0.117967017,0.02318531089,0.1246092767
2021-10-29 06:00:00,0.3345729113,0.08721974492,0.0049783336,0.3425877988
2021-10-29 07:00:00,1.204544902,0.7069861293,0.02963708155,0.7104122043
2021-10-29 08:00:00,0.6461679935,0.3806081116,0.02106113918,0.4834755361
2021-10-29 09:00:00,0.3103276789,0.1736619323,0.009214182384,0.2198573649
2021-10-29 10:00:00,0.3249523938,0.1143812612,0.01509347279,0.2530228198
2021-10-29 11:00:00,0.2629538476,0.1139387488,0.006196108647,0.1812748611
2021-10-29 12:00:00,0.3294390738,0.1532724202,0.006280264817,0.1907311082
2021-10-29 13:00:00,0.3901267052,0.2049421072,0.003110339865,0.3201624751
2021-10-29 14:00:00,0.6010563374,0.2116710693,0.005087246187,0.4439868927
2021-10-29 15:00:00,0.4872675836,1.675969362,0.1373936832,0.4439911544
2021-10-29 16:00:00,0.4607209861,6.201746672e-09,3.991777187e-10,0.4058787823
2021-10-29 17:00:00,0.8447230458,4.212754146e-09,2.495011975e-10,0.5936697721
2021-10-29 18:00:00,0.6844190955,0.01262325514,3.238614932e-10,0.5614933968
2021-10-29 19:00:00,0.6356185079,0.1912352592,0.002203105018,0.4255924225
2021-10-29 20:00:00,0.7456784248,0.2737343907,0.004992783535,0.5636476874
2021-10-29 21:00:00,0.8352683187,0.2602349222,0.01537539996,0.6682927608
2021-10-29 22:00:00,0.4309082925,0.2553297579,0.01457930915,0.2807514071
2021-10-29 23:00:00,0.2998147607,0.1034343839,0.008994496427,0.3299770653
2021-10-30 00:00:00,0.4477823079,0.2328470498,0.005101728253,0.304736495
2021-10-30 01:00:00,0.182422325,0.07726896554,0.001330768224,0.1039317101
2021-10-30 02:00:00,0.1359407604,0.04692333192,0.002827297198,0.0918174386
2021-10-30 03:00:00,0.1320866197,0.08520923555,0.0007191058248,0.05865135789
2021-10-30 04:00:00,0.1241950095,0.06671631336,0.0007867544773,0.0605375208
2021-10-30 05:00:00,0.114817515,0.09770591557,0.02340363339,0.09196235985
2021-10-30 06:00:00,0.1809778959,0.04602707922,0.001068327809,0.147669211
2021-10-30 07:00:00,0.9195465446,0.527007401,0.02892782167,0.7808795571
2021-10-30 08:00:00,0.7324508429,0.3914330304,0.01140234433,0.4469643235
2021-10-30 09:00:00,0.832380712,0.3313123286,0.01484158263,0.5924115777
2021-10-30 10:00:00,0.5446154475,0.2427100241,0.02613605186,0.4273207486
2021-10-30 11:00:00,0.3908210397,0.1447348595,0.009917561896,0.2838750482
2021-10-30 12:00:00,0.244467169,0.0925617367,0.005171975121,0.1635862142
2021-10-30 13:00:00,0.3418119848,0.1242635697,0.003906179219,0.2716155946
2021-10-30 14:00:00,0.2931419909,0.1019513458,0.01111150533,0.2162534893
2021-10-30 15:00:00,0.4448580742,2.570246935,0.1606087685,0.4021170735
2021-10-30 16:00:00,0.4622497857,1.999253207e-09,1.556600682e-10,0.3351617754
2021-10-30 17:00:00,0.6389074326,1.324380716e-09,1.051349077e-10,0.4581705034
2021-10-30 18:00:00,0.6340562105,1.591108245e-09,1.130311192e-10,0.4538915455
2021-10-30 19:00:00,0.6458335519,2.25776664e-09,1.322404825e-10,0.5435498357
2021-10-30 20:00:00,0.7195968628,7.593343732e-09,1.484671275e-10,0.5062975883
2021-10-30 21:00:00,0.6398786902,0.0104575092,1.532332317e-10,0.5573521852
2021-10-30 22:00:00,0.4643852711,0.07634786516,2.564991275e-10,0.4316371977
2021-10-30 23:00:00,0.2967885137,0.09751861542,0.002016027225,0.2540843487
2021-10-31 00:00:00,0.2604333162,0.08892640471,0.00117650663,0.2263872027
2021-10-31 01:00:00,0.1707199365,0.06629315019,0.00106931862,0.112030454
2021-10-31 02:00:00,0.1658803672,0.07383429259,0.001813438488,0.09713596106
2021-10-31 03:00:00,0.1428333223,0.04795499146,0.001214244519,0.09016527981
2021-10-31 04:00:00,0.1435654461,0.05235139281,0.001124714036,0.08705762774
2021-10-31 05:00:00,0.3080692887,0.1605840623,0.001211310388,0.09887357801
2021-10-31 06:00:00,0.2338870764,0.9600523114,0.07983323932,0.1271723509
2021-10-31 07:00:00,1.136591196,1.072502709e-08,6.496360672e-10,1.037642002
2021-10-31 08:00:00,0.8522362113,0.2285708785,0.003656941466,0.5086423159
2021-10-31 09:00:00,0.6148741841,0.2325787991,0.01815128513,0.6125923395
2021-10-31 10:00:00,0.4592341185,0.1941440254,0.00844933372,0.3651134968
2021-10-31 11:00:00,0.2519551516,0.09000353515,0.01013582386,0.17855753
2021-10-31 12:00:00,0.1457543969,0.05752133951,0.006232368294,0.1021824032
2021-10-31 13:00:00,0.2653366029,0.07400681078,0.004668350331,0.2520172596
2021-10-31 14:00:00,0.1760227531,0.04723888636,0.00169101858,0.1475963295
2021-10-31 15:00:00,0.2108238935,2.213510036,0.08935008198,0.1508385539
2021-10-31 16:00:00,0.4386597872,4.235070517e-09,3.020391715e-10,0.3055635095
2021-10-31 17:00:00,0.6201372743,0.003500942839,3.530296888e-10,0.4305327237
2021-10-31 18:00:00,0.7566918135,5.304216621e-09,0.005204505287,0.5918504596
2021-10-31 19:00:00,0.8426265121,0.01489891484,0.004738046788,0.7066664696
2021-10-31 20:00:00,0.9844021797,0.1791315675,0.007528148592,0.7053628564
2021-10-31 21:00:00,0.796642065,0.1817701757,0.01699503511,0.6631025076
2021-10-31 22:00:00,0.6692878008,0.26988855,0.01256419718,0.6048743725
2021-10-31 23:00:00,0.4224750996,0.1580557078,0.008304166608,0.3801904321
2021-11-01 00:00:00,0.6627914906,0.2041852176,0.01260364149,0.7447672486
2021-11-01 01:00:00,0.3484409451,0.1686404645,0.005307741463,0.2173399329
2021-11-01 02:00:00,0.5470894575,0.113914378,0.006823250558,0.5447916985
2021-11-01 03:00:00,0.474339515,0.1878111064,0.004733016249,0.3024833202
2021-11-01 04:00:00,0.2969048917,0.1120854318,0.004922874272,0.2073352635
2021-11-01 05:00:00,0.3956495225,0.2049143463,0.03768881783,0.2989436686
2021-11-01 06:00:00,0.9013150334,0.3741460145,0.04925214872,0.9036445022
2021-11-01 07:00:00,1.933108926,0.8508354425,0.06386826187,2.408409119
2021-11-01 08:00:00,1.416483879,0.6121363044,0.08659488708,1.60015583
2021-11-01 09:00:00,0.7400705218,0.3027432859,0.005741278175,0.7592721581
2021-11-01 10:00:00,0.6220078468,0.2129295617,0.0331508629,0.6522656679
2021-11-01 11:00:00,0.513389051,0.1881230325,0.01918812841,0.4501669407
2021-11-01 12:00:00,0.5416600108,0.19672288,0.01937876269,0.4511464834
2021-11-01 13:00:00,0.7517399788,0.2414268255,0.03111792915,0.922031641
2021-11-01 14:00:00,1.028347611,0.4367908239,0.1580765843,1.00846982
2021-11-01 15:00:00,0.6755318642,3.419566631,0.07930188626,0.6276365519
2021-11-01 16:00:00,1.132801175,3.401254611e-09,3.18795379e-10,0.9402688742
2021-11-01 17:00:00,1.52882421,6.665134666e-09,5.956827809e-10,1.962021708
2021-11-01 18:00:00,1.641514421,0.0915556103,0.01039139181,2.172221184
2021-11-01 19:00:00,1.544359207,0.306276679,0.03853254765,1.512706876
2021-11-01 20:00:00,1.556691527,0.3292172253,0.05758613348,1.603659153
2021-11-01 21:00:00,1.689619303,0.3154731095,0.05594068021,1.766348243
2021-11-01 22:00:00,1.311468959,0.4313878417,0.03672499955,1.176100492
2021-11-01 23:00:00,0.8713958263,0.2613531053,0.03052312881,1.234555721
2021-11-02 00:00:00,0.8235977888,0.5693259835,0.03129618615,0.8166365027
2021-11-02 01:00:00,0.4635660052,6.277836473e-09,5.244517043e-10,0.2939217985
2021-11-02 02:00:00,0.839850843,0.1731032431,0.002770182211,0.731990397
2021-11-02 03:00:00,0.6292976737,0.264736712,0.009868341498,0.4900533855
2021-11-02 04:00:00,0.6339234114,0.3157710135,0.01774163544,0.5042379498
2021-11-02 05:00:00,0.7567422986,0.4123751223,0.0423094593,0.5312439799
2021-11-02 06:00:00,1.394527435,1.956123233,0.1976063848,1.447570086
2021-11-02 07:00:00,2.642919302,5.5351288e-09,5.233116718e-10,2.936139584
2021-11-02 08:00:00,1.713575006,0.4905599952,0.00814242661,2.335307598
2021-11-02 09:00:00,0.7057482004,0.2632415593,0.0332057178,0.7780193686
2021-11-02 10:00:00,0.553819418,0.1490396112,0.052230414,0.6681560278
2021-11-02 11:00:00,0.3966701627,0.1101019233,0.03800926358,0.4120816886
2021-11-02 12:00:00,0.4156175852,0.1389024258,0.02107515745,0.3393832743
2021-11-02 13:00:00,0.6016868949,0.1665318161,0.03820098191,0.8454145789
2021-11-02 14:00:00,0.7067043781,0.6417644024,0.01390701998,0.8183757663
2021-11-02 15:00:00,0.5465886593,4.080145359,0.2713412344,0.5393705964
2021-11-02 16:00:00,1.147848487,0.6460413337,0.006507473066,0.8518947363
2021-11-02 17:00:00,1.993175745,7.604317176e-09,0.01152643468,2.27450037
2021-11-02 18:00:00,1.946753979,0.0002097234683,0.0148735838,2.436346292
2021-11-02 19:00:00,1.881626964,3.663595871e-09,0.009297584184,1.824857116
2021-11-02 20:00:00,1.901905417,0.0703470856,0.04058028758,1.934194446
2021-11-02 21:00:00,2.023000002,0.3654018641,0.08257293701,2.127652645
2021-11-02 22:00:00,1.366262794,0.498162359,0.04176018387,1.219001055
2021-11-02 23:00:00,0.8500006199,0.2579451799,0.0271172896,1.140700102
2021-11-03 00:00:00,0.8851956725,0.3535602987,0.01969790459,0.8132075667
2021-11-03 01:00:00,0.4801783264,0.2231391519,0.01030349266,0.2967616916
2021-11-03 02:00:00,0.7984295487,0.2210930586,0.01066537295,0.7021707296
2021-11-03 03:00:00,0.5111572742,0.2052651197,0.008901428431,0.3810846508
2021-11-03 04:00:00,0.5058166385,0.2281017005,0.009853391908,0.3008248508
2021-11-03 05:00:00,0.5909203887,0.2658585608,0.2361453325,0.4505124688
2021-11-03 06:00:00,0.8903156519,0.68146348,0.02418025769,0.9361535311
2021-11-03 07:00:00,2.339957476,1.13279295,1.32894562e-09,2.60823822
2021-11-03 08:00:00,1.688456535,0.350905329,0.006604994647,1.871481061
2021-11-03 09:00:00,0.6337403059,0.282558769,0.03111044131,0.6615441442
2021-11-03 10:00:00,0.4983228445,0.1770480573,0.0196160078,0.4506191313
2021-11-03 11:00:00,0.4658193588,0.1798464805,0.01025785133,0.3216068447
2021-11-03 12:00:00,0.3831486106,0.1547769457,0.009626118466,0.2505605519
2021-11-03 13:00:00,0.6751990318,0.212301895,0.02290782891,0.7905083895
2021-11-03 14:00:00,0.7736551166,0.169865191,0.02366713621,0.8457375765
2021-11-03 15:00:00,0.5851047039,2.343619108,0.1963952482,0.5627538562
2021-11-03 16:00:00,1.10615468,8.350484748e-09,9.028039427e-10,0.9384785891
2021-11-03 17:00:00,1.597430825,4.927831476e-09,0.01057249773,2.026623726
2021-11-03 18:00:00,1.5259161,0.4740447104,0.04412993416,2.061073065
2021-11-03 19:00:00,1.531000972,0.1950954348,0.007769955322,1.441048265
2021-11-03 20:00:00,1.459786654,0.4912344813,0.05778351799,1.397239089
2021-11-03 21:00:00,1.534721494,0.5622165203,0.04763179645,1.528633714
2021-11-03 22:00:00,1.039138079,0.4727535844,0.03035569564,0.8711416721
2021-11-03 23:00:00,0.6784043312,0.2057143599,0.0192044545,0.8799638152
2021-11-04 00:00:00,0.5593293905,0.1833482087,0.01809265651,0.6257029772
2021-11-04 01:00:00,0.2959375679,0.1239862889,0.003653923515,0.1917597651
2021-11-04 02:00:00,0.5672568083,0.1224649996,0.005182808265,0.5411194563
2021-11-04 03:00:00,0.3608801067,0.1403574049,0.00469381921,0.3264468908
2021-11-04 04:00:00,0.294452697,0.1384643316,0.004273310304,0.1907488853
2021-11-04 05:00:00,0.4712714553,0.2683750689,0.02160588093,0.3395875394
2021-11-04 06:00:00,0.6652427316,0.5127828121,0.1042003259,0.6938979626
2021-11-04 07:00:00,1.892941713,0.5792992115,0.01543152798,2.426116228
2021-11-04 08:00:00,1.462873936,0.6707412601,0.06231769919,1.634547353
2021-11-04 09:00:00,0.784912169,0.3741928637,0.03769282624,0.716245532
2021-11-04 10:00:00,0.6083705425,0.2261863649,0.02582405694,0.6047948003
2021-11-04 11:00:00,0.3827647269,0.1305248886,0.01442694291,0.325186342
2021-11-04 12:00:00,0.3527240157,0.1353549361,0.007996842265,0.2742139697
2021-11-04 13:00:00,0.5251080394,0.1546021402,0.01850236394,0.6709153056
2021-11-04 14:00:00,0.8090862036,0.2016569972,0.02566313371,0.7756975293
2021-11-04 15:00:00,0.501283586,2.075755596,0.1737427264,0.4335363209
2021-11-04 16:00:00,1.01329422,6.051568135e-09,4.653697983e-10,0.840831399
2021-11-04 17:00:00,1.372999191,0.01145999413,5.643513434e-10,1.807635784
2021-11-04 18:00:00,1.50164783,0.3051607311,0.009002743289,1.92987287
2021-11-04 19:00:00,1.387394667,0.3918556869,0.04354712367,1.204312086
2021-11-04 20:00:00,1.350471735,0.470792532,0.0541832298,1.312450171
2021-11-04 21:00:00,1.449082136,0.5414863825,0.04039915651,1.41059196
2021-11-04 22:00:00,1.068337917,0.4929141402,0.03056154028,0.9367787838
2021-11-04 23:00:00,0.7480723858,0.2536294758,0.02470907196,0.895324409
2021-11-05 00:00:00,0.6734806895,0.3176518083,0.01153297815,0.6466906071
2021-11-05 01:00:00,0.3872703612,0.1071299091,0.006821397692,0.2667794526
2021-11-05 02:00:00,0.767531991,0.1714274883,0.01207088307,0.6990374327
2021-11-05 03:00:00,0.5035331249,0.1979410648,0.00899489224,0.3685269058
2021-11-05 04:00:00,0.3737653196,0.1688766629,0.006843090523,0.2185126245
2021-11-05 05:00:00,0.5340242982,0.2556418777,0.06622301787,0.4026942849
2021-11-05 06:00:00,0.7421942353,0.4650211036,0.009539282881,0.9640516639
2021-11-05 07:00:00,2.215297937,0.8325514793,0.08346118033,2.538833141
2021-11-05 08:00:00,1.461431026,0.6262616515,0.06221860275,1.531510115
2021-11-05 09:00:00,0.7847746611,0.334161669,0.02674034797,0.6804434657
2021-11-05 10:00:00,0.5708999038,0.1931157857,0.0151155144,0.4754208028
2021-11-05 11:00:00,0.4291015863,0.1618212014,0.009102812968,0.283675462
2021-11-05 12:00:00,0.3337721825,0.1378489435,0.01713825762,0.2090975046
2021-11-05 13:00:00,0.5669029951,0.1629278958,0.01905339211,0.6991870999
2021-11-05 14:00:00,0.6004405618,0.1162741631,0.01150763594,0.6112452149
2021-11-05 15:00:00,0.3773887455,2.543508768,0.2249980867,0.3580956459
2021-11-05 16:00:00,0.9066289663,6.49218368e-09,4.368068962e-10,0.6902885437
2021-11-05 17:00:00,1.237481833,4.233517981e-09,2.597003446e-10,1.543064237
2021-11-05 18:00:00,1.412980556,0.002665272914,3.447827301e-10,1.787141681
2021-11-05 19:00:00,1.260944366,0.2991650701,0.006208982319,1.099189281
2021-11-05 20:00:00,1.20862174,0.4156377316,0.009292604402,1.126528621
2021-11-05 21:00:00,1.297723532,0.4040719867,0.02213047072,1.245581746
2021-11-05 22:00:00,0.9880353808,0.3727490008,0.03514625132,0.87013942
2021-11-05 23:00:00,0.7130782604,0.2318844199,0.01719883829,0.7835303545
2021-11-06 00:00:00,0.6694755554,0.304507345,0.02048639767,0.5301017761
2021-11-06 01:00:00,0.2920451462,0.2803313136,0.006823040079,0.2253444195
2021-11-06 02:00:00,0.3486382961,6.898194016e-09,0.009014435112,0.252804786
2021-11-06 03:00:00,0.3035417497,0.1358524561,0.004386432469,0.2047314793
2021-11-06 04:00:00,0.260538578,0.1060220227,0.006351349875,0.2003818899
2021-11-06 05:00:00,0.3492712975,0.18577075,0.01853290759,0.261311084
2021-11-06 06:00:00,0.4244913161,0.08119494468,0.001604575431,0.7259306312
2021-11-06 07:00:00,1.72659421,0.8107514381,0.04521466792,2.04404211
2021-11-06 08:00:00,1.734410048,0.8148226142,0.07297391444,1.522855401
2021-11-06 09:00:00,0.9336564541,0.3249023855,0.04434597865,0.9522154331
2021-11-06 10:00:00,0.6763970852,0.2615935504,0.02662483603,0.6007199287
2021-11-06 11:00:00,0.7043520808,0.2764661014,0.02085025236,0.5306759477
2021-11-06 12:00:00,0.4924243391,0.2136005759,0.01683683135,0.3931113183
2021-11-06 13:00:00,0.7733331919,0.3564688563,0.01702974178,0.5291431546
2021-11-06 14:00:00,0.7062417865,0.2300045788,0.05659489334,0.723711431
2021-11-06 15:00:00,0.6797774434,3.776004791,0.2842949331,0.5414674878
2021-11-06 16:00:00,0.7983464003,2.196616888e-09,1.780300768e-10,0.7969335914
2021-11-06 17:00:00,1.077943683,1.451706533e-09,1.120327026e-10,0.8049811721
2021-11-06 18:00:00,1.057335377,1.707552322e-09,1.293178203e-10,1.086330056
2021-11-06 19:00:00,1.235980868,2.589915837e-09,1.516839016e-10,1.692882776
2021-11-06 20:00:00,1.148804665,0.005431629252,1.817936773e-10,1.294620633
2021-11-06 21:00:00,0.9612377286,0.0487213023,2.033688773e-10,0.8960419893
2021-11-06 22:00:00,0.763987422,0.12105795,0.004226504825,0.695319593
2021-11-06 23:00:00,0.4811235368,0.1535020769,0.005454697646,0.4863695502
2021-11-07 00:00:00,0.4619214237,0.2090783715,0.003999016248,0.3845312595
2021-11-07 01:00:00,0.2867370248,0.1178690493,0.004588051699,0.2303031236
2021-11-07 02:00:00,0.2225513607,0.07136929035,0.01537174825,0.21360071
2021-11-07 03:00:00,0.2025911957,0.07436956465,0.004353618249,0.1779482961
2021-11-07 04:00:00,0.2363412529,0.08655881137,0.005894217175,0.1902987659
2021-11-07 05:00:00,0.3006523252,0.1381513923,0.004496332724,0.2749760151
2021-11-07 06:00:00,0.4448277056,0.7786808014,0.1024771929,0.6330040693
2021-11-07 07:00:00,1.563589096,0.3578866124,6.428935717e-10,1.927291512
2021-11-07 08:00:00,1.687230825,0.574567616,0.009850427508,1.431234717
2021-11-07 09:00:00,0.9620612264,0.3972143233,0.05249900371,0.9185096025
2021-11-07 10:00:00,0.6154250503,0.2142164409,0.01707113348,0.541297555
2021-11-07 11:00:00,0.572796762,0.2144014239,0.01745494083,0.4281138182
2021-11-07 12:00:00,0.4025152028,0.1606818438,0.01032684371,0.286090523
2021-11-07 13:00:00,0.606908083,0.2295883,0.01329986192,0.4773268402
2021-11-07 14:00:00,0.7836816311,0.2328083366,0.02797678299,0.8378528357
2021-11-07 15:00:00,0.8754736781,3.017721176,0.2216142416,0.7498186231
2021-11-07 16:00:00,0.916459024,3.673219506e-09,3.319263475e-10,0.9789993763
2021-11-07 17:00:00,1.274873853,4.642901175e-09,3.886895805e-10,1.029875159
2021-11-07 18:00:00,1.246427894,0.002397115575,0.009953993373,1.371860266
2021-11-07 19:00:00,1.54013133,0.2334433645,0.01042229123,2.035305738
2021-11-07 20:00:00,1.393267751,0.3115307689,0.01641363651,1.581649184
2021-11-07 21:00:00,1.181658506,0.3809151053,0.04287137091,1.149073124
2021-11-07 22:00:00,1.005029321,0.3833572865,0.03450445831,0.9694340825
2021-11-07 23:00:00,0.8001882434,0.2742289901,0.02609027177,0.7195261121
2021-11-08 00:00:00,0.6466488242,0.2462072074,0.008686878718,0.688493073
2021-11-08 01:00:00,0.4846194386,0.208376959,0.00809516944,0.3093271852
2021-11-08 02:00:00,0.7064832449,0.1682743579,0.01038795989,0.6619546413
2021-11-08 03:00:00,0.5244970918,0.2168247402,0.007774329279,0.3850767016
2021-11-08 04:00:00,0.5279566646,0.2678433359,0.00724335108,0.2692976296
2021-11-08 05:00:00,0.5904730558,0.2160163522,0.02290984988,0.4472712874
2021-11-08 06:00:00,0.9392982721,0.4563025534,0.03416230902,0.8680540919
2021-11-08 07:00:00,2.120027542,0.931396842,0.0985988453,2.552782536
2021-11-08 08:00:00,1.646525025,0.6932960153,0.103236042,1.923950553
2021-11-08 09:00:00,0.7078873515,0.3141679466,0.003687725402,0.6969701052
2021-11-08 10:00:00,0.3896994591,0.1316834688,0.02193919569,0.3894654512
2021-11-08 11:00:00,0.3822560012,0.1420320868,0.01639949903,0.2918326855
2021-11-08 12:00:00,0.2686384916,0.09456152469,0.0101499036,0.2108824551
2021-11-08 13:00:00,0.4593935609,0.1244342104,0.02103016153,0.6607336998
2021-11-08 14:00:00,0.6085979342,0.4289408922,0.1294913292,0.6765812039
2021-11-08 15:00:00,0.4004559517,3.130035162,0.06349571049,0.4093131125
2021-11-08 16:00:00,0.8286437988,2.639726882e-09,3.077256505e-10,0.7129054666
2021-11-08 17:00:00,1.435498476,2.868898008e-09,5.830042005e-10,1.816108942
2021-11-08 18:00:00,1.605342031,4.081214922e-09,0.008319241926,1.959999204
2021-11-08 19:00:00,1.455855727,0.08658415079,0.0298161786,1.302696228
2021-11-08 20:00:00,1.443404317,0.2845531106,0.04600773379,1.416373491
2021-11-08 21:00:00,1.467283964,0.3321076632,0.05104128271,1.459830761
2021-11-08 22:00:00,1.048990369,0.4034009874,0.03189908341,0.9506316185
2021-11-08 23:00:00,0.8889401555,0.3389592767,0.01998346299,0.9121445417
2021-11-09 00:00:00,0.4676683545,0.2176810056,0.01887288131,0.5178923607
2021-11-09 01:00:00,0.2933683097,0.06275890768,4.916051455e-10,0.1923689097
2021-11-09 02:00:00,0.6113815308,0.1288990229,0.001151262783,0.5857685804
2021-11-09 03:00:00,0.4127477705,0.1518249959,0.007868711837,0.3198338151
2021-11-09 04:00:00,0.3595038652,0.1499492973,0.00929729268,0.2253758311
2021-11-09 05:00:00,0.4812605679,0.2246481031,0.02747594379,0.4499893785
2021-11-09 06:00:00,0.8395056129,1.424759388,0.1858287454,0.856189847
2021-11-09 07:00:00,2.262096643,0.02362485044,5.058369279e-10,2.451633215
2021-11-09 08:00:00,1.33959496,0.5933645964,0.003823114559,1.389425159
2021-11-09 09:00:00,0.650963366,0.2777626514,0.03173767403,0.6326746345
2021-11-09 10:00:00,0.5519506335,0.1777570695,0.02159121819,0.4895741642
2021-11-09 11:00:00,0.4057375491,0.1404722035,0.01317695901,0.3233691156
2021-11-09 12:00:00,0.4735196829,0.1453551352,0.02335621975,0.3856014907
2021-11-09 13:00:00,0.6964309216,0.2138883621,0.01977658831,0.7946186662
2021-11-09 14:00:00,0.7385783792,0.1554281861,0.01235159207,0.7140342593
2021-11-09 15:00:00,0.5674774051,1.373625755,0.198956877,0.6349074244
2021-11-09 16:00:00,0.9148945808,0.00162624626,1.121436277e-09,0.7596824765
2021-11-09 17:00:00,1.410715938,0.3517632782,0.007950331084,1.709743023
2021-11-09 18:00:00,1.416168094,1.061811447,0.009082915261,1.798949718
2021-11-09 19:00:00,1.397484064,0.004169643857,0.005445684772,1.130202532
2021-11-09 20:00:00,1.278798699,0.362808466,0.01847914606,1.182492495
2021-11-09 21:00:00,1.365662456,0.5226182342,0.0373255983,1.289798737
2021-11-09 22:00:00,0.94047153,0.4618992805,0.02218516544,0.7721760273
2021-11-09 23:00:00,0.686481595,0.2703977823,0.02368857339,0.7222273946
2021-11-10 00:00:00,0.4377942085,0.1118087918,0.008437484503,0.5253511667
2021-11-10 01:00:00,0.2114463001,0.08913123608,0.00583030656,0.1560681462
2021-11-10 02:00:00,0.511570096,0.4873045087,0.006039371714,0.5264943838
2021-11-10 03:00:00,0.3223813176,0.1295909733,0.01711729541,0.2981545925
2021-11-10 04:00:00,0.3157420754,0.09074836224,0.009976724163,0.1988457888
2021-11-10 05:00:00,0.577857852,0.3760532141,0.1857672185,0.5323138833
2021-11-10 06:00:00,0.7225040197,0.3170484602,0.01976812258,0.9272335172
2021-11-10 07:00:00,2.107102156,0.6262131333,1.339252043e-09,2.270644665
2021-11-10 08:00:00,1.487940669,0.4524737597,0.006943652406,1.560039043
2021-11-10 09:00:00,0.641836822,0.2696426809,0.02745032869,0.574896276
2021-11-10 10:00:00,0.3567522764,0.1040859818,0.01496154163,0.37381652
2021-11-10 11:00:00,0.2935968637,0.09079494327,0.01056347415,0.2704198956
2021-11-10 12:00:00,0.2690159976,0.08619143069,0.01081623603,0.2411599308
2021-11-10 13:00:00,0.6169985533,1.086105108,0.01802821644,0.7440930605
2021-11-10 14:00:00,1.056043506,4.204996795e-09,0.03859269992,1.069037199
2021-11-10 15:00:00,0.7868180871,1.158730149,0.1379109919,0.7676192522
2021-11-10 16:00:00,1.154365063,0.002155774971,9.544789403e-10,0.9118528366
2021-11-10 17:00:00,1.530503035,0.1744302064,0.01014672779,1.793421984
2021-11-10 18:00:00,1.451909661,0.4416317046,0.03649102151,1.899604917
2021-11-10 19:00:00,1.387263775,0.4649633467,0.006524494849,1.185527921
2021-11-10 20:00:00,1.31205821,0.5654829741,0.03449057043,1.188855171
2021-11-10 21:00:00,1.410982609,0.5346570611,0.04662664607,1.39247191
2021-11-10 22:00:00,1.012614727,0.4832070172,0.03174561635,0.8834300041
2021-11-10 23:00:00,0.7052714229,0.2524735928,0.03747957572,0.8395689726
2021-11-11 00:00:00,0.455343008,0.1959033757,0.009501267225,0.506942749
2021-11-11 01:00:00,0.3237980008,0.1126077473,0.007775493897,0.2341200858
2021-11-11 02:00:00,0.6348369122,0.1318616718,0.009347071871,0.6061097383
2021-11-11 03:00:00,0.411888659,0.1509046406,0.008446368389,0.3189697564
2021-11-11 04:00:00,0.4483075738,0.2074099183,0.02412049286,0.2719308436
2021-11-11 05:00:00,0.4708209336,0.210068211,0.03870147839,0.3861275613
2021-11-11 06:00:00,0.8738390803,0.3094142973,0.07924687117,0.9436125159
2021-11-11 07:00:00,2.106468678,0.958491385,0.01103259996,2.364337444
2021-11-11 08:00:00,1.456147194,0.6471232772,0.06847767532,1.40824616
2021-11-11 09:00:00,0.7057951689,0.3346997797,0.02843288891,0.5633606315
2021-11-11 10:00:00,0.4949472249,0.1576261371,0.02328646369,0.5142194629
2021-11-11 11:00:00,0.3811759651,0.1492076218,0.008488652296,0.2474382073
2021-11-11 12:00:00,0.4112096429,0.1769216508,0.008860605769,0.2864204049
2021-11-11 13:00:00,0.5896100402,0.1664988995,0.01848980971,0.6969957352
2021-11-11 14:00:00,0.7587841153,0.1789638102,0.02121937647,0.7438317537
2021-11-11 15:00:00,0.5593309402,3.506997108,0.162237376,0.5259003043
2021-11-11 16:00:00,1.093933702,4.249483432e-09,4.713950896e-10,0.8197945952
2021-11-11 17:00:00,1.545137286,3.336275034e-09,5.692920024e-10,1.832846761
2021-11-11 18:00:00,1.644858956,3.605050702e-09,0.008886701427,1.983379245
2021-11-11 19:00:00,1.517609715,0.1155648232,0.04114019871,1.282564163
2021-11-11 20:00:00,1.41912055,0.3065706789,0.04544434324,1.26020515
2021-11-11 21:00:00,1.393232822,0.4300707281,0.03714675829,1.282966018
2021-11-11 22:00:00,0.9459827542,0.4827108681,0.0280717127,0.7948510647
2021-11-11 23:00:00,0.7662478685,0.2639671266,0.01813195273,0.8181422949
2021-11-12 00:00:00,0.4655279219,0.1398896277,0.008022270165,0.5084208846
2021-11-12 01:00:00,0.3543033004,0.1418906897,0.006350518204,0.2505714297
2021-11-12 02:00:00,0.6306130886,0.1240901127,0.007453062572,0.6130347848
2021-11-12 03:00:00,0.4018570781,0.1341514438,0.006702625193,0.3321013749
2021-11-12 04:00:00,0.3048060834,0.1328060031,0.005694409832,0.2152898163
2021-11-12 05:00:00,0.3644188344,0.2255156189,0.07192058861,0.3552102745
2021-11-12 06:00:00,0.6884720922,0.1614041626,0.006191137712,0.8208834529
2021-11-12 07:00:00,2.197394609,1.042887807,0.05889517441,2.473353863
2021-11-12 08:00:00,1.531623721,0.6821301579,0.0668360889,1.55292201
2021-11-12 09:00:00,0.7369158864,0.3164153397,0.02261369117,0.6598015428
2021-11-12 10:00:00,0.5417683125,0.1787673533,0.01731279865,0.4809111655
2021-11-12 11:00:00,0.4495907128,0.1959990412,0.004645226989,0.2324315906
2021-11-12 12:00:00,0.2467869669,0.08483850956,0.01421316061,0.1780191958
2021-11-12 13:00:00,0.5255442858,0.1631129384,0.01701641828,0.5919727683
2021-11-12 14:00:00,0.7222307324,0.2181852311,0.008736499585,0.6393744349
2021-11-12 15:00:00,0.6045483351,3.791239262,0.2596094608,0.5418255329
2021-11-12 16:00:00,1.03178072,5.333277819e-09,4.73061923e-10,0.7583323717
2021-11-12 17:00:00,1.572923183,2.612839944e-09,2.666402654e-10,1.909682155
2021-11-12 18:00:00,1.545538068,4.481032878e-09,3.493749456e-10,1.828201175
2021-11-12 19:00:00,1.419716716,0.01045340206,0.005199192557,1.199270248
2021-11-12 20:00:00,1.457207799,0.25703457,0.01341161132,1.351440787
2021-11-12 21:00:00,1.497111082,0.2815896869,0.03366461024,1.470458031
2021-11-12 22:00:00,0.9074746966,0.3977868557,0.01739828661,0.7428269982
2021-11-12 23:00:00,0.6116281152,0.2367369831,0.01041783392,0.7066754103
2021-11-13 00:00:00,0.4651998878,0.1710111648,0.01899020746,0.4961294532
2021-11-13 01:00:00,0.3538737297,0.1492839605,0.009719146416,0.2499625981
2021-11-13 02:00:00,0.2434931844,0.08304008842,0.009252150543,0.1974877566
2021-11-13 03:00:00,0.2879701257,0.1084833741,0.006671176292,0.2426941991
2021-11-13 04:00:00,0.3278453648,0.1413357407,0.01111482829,0.2685016394
2021-11-13 05:00:00,0.3840759695,0.2983392477,0.03075714037,0.2307171971
2021-11-13 06:00:00,0.5877107382,0.1169664711,0.00313981669,0.8360234499
2021-11-13 07:00:00,1.926359177,0.7543970942,0.08312096447,2.447313547
2021-11-13 08:00:00,1.804170251,0.8979540467,0.04145292193,1.541767716
2021-11-13 09:00:00,0.892958343,0.3162177801,0.02953521721,0.7871446013
2021-11-13 10:00:00,0.4682062566,0.1749830842,0.02627657168,0.4268133938
2021-11-13 11:00:00,0.3746134043,0.1251384616,0.01298527699,0.2956753373
2021-11-13 12:00:00,0.3592444956,0.1429737806,0.01011577062,0.2271660119
2021-11-13 13:00:00,0.4343192577,0.1444528401,0.01048395596,0.3800868392
2021-11-13 14:00:00,0.5866815448,0.5645492077,0.05780104548,0.5498219728
2021-11-13 15:00:00,0.6705902815,4.227012634,0.2839993536,0.5580738783
2021-11-13 16:00:00,0.861516118,2.302142033e-09,1.809364464e-10,0.8942314386
2021-11-13 17:00:00,1.375069499,1.34999123e-09,1.106326836e-10,1.015981555
2021-11-13 18:00:00,1.223977685,1.507085901e-09,1.242171643e-10,1.148259997
2021-11-13 19:00:00,1.366410732,1.995648979e-09,1.503673852e-10,1.721242905
2021-11-13 20:00:00,1.3943398,2.303151669e-09,1.805798844e-10,1.510585427
2021-11-13 21:00:00,1.104691267,0.02305409126,2.022274292e-10,1.054823279
2021-11-13 22:00:00,0.9882971048,0.02687176317,0.003808052046,0.8868252039
2021-11-13 23:00:00,0.6185734272,0.1576886922,0.003836666001,0.5020155311
2021-11-14 00:00:00,0.4951487482,0.2446362525,0.004080889281,0.4409251511
2021-11-14 01:00:00,0.3671444654,0.1662066728,0.00769579038,0.261010021
2021-11-14 02:00:00,0.2900361121,0.1363549083,0.005825941917,0.1923398376
2021-11-14 03:00:00,0.3419644833,0.1340242326,0.004494307097,0.2189911157
2021-11-14 04:00:00,0.3283935189,0.1362560242,0.02036543563,0.2651919127
2021-11-14 05:00:00,0.3608078063,0.168539077,0.004629801959,0.2043441981
2021-11-14 06:00:00,0.521412015,1.745757818,0.09910933673,0.753896296
2021-11-14 07:00:00,1.540431857,7.413101688e-09,6.282704357e-10,1.977007866
2021-11-14 08:00:00,1.803525209,0.1267785579,0.008903617039,1.500093222
2021-11-14 09:00:00,0.7325884104,0.228590548,0.02400766686,0.6495901346
2021-11-14 10:00:00,0.5591995716,0.2285120189,0.02760191076,0.4322517514
2021-11-14 11:00:00,0.4719083011,0.1797350049,0.02087555453,0.3214700818
2021-11-14 12:00:00,0.2452767789,0.08882815391,0.008710313588,0.1709164381
2021-11-14 13:00:00,0.3933887482,0.1417451203,0.00710346736,0.3043066263
2021-11-14 14:00:00,0.4868032634,0.1139181778,0.008393906057,0.4915307462
2021-11-14 15:00:00,0.558821559,3.642413616,0.1828976274,0.4402112663
2021-11-14 16:00:00,0.8532698154,4.158986489e-09,3.100726897e-10,0.7519325614
2021-11-14 17:00:00,1.364390135,2.357688267e-09,3.666586479e-10,1.045351505
2021-11-14 18:00:00,1.213705778,3.053667763e-09,0.008344053291,1.118401051
2021-11-14 19:00:00,1.472907186,6.947601605e-09,0.007734701969,1.828189611
2021-11-14 20:00:00,1.38423562,0.08783789724,0.01600682177,1.504683733
2021-11-14 21:00:00,1.09146595,0.3385775387,0.0318816714,1.014501452
2021-11-14 22:00:00,0.9777333736,0.3668260872,0.03934570774,0.9216082096
2021-11-14 23:00:00,0.5186300278,0.1980838925,0.02048846148,0.4749014676
2021-11-15 00:00:00,0.593981266,0.1741688251,0.008406599052,0.6413580775
2021-11-15 01:00:00,0.2154931128,0.1000334024,0.003143683076,0.1385577321
2021-11-15 02:00:00,0.5060058832,0.1023788974,0.004247960169,0.4727146626
2021-11-15 03:00:00,0.2718113661,0.0894997865,0.003118006047,0.2201464176
2021-11-15 04:00:00,0.3568980992,0.2007715106,0.005059058312,0.1915843338
2021-11-15 05:00:00,0.4306783676,0.2302653342,0.01774424873,0.2845922709
2021-11-15 06:00:00,0.7319430113,0.4655382037,0.02693983912,0.6740375757
2021-11-15 07:00:00,2.035172224,0.7679995298,0.05774325877,2.141256094
2021-11-15 08:00:00,1.441786528,0.6577478051,0.09993658215,1.536656976
2021-11-15 09:00:00,0.8407428861,0.3915932477,0.002508611418,0.6733605862
2021-11-15 10:00:00,0.5457789898,0.2117531002,0.01667334698,0.4337076545
2021-11-15 11:00:00,0.493609339,0.2000471205,0.01150114089,0.348684907
2021-11-15 12:00:00,0.4325533509,0.1571660042,0.009091241285,0.2946503162
2021-11-15 13:00:00,0.6796394587,0.2174109817,0.01867184043,0.7432131767
2021-11-15 14:00:00,0.7589023113,0.3254566193,0.0866939798,0.6762117743
2021-11-15 15:00:00,0.6969277859,1.40636611,0.05608386919,0.5105803609
2021-11-15 16:00:00,0.9879522324,4.501007123e-09,3.041392971e-10,0.7906705141
2021-11-15 17:00:00,1.26303184,0.2110839039,5.812476611e-10,1.576139688
2021-11-15 18:00:00,1.423316479,0.4450284243,0.007848632522,1.609724522
2021-11-15 19:00:00,1.135973692,0.3939132988,0.01853215322,0.9770388603
2021-11-15 20:00:00,1.211971879,0.5345705152,0.03309293091,1.046747327
2021-11-15 21:00:00,1.217793226,0.4748443067,0.02737871185,1.146453619
2021-11-15 22:00:00,0.7502595186,0.3552959263,0.01522458997,0.6336241364
2021-11-15 23:00:00,0.5754213333,0.1922665983,0.01283259783,0.67926687
2021-11-16 00:00:00,0.4331296384,0.3158601522,0.01431798656,0.3997517228
2021-11-16 01:00:00,0.2270655036,1.221324375e-08,4.824648459e-10,0.1437927186
2021-11-16 02:00:00,0.5422183275,0.1248620152,0.0006781089469,0.560679853
2021-11-16 03:00:00,0.3190573454,0.1183929145,0.004054930992,0.2472639829
2021-11-16 04:00:00,0.2238641083,0.08925390244,0.003216440324,0.1515475512
2021-11-16 05:00:00,0.3303402364,0.1307942867,0.01610131375,0.2889410555
2021-11-16 06:00:00,0.6109663844,1.363856316,0.161058411,0.6909815073
2021-11-16 07:00:00,1.814988017,7.447244599e-09,5.010625803e-10,2.107433319
2021-11-16 08:00:00,1.42282021,0.3122821748,0.006688224152,1.467195153
2021-11-16 09:00:00,0.8813098073,0.4322001338,0.03308789432,0.7597531676
2021-11-16 10:00:00,0.6720706224,0.2168338597,0.0290065594,0.6937170029
2021-11-16 11:00:00,0.6052659154,0.2666012943,0.01759092696,0.4603560865
2021-11-16 12:00:00,0.5560691953,0.2306196094,0.03710138053,0.4816411436
2021-11-16 13:00:00,0.8653318286,0.2993983626,0.03294345364,0.9745660424
2021-11-16 14:00:00,1.070091486,0.3050053418,0.03113867901,1.189775825
2021-11-16 15:00:00,0.8873835802,1.450508595,0.2523320615,0.7935345769
2021-11-16 16:00:00,1.112291574,0.2992925644,0.001489065471,0.9526299834
2021-11-16 17:00:00,1.491871953,0.3038104475,0.01030813158,1.940629601
2021-11-16 18:00:00,1.572433472,0.399333626,0.009707617573,1.869551778
2021-11-16 19:00:00,1.403330684,0.5480182767,0.006273852196,1.203849912
2021-11-16 20:00:00,1.457084775,0.6406067014,0.02688066289,1.271858811
2021-11-16 21:00:00,1.417120814,0.5462656021,0.04187627882,1.370106459
2021-11-16 22:00:00,0.9741930962,0.4634362757,0.02191358991,0.8596518636
2021-11-16 23:00:00,0.6895927191,0.2325486988,0.01377457753,0.7759387493
2021-11-17 00:00:00,0.5333615541,0.1543164551,0.02188398875,0.6811920404
2021-11-17 01:00:00,0.3829993308,0.1487893313,0.01529664826,0.3380352259
2021-11-17 02:00:00,0.7076741457,0.1483989805,0.01028537657,0.7051672339
2021-11-17 03:00:00,0.4565528631,0.1525607258,0.007153023034,0.390548259
2021-11-17 04:00:00,0.4434638619,0.1735703051,0.007124042138,0.3469738662
2021-11-17 05:00:00,0.4953605235,1.219908714,0.2113240957,0.4340269268
2021-11-17 06:00:00,0.9904921055,1.126369596,0.02416983992,1.002310276
2021-11-17 07:00:00,2.377965689,0.004657073412,1.336887046e-09,2.69376874
2021-11-17 08:00:00,1.631610394,0.3129869699,0.00499706855,1.676222205
2021-11-17 09:00:00,0.7296079397,0.198547259,0.04066142067,0.7638215423
2021-11-17 10:00:00,0.5780180693,0.1892127097,0.02886765078,0.5598070025
2021-11-17 11:00:00,0.5469369888,0.2161379158,0.01443874743,0.3886799216
2021-11-17 12:00:00,0.4010426998,0.1520625949,0.01947307028,0.2999254167
2021-11-17 13:00:00,0.630738914,0.2039092928,0.02358760312,0.7364560962
2021-11-17 14:00:00,0.8403655291,0.1778413206,0.01759132743,0.8304275274
2021-11-17 15:00:00,0.664530158,3.694326162,0.1715464145,0.56868577
2021-11-17 16:00:00,1.193484068,5.323864904e-09,9.303814386e-10,0.9313185811
2021-11-17 17:00:00,1.716606259,3.355876688e-09,0.0123451855,2.078222513
2021-11-17 18:00:00,1.705123186,0.01036991179,0.04518565908,2.090825796
2021-11-17 19:00:00,1.560059667,0.05190631747,0.006964719854,1.357108235
2021-11-17 20:00:00,1.512285352,0.3240251541,0.07543299347,1.534533262
2021-11-17 21:00:00,1.587109447,0.5791640282,0.05135359615,1.634252191
2021-11-17 22:00:00,1.311032295,0.6632862091,0.03909812495,1.060837507
2021-11-17 23:00:00,0.9712304473,0.308935076,0.02151813358,1.054896593
2021-11-18 00:00:00,0.6355842352,0.196176976,0.01275824197,0.7143370509
2021-11-18 01:00:00,0.420884788,0.1842854768,0.007986327633,0.3337587714
2021-11-18 02:00:00,0.8532562256,0.1949899942,0.011000528,0.8116288185
2021-11-18 03:00:00,0.5954890251,0.2280080616,0.01006042305,0.4851360917
2021-11-18 04:00:00,0.5665281415,0.2704442143,0.01199077256,0.3966324031
2021-11-18 05:00:00,0.6089632511,0.2726847231,0.04184141383,0.556253314
2021-11-18 06:00:00,1.229640722,0.7558039427,0.1188563108,1.256737709
2021-11-18 07:00:00,2.681949854,0.9545871615,0.01480198745,3.03674531
2021-11-18 08:00:00,1.889606595,0.813375175,0.106321983,1.980670333
2021-11-18 09:00:00,0.9108874202,0.3574638367,0.04730957747,0.9736861587
2021-11-18 10:00:00,0.6769268513,0.2165421396,0.03061059862,0.628888309
2021-11-18 11:00:00,0.4996619523,0.153404668,0.02025155537,0.420306474
2021-11-18 12:00:00,0.3975743055,0.1241710111,0.01704319566,0.3503462374
2021-11-18 13:00:00,0.6688164473,0.2047938108,0.02871425636,0.7626420856
2021-11-18 14:00:00,0.8140445948,0.2556450963,0.01683486253,0.7594619393
2021-11-18 15:00:00,0.585313499,3.601505041,0.1817079335,0.5271933675
2021-11-18 16:00:00,1.354387999,4.978063739e-09,4.754143745e-10,0.9732981324
2021-11-18 17:00:00,1.796088457,3.303716856e-09,5.713245987e-10,2.050038099
2021-11-18 18:00:00,1.8202039,0.003169860458,0.01098326687,2.157065392
2021-11-18 19:00:00,1.536107898,0.3715228438,0.04498754069,1.322067142
2021-11-18 20:00:00,1.536758184,0.4024819434,0.05658417195,1.409963369
2021-11-18 21:00:00,1.767313838,0.5011322498,0.04781531915,1.742963672
2021-11-18 22:00:00,1.142254233,0.573921442,0.03155469522,0.9494692087
2021-11-18 23:00:00,0.7772307396,0.292394489,0.02365347929,0.9811230898
2021-11-19 00:00:00,0.703117907,0.2583402991,0.01227261499,0.707679987
2021-11-19 01:00:00,0.4154354632,0.1747581661,0.0114995772,0.3557432294
2021-11-19 02:00:00,0.8169007897,0.2108437568,0.01180768386,0.8143972754
2021-11-19 03:00:00,0.5088604093,0.2102451324,0.008942585438,0.3778395355
2021-11-19 04:00:00,0.4072289467,0.195095405,0.02439066768,0.2681975961
2021-11-19 05:00:00,0.5424245596,0.2775534987,0.06510401517,0.5122414827
2021-11-19 06:00:00,1.09748292,0.4270074368,0.01058033109,1.073526978
2021-11-19 07:00:00,2.215344429,0.9070737362,0.06867945939,2.782185793
2021-11-19 08:00:00,1.838607907,0.8541115522,0.1079571545,1.929703712
2021-11-19 09:00:00,1.249654174,0.6032268405,0.04153717682,1.038453341
2021-11-19 10:00:00,0.8554573059,0.3353014886,0.0427470319,0.7807970047
2021-11-19 11:00:00,0.7020547986,0.2659459412,0.02657725476,0.6465133429
2021-11-19 12:00:00,0.717903316,0.3115783632,0.03259349987,0.5979943275
2021-11-19 13:00:00,0.9434106946,0.3676657677,0.03841054067,1.108251929
2021-11-19 14:00:00,1.071568131,1.265747547,0.06124892086,1.105755925
2021-11-19 15:00:00,0.825394094,3.039166927,0.3208940625,0.8871519566
2021-11-19 16:00:00,1.652655721,1.005731587e-08,7.135012026e-10,1.375695229
2021-11-19 17:00:00,1.977858663,2.348676142e-09,3.289277462e-10,2.532523632
2021-11-19 18:00:00,1.915669322,0.003713296261,0.01002660859,2.526187897
2021-11-19 19:00:00,1.813130736,0.3670094609,0.007819868624,1.71999979
2021-11-19 20:00:00,1.742255092,0.4700104594,0.03914669901,1.718679786
2021-11-19 21:00:00,1.848336339,0.5565826893,0.05806061253,1.833791375
2021-11-19 22:00:00,1.344977498,0.5211570859,0.03660785407,1.128374219
2021-11-19 23:00:00,0.9147382975,0.2759796083,0.03514296561,1.208525658
2021-11-20 00:00:00,0.9697143435,0.3432760835,0.03667979315,1.064516783
2021-11-20 01:00:00,0.6694121957,0.2463544458,0.01762877963,0.5448107719
2021-11-20 02:00:00,0.5616519451,0.2234854251,0.01608306542,0.4547586143
2021-11-20 03:00:00,0.5689380169,0.2367158234,0.0166033674,0.4775538146
2021-11-20 04:00:00,0.6685424447,0.3202356696,0.01774870045,0.4322607219
2021-11-20 05:00:00,0.6602848768,0.4391949773,0.08353091031,0.3985857069
2021-11-20 06:00:00,0.7598098516,0.2336877882,0.002906533657,1.040161133
2021-11-20 07:00:00,2.509025335,0.9499548078,0.097921215,3.374264956
2021-11-20 08:00:00,2.5669415,1.090553999,0.06987650692,2.4241364
2021-11-20 09:00:00,1.737942219,0.6272237301,0.07900762558,1.896597266
2021-11-20 10:00:00,1.394232988,0.51741153,0.08116920292,1.381627917
2021-11-20 11:00:00,1.230299115,0.4285215437,0.0545790717,1.137729406
2021-11-20 12:00:00,1.076818109,0.3713406324,0.04971529543,1.041296721
2021-11-20 13:00:00,1.295923352,1.357968092,0.1600095779,1.101473927
2021-11-20 14:00:00,1.409261584,3.043315172,0.3064398468,1.366192698
2021-11-20 15:00:00,1.671868443,3.234019279,0.3382650614,1.663392425
2021-11-20 16:00:00,1.693991184,2.873026039e-09,0.0004962475505,1.90816009
2021-11-20 17:00:00,2.275276661,1.550433559e-09,1.518952464e-10,2.099335194
2021-11-20 18:00:00,2.406088114,1.83122939e-09,1.731038785e-10,2.630445719
2021-11-20 19:00:00,2.408938646,0.1290951669,2.440594671e-10,2.972079039
2021-11-20 20:00:00,2.220999718,0.3251302242,0.01022178493,2.509377241
2021-11-20 21:00:00,2.093890667,0.355181396,0.009510358796,2.092112541
2021-11-20 22:00:00,1.81133461,0.4240168929,0.02750708535,1.637749553
2021-11-20 23:00:00,1.285079122,0.4269978702,0.02927561477,1.264328003
2021-11-21 00:00:00,0.8040012717,0.2995612025,0.03780500963,0.9383090734
2021-11-21 01:00:00,0.8312000036,0.354308337,0.02362821065,0.6779308319
2021-11-21 02:00:00,0.6922293901,0.2678390145,0.04227684066,0.6796686053
2021-11-21 03:00:00,0.6895343661,0.3025790453,0.01616806537,0.5558424592
2021-11-21 04:00:00,0.7225744128,0.3157734871,0.02387324907,0.5892959833
2021-11-21 05:00:00,0.8681975007,0.4002229869,0.03466449678,0.6486856341
2021-11-21 06:00:00,1.058965564,1.92341876,0.2994259298,1.623956442
2021-11-21 07:00:00,3.010425329,9.911103049e-09,1.008157891e-09,4.014307499
2021-11-21 08:00:00,2.947852373,0.8260385394,0.01569477655,2.827613831
2021-11-21 09:00:00,1.794575334,0.7148906589,0.08873476088,1.813338161
2021-11-21 10:00:00,1.366865158,0.4934448004,0.05828914791,1.438090801
2021-11-21 11:00:00,1.052713871,0.3764554858,0.03485253081,0.9339061379
2021-11-21 12:00:00,0.7614870071,0.2483059168,0.03028596938,0.7689034343
2021-11-21 13:00:00,1.119628549,0.4549351335,0.02652067505,0.8916125298
2021-11-21 14:00:00,1.086191893,1.818272471,0.05102134496,1.122362375
2021-11-21 15:00:00,1.414888144,3.53216958,0.3319004178,1.243630767
2021-11-21 16:00:00,1.737100005,4.922055652e-09,5.252716595e-10,1.652590513
2021-11-21 17:00:00,2.184403419,0.02071971074,7.003131963e-10,2.102585316
2021-11-21 18:00:00,2.30698657,0.2707897723,0.03127115592,2.656838179
2021-11-21 19:00:00,2.430647612,0.3556830883,0.06048189104,3.034703732
2021-11-21 20:00:00,2.447215557,0.4865852892,0.07150398195,2.72114253
2021-11-21 21:00:00,2.204077482,0.6988822222,0.08432599902,2.201798916
2021-11-21 22:00:00,1.886275649,0.6853142381,0.06730701029,1.869614005
2021-11-21 23:00:00,1.487792373,1.134664774,0.06888406724,1.414069653
2021-11-22 00:00:00,1.30659914,0.02760482021,0.03417976201,1.451791406
2021-11-22 01:00:00,1.030033112,0.3276181221,0.0217612423,0.8271998167
2021-11-22 02:00:00,1.590985298,0.4583338797,0.02592546493,1.484175444
2021-11-22 03:00:00,1.209752321,0.4702058733,0.02354143187,0.9847745895
2021-11-22 04:00:00,1.25128448,0.530205667,0.05550999939,0.989751339
2021-11-22 05:00:00,1.33817935,0.5884262323,0.08481097966,1.241809011
2021-11-22 06:00:00,1.97208786,0.9984098673,0.09066125005,2.043943405
2021-11-22 07:00:00,3.939468861,1.372201085,0.1380173117,4.626194
2021-11-22 08:00:00,3.018687487,1.202810407,0.2327626795,3.939689875
2021-11-22 09:00:00,1.457371235,0.6073366404,0.01481579244,1.612216234
2021-11-22 10:00:00,1.164003134,0.4453628957,0.05435234308,1.159520388
2021-11-22 11:00:00,0.8419551849,0.3272873461,0.04052392021,0.8542171121
2021-11-22 12:00:00,1.025336862,0.4023958147,0.02733625844,0.8391404748
2021-11-22 13:00:00,1.251600504,0.4926006794,0.05991658568,1.404324293
2021-11-22 14:00:00,1.541797757,0.7143540978,0.2210211754,1.596924067
2021-11-22 15:00:00,1.463666677,3.482842684,0.1766822934,1.310475111
2021-11-22 16:00:00,1.994949937,3.038793439e-09,3.297038476e-10,1.911019444
2021-11-22 17:00:00,2.659347534,0.002149997978,0.004099006765,3.183850765
2021-11-22 18:00:00,2.654923439,0.4219707251,0.02600664273,3.621619225
2021-11-22 19:00:00,2.40149951,0.6996567845,0.1065866351,2.336716652
2021-11-22 20:00:00,2.392414331,0.916697979,0.11138165,2.413682699
2021-11-22 21:00:00,2.391288757,0.8837706447,0.08479145169,2.428295612
2021-11-22 22:00:00,1.608890653,0.7280347943,0.04916772991,1.498345494
2021-11-22 23:00:00,1.13043344,0.336681366,0.02719611116,1.487870455
2021-11-23 00:00:00,0.8824266791,0.4688259363,0.05277701467,0.9604433179
2021-11-23 01:00:00,0.8680050373,0.2269301116,4.960746258e-10,0.5745710135
2021-11-23 02:00:00,1.316368461,0.4235621691,0.004199645948,1.21585393
2021-11-23 03:00:00,0.8485688567,0.3470062017,0.0420984365,0.7874042392
2021-11-23 04:00:00,1.044750333,0.3786557317,0.03195807338,0.9171568155
2021-11-23 05:00:00,1.017933249,0.4033333957,0.07633897662,0.950350821
2021-11-23 06:00:00,1.424276948,1.802716374,0.2727200687,1.594130039
2021-11-23 07:00:00,2.876459122,1.081878409e-08,5.789774771e-10,3.506211758
2021-11-23 08:00:00,2.392310619,1.010306358,0.01179884281,2.804831982
2021-11-23 09:00:00,1.48298943,0.5882545114,0.06570069492,1.582031965
2021-11-23 10:00:00,1.253920555,0.4613960981,0.04642510042,1.203352571
2021-11-23 11:00:00,1.291790009,0.484841764,0.03749461472,0.9697918296
2021-11-23 12:00:00,1.146040082,0.428137958,0.05607020482,1.032090545
2021-11-23 13:00:00,1.43163693,0.5925296545,0.06151808426,1.642530799
2021-11-23 14:00:00,1.630900264,0.436009109,0.08678112179,1.662273407
2021-11-23 15:00:00,1.596314907,2.723832607,0.3128763735,1.380942702
2021-11-23 16:00:00,1.754910231,0.1453641206,0.0409755148,1.626674056
2021-11-23 17:00:00,2.422697544,0.4958378077,0.01331121568,2.955857277
2021-11-23 18:00:00,2.363539457,0.7261103988,0.03073345125,3.097476482
2021-11-23 19:00:00,2.137426853,0.4941868186,0.0129676871,2.010239601
2021-11-23 20:00:00,2.09816432,0.8029316664,0.09690760821,2.09005332
2021-11-23 21:00:00,2.118423939,0.8175235391,0.06227165088,2.037157536
2021-11-23 22:00:00,1.406264067,0.6567488909,0.03464891762,1.294218063
2021-11-23 23:00:00,1.072049141,0.3666500151,0.02055620588,1.275683165
2021-11-24 00:00:00,0.9454213977,0.3204839528,0.03617903963,0.9520753622
2021-11-24 01:00:00,0.6887561083,0.2839692831,0.01226179954,0.5018059611
2021-11-24 02:00:00,0.989352107,0.2631859183,0.01522503793,0.9753802419
2021-11-24 03:00:00,0.6717285514,0.2593924999,0.0127868671,0.5712814927
2021-11-24 04:00:00,0.655246675,0.3018809855,0.01282804832,0.4496178627
2021-11-24 05:00:00,0.7569346428,0.9623404741,0.29403162,0.6949759722
2021-11-24 06:00:00,1.063480139,0.5007659197,0.05372613668,1.344256639
2021-11-24 07:00:00,2.722214222,0.7079921961,1.516169634e-09,3.167673349
2021-11-24 08:00:00,2.505197525,0.8740740418,0.01130859554,2.670580864
2021-11-24 09:00:00,1.438360095,0.6225323081,0.05840435624,1.367099881
2021-11-24 10:00:00,1.036866307,0.3821755648,0.0456687063,0.988106966
2021-11-24 11:00:00,1.082469821,0.4203617275,0.03462844342,0.9717271924
2021-11-24 12:00:00,1.023701072,0.4263934493,0.03716138005,0.8094268441
2021-11-24 13:00:00,1.292895794,0.4620180428,0.07880460471,1.503519058
2021-11-24 14:00:00,1.56281352,0.3939288855,0.04657917842,1.543987036
2021-11-24 15:00:00,1.267857075,2.346625805,0.23589167,1.119976163
2021-11-24 16:00:00,1.6242975,0.06468507648,9.887674013e-10,1.63709569
2021-11-24 17:00:00,2.397722483,0.4664622545,0.01574752107,2.885506392
2021-11-24 18:00:00,2.469275951,0.9780334234,0.08609177917,3.09416461
2021-11-24 19:00:00,2.169760227,0.4469223917,0.009226616472,1.962660551
2021-11-24 20:00:00,2.18196106,0.8825288415,0.0801634267,2.12216711
2021-11-24 21:00:00,2.19503665,0.8139282465,0.08033634722,2.178918362
2021-11-24 22:00:00,1.332390189,0.6120830774,0.07134957612,1.369751215
2021-11-24 23:00:00,1.039500833,0.3552176356,0.03740921617,1.316195011
2021-11-25 00:00:00,0.741974473,0.2418857813,0.01740611717,0.8664664626
2021-11-25 01:00:00,0.5741600394,0.2320745736,0.01226861775,0.4578214586
2021-11-25 02:00:00,1.069326758,0.2978662252,0.01498131081,0.9762962461
2021-11-25 03:00:00,0.7341649532,0.294147402,0.01349954307,0.6013925672
2021-11-25 04:00:00,0.8026905656,0.3640804887,0.01368598081,0.563901484
2021-11-25 05:00:00,0.9307470322,0.3206598759,0.06378857791,0.8710003495
2021-11-25 06:00:00,1.224623919,0.702114284,0.1281218827,1.636859655
2021-11-25 07:00:00,3.009322643,1.107828021,0.01424698345,3.309172392
2021-11-25 08:00:00,2.411588669,1.016485333,0.1151526123,2.764108181
2021-11-25 09:00:00,1.540362954,0.5931818485,0.1061707214,1.624676704
2021-11-25 10:00:00,1.290554523,0.4592792988,0.06329098344,1.293600559
2021-11-25 11:00:00,1.076775074,0.4231874049,0.03979794681,0.9201571345
2021-11-25 12:00:00,1.171119094,0.5328526497,0.03314940631,0.7815462947
2021-11-25 13:00:00,1.57457602,0.6424748302,0.06838840991,1.63283515
2021-11-25 14:00:00,1.613259554,0.5099197626,0.03834414855,1.555565119
2021-11-25 15:00:00,1.314494014,3.353163242,0.3219417632,1.267933965
2021-11-25 16:00:00,1.907386422,5.091416622e-09,7.20198734e-10,1.692784071
2021-11-25 17:00:00,2.461160183,0.01495419815,0.002156405477,3.06200695
2021-11-25 18:00:00,2.385522366,0.4999272227,0.04582445696,3.281484365
2021-11-25 19:00:00,2.348389387,0.9355588555,0.08192292601,2.263520479
2021-11-25 20:00:00,2.413610458,0.7320421934,0.1070480496,2.485559702
2021-11-25 21:00:00,2.294917107,0.8697754741,0.07883109897,2.284096003
2021-11-25 22:00:00,1.740237713,0.7750811577,0.06463252008,1.581276298
2021-11-25 23:00:00,1.366233826,0.4908201694,0.02665730566,1.562635541
2021-11-26 00:00:00,0.8935040236,0.3124469519,0.03722053394,1.012304187
2021-11-26 01:00:00,0.713512063,0.3106978834,0.01612193324,0.5355680585
2021-11-26 02:00:00,1.132664442,0.2948178053,0.01875616796,1.066064358
2021-11-26 03:00:00,0.8200349808,0.3608091772,0.01385335624,0.6454339027
2021-11-26 04:00:00,0.7959797382,0.3478288054,0.01782716997,0.7501480579
2021-11-26 05:00:00,0.9541928768,0.3856088817,0.1582696736,0.9552676678
2021-11-26 06:00:00,1.501223922,0.6170251369,0.01161170751,1.820144534
2021-11-26 07:00:00,3.340379477,1.273785353,0.1129267216,3.948843002
2021-11-26 08:00:00,2.599276781,1.087178826,0.1292603612,2.890859842
2021-11-26 09:00:00,1.329973578,0.5295277834,0.05666160211,1.345050216
2021-11-26 10:00:00,0.8295224309,0.2764331996,0.030559659,0.8010123372
2021-11-26 11:00:00,0.8442392349,0.265801698,0.0222947076,0.7286307812
2021-11-26 12:00:00,0.9843145609,0.4072680473,0.02448029816,0.8001067042
2021-11-26 13:00:00,1.284295917,0.5539073944,0.0393156223,1.450361133
2021-11-26 14:00:00,1.454869628,2.269500017,0.1751138419,1.581852198
2021-11-26 15:00:00,1.500468969,3.719942808,0.3342413902,1.496194482
2021-11-26 16:00:00,1.910200477,1.085532908e-08,0.005643941462,1.788889647
2021-11-26 17:00:00,2.538291216,4.702199075e-09,3.767035017e-10,3.19719243
2021-11-26 18:00:00,2.565407038,0.03116676025,0.01500936039,3.286547661
2021-11-26 19:00:00,2.473956108,0.4896129072,0.01165809669,2.346850157
2021-11-26 20:00:00,2.48843646,0.4184799194,0.07838534564,2.554192066
2021-11-26 21:00:00,2.612061262,0.6685401201,0.09014686197,2.689915419
2021-11-26 22:00:00,1.746111393,0.6298117638,0.06176528707,1.661927342
2021-11-26 23:00:00,1.537809968,0.5330027938,0.04158915579,1.712036133
2021-11-27 00:00:00,1.30368638,0.5443438292,0.0651608482,1.292846084
2021-11-27 01:00:00,0.9258804321,0.367531091,0.03554781154,0.7745067477
2021-11-27 02:00:00,0.7628692985,0.295170635,0.02344473451,0.7632653117
2021-11-27 03:00:00,0.8257167339,0.3600619137,0.01653404534,0.6926386952
2021-11-27 04:00:00,0.8841691613,0.380899936,0.03637207672,0.7770282626
2021-11-27 05:00:00,0.8668867946,1.016559362,0.1073984727,0.7249664664
2021-11-27 06:00:00,1.201342583,0.03078891896,0.01131335273,1.757185578
2021-11-27 07:00:00,3.321624041,0.893728435,0.1527373195,4.604222298
2021-11-27 08:00:00,3.518333197,1.534156561,0.1324669868,3.596230268
2021-11-27 09:00:00,2.44751358,0.8367747068,0.1181899458,2.636142969
2021-11-27 10:00:00,1.846450567,0.6682944298,0.07072910666,1.930605531
2021-11-27 11:00:00,1.876490355,0.7467398047,0.05626356229,1.668537617
2021-11-27 12:00:00,1.530810118,0.6219600439,0.06821781397,1.396633625
2021-11-27 13:00:00,1.797503948,0.7531913519,0.1560942233,1.503793359
2021-11-27 14:00:00,1.851694942,2.302989721,0.3121414781,1.692603946
2021-11-27 15:00:00,1.905555367,3.81441474,0.3260278702,1.79836297
2021-11-27 16:00:00,1.565327525,5.485200294e-09,0.004846455995,1.660896778
2021-11-27 17:00:00,2.114091396,2.529696008e-09,1.548969564e-10,2.211824179
2021-11-27 18:00:00,2.243028164,0.01023691054,1.729578009e-10,2.598973274
2021-11-27 19:00:00,2.080705881,0.3359901905,2.498650176e-10,2.775944233
2021-11-27 20:00:00,2.069449425,0.3197491169,0.009437575005,2.445397377
2021-11-27 21:00:00,1.873815656,0.310924679,0.007830821909,1.998939633
2021-11-27 22:00:00,1.70968914,0.51295048,0.02857157402,1.78856194
2021-11-27 23:00:00,1.098943591,0.3971010447,0.02586632781,1.113356829
2021-11-28 00:00:00,0.8987922072,0.3191026449,0.04727880657,0.9584671855
2021-11-28 01:00:00,0.7856526971,0.3190298975,0.03268816322,0.6051800251
2021-11-28 02:00:00,0.666983366,0.2672136426,0.01580863446,0.4961075783
2021-11-28 03:00:00,0.6474460363,0.2641551197,0.009715884924,0.4342744946
2021-11-28 04:00:00,0.6463330984,0.265989244,0.01668208838,0.4653869271
2021-11-28 05:00:00,0.684450388,0.2977411151,0.01718928479,0.6679006219
2021-11-28 06:00:00,0.8983908296,0.3856474161,0.2267546058,1.193076849
2021-11-28 07:00:00,2.083796024,0.7346346974,6.303568223e-10,2.90346241
2021-11-28 08:00:00,2.268558979,1.015195012,0.01292683091,2.23220706
2021-11-28 09:00:00,1.681385636,0.6750605106,0.07285607606,1.634010911
2021-11-28 10:00:00,1.33655417,0.5286145806,0.04386493191,1.163552999
2021-11-28 11:00:00,1.151744723,0.4285216928,0.03127801418,1.050681829
2021-11-28 12:00:00,0.9156382084,0.3363655806,0.03149925172,0.8315342665
2021-11-28 13:00:00,1.185665131,0.4864754379,0.03159903362,0.9558429718
2021-11-28 14:00:00,1.277636528,0.4374203384,0.04518710449,1.26118803
2021-11-28 15:00:00,1.475647092,2.934484005,0.308029294,1.333987713
2021-11-28 16:00:00,1.269118905,4.641832252e-09,4.642376761e-10,1.390801191
2021-11-28 17:00:00,1.749192595,0.01134872902,5.774747902e-10,1.772347808
2021-11-28 18:00:00,1.93691361,0.3221979141,0.01738908514,2.030005932
2021-11-28 19:00:00,1.846893907,0.4238384068,0.02740115672,2.360445499
2021-11-28 20:00:00,1.734831572,0.6660582423,0.03992653266,1.986467719
2021-11-28 21:00:00,1.510722995,0.6296001673,0.05738498643,1.532862782
2021-11-28 22:00:00,1.196370244,0.4339180887,0.05575242266,1.254023552
2021-11-28 23:00:00,0.8942728043,0.4006482363,0.02960380726,0.7830947042
2021-11-29 00:00:00,0.755348742,0.2502618134,0.009705747478,0.8511621356
2021-11-29 01:00:00,0.3834323287,0.160141468,0.01658563502,0.310174793
2021-11-29 02:00:00,0.7976236343,0.193285808,0.009873202071,0.7939973474
2021-11-29 03:00:00,0.530883491,0.2032283545,0.008363733068,0.429607302
2021-11-29 04:00:00,0.4558874965,0.1926004291,0.01199033856,0.3392143548
2021-11-29 05:00:00,0.6029430628,0.2652555704,0.0259559378,0.531265676
2021-11-29 06:00:00,0.8816317916,0.3192850947,0.06422907859,1.057929158
2021-11-29 07:00:00,2.575239182,1.062661529,0.06661149114,2.850902319
2021-11-29 08:00:00,2.134570837,1.15711534,0.1290487945,2.14346981
2021-11-29 09:00:00,1.15991962,0.3988461494,0.006143986713,1.097669005
2021-11-29 10:00:00,0.8856865764,0.3494047225,0.03184848651,0.7912064791
2021-11-29 11:00:00,0.821811974,0.3208549619,0.02621586621,0.7286618948
2021-11-29 12:00:00,0.6642856598,0.2759333849,0.03219976276,0.5687583089
2021-11-29 13:00:00,1.040388465,0.3908117712,0.03707707301,1.175770044
2021-11-29 14:00:00,1.143054962,2.027460098,0.1903683692,1.150613308
2021-11-29 15:00:00,1.287156582,0.8485317826,0.1066991836,1.074986815
2021-11-29 16:00:00,1.621475339,4.105190854e-09,3.117336111e-10,1.416315198
2021-11-29 17:00:00,2.170319557,0.4589372277,5.993914809e-10,2.51493454
2021-11-29 18:00:00,2.121045589,0.4628896415,0.01643145829,2.701625586
2021-11-29 19:00:00,1.809673429,0.5583223104,0.04009462148,1.587034583
2021-11-29 20:00:00,1.7629565,0.6802957058,0.07271698117,1.684660792
2021-11-29 21:00:00,1.942185998,0.809029758,0.05383137614,1.771340847
2021-11-29 22:00:00,1.275858283,0.5716149211,0.0428217873,1.197860479
2021-11-29 23:00:00,0.9259898663,0.3146600723,0.0317321457,1.309529305
2021-11-30 00:00:00,0.6364149451,0.3957740366,0.03089354187,0.7175721526
2021-11-30 01:00:00,0.5273274779,7.859087603e-09,4.842362622e-10,0.4353433549
2021-11-30 02:00:00,0.9279261827,0.1735643297,0.001752672833,0.8933036923
2021-11-30 03:00:00,0.6902691126,0.2485544682,0.009650526568,0.5552987456
2021-11-30 04:00:00,0.6387858987,0.2573624551,0.008896375075,0.4429408312
2021-11-30 05:00:00,0.6477444172,1.752984762,0.04191763327,0.5399166942
2021-11-30 06:00:00,1.188077211,0.8036844134,0.2590566278,1.196809769
2021-11-30 07:00:00,2.773681164,5.59779112e-09,5.677109338e-10,3.519504547
2021-11-30 08:00:00,2.573883772,0.6294116974,0.00889262557,2.601493597
2021-11-30 09:00:00,1.115570188,0.4933598042,0.0490411371,1.002640605
2021-11-30 10:00:00,0.8584653735,0.3161412179,0.03349106014,0.7977776527
2021-11-30 11:00:00,0.6427557468,0.2354242057,0.02119261213,0.5330805779
2021-11-30 12:00:00,0.5991956592,0.2213384062,0.02714462206,0.4965755939
2021-11-30 13:00:00,0.9540168643,0.3784419894,0.02984414995,1.115851045
2021-11-30 14:00:00,0.9551922083,2.485261917,0.01928111911,1.035059094
2021-11-30 15:00:00,1.236663461,4.129333973,0.3067136109,1.042859435
2021-11-30 16:00:00,1.527557969,0.4168764949,0.02803011984,1.298706412
2021-11-30 17:00:00,2.583124161,5.052745777e-09,0.0110969888,2.957203388
2021-11-30 18:00:00,2.348080873,0.01697068475,0.01905632392,2.9389081
2021-11-30 19:00:00,2.106883526,0.04955415055,0.01034706365,1.987095237
2021-11-30 20:00:00,2.223063231,0.4029332399,0.05115293339,2.135349751
2021-11-30 21:00:00,2.477146626,0.4226979613,0.09220643342,2.468900442
2021-11-30 22:00:00,1.979032636,0.4964710176,0.06457092613,1.908259034
2021-11-30 23:00:00,1.539121151,0.7199878693,0.05357817933,1.907341123
2021-12-01 00:00:00,1.339669108,0.005958369933,0.03816377372,1.544984102
2021-12-01 01:00:00,1.011534095,0.3766606748,0.01823142916,0.8140617609
2021-12-01 02:00:00,1.645464659,0.4792712629,0.02401102334,1.475335956
2021-12-01 03:00:00,1.123277068,0.4307309091,0.0201757811,0.904112041
2021-12-01 04:00:00,1.378063083,0.5249022245,0.02337580919,1.048619986
2021-12-01 05:00:00,1.366988182,1.239642501,0.3469733,1.201557755
2021-12-01 06:00:00,2.0378263,2.663695335,0.2028121054,2.647308111
2021-12-01 07:00:00,4.128168583,0.06859923154,0.002062586835,4.891625404
2021-12-01 08:00:00,3.743768454,0.7035373449,0.0164549835,4.246150017
2021-12-01 09:00:00,1.552279711,0.6510953903,0.08976372331,1.618599653
2021-12-01 10:00:00,1.346977592,0.4853445292,0.04756096378,1.400738716
2021-12-01 11:00:00,1.188241482,0.4131920934,0.03411728516,1.16347611
2021-12-01 12:00:00,0.9662878513,0.3861482739,0.03716476262,0.8931728005
2021-12-01 13:00:00,1.488192558,0.5939468741,0.08239098638,1.747746229
2021-12-01 14:00:00,2.035995483,0.8412581682,0.04962640628,1.830063581
2021-12-01 15:00:00,1.914639354,3.273825884,0.3138828874,1.681110263
2021-12-01 16:00:00,2.372942924,0.2004965544,0.006664602086,2.234731913
2021-12-01 17:00:00,3.107208729,0.1044859439,0.01486745011,3.32883358
2021-12-01 18:00:00,3.009945393,1.46289432,0.1843125671,3.652952433
2021-12-01 19:00:00,2.898876905,0.5197079182,0.01274012215,2.949197769
2021-12-01 20:00:00,2.870260239,1.112295985,0.1227955669,2.938225985
2021-12-01 21:00:00,2.927775145,1.068790674,0.09300902486,2.987735271
2021-12-01 22:00:00,1.910412788,0.8705568314,0.06125363708,1.954539895
2021-12-01 23:00:00,1.5577631,1.147357225,0.02904584259,1.880041957
2021-12-02 00:00:00,1.550839543,5.89084026e-09,0.02765412629,1.67559731
2021-12-02 01:00:00,1.21658814,0.4912000895,0.01940924674,0.9756444097
2021-12-02 02:00:00,1.72539711,0.500028789,0.02483046427,1.599672556
2021-12-02 03:00:00,1.329080701,0.5113627315,0.0363265276,1.174394608
2021-12-02 04:00:00,1.196391582,0.4795264006,0.02794979513,0.993545115
2021-12-02 05:00:00,1.448030829,1.735077143,0.06592147052,1.42878139
2021-12-02 06:00:00,1.988804817,0.4133890569,0.2563894987,2.219364643
2021-12-02 07:00:00,4.235560417,0.916565001,0.02270526439,4.977052689
2021-12-02 08:00:00,3.410251617,1.436258793,0.2052615732,4.247894287
2021-12-02 09:00:00,2.024374962,0.9686672688,0.1226707026,2.116007566
2021-12-02 10:00:00,1.591422796,0.6333244443,0.06564170122,1.735647678
2021-12-02 11:00:00,1.528459787,0.5929459333,0.04849287495,1.456027865
2021-12-02 12:00:00,1.334326506,0.6114217639,0.04053239524,1.121767879
2021-12-02 13:00:00,1.68722868,0.8894639611,0.07159286737,1.926221728
2021-12-02 14:00:00,1.83649385,2.289988995,0.04908676073,1.761798382
2021-12-02 15:00:00,2.028744459,3.529112339,0.3578282297,1.674906373
2021-12-02 16:00:00,2.430569649,0.01105175912,7.820000758e-10,2.418566465
2021-12-02 17:00:00,3.070209026,0.002308135852,0.006861221045,3.492266893
2021-12-02 18:00:00,3.104384184,0.4022298455,0.07446104288,3.629094362
2021-12-02 19:00:00,2.990284204,0.5387822986,0.1323580742,3.088033199
2021-12-02 20:00:00,2.865140676,0.9732930064,0.1388299912,2.97883296
2021-12-02 21:00:00,3.068329096,0.9992085695,0.1062486321,3.157476187
2021-12-02 22:00:00,2.167612314,0.9396414757,0.08602792025,2.023462772
2021-12-02 23:00:00,1.61111927,1.267882943,0.03797341138,1.913562298
2021-12-03 00:00:00,1.384939909,0.08538255841,0.01886271313,1.384130716
2021-12-03 01:00:00,1.159499407,0.3812007308,0.0167748481,0.7949230075
2021-12-03 02:00:00,1.66100657,0.6199150681,0.02261601761,1.439901233
2021-12-03 03:00:00,1.387802362,0.4877926409,0.028701609,1.233690381
2021-12-03 04:00:00,1.163544893,0.5402526855,0.02978156507,0.9294971228
2021-12-03 05:00:00,1.705920696,1.748219013,0.1975124925,1.630887389
2021-12-03 06:00:00,2.297345638,0.002652927302,0.01333674416,2.557939053
2021-12-03 07:00:00,4.02218008,1.506983399,0.1624786705,4.967050552
2021-12-03 08:00:00,3.887799501,1.546982527,0.2138440907,4.540569782
2021-12-03 09:00:00,1.773127556,0.705352664,0.1037961468,1.927263975
2021-12-03 10:00:00,1.459600925,0.5427274108,0.06067391485,1.441051483
2021-12-03 11:00:00,1.461466074,0.5022777319,0.06106722727,1.297567487
2021-12-03 12:00:00,0.930108726,0.3554768264,0.02899478003,0.85220927
2021-12-03 13:00:00,1.452966452,1.025158644,0.06744002551,1.639677763
2021-12-03 14:00:00,2.080084562,3.334872484,0.2418769598,1.967701912
2021-12-03 15:00:00,1.964842319,3.382277727,0.3501011133,1.82265985
2021-12-03 16:00:00,2.339534998,0.05006690323,0.01555521227,2.427952051
2021-12-03 17:00:00,3.63975215,2.404224819e-09,4.18431706e-10,3.884095192
2021-12-03 18:00:00,3.285041332,3.4264378e-09,0.01840029843,4.049902439
2021-12-03 19:00:00,3.115559101,0.4095379114,0.0433742553,3.285296917
2021-12-03 20:00:00,3.101305962,0.9809410572,0.1167494878,3.170357466
2021-12-03 21:00:00,3.067138195,0.9719526172,0.09823163599,3.162948847
2021-12-03 22:00:00,1.78966856,0.8336969018,0.05349294841,1.686261773
2021-12-03 23:00:00,1.492839456,0.5161040425,0.02513217181,1.863275647
2021-12-04 00:00:00,1.304234982,0.4871596098,0.1011293828,1.494646311
2021-12-04 01:00:00,0.9521465898,0.4873367846,0.03024528734,0.6936980486
2021-12-04 02:00:00,0.8969199657,0.3616120517,0.03028296307,0.7115759254
2021-12-04 03:00:00,0.7022010088,0.2959398031,0.01399241388,0.5578809381
2021-12-04 04:00:00,0.6683456302,0.292734772,0.0224042628,0.6277366877
2021-12-04 05:00:00,0.8252804279,0.3747495711,0.08380554616,0.5750728846
2021-12-04 06:00:00,1.2970469,0.4801109135,0.002743401565,1.157330155
2021-12-04 07:00:00,2.903637171,0.9839761853,0.1405160576,3.535086155
2021-12-04 08:00:00,2.839832306,1.258660793,0.0861215964,2.866662025
2021-12-04 09:00:00,2.003682375,0.7373028994,0.09035680443,2.145558596
2021-12-04 10:00:00,1.695223808,0.6564229727,0.08209888637,1.599287033
2021-12-04 11:00:00,1.562051773,1.040889263,0.05429544672,1.480799198
2021-12-04 12:00:00,1.156745076,1.539739536e-08,0.110630855,1.146844149
2021-12-04 13:00:00,1.434102774,1.405959964,0.183576867,1.237376332
2021-12-04 14:00:00,1.532715917,3.328002214,0.3140594065,1.449936986
2021-12-04 15:00:00,1.928295851,3.756655455,0.3590858579,1.997561932
2021-12-04 16:00:00,1.869158864,0.4085274637,0.03447944671,2.064611197
2021-12-04 17:00:00,2.717020988,2.113673458e-09,1.682852746e-10,2.768957138
2021-12-04 18:00:00,2.955662012,3.462175879e-09,1.969764074e-10,3.523284674
2021-12-04 19:00:00,2.847754478,0.002780014183,3.141243377e-10,3.330797672
2021-12-04 20:00:00,2.590668917,0.4065673649,0.03622831404,2.749176502
2021-12-04 21:00:00,2.581939697,0.3582418263,0.01142085437,2.774993896
2021-12-04 22:00:00,2.225676537,0.672349453,0.03788855672,2.211847067
2021-12-04 23:00:00,1.562577605,0.6244345307,0.03264837712,1.46062994
2021-12-05 00:00:00,1.177698731,0.4537851214,0.02596705221,1.169253111
2021-12-05 01:00:00,0.84966892,0.4297446609,0.0167929884,0.5911645889
2021-12-05 02:00:00,0.7726505399,0.36405316,0.01835463382,0.61122787
2021-12-05 03:00:00,0.977176249,0.4205192029,0.01860822365,0.7099299431
2021-12-05 04:00:00,1.16299963,0.5019503236,0.0283401031,0.8994294405
2021-12-05 05:00:00,1.000496626,0.5073799491,0.04966529459,0.7606061697
2021-12-05 06:00:00,1.512032509,2.314749718,0.3200653493,1.443508625
2021-12-05 07:00:00,3.148490191,0.1010776758,1.329224619e-09,4.164487839
2021-12-05 08:00:00,3.804036856,0.8767441511,0.02738462389,4.062764645
2021-12-05 09:00:00,2.333889484,0.8295584917,0.1011433527,2.50473237
2021-12-05 10:00:00,1.621102929,0.6306016445,0.07984627038,1.788017035
2021-12-05 11:00:00,1.534395218,0.5334610343,0.04754823074,1.385019183
2021-12-05 12:00:00,1.144469261,0.4297510684,0.04110818729,1.039579988
2021-12-05 13:00:00,1.332261086,0.9229307175,0.04243461043,1.108946204
2021-12-05 14:00:00,1.343551874,2.728343964,0.09780839086,1.416351676
2021-12-05 15:00:00,2.137216091,3.637251616,0.3349896371,1.97749126
2021-12-05 16:00:00,1.949491382,6.288502608e-09,7.122065715e-10,2.322205067
2021-12-05 17:00:00,2.723481417,0.0007831104449,0.000837784959,2.846497059
2021-12-05 18:00:00,3.107875586,0.07115000486,0.06874041259,3.656120539
2021-12-05 19:00:00,3.218646288,0.4217005074,0.1258120239,3.778365374
2021-12-05 20:00:00,3.010568619,0.565967381,0.1045452505,3.097016573
2021-12-05 21:00:00,3.008419037,1.014705658,0.1220111251,3.141944647
2021-12-05 22:00:00,2.716830015,1.038526773,0.1083587557,2.815020084
2021-12-05 23:00:00,1.840619683,0.7238482833,0.05233503878,1.861727118
2021-12-06 00:00:00,1.481048584,0.5654598475,0.03659335896,1.691235662
2021-12-06 01:00:00,1.245650411,0.5753819346,0.04308544844,0.9376431108
2021-12-06 02:00:00,1.832341909,0.583466053,0.02588235401,1.632839799
2021-12-06 03:00:00,1.402840018,0.5788208246,0.02598321438,1.134532571
2021-12-06 04:00:00,1.360930443,0.5932688117,0.02595385909,1.084939361
2021-12-06 05:00:00,1.342817187,0.5919704437,0.0609197095,1.345385909
2021-12-06 06:00:00,2.037357569,0.8230047822,0.1062024087,2.674714804
2021-12-06 07:00:00,4.191664696,1.503393054,0.2053069919,5.189801693
2021-12-06 08:00:00,3.280282259,1.551702261,0.2486961484,4.187221527
2021-12-06 09:00:00,2.141546249,0.6919760108,0.04317838699,2.202306986
2021-12-06 10:00:00,1.604270935,0.64828825,0.05629516765,1.524269581
2021-12-06 11:00:00,1.249509811,0.5024472475,0.03061640263,1.109926939
2021-12-06 12:00:00,1.260446668,0.4829450846,0.03256666288,1.157312393
2021-12-06 13:00:00,1.854169726,1.097824097,0.05438194424,1.994594455
2021-12-06 14:00:00,1.938501954,2.512355328,0.295168668,1.950839639
2021-12-06 15:00:00,2.117601633,3.164808273,0.2017192543,1.818939447
2021-12-06 16:00:00,2.604387283,3.692367967e-09,3.479713184e-10,2.456346989
2021-12-06 17:00:00,3.619112492,7.622039888e-09,0.009990934283,4.120268822
2021-12-06 18:00:00,3.30802989,0.6078031659,0.03162212297,4.027813911
2021-12-06 19:00:00,3.30210948,0.8950417638,0.1420082897,3.627018452
2021-12-06 20:00:00,3.287541866,1.043821931,0.1389809251,3.576613188
2021-12-06 21:00:00,3.267562389,1.135321379,0.1023574919,3.384604216
2021-12-06 22:00:00,2.159535885,1.008307099,0.09734891355,2.089655638
2021-12-06 23:00:00,1.77642715,0.6799183488,0.05214969814,2.118784189
2021-12-07 00:00:00,1.525829315,1.672428727,0.068893902,1.523943305
2021-12-07 01:00:00,1.420882583,1.685056539e-09,5.753671983e-10,1.177859664
2021-12-07 02:00:00,1.829824924,0.4439280629,0.006270248443,1.638339162
2021-12-07 03:00:00,1.606440902,0.4966407716,0.06485552341,1.555676103
2021-12-07 04:00:00,1.406587005,0.5918861032,0.04558550566,1.222930908
2021-12-07 05:00:00,1.782639861,0.9156976938,0.274404943,1.656519413
2021-12-07 06:00:00,2.557372093,2.466413736,0.3436686397,2.838590145
2021-12-07 07:00:00,4.622465611,0.2993226051,0.008732223883,5.822005749
2021-12-07 08:00:00,4.095180511,1.464312792,0.03437342495,4.885913372
2021-12-07 09:00:00,2.637371302,1.156482935,0.1424065232,2.895497084
2021-12-07 10:00:00,2.053023577,0.7737817764,0.07281018794,1.966611505
2021-12-07 11:00:00,1.765436172,0.6654374003,0.05087628216,1.603246212
2021-12-07 12:00:00,1.582559824,0.5830377936,0.03605291247,1.507675767
2021-12-07 13:00:00,1.7930758,0.7216254473,0.06793116778,2.181288004
2021-12-07 14:00:00,2.764593363,0.8812084794,0.1144998372,2.731480598
2021-12-07 15:00:00,2.151147842,2.665817261,0.3434430659,2.171394825
2021-12-07 16:00:00,2.584948301,0.2028172016,0.1394395679,2.703010082
2021-12-07 17:00:00,3.513933659,0.8709968925,0.01621277072,3.905117273
2021-12-07 18:00:00,3.281271696,1.089484811,0.07436931133,4.119495869
2021-12-07 19:00:00,2.888076305,1.158122301,0.01825006679,3.059850216
2021-12-07 20:00:00,3.024454832,1.186262369,0.14305152,3.270676613
2021-12-07 21:00:00,2.921195745,1.085850954,0.1065741405,3.052053928
2021-12-07 22:00:00,1.991769433,0.9116694331,0.07565946132,1.922311664
2021-12-07 23:00:00,1.558534384,0.6411741376,0.03600320965,1.761966944
2021-12-08 00:00:00,1.245458722,0.4406108558,0.01835849881,1.215531588
2021-12-08 01:00:00,1.103861928,0.5401220918,0.01178297587,0.7165376544
2021-12-08 02:00:00,1.493244767,0.4209230244,0.01751395501,1.405502439
2021-12-08 03:00:00,1.121916175,0.4327695072,0.01781500131,0.9366090298
2021-12-08 04:00:00,1.098850369,0.4678967595,0.02040632814,0.8469453454
2021-12-08 05:00:00,1.591328621,0.7098352313,0.3379262388,1.266727328
2021-12-08 06:00:00,1.742142081,2.687810421,0.1847517192,2.01192832
2021-12-08 07:00:00,4.041798592,0.03099366836,0.00444722455,4.930634022
2021-12-08 08:00:00,3.451245546,0.9537069201,0.01789469458,4.20114994
2021-12-08 09:00:00,2.013067484,0.8119787574,0.1109049395,2.28334856
2021-12-08 10:00:00,1.600463986,0.6061116457,0.07420286536,1.690783739
2021-12-08 11:00:00,1.348205209,0.5414609909,0.05076053739,1.159077883
2021-12-08 12:00:00,1.121603966,0.4642320871,0.03609817103,0.9033648968
2021-12-08 13:00:00,1.392034769,0.5179054737,0.05677725375,1.7377038
2021-12-08 14:00:00,1.810375929,0.7267175317,0.03268087283,1.797905445
2021-12-08 15:00:00,2.072640419,3.526829481,0.313796401,1.780054331
2021-12-08 16:00:00,2.370649576,0.03053311631,0.009843911044,2.326180458
2021-12-08 17:00:00,3.286610365,0.2214905769,0.01782176085,3.689973831
2021-12-08 18:00:00,3.1449821,1.481179357,0.2078747153,3.733274698
2021-12-08 19:00:00,2.995758533,0.5224962831,0.01695624366,3.143545628
2021-12-08 20:00:00,2.830749273,1.109996915,0.1287094206,2.924637794
2021-12-08 21:00:00,2.852728128,1.009007931,0.1013530791,3.130144596
2021-12-08 22:00:00,1.895671964,0.8837142587,0.07101987302,1.79929018
2021-12-08 23:00:00,1.643946409,0.7105823159,0.02702202462,1.833404779
2021-12-09 00:00:00,1.226367593,0.4550200105,0.03294267133,1.197982192
2021-12-09 01:00:00,0.9236296415,0.4002282619,0.01023277827,0.6994289756
2021-12-09 02:00:00,1.370797396,0.4003706276,0.01372929849,1.250888228
2021-12-09 03:00:00,0.972299397,0.4591490328,0.01494406536,0.8034032583
2021-12-09 04:00:00,1.032027841,0.4501728714,0.01899765432,0.9114800096
2021-12-09 05:00:00,1.331902027,0.6561058164,0.0567234531,1.149562955
2021-12-09 06:00:00,1.835736513,1.567660213,0.233957395,2.068088293
2021-12-09 07:00:00,3.913744926,0.7534536719,0.02217748761,4.77298975
2021-12-09 08:00:00,3.499989033,1.304130554,0.1965222359,4.257431507
2021-12-09 09:00:00,1.85555923,0.7611632943,0.1005237326,1.943071723
2021-12-09 10:00:00,1.417373419,0.5230340362,0.0635876134,1.495230198
2021-12-09 11:00:00,1.430057764,0.509375751,0.05772744119,1.499929905
2021-12-09 12:00:00,1.290307999,0.571475625,0.04086436704,1.212918758
2021-12-09 13:00:00,1.805942416,0.7458562255,0.06811920553,2.03177619
2021-12-09 14:00:00,2.204797268,2.914901495,0.0641104579,2.218804598
2021-12-09 15:00:00,2.105209351,3.586680412,0.3542995453,1.751791
2021-12-09 16:00:00,2.458231211,0.1540100873,8.474345115e-10,2.21581769
2021-12-09 17:00:00,3.653215647,4.698133438e-09,0.01091061253,4.003982067
2021-12-09 18:00:00,3.344876766,0.2220123857,0.07193340361,4.01593399
2021-12-09 19:00:00,3.167776585,0.6073168516,0.1416270584,3.282557726
2021-12-09 20:00:00,3.176262617,1.133875251,0.1455289871,3.461233854
2021-12-09 21:00:00,2.933407068,1.058976173,0.109246254,3.203381538
2021-12-09 22:00:00,2.131984949,0.9356421232,0.07869450003,2.081406355
2021-12-09 23:00:00,1.704556704,0.6624039412,0.04072279111,2.051582575
2021-12-10 00:00:00,1.290057778,0.5217059255,0.0203331355,1.31679666
2021-12-10 01:00:00,1.024825811,0.5093165636,0.01311158482,0.699398458
2021-12-10 02:00:00,1.48776257,0.4086441994,0.03766316175,1.416628599
2021-12-10 03:00:00,1.084748387,0.4686531425,0.01637259871,0.82984972
2021-12-10 04:00:00,1.018625259,0.4730728567,0.01575124264,0.6925655007
2021-12-10 05:00:00,0.9609142542,0.4604536295,0.1092203408,0.8308956623
2021-12-10 06:00:00,1.516811132,0.6123496294,0.01324120443,1.685749888
2021-12-10 07:00:00,3.508131742,1.319246531,0.08710984141,4.062681675
2021-12-10 08:00:00,3.072576284,1.215160489,0.1859555542,3.812184572
2021-12-10 09:00:00,1.741186619,0.7703070045,0.1030573547,1.750077724
2021-12-10 10:00:00,1.356920481,0.5063964128,0.05384179205,1.376016855
2021-12-10 11:00:00,1.156621456,0.5159325004,0.03763307631,1.095915794
2021-12-10 12:00:00,1.187613845,0.5314577222,0.03649236634,1.178856373
2021-12-10 13:00:00,1.52918601,0.6805619597,0.05851606652,1.800211787
2021-12-10 14:00:00,1.92959106,2.429609299,0.2151580751,1.979037762
2021-12-10 15:00:00,1.802641511,3.823353052,0.338570565,1.576158524
2021-12-10 16:00:00,2.296188831,0.06612679362,0.009899639525,2.092967272
2021-12-10 17:00:00,3.119115114,6.919092854e-09,3.917047242e-10,3.285259008
2021-12-10 18:00:00,2.959027767,0.2316619605,0.01784563996,3.474206924
2021-12-10 19:00:00,2.787346125,0.7126755714,0.02755437419,2.872943401
2021-12-10 20:00:00,2.943074703,0.5557565093,0.1132905409,3.094818592
2021-12-10 21:00:00,2.84653306,0.9147509336,0.1001394689,3.031799793
2021-12-10 22:00:00,2.017155409,0.9434627295,0.06990107894,1.912663698
2021-12-10 23:00:00,1.617648721,0.6718484163,0.04102940857,1.769644856
2021-12-11 00:00:00,1.090166092,0.3497091234,0.07035441697,1.501131058
2021-12-11 01:00:00,0.9288418293,0.3842931986,0.02243148722,0.7995458245
2021-12-11 02:00:00,0.9859439731,0.4330331683,0.02173939347,0.8368290663
2021-12-11 03:00:00,0.9443724751,0.4358463585,0.02135721408,0.947349906
2021-12-11 04:00:00,1.039550424,0.4322065115,0.05152918771,1.006570935
2021-12-11 05:00:00,1.11277616,0.9455937147,0.1277539283,0.9138362408
2021-12-11 06:00:00,1.60524714,0.3651547134,0.006680302322,1.848611355
2021-12-11 07:00:00,3.551103592,0.9423391819,0.1443122774,4.712587833
2021-12-11 08:00:00,4.013823986,1.73889935,0.1225884557,4.014061451
2021-12-11 09:00:00,2.488223314,0.9220493436,0.1152731106,2.626279593
2021-12-11 10:00:00,1.927533746,0.7394173741,0.09680044651,1.938445926
2021-12-11 11:00:00,1.780047894,0.6140646338,0.09278184175,1.736868978
2021-12-11 12:00:00,1.218568087,0.6365503669,0.1346363872,1.222683072
2021-12-11 13:00:00,1.486543655,1.977722764,0.2218629122,1.387984633
2021-12-11 14:00:00,1.716430902,3.266601562,0.3169022799,1.699020505
2021-12-11 15:00:00,2.507070541,3.345749617,0.3860769272,2.411192417
2021-12-11 16:00:00,2.294906139,1.045143723,0.02518609166,2.299546957
2021-12-11 17:00:00,2.999937773,3.122380798e-09,2.02941608e-10,3.144498587
2021-12-11 18:00:00,3.444966078,4.692501054e-09,2.463519944e-10,4.200713158
2021-12-11 19:00:00,3.287977934,0.02875073999,4.274748333e-10,3.882442951
2021-12-11 20:00:00,3.264512539,0.7861168385,0.06058896706,3.292086601
2021-12-11 21:00:00,3.248454571,0.5221934915,0.01369188633,3.3668046
2021-12-11 22:00:00,2.642543316,0.9562417269,0.06426859647,2.615757465
2021-12-11 23:00:00,1.93284905,0.7460262179,0.03845286742,1.993737459
2021-12-12 00:00:00,1.413134813,1.165408015,0.03415143862,1.403177381
2021-12-12 01:00:00,1.310092211,7.098324595e-09,0.03394585848,1.156369448
2021-12-12 02:00:00,1.28057456,0.5542951822,0.06324692816,1.168260813
2021-12-12 03:00:00,1.246583223,0.5686628819,0.02681302652,1.011655688
2021-12-12 04:00:00,1.369133115,0.6087034941,0.04106825218,1.181394696
2021-12-12 05:00:00,1.516010404,0.6861544251,0.1213594228,1.341976404
2021-12-12 06:00:00,1.517169118,2.728128433,0.3621732891,1.744834661
2021-12-12 07:00:00,3.855790138,0.519949019,0.002383973682,5.194041252
2021-12-12 08:00:00,4.842681408,0.7506814003,0.0300824251,4.954857349
2021-12-12 09:00:00,2.973853588,1.086618066,0.1167198941,3.381488323
2021-12-12 10:00:00,2.222022057,0.757986486,0.1347229183,2.630773544
2021-12-12 11:00:00,2.144820452,0.797798574,0.06844173372,1.994285941
2021-12-12 12:00:00,1.645425916,0.6276141405,0.06667487323,1.601607919
2021-12-12 13:00:00,1.735468268,1.189158559,0.06852523983,1.586956501
2021-12-12 14:00:00,2.071691513,2.800009251,0.2004320472,2.05980134
2021-12-12 15:00:00,2.89289403,2.999351263,0.3882501125,2.925486326
2021-12-12 16:00:00,2.818431139,0.1232325137,9.921788946e-10,3.085983038
2021-12-12 17:00:00,3.479605198,0.1713492125,0.01306216698,3.760961294
2021-12-12 18:00:00,4.022901535,0.6812953949,0.1119749099,4.790163517
2021-12-12 19:00:00,3.68718195,0.8596662283,0.1395623535,4.502830029
2021-12-12 20:00:00,3.534209013,1.270896316,0.1240527779,3.802978992
2021-12-12 21:00:00,3.729335785,1.472029686,0.1565344334,3.881224632
2021-12-12 22:00:00,3.074488878,1.176012874,0.1120296866,3.099484205
2021-12-12 23:00:00,1.998890519,0.7612825632,0.05298297107,2.121500015
2021-12-13 00:00:00,1.568779826,0.5950659513,0.02989781648,1.781873584
2021-12-13 01:00:00,1.266202927,0.5829909444,0.02428318001,1.093039989
2021-12-13 02:00:00,2.095067739,0.703224957,0.03812094033,1.928458571
2021-12-13 03:00:00,1.658584476,0.6959680319,0.04848090559,1.405217052
2021-12-13 04:00:00,1.76695919,0.7840326428,0.03521465883,1.403497815
2021-12-13 05:00:00,1.961346984,0.8535772562,0.08235599846,1.770104289
2021-12-13 06:00:00,2.808942318,1.152383804,0.1245639175,3.006267309
2021-12-13 07:00:00,4.609663486,1.632235646,0.2352147698,6.020182133
2021-12-13 08:00:00,4.169493675,1.753794432,0.2767926753,5.313860416
2021-12-13 09:00:00,2.791783333,1.092387915,0.1001495942,2.977812767
2021-12-13 10:00:00,2.329616308,0.9233346581,0.07758516818,2.321589231
2021-12-13 11:00:00,2.416026831,0.9631692767,0.06813884526,2.189547777
2021-12-13 12:00:00,2.117426634,0.8819505572,0.08379622549,2.020342588
2021-12-13 13:00:00,2.299257994,1.577867389,0.09266859293,2.617571354
2021-12-13 14:00:00,2.969845295,2.85528183,0.3558949232,3.119396687
2021-12-13 15:00:00,2.328445911,3.079848289,0.2667999268,2.182836056
2021-12-13 16:00:00,2.927627087,0.5080316663,3.771193913e-10,2.912265062
2021-12-13 17:00:00,4.159086704,0.005176695064,0.01678929478,4.567873001
2021-12-13 18:00:00,4.047189236,1.173123717,0.06667982042,5.076173782
2021-12-13 19:00:00,3.905266523,0.5849917531,0.1849342436,4.501802921
2021-12-13 20:00:00,3.904264927,1.10128963,0.1743067056,4.232599258
2021-12-13 21:00:00,3.865612268,1.379679799,0.13793464,4.135703087
2021-12-13 22:00:00,2.579519033,1.157358289,0.09333860874,2.669573545
2021-12-13 23:00:00,2.333372593,0.9782323837,0.06266529113,2.592937708
2021-12-14 00:00:00,1.980586886,1.807587504,0.1337838322,2.043213129
2021-12-14 01:00:00,1.43210268,0.00473404536,6.647618012e-10,1.191331983
2021-12-14 02:00:00,2.211084366,0.4740464389,0.009538376704,2.220722198
2021-12-14 03:00:00,2.003974438,0.7460268736,0.04743696749,1.772954941
2021-12-14 04:00:00,1.682553768,0.6837098598,0.04621185362,1.480921984
2021-12-14 05:00:00,1.685279846,1.151022434,0.3218632936,1.66605866
2021-12-14 06:00:00,2.536846876,2.702596188,0.3493282497,3.013644218
2021-12-14 07:00:00,4.824942112,0.4070139825,0.009250689298,6.196404457
2021-12-14 08:00:00,4.274684429,1.159677148,0.04646455869,5.090528011
2021-12-14 09:00:00,2.635663509,1.109739184,0.1252957433,2.801347494
2021-12-14 10:00:00,2.079671621,0.8586512208,0.08224381506,2.068667173
2021-12-14 11:00:00,2.057217836,0.8186752796,0.05143657699,1.890741825
2021-12-14 12:00:00,2.025101662,0.8884679079,0.04317666963,1.717165232
2021-12-14 13:00:00,2.315363646,0.9374528527,0.08415667713,2.542293549
2021-12-14 14:00:00,2.753726244,1.396843433,0.1412248313,2.816188335
2021-12-14 15:00:00,2.628189325,2.692129135,0.3886391521,2.725338459
2021-12-14 16:00:00,3.244233847,0.5947895646,0.198495239,3.425433397
2021-12-14 17:00:00,4.150453091,1.077326655,0.02065631188,4.529836655
2021-12-14 18:00:00,3.89730072,1.484171391,0.1268705577,4.858208656
2021-12-14 19:00:00,3.921480656,1.075598598,0.03182385862,4.403904438
2021-12-14 20:00:00,3.687479973,1.349998236,0.171024546,4.097144604
2021-12-14 21:00:00,3.751698494,1.367334485,0.1271477938,3.948313951
2021-12-14 22:00:00,2.488616228,1.166759968,0.08681280166,2.441633224
2021-12-14 23:00:00,2.087123394,0.8364619613,0.05002307519,2.496760368
2021-12-15 00:00:00,1.418106437,0.486091584,0.04059888422,1.490807295
2021-12-15 01:00:00,1.114310026,0.4973830283,0.01863360032,0.9324350953
2021-12-15 02:00:00,1.769106388,0.5421084762,0.02878794819,1.749800324
2021-12-15 03:00:00,1.188868165,0.5234345198,0.02904079296,0.9957959652
2021-12-15 04:00:00,1.352612972,0.6223951578,0.03666994721,0.9801852703
2021-12-15 05:00:00,1.507065415,0.5812240839,0.3462644517,1.499311924
2021-12-15 06:00:00,1.92127955,1.654260278,0.168554157,2.125710487
2021-12-15 07:00:00,3.961340189,0.7051982284,0.0009051261004,4.967624664
2021-12-15 08:00:00,3.254159451,1.229324222,0.01690648496,3.810145378
2021-12-15 09:00:00,2.171596289,0.8779384494,0.1041211411,2.295388699
2021-12-15 10:00:00,1.769758105,0.6556441784,0.06666127592,1.723751426
2021-12-15 11:00:00,1.882876515,0.7799132466,0.0526249297,1.522135258
2021-12-15 12:00:00,1.382483959,0.5501613021,0.04288515821,1.330317497
2021-12-15 13:00:00,1.815293908,0.6437636614,0.07576498389,2.20599103
2021-12-15 14:00:00,2.361213446,0.7398136258,0.0467531532,2.289810419
2021-12-15 15:00:00,1.554847598,3.729273319,0.3024815321,1.601381898
2021-12-15 16:00:00,2.174941301,0.1156161129,0.01195838675,2.218012094
2021-12-15 17:00:00,3.406776428,7.553260239e-09,0.0154605275,3.898424864
2021-12-15 18:00:00,3.156422377,1.315549612,0.1793747544,3.811975479
2021-12-15 19:00:00,2.97632575,0.5052366853,0.01597017422,3.025827169
2021-12-15 20:00:00,2.756390572,1.152953506,0.1183127314,2.824621916
2021-12-15 21:00:00,2.708186388,1.012274265,0.0895120278,2.773095131
2021-12-15 22:00:00,1.694630146,0.7932528257,0.06394910812,1.708869338
2021-12-15 23:00:00,1.491716981,0.5857078433,0.03542360663,1.824808002
2021-12-16 00:00:00,1.238607526,0.4793776274,0.01636494882,1.272766948
2021-12-16 01:00:00,0.898817718,0.4133527875,0.0115664117,0.6914294362
2021-12-16 02:00:00,1.432154536,0.4275729954,0.01523340773,1.303744316
2021-12-16 03:00:00,1.059757352,0.4055735171,0.04962227121,0.9981200695
2021-12-16 04:00:00,0.9279754162,0.3969617188,0.01928165555,0.8063674569
2021-12-16 05:00:00,0.9756374955,0.4454101324,0.04642937705,0.8542068005
2021-12-16 06:00:00,1.764401555,1.894165277,0.2199597806,1.972161055
2021-12-16 07:00:00,3.773653984,0.7483388186,0.01939452067,4.361184597
2021-12-16 08:00:00,3.13279891,0.9026865959,0.1791579574,3.786096573
2021-12-16 09:00:00,1.69650209,0.7535082102,0.09242624789,1.744685888
2021-12-16 10:00:00,1.330412745,0.5090841651,0.05707404763,1.342957497
2021-12-16 11:00:00,1.186387777,0.4868572354,0.03469731659,1.025330067
2021-12-16 12:00:00,1.238041282,0.5386093259,0.03009886481,0.9728255272
2021-12-16 13:00:00,1.692763448,0.6890515685,0.06909908354,1.768914819
2021-12-16 14:00:00,2.027700424,1.999744892,0.04051138833,1.92607677
2021-12-16 15:00:00,1.887297392,3.897480726,0.318483144,1.595343947
2021-12-16 16:00:00,2.431282759,6.743363645e-09,7.762918086e-10,2.290620089
2021-12-16 17:00:00,3.167712688,0.003923735116,0.008710464463,3.559108257
2021-12-16 18:00:00,3.01094389,0.3421928585,0.06045620143,3.778431892
2021-12-16 19:00:00,2.913143158,0.7006331682,0.1240472868,2.970343351
2021-12-16 20:00:00,2.734777927,0.8542378545,0.1233602762,2.854213476
2021-12-16 21:00:00,2.760580301,0.9448264837,0.09826942533,2.91515708
2021-12-16 22:00:00,1.899078012,0.8803161979,0.072111018,1.905135512
2021-12-16 23:00:00,1.642136455,0.6146546006,0.045816686,1.979483843
2021-12-17 00:00:00,1.081278205,0.3813251853,0.01756528392,1.141296506
2021-12-17 01:00:00,1.059878945,0.4797254503,0.02854977734,0.7556993961
2021-12-17 02:00:00,1.370666027,0.4083761275,0.01488320529,1.24979949
2021-12-17 03:00:00,1.119802833,0.4165630639,0.01434832532,0.9252304435
2021-12-17 04:00:00,1.051800251,0.5178290606,0.01528976765,0.7418600321
2021-12-17 05:00:00,1.302704096,0.6981241703,0.130133912,1.250130415
2021-12-17 06:00:00,1.650931001,0.5462542176,0.0124760922,1.901373029
2021-12-17 07:00:00,3.871570349,1.405590057,0.1260060966,4.462542057
2021-12-17 08:00:00,3.333762646,1.339091182,0.2098559886,4.303452492
2021-12-17 09:00:00,2.003171682,0.8218591809,0.0893862918,2.06873703
2021-12-17 10:00:00,1.029118896,0.3676166832,0.04320578277,1.154393792
2021-12-17 11:00:00,0.8433590531,0.3039393425,0.02087122202,0.8239297867
2021-12-17 12:00:00,0.8406091928,0.343141526,0.01485227235,0.715470612
2021-12-17 13:00:00,1.235169649,0.4923676848,0.04599323869,1.621574044
2021-12-17 14:00:00,1.609547257,2.924196243,0.2239477187,1.664816976
2021-12-17 15:00:00,1.568842411,3.958564997,0.3383069932,1.514876723
2021-12-17 16:00:00,2.078739643,0.06795959175,0.006302619819,1.9768399
2021-12-17 17:00:00,3.400022507,2.130797094e-09,4.115629226e-10,3.896909952
2021-12-17 18:00:00,3.056770325,6.33476116e-09,0.015786428,3.544126272
2021-12-17 19:00:00,2.862923384,0.4096069336,0.02887818217,2.947214127
2021-12-17 20:00:00,2.869565964,0.477470845,0.08858044446,2.924622774
2021-12-17 21:00:00,2.791610241,0.9022977948,0.08027928323,2.857770681
2021-12-17 22:00:00,1.825770736,0.8312400579,0.05375385657,1.733088851
2021-12-17 23:00:00,1.515572071,0.5911821723,0.05188026652,1.846365929
2021-12-18 00:00:00,1.210317135,0.4512060881,0.05028444901,1.361671805
2021-12-18 01:00:00,0.8533011675,0.3850057721,0.0187094789,0.689804554
2021-12-18 02:00:00,0.790684402,0.3628275394,0.01814539172,0.5928663611
2021-12-18 03:00:00,0.8837378621,0.405602783,0.01375538856,0.6605855823
2021-12-18 04:00:00,0.9376865625,0.4676657617,0.04492999241,0.7690737247
2021-12-18 05:00:00,0.8624629974,1.254103184,0.0894401744,0.7794016004
2021-12-18 06:00:00,1.64680922,4.590224645e-09,0.006230639294,1.780712247
2021-12-18 07:00:00,3.178850412,0.8072337508,0.1671271622,4.253791809
2021-12-18 08:00:00,3.339242458,1.453493714,0.102562502,3.461716175
2021-12-18 09:00:00,2.591740608,0.9300199151,0.1156688854,2.705305338
2021-12-18 10:00:00,1.778403878,0.6656262875,0.08649417013,1.941158056
2021-12-18 11:00:00,1.773695588,0.6090482473,0.05558300763,1.546911716
2021-12-18 12:00:00,1.212399364,0.4872583151,0.0994143635,1.071753979
2021-12-18 13:00:00,1.247615337,1.276814938,0.1675816923,1.132527351
2021-12-18 14:00:00,1.313681006,3.320863724,0.307541281,1.379449964
2021-12-18 15:00:00,2.197116375,3.857007742,0.3391002417,2.0989995
2021-12-18 16:00:00,2.063230753,0.01172659453,0.023551533,2.205637932
2021-12-18 17:00:00,2.794526577,2.077415351e-09,1.660662025e-10,2.905968428
2021-12-18 18:00:00,2.989140034,2.981862535e-09,1.946813682e-10,3.475933552
2021-12-18 19:00:00,2.822569132,0.03105331399,3.082983868e-10,3.233901501
2021-12-18 20:00:00,2.737060308,1.006699204,0.02885453403,2.78791213
2021-12-18 21:00:00,2.772044182,0.1016292125,0.011848622,2.948529482
2021-12-18 22:00:00,2.249358892,0.8913739324,0.03577168658,2.147145987
2021-12-18 23:00:00,1.625715017,0.6235975027,0.03285342455,1.46886456
2021-12-19 00:00:00,1.058966041,0.459929198,0.0222392641,0.9420478344
2021-12-19 01:00:00,0.9531849027,0.3898916543,0.01903535612,0.7742902637
2021-12-19 02:00:00,0.8734473586,0.3622301519,0.0182304848,0.6831843853
2021-12-19 03:00:00,0.8443868756,0.3626230061,0.01101879403,0.7062298059
2021-12-19 04:00:00,1.067334056,0.4920809269,0.02350415476,0.8664880991
2021-12-19 05:00:00,1.1666646,0.4855129719,0.03201394156,0.8596351147
2021-12-19 06:00:00,1.28199029,3.400268316,0.2834782302,1.188058853
2021-12-19 07:00:00,3.064844131,0.1209945157,1.068824584e-09,4.039003849
2021-12-19 08:00:00,3.533830881,0.001913371845,0.02068731003,3.851075649
2021-12-19 09:00:00,2.615599632,0.8447585106,0.1173880696,2.576905251
2021-12-19 10:00:00,1.870646,0.6726518273,0.09112581611,1.849935174
2021-12-19 11:00:00,1.684342623,0.5831784606,0.05779957399,1.677824855
2021-12-19 12:00:00,1.340031028,0.5903416872,0.04585071653,1.321706414
2021-12-19 13:00:00,1.675061226,0.9977861643,0.04655225947,1.428592801
2021-12-19 14:00:00,1.691441536,2.871820927,0.1011100486,1.639788747
2021-12-19 15:00:00,2.150072813,3.715719461,0.3411145508,2.098096132
2021-12-19 16:00:00,2.043905735,0.1127529293,7.071861985e-10,2.198091745
2021-12-19 17:00:00,3.120995998,4.059466541e-09,1.006311479e-09,3.195095539
2021-12-19 18:00:00,3.407351971,0.1407195181,0.08229413629,3.805677414
2021-12-19 19:00:00,3.202505112,0.409288764,0.1080020294,3.736082315
2021-12-19 20:00:00,3.043656826,0.8104673028,0.09417487681,3.066286087
2021-12-19 21:00:00,2.982045412,1.083834171,0.1115685701,3.110762835
2021-12-19 22:00:00,2.797868252,1.097382903,0.09096693993,2.726639748
2021-12-19 23:00:00,1.84569335,0.6862106919,0.0503156893,1.910025358
2021-12-20 00:00:00,1.45852232,0.6267374158,0.05224108696,1.498217344
2021-12-20 01:00:00,0.9477992058,0.4555701911,0.01710634306,0.743886292
2021-12-20 02:00:00,1.574947834,0.5472810864,0.02431706153,1.487294674
2021-12-20 03:00:00,1.138907671,0.4906529784,0.01771954075,0.9009937048
2021-12-20 04:00:00,0.9501008987,0.4264264703,0.01602703892,0.7778018713
2021-12-20 05:00:00,1.158481956,0.5687888861,0.08011896908,1.082045794
2021-12-20 06:00:00,1.936188102,0.7014141679,0.08028687537,2.242735147
2021-12-20 07:00:00,3.788126707,1.455885291,0.1229595989,4.409018993
2021-12-20 08:00:00,3.413022995,1.368447781,0.2764493823,3.999356747
2021-12-20 09:00:00,1.893480778,0.8409782648,0.01872560941,1.984691381
2021-12-20 10:00:00,1.547420502,0.5842275023,0.05745604262,1.522156835
2021-12-20 11:00:00,1.541505814,0.691881299,0.05085318163,1.391159058
2021-12-20 12:00:00,1.470509648,0.6319654584,0.04314786568,1.294809699
2021-12-20 13:00:00,1.862919807,0.7275236249,0.08574996889,2.256248474
2021-12-20 14:00:00,2.241102934,1.404778123,0.2766828537,2.365525961
2021-12-20 15:00:00,1.887684107,2.419255733,0.1665919423,1.848782063
2021-12-20 16:00:00,2.257834911,4.116115448e-09,3.470327914e-10,2.298477888
2021-12-20 17:00:00,3.321008205,0.3049756587,0.006589954253,3.568513632
2021-12-20 18:00:00,3.18053031,0.9017154574,0.02528750524,3.75547719
2021-12-20 19:00:00,2.750137806,1.174708247,0.1124096215,2.933688879
2021-12-20 20:00:00,2.75673604,1.111246824,0.126356557,2.886941195
2021-12-20 21:00:00,2.854839087,1.075637341,0.09506637603,2.909379244
2021-12-20 22:00:00,2.07600832,0.9698194265,0.05606172979,1.812884927
2021-12-20 23:00:00,1.62412715,0.6278090477,0.0318454951,1.871733546
2021-12-21 00:00:00,1.035817862,0.7305037379,0.04335266724,1.197711825
2021-12-21 01:00:00,0.6996934414,0.005289982073,6.136903208e-10,0.558573544
2021-12-21 02:00:00,1.328560352,0.3286551535,0.003386872821,1.261685371
2021-12-21 03:00:00,0.9087839127,0.3280629218,0.01345227659,0.9145623446
2021-12-21 04:00:00,0.8537405133,0.3849042654,0.01064796466,0.6098324656
2021-12-21 05:00:00,1.009755254,0.403711319,0.1041225269,0.9030997157
2021-12-21 06:00:00,1.628372908,2.19658494,0.3132510185,1.938103437
2021-12-21 07:00:00,3.718995094,1.233253322e-08,0.001726099057,4.065758705
2021-12-21 08:00:00,2.825163841,1.161855221,0.01302438974,3.111508369
2021-12-21 09:00:00,1.62133038,0.683340013,0.08118641376,1.773283005
2021-12-21 10:00:00,1.311543226,0.4828494787,0.05433881283,1.343086481
2021-12-21 11:00:00,1.179192185,0.4529194534,0.04535965621,1.079558611
2021-12-21 12:00:00,1.138318658,0.4931717813,0.04341381416,1.079004407
2021-12-21 13:00:00,1.683121681,0.6978048086,0.05261883885,1.950861216
2021-12-21 14:00:00,1.8272295,0.5732248425,0.05848953873,1.880783677
2021-12-21 15:00:00,1.535080433,1.699613214,0.3254637718,1.640117168
2021-12-21 16:00:00,1.828382134,0.3970033824,0.07197797298,1.97176528
2021-12-21 17:00:00,2.912706614,2.121946573,0.01290643308,3.289891481
2021-12-21 18:00:00,2.916296959,0.5349369645,0.02974293567,3.390408039
2021-12-21 19:00:00,2.685536861,0.4677261114,0.01308203209,2.706391335
2021-12-21 20:00:00,2.677841902,0.7937024832,0.1184058711,2.806550503
2021-12-21 21:00:00,2.699014664,0.9878368378,0.08489858359,2.777843237
2021-12-21 22:00:00,1.77824378,0.8498706818,0.06044487283,1.665628791
2021-12-21 23:00:00,1.280050993,0.5396720171,0.02756191418,1.637167096
2021-12-22 00:00:00,1.175254822,0.5024180412,0.03029535711,1.098798752
2021-12-22 01:00:00,0.7600521445,0.3812831342,0.01899282634,0.5486214161
2021-12-22 02:00:00,1.299700022,0.4051235318,0.0177356787,1.197278738
2021-12-22 03:00:00,0.9042710066,0.3984066546,0.01221692376,0.7181473374
2021-12-22 04:00:00,0.8054068089,0.3532122076,0.031136401,0.6391254663
2021-12-22 05:00:00,0.884778738,2.16754055,0.315566659,0.7701873183
2021-12-22 06:00:00,1.569610715,1.213350058,0.08137649298,1.976438284
2021-12-22 07:00:00,3.642651796,0.02021048218,1.584942955e-09,4.083275795
2021-12-22 08:00:00,3.031028509,0.5465756059,0.01442501508,3.296925306
2021-12-22 09:00:00,1.850812674,0.7820692062,0.07039451599,2.080369234
2021-12-22 10:00:00,1.439485788,0.541285336,0.04794251919,1.545132518
2021-12-22 11:00:00,1.335245371,0.5406596661,0.02676629648,1.107572913
2021-12-22 12:00:00,1.149834752,0.4897791743,0.02467664331,0.9815445542
2021-12-22 13:00:00,1.445583224,0.5478516817,0.07027900964,1.804872274
2021-12-22 14:00:00,1.758734345,1.287718058,0.02553201839,1.895485163
2021-12-22 15:00:00,1.533365846,3.65160203,0.295701474,1.452956438
2021-12-22 16:00:00,2.224326134,6.695533017e-09,0.002461668337,2.265892267
2021-12-22 17:00:00,3.193033457,0.0003714060294,0.01383624598,3.472155571
2021-12-22 18:00:00,3.079668999,0.4990983903,0.1813651174,3.655529737
2021-12-22 19:00:00,2.869997025,0.8502991796,0.01278883964,2.930532932
2021-12-22 20:00:00,2.967529058,1.031461,0.1239482611,3.032429218
2021-12-22 21:00:00,2.817751408,1.060811758,0.09301569313,2.926103115
2021-12-22 22:00:00,1.828171611,0.8285139799,0.06693355739,1.935577512
2021-12-22 23:00:00,1.291444778,0.4497238398,0.03758243099,1.692965627
2021-12-23 00:00:00,1.016682506,0.3724450171,0.02270938084,1.148725271
2021-12-23 01:00:00,0.7960326076,0.4144067764,0.009962582029,0.6019794345
2021-12-23 02:00:00,1.16622293,0.3551242352,0.01196720637,1.08599174
2021-12-23 03:00:00,0.8211226463,0.3308969438,0.01060316525,0.6785088778
2021-12-23 04:00:00,0.9057627916,0.4320139885,0.01091012638,0.6296090484
2021-12-23 05:00:00,1.32983315,0.4553522766,0.04739250615,1.291496873
2021-12-23 06:00:00,1.628761292,0.5908948779,0.2048165947,1.987580061
2021-12-23 07:00:00,3.517089844,1.466533542,0.01641189866,3.884515285
2021-12-23 08:00:00,2.838395119,1.120252132,0.1342391819,3.243275642
2021-12-23 09:00:00,1.704007149,0.7193417549,0.08295939118,1.89079535
2021-12-23 10:00:00,1.512028694,0.6069194078,0.06838458776,1.504257679
2021-12-23 11:00:00,1.343097568,0.5565925241,0.04448491335,1.149654865
2021-12-23 12:00:00,1.160687566,0.5231024027,0.02628722042,0.881126225
2021-12-23 13:00:00,1.514105678,0.5867341757,0.05027891323,1.746675134
2021-12-23 14:00:00,1.69703424,0.4655221999,0.02283963375,1.723104239
2021-12-23 15:00:00,1.490358472,2.771262646,0.2432226241,1.285766006
2021-12-23 16:00:00,1.885103941,9.168690696e-09,7.315845707e-10,1.633449078
2021-12-23 17:00:00,2.720875263,0.2695161402,0.003544642124,3.137718678
2021-12-23 18:00:00,2.373302698,0.63636446,0.03578396142,2.765860081
2021-12-23 19:00:00,2.123455286,0.8759194016,0.1031434461,2.222719431
2021-12-23 20:00:00,2.176705599,0.9040786624,0.08508701622,2.089185715
2021-12-23 21:00:00,2.092443466,0.7988367677,0.06587776542,2.114691257
2021-12-23 22:00:00,1.230692506,0.6224744916,0.03345679492,1.113576889
2021-12-23 23:00:00,1.093215704,0.441403836,0.01852708496,1.214778543
2021-12-24 00:00:00,0.8162618876,0.3318221271,0.02927620895,0.7797140479
2021-12-24 01:00:00,0.5519909859,0.241209805,0.007038845215,0.4453965724
2021-12-24 02:00:00,1.005887866,0.3069776893,0.008971920237,0.9089352489
2021-12-24 03:00:00,0.7255151272,0.3359727859,0.008455794305,0.5390225649
2021-12-24 04:00:00,0.6275676489,0.22733365,0.006677985191,0.5666822791
2021-12-24 05:00:00,0.6732260585,0.6840851903,0.08426049352,0.657568872
2021-12-24 06:00:00,1.041510582,0.2833275199,0.009109978564,1.101365328
2021-12-24 07:00:00,3.318956375,1.052059054,0.09322143346,3.43212533
2021-12-24 08:00:00,2.475634575,1.058323979,0.1289083213,2.691222668
2021-12-24 09:00:00,1.441832423,0.622463882,0.06013378501,1.593190551
2021-12-24 10:00:00,1.031059265,0.3821007013,0.03752680495,1.092737675
2021-12-24 11:00:00,0.8924586773,0.337128371,0.01890615746,0.823187232
2021-12-24 12:00:00,0.9744711518,0.4524366856,0.01375127863,0.7041944265
2021-12-24 13:00:00,1.274075627,0.492988646,0.06186596677,1.564527273
2021-12-24 14:00:00,1.529853344,1.373921752,0.1346370727,1.616577148
2021-12-24 15:00:00,1.321049571,3.914160013,0.3319045901,1.248327494
2021-12-24 16:00:00,1.639020443,8.002970731e-09,9.355500818e-10,1.659060001
2021-12-24 17:00:00,2.722124338,3.666873472e-09,3.538487559e-10,2.965906382
2021-12-24 18:00:00,2.470548391,0.01804081164,0.01270943042,2.990302563
2021-12-24 19:00:00,2.505549192,0.5095434785,0.01292299014,2.354177713
2021-12-24 20:00:00,2.407986164,0.7039151192,0.07085309923,2.445587397
2021-12-24 21:00:00,2.366483927,0.6671236753,0.07580128312,2.434645414
2021-12-24 22:00:00,1.616517901,0.7654215097,0.0537462458,1.49772954
2021-12-24 23:00:00,1.129462481,0.4370697141,0.01767938957,1.402824163
2021-12-25 00:00:00,0.9412935376,0.4061290622,0.03463791311,0.991571188
2021-12-25 01:00:00,0.7142511606,0.2968992889,0.01481830515,0.6083077192
2021-12-25 02:00:00,0.5651627183,0.2613063753,0.01500494406,0.5173597932
2021-12-25 03:00:00,0.7242969871,0.3203122914,0.009053098038,0.5214058757
2021-12-25 04:00:00,0.6748421788,0.3036288917,0.0152274454,0.5424764752
2021-12-25 05:00:00,0.8045300245,0.5627958775,0.0741116479,0.7360926867
2021-12-25 06:00:00,1.063651919,0.207930088,0.003091702471,1.009112597
2021-12-25 07:00:00,2.755716324,0.9008974433,0.09370694309,3.631165981
2021-12-25 08:00:00,2.894717932,1.30790031,0.07230869681,2.71051693
2021-12-25 09:00:00,2.09388566,0.7216824293,0.09390797466,2.184336662
2021-12-25 10:00:00,1.589397788,0.6288453937,0.08907042444,1.587193727
2021-12-25 11:00:00,1.445430279,0.4932350814,0.04780899733,1.35362637
2021-12-25 12:00:00,1.144124269,0.4489867985,0.08777233958,1.214323044
2021-12-25 13:00:00,1.443575621,0.9742429852,0.1456142962,1.27105248
2021-12-25 14:00:00,1.448800325,4.202468395,0.3112481833,1.406199455
2021-12-25 15:00:00,1.759516835,3.154870749,0.355108887,1.738197207
2021-12-25 16:00:00,1.854006886,4.388357233e-09,0.01235015225,1.980492353
2021-12-25 17:00:00,2.488831758,1.613402079e-09,1.569367414e-10,2.682927132
2021-12-25 18:00:00,2.906796932,1.92555949e-09,1.757026746e-10,3.229980946
2021-12-25 19:00:00,2.524946928,0.01249223575,2.559410739e-10,2.937636137
2021-12-25 20:00:00,2.397126675,0.2170023173,0.01088953577,2.475126266
2021-12-25 21:00:00,2.193880796,0.4750344753,0.008963702247,2.325275421
2021-12-25 22:00:00,1.889433742,0.6417109966,0.02142863907,1.836177945
2021-12-25 23:00:00,1.230958104,0.4727368951,0.0187123213,1.165271401
2021-12-26 00:00:00,1.217844963,0.5072307587,0.02543978766,1.157550454
2021-12-26 01:00:00,0.7272388339,0.3647755086,0.02170141973,0.6117059588
2021-12-26 02:00:00,0.7590178251,0.3279365599,0.01776059344,0.6009094119
2021-12-26 03:00:00,0.5936828852,0.2607301474,0.008913904428,0.5388046503
2021-12-26 04:00:00,0.71708709,0.3167074025,0.01617981493,0.5512372255
2021-12-26 05:00:00,0.8206650019,0.3426628709,0.02356910147,0.6254007816
2021-12-26 06:00:00,1.243020058,1.597562551,0.3066504896,1.049751163
2021-12-26 07:00:00,3.203546286,0.4317439198,1.089722423e-09,4.229091167
2021-12-26 08:00:00,3.316005945,1.12228334,0.02028691582,3.442676067
2021-12-26 09:00:00,2.455435514,0.9621401429,0.08733618259,2.417443037
2021-12-26 10:00:00,1.70550251,0.6853305101,0.07917416096,1.73643434
2021-12-26 11:00:00,1.553839922,0.5604441166,0.04312120751,1.292976737
2021-12-26 12:00:00,1.33182323,0.4986898899,0.04895146564,1.192498446
2021-12-26 13:00:00,1.373124242,0.5464836359,0.03854993731,1.225971341
2021-12-26 14:00:00,1.398355484,0.7429124713,0.05906586349,1.367544055
2021-12-26 15:00:00,1.947454333,3.837392569,0.3436004817,1.961857796
2021-12-26 16:00:00,1.648372889,9.157969494e-09,6.038584077e-10,1.741361022
2021-12-26 17:00:00,2.424876213,0.05594332516,8.200355395e-10,2.500998735
2021-12-26 18:00:00,2.727905035,0.1814030558,0.04523251206,3.141767263
2021-12-26 19:00:00,2.569449186,0.6160458922,0.0763611123,3.049778223
2021-12-26 20:00:00,2.493882895,0.9956123829,0.07453825325,2.606358767
2021-12-26 21:00:00,2.50971365,1.007411003,0.09477740526,2.696539402
2021-12-26 22:00:00,2.138354301,0.8964911103,0.08163244277,2.083124876
2021-12-26 23:00:00,1.481850624,0.6010125279,0.05139729753,1.400130153
2021-12-27 00:00:00,1.264045358,0.4649754167,0.01896539517,1.365981579
2021-12-27 01:00:00,0.73386693,0.6946467161,0.01053076144,0.5542740822
2021-12-27 02:00:00,1.343072176,0.06460221857,0.01540984213,1.250755429
2021-12-27 03:00:00,0.9230690002,0.3754137456,0.01281279139,0.7502118349
2021-12-27 04:00:00,0.7950220704,0.3618633449,0.01397413202,0.6560143828
2021-12-27 05:00:00,0.9775462151,0.4443262815,0.03874955326,0.8581383824
2021-12-27 06:00:00,1.654715419,0.6259229183,0.106355004,1.947423935
2021-12-27 07:00:00,3.790175676,1.385800004,0.1465666741,4.624881744
2021-12-27 08:00:00,3.030461788,1.277106285,0.2179068923,3.476078987
2021-12-27 09:00:00,1.416005969,0.6535360217,0.01158556528,1.374151945
2021-12-27 10:00:00,1.239608049,0.5198167562,0.04440946132,1.177978516
2021-12-27 11:00:00,1.136085153,0.4800650179,0.03878105059,1.010964513
2021-12-27 12:00:00,1.194350958,0.5033097863,0.04519235343,1.068262458
2021-12-27 13:00:00,1.588278413,0.6167179942,0.05674453452,1.781566143
2021-12-27 14:00:00,1.876069427,2.414685011,0.2312397361,1.86653173
2021-12-27 15:00:00,1.642366767,0.8817802668,0.1426100433,1.466287136
2021-12-27 16:00:00,2.211784601,4.838740963e-09,3.271480309e-10,1.97742331
2021-12-27 17:00:00,2.837295532,0.4625356793,0.002030641539,2.979171753
2021-12-27 18:00:00,2.555756092,0.8307799101,0.01494029257,2.926505089
2021-12-27 19:00:00,2.437324762,1.327415228,0.08494543284,2.341979504
2021-12-27 20:00:00,2.458711863,0.7578138709,0.107652612,2.593389511
2021-12-27 21:00:00,2.46993041,0.8905280828,0.08153250813,2.586935759
2021-12-27 22:00:00,1.772642016,0.8484652042,0.05149385333,1.573821306
2021-12-27 23:00:00,1.217234135,0.5051928163,0.02917774767,1.484795451
2021-12-28 00:00:00,0.9609057903,0.8032417297,0.03465535492,1.014163136
2021-12-28 01:00:00,0.6351661682,6.796688101e-09,5.180414986e-10,0.5072039366
2021-12-28 02:00:00,1.120893598,0.1830664277,0.004373691045,1.106567264
2021-12-28 03:00:00,0.8234220743,0.3148352802,0.017176494,0.7262800932
2021-12-28 04:00:00,0.7498783469,0.3289059997,0.01373587176,0.5742844939
2021-12-28 05:00:00,1.206339002,0.449631542,0.1167788357,1.148049593
2021-12-28 06:00:00,1.453318954,1.264094949,0.3074430227,1.61341691
2021-12-28 07:00:00,3.230809689,0.5599176884,5.9102645e-10,3.965923071
2021-12-28 08:00:00,2.946250916,1.144231319,0.008776918985,3.400411367
2021-12-28 09:00:00,1.663936257,0.7643243074,0.07363404334,1.564494848
2021-12-28 10:00:00,1.399974108,0.5770641565,0.0519111976,1.449424624
2021-12-28 11:00:00,1.109420896,0.4743080735,0.03023486212,0.9082688093
2021-12-28 12:00:00,1.137738705,0.5127522945,0.03289694339,0.9616748691
2021-12-28 13:00:00,1.493958712,0.6601106524,0.05037903041,1.638302207
2021-12-28 14:00:00,1.97244072,0.7264505625,0.06901721656,1.905105829
2021-12-28 15:00:00,1.797220588,3.268740892,0.3371738791,1.800276518
2021-12-28 16:00:00,2.245613575,0.1072919518,0.07144688815,2.261594296
2021-12-28 17:00:00,3.319036722,0.05028146878,0.01430006791,3.695075035
2021-12-28 18:00:00,2.969484568,1.181953669,0.04216204956,3.381581783
2021-12-28 19:00:00,2.644640923,0.8082437515,0.01391271874,2.665576696
2021-12-28 20:00:00,2.573205709,1.032566786,0.08912684023,2.61041975
2021-12-28 21:00:00,2.694854259,1.002391219,0.07761330158,2.762593031
2021-12-28 22:00:00,1.916790962,0.8542645574,0.07276085764,1.912339449
2021-12-28 23:00:00,1.409072518,0.6351473331,0.03750910982,1.710928798
2021-12-29 00:00:00,1.128384829,0.3639735878,0.01502305083,1.057742238
2021-12-29 01:00:00,0.7872709036,0.3923684955,0.01155600697,0.5795650482
2021-12-29 02:00:00,1.276232243,0.3374558985,0.01417862251,1.21383667
2021-12-29 03:00:00,0.9209948778,0.3340147734,0.01519711316,0.8785136342
2021-12-29 04:00:00,0.8076000214,0.3527269065,0.01492918283,0.6540318131
2021-12-29 05:00:00,1.193840146,0.7226176262,0.3264356852,1.160478473
2021-12-29 06:00:00,1.436598778,0.6213414669,0.1000761613,1.712178707
2021-12-29 07:00:00,3.4162817,0.9575334787,0.0007026247331,4.194353104
2021-12-29 08:00:00,2.891963482,1.216730356,0.01256123092,3.21304059
2021-12-29 09:00:00,1.612897158,0.6860669851,0.07053711265,1.623142958
2021-12-29 10:00:00,1.44941771,0.5810751319,0.04105774686,1.289042711
2021-12-29 11:00:00,1.219506264,0.4936895967,0.04976018891,1.032746911
2021-12-29 12:00:00,1.032702923,0.4084934294,0.02867442183,0.9106316566
2021-12-29 13:00:00,1.497273564,0.6248949766,0.05676181987,1.588771462
2021-12-29 14:00:00,1.654444456,0.4879311919,0.03925962001,1.73393321
2021-12-29 15:00:00,1.594626427,2.231966019,0.2686105669,1.455512643
2021-12-29 16:00:00,1.747978091,0.03256247938,1.000869831e-09,1.614051104
2021-12-29 17:00:00,2.594891071,0.4324286878,0.01334898546,3.110180378
2021-12-29 18:00:00,2.402330875,0.8521539569,0.1008449495,2.773689985
2021-12-29 19:00:00,2.188691139,0.8957709074,0.007475265302,2.091130495
2021-12-29 20:00:00,2.122792244,0.8742901683,0.08924291283,2.174574614
2021-12-29 21:00:00,2.277899027,0.8123725653,0.07088366896,2.383210897
2021-12-29 22:00:00,1.393520355,0.6385563016,0.04593795538,1.325400233
2021-12-29 23:00:00,0.9860877991,0.3696263731,0.01524440199,1.142836809
2021-12-30 00:00:00,0.8775653839,0.4052000344,0.01111091487,0.7557279468
2021-12-30 01:00:00,0.517262578,0.2685147822,0.005294839852,0.3243375719
2021-12-30 02:00:00,0.9108575583,0.220731318,0.007861793041,0.9063822031
2021-12-30 03:00:00,0.5135866404,0.1956410557,0.008303866722,0.45470801
2021-12-30 04:00:00,0.7931627035,0.294849515,0.00893147476,0.5845837593
2021-12-30 05:00:00,0.7855340838,0.3909444213,0.05492055416,0.6410514712
2021-12-30 06:00:00,1.108888984,0.879774332,0.1366121322,1.280288219
2021-12-30 07:00:00,3.019429684,0.7877287865,0.01603214815,3.46741724
2021-12-30 08:00:00,2.325590611,0.94035393,0.1229530722,2.715992689
2021-12-30 09:00:00,1.346755147,0.5633887053,0.06331092864,1.420039296
2021-12-30 10:00:00,1.268546462,0.5070329309,0.04099313542,1.135827899
2021-12-30 11:00:00,1.272949576,0.5337464809,0.04293431342,1.090527892
2021-12-30 12:00:00,1.055268884,0.4610540867,0.02046317421,0.9549628496
2021-12-30 13:00:00,1.461312652,0.6148790121,0.03599765524,1.641016126
2021-12-30 14:00:00,1.774302006,1.385926366,0.02898716368,1.740205288
2021-12-30 15:00:00,1.593798041,3.412590742,0.2695736587,1.380830288
2021-12-30 16:00:00,2.018628597,5.565627514e-09,6.945056197e-10,2.009633541
2021-12-30 17:00:00,2.876172781,6.654602203e-09,0.002453988185,3.288463116
2021-12-30 18:00:00,2.724198103,0.4154706299,0.04967863113,3.382186174
2021-12-30 19:00:00,2.609721422,0.5921814442,0.1264239103,2.872323751
2021-12-30 20:00:00,2.475748062,0.7441961765,0.1025044844,2.619752645
2021-12-30 21:00:00,2.600971699,0.9922663569,0.07493700832,2.53269577
2021-12-30 22:00:00,1.741041303,0.8205609918,0.05409662053,1.566795945
2021-12-30 23:00:00,1.407755136,0.5318707824,0.04558460042,1.684706688
2021-12-31 00:00:00,1.090731263,0.4296537936,0.03576713428,1.235719204
2021-12-31 01:00:00,0.7059537172,0.3275910616,0.01098048873,0.5944090486
2021-12-31 02:00:00,1.268600106,0.3577289879,0.01567802578,1.197188497
2021-12-31 03:00:00,0.9113991261,0.3856422007,0.01297966298,0.7440112829
2021-12-31 04:00:00,0.8180675507,0.395324111,0.01207169797,0.6095628738
2021-12-31 05:00:00,1.136781693,0.4057254791,0.1437100023,1.237263799
2021-12-31 06:00:00,1.50534904,0.6594870687,0.0137271164,1.96615839
2021-12-31 07:00:00,3.567581415,1.314844966,0.1327434778,4.261544704
2021-12-31 08:00:00,3.103881121,1.271741748,0.1610771269,3.521158695
2021-12-31 09:00:00,1.817463398,0.744184196,0.07292013615,1.831257224
2021-12-31 10:00:00,1.144206643,0.4118176699,0.0659000054,1.323359489
2021-12-31 11:00:00,1.095763326,0.4872224331,0.03707515821,0.9247561693
2021-12-31 12:00:00,1.011360765,0.463240236,0.03232264891,0.8671674132
2021-12-31 13:00:00,1.453301191,0.5927593112,0.04872241989,1.68576467
2021-12-31 14:00:00,1.6085428,0.5528709888,0.1391905248,1.604433894
2021-12-31 15:00:00,1.579934478,3.828469276,0.3354011476,1.585299015
2021-12-31 16:00:00,1.906493783,1.492979429e-08,0.003579592099,1.936880231
2021-12-31 17:00:00,2.78810668,4.042524093e-09,3.727488318e-10,3.188783646
2021-12-31 18:00:00,2.647929192,0.0894542709,0.01346731652,2.995307922
2021-12-31 19:00:00,2.34112668,0.8788729906,0.0148383379,2.440383196
2021-12-31 20:00:00,2.232086182,0.9054096937,0.0581645295,2.364339113
2021-12-31 21:00:00,2.08675909,0.768142581,0.07243046165,2.244970798
2021-12-31 22:00:00,1.494231343,0.8832741976,0.0469603166,1.32517767
2021-12-31 23:00:00,1.133103609,3.904968023,0.04214512184,1.345715404
